symbol,pattern,label,reason,anchor_idx,breakout_idx,ts_event,direction,neckline,pattern_height,stop_price,target_price,window_start_idx,window_end_idx,window_start_ts,window_end_ts,split
SPY,double_bottom,1,confirmed_breakout,127,128.0,2008-01-28 15:30:00-05:00,long,134.2447307995192,0.5415956230065433,133.18474323201607,135.79159562300654,48,127,2008-01-23 15:15:00-05:00,2008-01-28 15:30:00-05:00,train
SPY,double_bottom,0,near_miss,154,,2008-01-29 15:45:00-05:00,long,135.71533752294314,0.76872652162902,134.22152712100925,136.79872652162902,75,154,2008-01-24 15:30:00-05:00,2008-01-29 15:45:00-05:00,train
SPY,double_bottom,0,near_miss,167,,2008-01-30 12:30:00-05:00,long,135.85593363698354,0.10846254471078964,135.67169488161898,135.7884625447108,88,167,2008-01-25 12:15:00-05:00,2008-01-30 12:30:00-05:00,train
SPY,double_bottom,0,near_miss,179,,2008-01-30 15:30:00-05:00,long,135.90352429625437,0.10989945088886088,135.76400238780454,137.32989945088886,100,179,2008-01-25 15:15:00-05:00,2008-01-30 15:30:00-05:00,train
SPY,double_bottom,1,confirmed_breakout,198,203.0,2008-01-31 13:45:00-05:00,long,136.72069930333723,1.1875300648071345,135.30893596784185,138.71753006480714,119,198,2008-01-28 13:30:00-05:00,2008-01-31 13:45:00-05:00,train
SPY,double_bottom,0,failed_breakout,332,,2008-02-07 14:45:00-05:00,long,134.62954801916908,1.145408236746647,132.74749998195787,134.31540823674663,253,332,2008-02-04 14:30:00-05:00,2008-02-07 14:45:00-05:00,train
SPY,double_bottom,0,failed_breakout,371,,2008-02-11 11:30:00-05:00,long,133.6588137674471,0.8465960497412084,132.74749998195787,133.8265960497412,292,371,2008-02-06 11:15:00-05:00,2008-02-11 11:30:00-05:00,train
SPY,double_bottom,1,confirmed_breakout,375,376.0,2008-02-11 12:30:00-05:00,long,132.93458819286633,0.13523854769948684,132.72176383687972,133.80523854769947,296,375,2008-02-06 12:15:00-05:00,2008-02-11 12:30:00-05:00,train
SPY,double_bottom,1,confirmed_breakout,425,431.0,2008-02-13 12:00:00-05:00,long,135.6788279886402,1.6733935458731821,132.72176383687972,138.12339354587317,346,425,2008-02-08 11:45:00-05:00,2008-02-13 12:00:00-05:00,train
SPY,double_bottom,0,failed_breakout,539,,2008-02-20 14:30:00-05:00,long,136.0143306617752,1.6602575089622178,134.27343717238043,137.10025750896222,460,539,2008-02-14 14:15:00-05:00,2008-02-20 14:30:00-05:00,train
SPY,double_bottom,1,confirmed_breakout,616,617.0,2008-02-25 14:15:00-05:00,long,135.76651679303504,1.2483906948858987,133.32170519915317,138.2483906948859,537,616,2008-02-20 14:00:00-05:00,2008-02-25 14:15:00-05:00,train
SPY,double_bottom,0,near_miss,664,,2008-02-27 13:15:00-05:00,long,138.4013989198147,1.4632457296390555,135.71454699714508,140.39324572963906,585,664,2008-02-22 13:00:00-05:00,2008-02-27 13:15:00-05:00,train
SPY,double_bottom,0,near_miss,704,,2008-02-29 10:15:00-05:00,long,138.72100658016572,1.14507994687321,136.9900938833788,135.76507994687321,625,704,2008-02-26 10:00:00-05:00,2008-02-29 10:15:00-05:00,train
SPY,double_bottom,0,failed_breakout,746,,2008-03-03 14:15:00-05:00,long,137.17260246452835,2.100264237506991,133.15458257066396,135.340264237507,667,746,2008-02-27 14:00:00-05:00,2008-03-03 14:15:00-05:00,train
SPY,double_bottom,0,failed_breakout,761,,2008-03-04 11:30:00-05:00,long,133.30610532709824,0.2440977852330093,132.96943251306652,132.084097785233,682,761,2008-02-28 11:15:00-05:00,2008-03-04 11:30:00-05:00,train
SPY,double_bottom,1,confirmed_breakout,780,781.0,2008-03-05 09:45:00-05:00,long,133.0049560723353,0.6979672766466365,131.64454507831076,134.37796727664664,701,780,2008-02-28 16:00:00-05:00,2008-03-05 09:45:00-05:00,train
SPY,double_bottom,1,confirmed_breakout,883,884.0,2008-03-10 16:00:00-04:00,long,129.61578559683036,0.7413402764538262,128.1939137962557,131.32134027645384,804,883,2008-03-05 15:45:00-05:00,2008-03-10 16:00:00-04:00,train
SPY,double_bottom,1,confirmed_breakout,901,902.0,2008-03-11 14:00:00-04:00,long,129.68612360484065,0.7724137138494882,128.1939137962557,131.15241371384948,822,901,2008-03-06 13:45:00-05:00,2008-03-11 14:00:00-04:00,train
SPY,double_bottom,0,near_miss,954,,2008-03-13 14:15:00-04:00,long,132.85657501518926,3.0271283392031023,129.6335059857266,135.3771283392031,875,954,2008-03-10 14:00:00-04:00,2008-03-13 14:15:00-04:00,train
SPY,double_bottom,1,confirmed_breakout,1082,1083.0,2008-03-20 13:45:00-04:00,long,130.87958376090535,0.08197066365769956,130.75037982400514,131.6219706636577,1003,1082,2008-03-17 13:30:00-04:00,2008-03-20 13:45:00-04:00,train
SPY,double_bottom,0,failed_breakout,1137,,2008-03-25 14:30:00-04:00,long,135.40580102430874,2.735574061148867,130.75037982400514,137.95557406114887,1058,1137,2008-03-19 14:15:00-04:00,2008-03-25 14:30:00-04:00,train
SPY,double_bottom,0,failed_breakout,1174,,2008-03-27 10:45:00-04:00,long,135.19733835542792,0.9983639294761701,133.80787474958888,134.15836392947617,1095,1174,2008-03-24 10:30:00-04:00,2008-03-27 10:45:00-04:00,train
SPY,double_bottom,0,near_miss,1179,,2008-03-27 12:00:00-04:00,long,133.90652825474695,0.06009633489387056,133.80787474958888,133.74009633489388,1100,1179,2008-03-24 11:45:00-04:00,2008-03-27 12:00:00-04:00,train
SPY,double_bottom,0,near_miss,1318,,2008-04-03 14:15:00-04:00,long,137.152124479738,0.46048045576125674,136.26364304006833,137.55048045576126,1239,1318,2008-03-31 14:00:00-04:00,2008-04-03 14:15:00-04:00,train
SPY,double_bottom,1,confirmed_breakout,1338,1339.0,2008-04-04 12:45:00-04:00,long,136.967005146869,0.4686719370010053,136.26364304006833,138.188671937001,1259,1338,2008-04-01 12:30:00-04:00,2008-04-04 12:45:00-04:00,train
SPY,double_bottom,0,near_miss,1361,,2008-04-07 12:00:00-04:00,long,137.49347748765553,0.4909007188362011,136.7330233796677,138.60090071883621,1282,1361,2008-04-02 11:45:00-04:00,2008-04-07 12:00:00-04:00,train
SPY,double_bottom,0,near_miss,1411,,2008-04-09 11:30:00-04:00,long,138.04521611844717,1.2242150073301445,136.36987206426315,136.95421500733013,1332,1411,2008-04-04 11:15:00-04:00,2008-04-09 11:30:00-04:00,train
SPY,double_bottom,0,near_miss,1437,,2008-04-10 11:30:00-04:00,long,136.39578564665112,0.5680464819348288,135.28560626516943,136.77804648193484,1358,1437,2008-04-07 11:15:00-04:00,2008-04-10 11:30:00-04:00,train
SPY,double_bottom,0,failed_breakout,1517,,2008-04-15 12:00:00-04:00,long,133.1516058608959,0.17861279683268094,132.9093074619898,132.7286127968327,1438,1517,2008-04-10 11:45:00-04:00,2008-04-15 12:00:00-04:00,train
SPY,double_bottom,1,confirmed_breakout,1531,1534.0,2008-04-15 15:30:00-04:00,long,132.98577361746908,0.18912194463081278,132.68399588368675,134.79912194463083,1452,1531,2008-04-10 15:15:00-04:00,2008-04-15 15:30:00-04:00,train
SPY,double_bottom,0,near_miss,1582,,2008-04-17 15:15:00-04:00,long,136.13941517970142,1.7933181677451842,132.68399588368675,138.27331816774517,1503,1582,2008-04-14 15:00:00-04:00,2008-04-17 15:15:00-04:00,train
SPY,double_bottom,0,near_miss,1634,,2008-04-21 15:15:00-04:00,long,139.19478707466087,2.040076128377592,136.00819814022572,140.7000761283776,1555,1634,2008-04-16 15:00:00-04:00,2008-04-21 15:15:00-04:00,train
SPY,double_bottom,0,near_miss,1641,,2008-04-22 10:30:00-04:00,long,138.34921232727808,0.041252379455130495,138.30122375234083,137.71125237945512,1562,1641,2008-04-17 10:15:00-04:00,2008-04-22 10:30:00-04:00,train
SPY,double_bottom,0,failed_breakout,1670,,2008-04-23 11:15:00-04:00,long,138.5163656266567,0.7120085254588844,137.2940180590906,139.15200852545888,1591,1670,2008-04-18 11:00:00-04:00,2008-04-23 11:15:00-04:00,train
SPY,double_bottom,1,confirmed_breakout,1695,1700.0,2008-04-24 11:00:00-04:00,long,138.07279116092883,0.5685910693263736,137.2940180590906,139.57859106932636,1616,1695,2008-04-21 10:45:00-04:00,2008-04-24 11:00:00-04:00,train
SPY,double_bottom,0,near_miss,1706,,2008-04-24 13:45:00-04:00,long,137.80888722619756,0.14464215191765106,137.61410802444556,139.18464215191764,1627,1706,2008-04-21 13:30:00-04:00,2008-04-24 13:45:00-04:00,train
SPY,double_bottom,0,near_miss,1742,,2008-04-28 09:45:00-04:00,long,139.28741238869844,1.1858375432782395,137.61410802444556,140.74583754327824,1663,1742,2008-04-22 16:00:00-04:00,2008-04-28 09:45:00-04:00,train
SPY,double_bottom,0,failed_breakout,1791,,2008-04-29 15:30:00-04:00,long,140.05725202625226,1.255761385359932,138.58904166639482,140.44576138535993,1712,1791,2008-04-24 15:15:00-04:00,2008-04-29 15:30:00-04:00,train
SPY,double_bottom,0,failed_breakout,1817,,2008-04-30 15:30:00-04:00,long,139.61110696709045,0.3037508268207887,139.0139396153898,138.8337508268208,1738,1817,2008-04-25 15:15:00-04:00,2008-04-30 15:30:00-04:00,train
SPY,double_bottom,0,near_miss,1835,,2008-05-01 13:30:00-04:00,long,139.76342525044134,0.4820796789580868,138.961918477817,141.15207967895807,1756,1835,2008-04-28 13:15:00-04:00,2008-05-01 13:30:00-04:00,train
SPY,double_bottom,0,failed_breakout,1877,,2008-05-05 11:00:00-04:00,long,141.4706545796066,1.4948741609069032,138.961918477817,142.0048741609069,1798,1877,2008-04-30 10:45:00-04:00,2008-05-05 11:00:00-04:00,train
SPY,double_bottom,0,failed_breakout,1903,,2008-05-06 11:00:00-04:00,long,141.1106363777844,0.2750239484549297,140.68158249907657,140.87502394845492,1824,1903,2008-05-01 10:45:00-04:00,2008-05-06 11:00:00-04:00,train
SPY,double_bottom,1,confirmed_breakout,1910,1911.0,2008-05-06 12:45:00-04:00,long,140.70263611466905,0.15838445020486347,140.40692082985177,141.77838445020487,1831,1910,2008-05-01 12:30:00-04:00,2008-05-06 12:45:00-04:00,train
SPY,double_bottom,0,near_miss,2047,,2008-05-13 14:30:00-04:00,long,140.2378727791861,0.7880139612580876,138.7718477738448,141.1280139612581,1968,2047,2008-05-08 14:15:00-04:00,2008-05-13 14:30:00-04:00,train
SPY,double_bottom,0,near_miss,2099,,2008-05-15 14:30:00-04:00,long,141.90531594585264,1.2187402514200585,140.1278698620112,142.87874025142006,2020,2099,2008-05-12 14:15:00-04:00,2008-05-15 14:30:00-04:00,train
SPY,double_bottom,0,failed_breakout,2126,,2008-05-16 14:45:00-04:00,long,142.1720992324487,0.552285060674194,141.24528152685392,142.9122850606742,2047,2126,2008-05-13 14:30:00-04:00,2008-05-16 14:45:00-04:00,train
SPY,double_bottom,0,failed_breakout,2205,,2008-05-21 15:00:00-04:00,long,141.5863934907394,0.1643182075301297,141.4184665209392,139.90431820753014,2126,2205,2008-05-16 14:45:00-04:00,2008-05-21 15:00:00-04:00,train
SPY,double_bottom,0,near_miss,2225,,2008-05-22 13:30:00-04:00,long,141.45953316459148,0.8646043600273288,139.76417356364894,140.51460436002733,2146,2225,2008-05-19 13:15:00-04:00,2008-05-22 13:30:00-04:00,train
SPY,double_bottom,0,near_miss,2232,,2008-05-22 15:15:00-04:00,long,139.76939832640068,0.06137213109158779,139.65187882696924,139.8313721310916,2153,2232,2008-05-19 15:00:00-04:00,2008-05-22 15:15:00-04:00,train
SPY,double_bottom,0,failed_breakout,2264,,2008-05-27 10:15:00-04:00,long,139.7168655558293,0.9397859794277963,137.90228032583377,139.38978597942778,2185,2264,2008-05-21 10:00:00-04:00,2008-05-27 10:15:00-04:00,train
SPY,double_bottom,1,confirmed_breakout,2287,2288.0,2008-05-27 16:00:00-04:00,long,138.14269371110205,0.2126343724014248,137.90228032583377,139.20263437240143,2208,2287,2008-05-21 15:45:00-04:00,2008-05-27 16:00:00-04:00,train
SPY,double_bottom,0,near_miss,2311,,2008-05-28 15:30:00-04:00,long,138.6841077771468,0.44426000141936584,137.9578383515675,139.55426000141938,2232,2311,2008-05-22 15:15:00-04:00,2008-05-28 15:30:00-04:00,train
SPY,double_bottom,0,near_miss,2352,,2008-05-30 12:45:00-04:00,long,140.50011760936707,1.0852604687984808,138.5218571998874,141.6052604687985,2273,2352,2008-05-27 12:30:00-04:00,2008-05-30 12:45:00-04:00,train
SPY,double_bottom,0,near_miss,2357,,2008-05-30 14:00:00-04:00,long,140.35423603583317,0.04984655069921473,140.3009218890181,140.6198465506992,2278,2357,2008-05-27 13:45:00-04:00,2008-05-30 14:00:00-04:00,train
SPY,double_bottom,0,failed_breakout,2398,,2008-06-03 11:15:00-04:00,long,140.49774184203687,1.122734428730496,138.44909293759466,140.4727344287305,2319,2398,2008-05-29 11:00:00-04:00,2008-06-03 11:15:00-04:00,train
SPY,double_bottom,0,failed_breakout,2430,,2008-06-04 12:45:00-04:00,long,139.25407555672444,0.9587959955781571,138.14146618469792,139.58879599557815,2351,2430,2008-05-30 12:30:00-04:00,2008-06-04 12:45:00-04:00,train
SPY,double_bottom,1,confirmed_breakout,2442,2446.0,2008-06-04 15:45:00-04:00,long,138.69055442897834,0.276191352973143,138.14146618469792,139.73619135297315,2363,2442,2008-05-30 15:30:00-04:00,2008-06-04 15:45:00-04:00,train
SPY,double_bottom,0,near_miss,2453,,2008-06-05 12:00:00-04:00,long,138.7183456933599,0.29933234176039036,138.15076673588658,139.9093323417604,2374,2453,2008-06-02 11:45:00-04:00,2008-06-05 12:00:00-04:00,train
SPY,double_bottom,1,confirmed_breakout,2468,2469.0,2008-06-05 15:45:00-04:00,long,139.8938580088691,0.8855693052918525,138.15076673588658,141.52556930529184,2389,2468,2008-06-02 15:30:00-04:00,2008-06-05 15:45:00-04:00,train
SPY,double_bottom,0,near_miss,2517,,2008-06-09 15:00:00-04:00,long,140.15550253954416,1.712439193421858,137.0203160209767,137.58243919342186,2438,2517,2008-06-04 14:45:00-04:00,2008-06-09 15:00:00-04:00,train
SPY,double_bottom,0,failed_breakout,2529,,2008-06-10 11:30:00-04:00,long,137.0367354899131,0.43797213075117725,136.17721069734714,136.39797213075119,2450,2529,2008-06-05 11:15:00-04:00,2008-06-10 11:30:00-04:00,train
SPY,double_bottom,0,near_miss,2539,,2008-06-10 14:00:00-04:00,long,136.13517036532454,0.03786827056455877,136.0897450559452,136.53786827056456,2460,2539,2008-06-05 13:45:00-04:00,2008-06-10 14:00:00-04:00,train
SPY,double_bottom,0,failed_breakout,2583,,2008-06-12 12:00:00-04:00,long,136.55225936300798,1.2157781711726443,134.58321732772544,136.47577817117264,2504,2583,2008-06-09 11:45:00-04:00,2008-06-12 12:00:00-04:00,train
SPY,double_bottom,1,confirmed_breakout,2602,2603.0,2008-06-13 10:15:00-04:00,long,135.31924843398681,0.7728720006078618,134.5095355390325,136.84287200060785,2523,2602,2008-06-10 10:00:00-04:00,2008-06-13 10:15:00-04:00,train
SPY,double_bottom,1,confirmed_breakout,2624,2625.0,2008-06-13 15:45:00-04:00,long,135.6903845821624,0.7280180100156883,134.5095355390325,137.1280180100157,2545,2624,2008-06-10 15:30:00-04:00,2008-06-13 15:45:00-04:00,train
SPY,double_bottom,0,near_miss,2661,,2008-06-17 12:00:00-04:00,long,136.57084545450385,0.5836139884210354,135.41519760526091,136.61361398842104,2582,2661,2008-06-12 11:45:00-04:00,2008-06-17 12:00:00-04:00,train
SPY,double_bottom,0,near_miss,2708,,2008-06-19 10:45:00-04:00,long,136.58379683981335,1.1933245392433491,134.22167927423527,135.25332453924335,2629,2708,2008-06-16 10:30:00-04:00,2008-06-19 10:45:00-04:00,train
SPY,double_bottom,1,confirmed_breakout,2723,2724.0,2008-06-19 14:30:00-04:00,long,134.2954965072437,0.17663377988978368,134.0160461804726,135.20663377988978,2644,2723,2008-06-16 14:15:00-04:00,2008-06-19 14:30:00-04:00,train
SPY,double_bottom,1,confirmed_breakout,2811,2812.0,2008-06-25 10:30:00-04:00,long,131.92998449721452,0.5333015807855475,131.12574649256086,133.13330158078554,2732,2811,2008-06-20 10:15:00-04:00,2008-06-25 10:30:00-04:00,train
SPY,double_bottom,0,near_miss,2917,,2008-07-01 11:00:00-04:00,long,128.52221617769214,0.42727046694614046,127.82526620463051,128.42727046694614,2838,2917,2008-06-26 10:45:00-04:00,2008-07-01 11:00:00-04:00,train
SPY,double_bottom,0,near_miss,2939,,2008-07-02 10:00:00-04:00,long,128.39468673432177,0.850405132218782,126.72393798734444,129.79040513221878,2860,2939,2008-06-27 09:45:00-04:00,2008-07-02 10:00:00-04:00,train
SPY,double_bottom,0,failed_breakout,2996,,2008-07-08 11:15:00-04:00,long,128.50461500933687,2.7917659768278895,124.70176007767353,128.0217659768279,2917,2996,2008-07-01 11:00:00-04:00,2008-07-08 11:15:00-04:00,train
SPY,double_bottom,1,confirmed_breakout,3000,3001.0,2008-07-08 12:15:00-04:00,long,125.0529398592186,0.2152566699478058,124.70176007767353,125.9652566699478,2921,3000,2008-07-01 12:00:00-04:00,2008-07-08 12:15:00-04:00,train
SPY,double_bottom,0,near_miss,3018,,2008-07-09 10:15:00-04:00,long,125.38970899766008,0.23460544175148357,124.97360630086807,127.35460544175149,2939,3018,2008-07-02 10:00:00-04:00,2008-07-09 10:15:00-04:00,train
SPY,double_bottom,0,failed_breakout,3061,,2008-07-10 14:30:00-04:00,long,127.2381745817545,2.254753253426216,124.63024184570749,126.62475325342622,2982,3061,2008-07-07 14:15:00-04:00,2008-07-10 14:30:00-04:00,train
SPY,double_bottom,0,failed_breakout,3094,,2008-07-14 09:45:00-04:00,long,124.99039112257877,1.065644956313946,123.21925048682216,125.93564495631395,3015,3094,2008-07-08 16:00:00-04:00,2008-07-14 09:45:00-04:00,train
SPY,double_bottom,0,failed_breakout,3126,,2008-07-15 11:15:00-04:00,long,124.12883351303428,1.0138885449210306,123.01063944940434,122.77388854492104,3047,3126,2008-07-10 11:00:00-04:00,2008-07-15 11:15:00-04:00,train
SPY,double_bottom,0,failed_breakout,3138,,2008-07-15 14:15:00-04:00,long,123.07011851980756,0.779667697861683,121.57026219448741,122.94966769786168,3059,3138,2008-07-10 14:00:00-04:00,2008-07-15 14:15:00-04:00,train
SPY,double_bottom,1,confirmed_breakout,3159,3161.0,2008-07-16 13:00:00-04:00,long,122.56754030542596,0.7108383303857266,121.57026219448741,123.92083833038572,3080,3159,2008-07-11 12:45:00-04:00,2008-07-16 13:00:00-04:00,train
SPY,double_bottom,0,near_miss,3209,,2008-07-18 12:30:00-04:00,long,125.61392381255622,1.7459196253470282,122.14314175559306,127.22591962534703,3130,3209,2008-07-15 12:15:00-04:00,2008-07-18 12:30:00-04:00,train
SPY,double_bottom,0,near_miss,3225,,2008-07-21 10:00:00-04:00,long,125.78026503622617,0.18418132533086862,125.59286661882533,126.78418132533086,3146,3225,2008-07-16 09:45:00-04:00,2008-07-21 10:00:00-04:00,train
SPY,double_bottom,0,near_miss,3230,,2008-07-21 11:15:00-04:00,long,125.6603405132888,0.03831941191289445,125.59930080296526,126.30831941191289,3151,3230,2008-07-16 11:00:00-04:00,2008-07-21 11:15:00-04:00,train
SPY,double_bottom,0,near_miss,3248,,2008-07-21 15:45:00-04:00,long,126.22289289970506,0.3666473789374578,125.64474139978657,126.19664737893746,3169,3248,2008-07-16 15:30:00-04:00,2008-07-21 15:45:00-04:00,train
SPY,double_bottom,0,near_miss,3304,,2008-07-24 10:15:00-04:00,long,128.18934257209008,1.0828736949206075,126.06774964174862,128.29287369492062,3225,3304,2008-07-21 10:00:00-04:00,2008-07-24 10:15:00-04:00,train
SPY,double_bottom,0,near_miss,3342,,2008-07-25 13:15:00-04:00,long,128.2021781860931,1.2069845213857064,125.84519921682448,126.71698452138571,3263,3342,2008-07-22 13:00:00-04:00,2008-07-25 13:15:00-04:00,train
SPY,double_bottom,0,near_miss,3349,,2008-07-25 15:00:00-04:00,long,125.91723837905457,0.044643370103898405,125.84519921682448,125.8846433701039,3270,3349,2008-07-22 14:45:00-04:00,2008-07-25 15:00:00-04:00,train
SPY,double_bottom,0,failed_breakout,3362,,2008-07-28 11:45:00-04:00,long,125.90907619979991,0.1690145924848423,125.58013241355327,125.04901459248484,3283,3362,2008-07-23 11:30:00-04:00,2008-07-28 11:45:00-04:00,train
SPY,double_bottom,0,failed_breakout,3390,,2008-07-29 12:15:00-04:00,long,125.65089992991246,0.8272998198790589,124.06706780651353,126.10729981987906,3311,3390,2008-07-24 12:00:00-04:00,2008-07-29 12:15:00-04:00,train
SPY,double_bottom,1,confirmed_breakout,3429,3430.0,2008-07-30 15:30:00-04:00,long,127.36863104049044,1.8064460308853114,124.06706780651353,130.2564460308853,3350,3429,2008-07-25 15:15:00-04:00,2008-07-30 15:30:00-04:00,train
SPY,double_bottom,0,near_miss,3461,,2008-08-01 10:30:00-04:00,long,128.0928781983794,0.6830713141214062,127.05730221269673,126.41307131412141,3382,3461,2008-07-29 10:15:00-04:00,2008-08-01 10:30:00-04:00,train
SPY,double_bottom,0,failed_breakout,3483,,2008-08-01 16:00:00-04:00,long,127.87673194082096,0.956407250513621,126.07833782479544,127.06640725051362,3404,3483,2008-07-29 15:45:00-04:00,2008-08-01 16:00:00-04:00,train
SPY,double_bottom,0,failed_breakout,3503,,2008-08-04 14:30:00-04:00,long,126.14897399177934,0.41458639629001937,125.40926778169876,126.22458639629002,3424,3503,2008-07-30 14:15:00-04:00,2008-08-04 14:30:00-04:00,train
SPY,double_bottom,0,near_miss,3509,,2008-08-04 16:00:00-04:00,long,125.43709888273241,0.029532240554118516,125.40586550265783,124.94953224055412,3430,3509,2008-07-30 15:45:00-04:00,2008-08-04 16:00:00-04:00,train
SPY,double_bottom,1,confirmed_breakout,3510,3511.0,2008-08-05 09:45:00-04:00,long,125.61119140047099,0.18496147262193574,125.40586550265783,126.63496147262194,3431,3510,2008-07-30 16:00:00-04:00,2008-08-05 09:45:00-04:00,train
SPY,double_bottom,1,confirmed_breakout,3598,3599.0,2008-08-08 12:15:00-04:00,long,128.1412802192382,0.40252049928292877,127.4039922605798,129.42252049928294,3519,3598,2008-08-05 12:00:00-04:00,2008-08-08 12:15:00-04:00,train
SPY,double_bottom,1,confirmed_breakout,3697,3698.0,2008-08-14 11:00:00-04:00,long,128.85957198653296,0.4418011656383669,128.10195895894307,129.99180116563838,3618,3697,2008-08-11 10:45:00-04:00,2008-08-14 11:00:00-04:00,train
SPY,double_bottom,0,near_miss,3727,,2008-08-15 12:00:00-04:00,long,129.72102679895147,0.5875120651254235,128.73358268284613,130.4775120651254,3648,3727,2008-08-12 11:45:00-04:00,2008-08-15 12:00:00-04:00,train
SPY,double_bottom,0,near_miss,3739,,2008-08-15 15:00:00-04:00,long,129.9386179203613,0.21195363912005405,129.53344678480596,130.03195363912005,3660,3739,2008-08-12 14:45:00-04:00,2008-08-15 15:00:00-04:00,train
SPY,double_bottom,0,near_miss,3750,,2008-08-18 11:15:00-04:00,long,129.94861264176834,0.0687779097620762,129.8397876863359,129.82877790976207,3671,3750,2008-08-13 11:00:00-04:00,2008-08-18 11:15:00-04:00,train
SPY,double_bottom,0,near_miss,3793,,2008-08-19 15:30:00-04:00,long,129.90511753116124,1.4908907402510465,126.98866589548446,128.41089074025103,3714,3793,2008-08-14 15:15:00-04:00,2008-08-19 15:30:00-04:00,train
SPY,double_bottom,1,confirmed_breakout,3800,3801.0,2008-08-20 10:45:00-04:00,long,127.02977112967424,0.10640001682288869,126.85807633021824,127.93640001682289,3721,3800,2008-08-15 10:30:00-04:00,2008-08-20 10:45:00-04:00,train
SPY,double_bottom,0,near_miss,3826,,2008-08-21 10:45:00-04:00,long,127.24573661014581,0.29847224719956955,126.85807633021824,127.32847224719957,3747,3826,2008-08-18 10:30:00-04:00,2008-08-21 10:45:00-04:00,train
SPY,double_bottom,0,near_miss,3838,,2008-08-21 13:45:00-04:00,long,127.22147039461002,0.11176195244655673,127.03645239567423,127.75176195244656,3759,3838,2008-08-18 13:30:00-04:00,2008-08-21 13:45:00-04:00,train
SPY,double_bottom,0,near_miss,3870,,2008-08-22 15:15:00-04:00,long,129.00957482835048,0.9285273221489092,127.1829644886527,130.1485273221489,3791,3870,2008-08-19 15:00:00-04:00,2008-08-22 15:15:00-04:00,train
SPY,double_bottom,1,confirmed_breakout,3951,3952.0,2008-08-27 16:00:00-04:00,long,128.48539748710982,0.7817899673011368,126.98252130442127,130.08178996730115,3872,3951,2008-08-22 15:45:00-04:00,2008-08-27 16:00:00-04:00,train
SPY,double_bottom,0,near_miss,4013,,2008-09-02 12:00:00-04:00,long,130.05133541794726,1.2776302867777645,128.42469373519612,130.93763028677776,3934,4013,2008-08-27 11:45:00-04:00,2008-09-02 12:00:00-04:00,train
SPY,double_bottom,0,near_miss,4062,,2008-09-04 11:15:00-04:00,long,129.7787403708579,1.5378885422522899,127.35898713006833,127.1878885422523,3983,4062,2008-08-29 11:00:00-04:00,2008-09-04 11:15:00-04:00,train
SPY,double_bottom,0,failed_breakout,4102,,2008-09-05 14:45:00-04:00,long,127.46821042826376,2.243536153006872,123.09036142044545,126.55353615300687,4023,4102,2008-09-02 14:30:00-04:00,2008-09-05 14:45:00-04:00,train
SPY,double_bottom,1,confirmed_breakout,4131,4132.0,2008-09-08 15:30:00-04:00,long,126.22386533252954,1.7036540320191165,123.09036142044545,128.7336540320191,4052,4131,2008-09-03 15:15:00-04:00,2008-09-08 15:30:00-04:00,train
SPY,double_bottom,0,near_miss,4180,,2008-09-10 14:45:00-04:00,long,126.57180554621188,1.8901503153467587,123.41324928115482,126.47015031534676,4101,4180,2008-09-05 14:30:00-04:00,2008-09-10 14:45:00-04:00,train
SPY,double_bottom,1,confirmed_breakout,4203,4204.0,2008-09-11 14:00:00-04:00,long,123.2365285080686,0.14247033466156722,122.97023529400725,124.05247033466156,4124,4203,2008-09-08 13:45:00-04:00,2008-09-11 14:00:00-04:00,train
SPY,double_bottom,1,confirmed_breakout,4232,4233.0,2008-09-12 14:45:00-04:00,long,125.13771371477327,0.9911679363461019,123.21788105280683,126.8411679363461,4153,4232,2008-09-09 14:30:00-04:00,2008-09-12 14:45:00-04:00,train
SPY,double_bottom,1,confirmed_breakout,4284,4285.0,2008-09-16 14:45:00-04:00,long,119.84514793236202,0.25857171136591717,119.57850297775825,121.43857171136592,4205,4284,2008-09-11 14:30:00-04:00,2008-09-16 14:45:00-04:00,train
SPY,double_bottom,0,failed_breakout,4318,,2008-09-18 10:15:00-04:00,long,120.49454032985734,1.8982673739317164,117.59789644761727,120.04826737393172,4239,4318,2008-09-15 10:00:00-04:00,2008-09-18 10:15:00-04:00,train
SPY,double_bottom,0,failed_breakout,4326,,2008-09-18 12:15:00-04:00,long,118.11146518810477,0.370267567622534,117.59789644761727,116.36026756762253,4247,4326,2008-09-15 12:00:00-04:00,2008-09-18 12:15:00-04:00,train
SPY,double_bottom,0,near_miss,4341,,2008-09-18 16:00:00-04:00,long,118.01228877398276,1.057160018458859,116.02575871770061,121.64716001845886,4262,4341,2008-09-15 15:45:00-04:00,2008-09-18 16:00:00-04:00,train
SPY,double_bottom,1,confirmed_breakout,4443,4448.0,2008-09-24 15:30:00-04:00,long,119.91994548130877,0.6707852111010908,118.7057675560807,121.4807852111011,4364,4443,2008-09-19 15:15:00-04:00,2008-09-24 15:30:00-04:00,train
SPY,double_bottom,1,confirmed_breakout,4445,4446.0,2008-09-24 16:00:00-04:00,long,118.9540560101424,0.18168221844130983,118.7057675560807,119.82168221844131,4366,4445,2008-09-19 15:45:00-04:00,2008-09-24 16:00:00-04:00,train
SPY,double_bottom,0,failed_breakout,4495,,2008-09-26 15:30:00-04:00,long,121.19713656398979,2.1140560105514936,118.83898002732145,122.6240560105515,4416,4495,2008-09-23 15:15:00-04:00,2008-09-26 15:30:00-04:00,train
SPY,double_bottom,0,failed_breakout,4535,,2008-09-30 12:30:00-04:00,long,120.21102998286801,3.826361971577853,113.44215494302516,117.63636197157786,4456,4535,2008-09-25 12:15:00-04:00,2008-09-30 12:30:00-04:00,train
SPY,double_bottom,1,confirmed_breakout,4562,4563.0,2008-10-01 12:45:00-04:00,long,115.51121184385833,1.3494473944197836,113.44215494302516,117.55944739441978,4483,4562,2008-09-26 12:30:00-04:00,2008-10-01 12:45:00-04:00,train
SPY,double_bottom,0,near_miss,4611,,2008-10-03 12:00:00-04:00,long,115.91645830675465,2.454844334503292,112.04185398865077,116.5748443345033,4532,4611,2008-09-30 11:45:00-04:00,2008-10-03 12:00:00-04:00,train
SPY,double_bottom,0,near_miss,4660,,2008-10-07 11:15:00-04:00,long,114.18571093393133,6.709838667766121,102.90989054367965,112.01983866776612,4581,4660,2008-10-02 11:00:00-04:00,2008-10-07 11:15:00-04:00,train
SPY,double_bottom,0,failed_breakout,4703,,2008-10-08 15:30:00-04:00,long,105.34267148360723,4.6241780487011965,98.52709632613242,106.1341780487012,4624,4703,2008-10-03 15:15:00-04:00,2008-10-08 15:30:00-04:00,train
SPY,double_bottom,0,near_miss,4855,,2008-10-16 14:30:00-04:00,long,99.52731196575174,5.050984689313125,89.42936582434085,94.72098468931313,4776,4855,2008-10-13 14:15:00-04:00,2008-10-16 14:30:00-04:00,train
SPY,double_bottom,0,near_miss,4906,,2008-10-20 14:15:00-04:00,long,96.38469287603382,3.8936170050497196,89.42936582434085,100.64361700504972,4827,4906,2008-10-15 14:00:00-04:00,2008-10-20 14:15:00-04:00,train
SPY,double_bottom,0,failed_breakout,4942,,2008-10-22 10:15:00-04:00,long,97.57129530044004,1.5738562059215866,95.55278591762738,93.68385620592159,4863,4942,2008-10-17 10:00:00-04:00,2008-10-22 10:15:00-04:00,train
SPY,double_bottom,0,near_miss,4979,,2008-10-23 13:00:00-04:00,long,96.9900920819281,3.698590777345103,90.14091033775647,92.0485907773451,4900,4979,2008-10-20 12:45:00-04:00,2008-10-23 13:00:00-04:00,train
SPY,double_bottom,0,failed_breakout,5008,,2008-10-24 13:45:00-04:00,long,90.8468763116438,2.0700001351315223,87.4128420152681,89.15000013513152,4929,5008,2008-10-21 13:30:00-04:00,2008-10-24 13:45:00-04:00,train
SPY,double_bottom,1,confirmed_breakout,5012,5013.0,2008-10-24 14:45:00-04:00,long,87.68015558254288,0.38404527198369465,87.17937860585027,89.1140452719837,4933,5012,2008-10-21 14:30:00-04:00,2008-10-24 14:45:00-04:00,train
SPY,double_bottom,1,confirmed_breakout,5063,5064.0,2008-10-28 14:30:00-04:00,long,88.2181052988823,1.5466252095807818,86.16358157275278,90.48662520958078,4984,5063,2008-10-23 14:15:00-04:00,2008-10-28 14:30:00-04:00,train
SPY,double_bottom,0,near_miss,5122,,2008-10-31 09:45:00-04:00,long,95.01834460894933,4.835279941618566,86.16358157275278,99.42527994161857,5043,5122,2008-10-27 16:00:00-04:00,2008-10-31 09:45:00-04:00,train
SPY,double_bottom,0,failed_breakout,5156,,2008-11-03 11:45:00-05:00,long,97.3043244697115,1.6069432562320287,94.20254776190875,98.69694325623203,5077,5156,2008-10-29 11:30:00-04:00,2008-11-03 11:45:00-05:00,train
SPY,double_bottom,0,near_miss,5165,,2008-11-03 14:00:00-05:00,long,97.21968705882483,0.14372771097944792,96.95970403064055,96.66372771097944,5086,5165,2008-10-29 13:45:00-04:00,2008-11-03 14:00:00-05:00,train
SPY,double_bottom,0,near_miss,5181,,2008-11-04 11:30:00-05:00,long,97.05613008006213,0.29719994077912304,96.55815624792547,100.53719994077912,5102,5181,2008-10-30 11:15:00-04:00,2008-11-04 11:30:00-05:00,train
SPY,double_bottom,0,near_miss,5207,,2008-11-05 11:30:00-05:00,long,100.06888403159795,1.8906958439781363,96.55815624792547,101.07069584397814,5128,5207,2008-10-31 11:15:00-04:00,2008-11-05 11:30:00-05:00,train
SPY,double_bottom,0,near_miss,5212,,2008-11-05 12:45:00-05:00,long,99.89028634846196,0.17583883798738498,99.63067489363499,97.64583883798738,5133,5212,2008-10-31 12:30:00-04:00,2008-11-05 12:45:00-05:00,train
SPY,double_bottom,0,near_miss,5263,,2008-11-07 12:30:00-05:00,long,99.66021634658452,4.267169725641523,91.155418348251,96.53716972564152,5184,5263,2008-11-04 12:15:00-05:00,2008-11-07 12:30:00-05:00,train
SPY,double_bottom,1,confirmed_breakout,5276,5277.0,2008-11-07 15:45:00-05:00,long,92.5154894713265,0.7906576600801571,91.155418348251,94.00065766008015,5197,5276,2008-11-04 15:30:00-05:00,2008-11-07 15:45:00-05:00,train
SPY,double_bottom,0,failed_breakout,5330,,2008-11-12 09:45:00-05:00,long,93.73831997523456,2.950718538665356,89.28095759889672,91.15071853866536,5251,5330,2008-11-06 16:00:00-05:00,2008-11-12 09:45:00-05:00,train
SPY,double_bottom,1,confirmed_breakout,5380,5381.0,2008-11-13 15:45:00-05:00,long,90.11579301238795,3.1760988657728575,84.59843069433349,94.68609886577286,5301,5380,2008-11-10 15:30:00-05:00,2008-11-13 15:45:00-05:00,train
SPY,double_bottom,0,failed_breakout,5427,,2008-11-17 14:30:00-05:00,long,89.79219264470721,4.130062933377232,84.59843069433349,90.90006293337723,5348,5427,2008-11-12 14:15:00-05:00,2008-11-17 14:30:00-05:00,train
SPY,double_bottom,0,failed_breakout,5452,,2008-11-18 14:15:00-05:00,long,87.25923930770008,0.81572330185206,86.16120328336959,85.09572330185206,5373,5452,2008-11-13 14:00:00-05:00,2008-11-18 14:15:00-05:00,train
SPY,double_bottom,0,failed_breakout,5468,,2008-11-19 11:45:00-05:00,long,86.23916396503952,0.9328494090143806,84.4514258286807,84.70284940901438,5389,5468,2008-11-14 11:30:00-05:00,2008-11-19 11:45:00-05:00,train
SPY,double_bottom,0,failed_breakout,5506,,2008-11-20 14:45:00-05:00,long,85.29804722006652,2.989782425333587,80.16510376078516,82.25978242533358,5427,5506,2008-11-17 14:30:00-05:00,2008-11-20 14:45:00-05:00,train
SPY,double_bottom,1,confirmed_breakout,5532,5538.0,2008-11-21 14:45:00-05:00,long,80.50176991409637,2.383159736031814,76.07211659534394,83.85315973603181,5453,5532,2008-11-18 14:30:00-05:00,2008-11-21 14:45:00-05:00,train
SPY,double_bottom,1,confirmed_breakout,5533,5534.0,2008-11-21 15:00:00-05:00,long,76.20236614625084,0.28868267128235914,75.755250354593,78.24868267128235,5454,5533,2008-11-18 14:45:00-05:00,2008-11-21 15:00:00-05:00,train
SPY,double_bottom,1,confirmed_breakout,5666,5667.0,2008-12-02 15:45:00-05:00,long,84.53187615563897,0.8022567537261693,83.66813362838457,86.20225675372618,5587,5666,2008-11-25 15:30:00-05:00,2008-12-02 15:45:00-05:00,train
SPY,double_bottom,0,near_miss,5697,,2008-12-04 10:30:00-05:00,long,85.88352496951384,1.3075727496976128,83.79110517544103,88.29757274969761,5618,5697,2008-12-01 10:15:00-05:00,2008-12-04 10:30:00-05:00,train
SPY,double_bottom,0,near_miss,5743,,2008-12-05 15:30:00-05:00,long,87.14038040865456,2.7602466728174164,83.39946820748288,89.97024667281741,5664,5743,2008-12-02 15:15:00-05:00,2008-12-05 15:30:00-05:00,train
SPY,double_bottom,0,near_miss,5773,,2008-12-09 10:00:00-05:00,long,90.61638828314005,3.636515045431082,83.39946820748288,93.76651504543108,5694,5773,2008-12-04 09:45:00-05:00,2008-12-09 10:00:00-05:00,train
SPY,double_bottom,0,near_miss,5783,,2008-12-09 12:30:00-05:00,long,91.29341032242773,0.4382697220650442,90.56027826793506,91.41826972206505,5704,5783,2008-12-04 12:15:00-05:00,2008-12-09 12:30:00-05:00,train
SPY,double_bottom,0,near_miss,5809,,2008-12-10 12:30:00-05:00,long,91.32028521652268,0.8494025954607736,89.79176230933349,91.20940259546077,5730,5809,2008-12-05 12:15:00-05:00,2008-12-10 12:30:00-05:00,train
SPY,double_bottom,0,failed_breakout,5830,,2008-12-11 11:15:00-05:00,long,90.5008335164748,0.6054215817769517,89.79176230933349,91.28542158177696,5751,5830,2008-12-08 11:00:00-05:00,2008-12-11 11:15:00-05:00,train
SPY,double_bottom,0,failed_breakout,5870,,2008-12-12 14:45:00-05:00,long,90.4662136135463,1.9066310040561802,87.12010365891805,89.51663100405618,5791,5870,2008-12-09 14:30:00-05:00,2008-12-12 14:45:00-05:00,train
SPY,double_bottom,1,confirmed_breakout,5901,5902.0,2008-12-15 16:00:00-05:00,long,87.97657880901986,0.8976495856707913,87.03775478778009,89.52764958567079,5822,5901,2008-12-10 15:45:00-05:00,2008-12-15 16:00:00-05:00,train
SPY,double_bottom,0,failed_breakout,5967,,2008-12-18 13:00:00-05:00,long,91.60804580400402,2.4391715396402986,87.03775478778009,93.5591715396403,5888,5967,2008-12-15 12:45:00-05:00,2008-12-18 13:00:00-05:00,train
SPY,double_bottom,0,near_miss,5992,,2008-12-19 12:45:00-05:00,long,91.30160282520866,0.9224754678428013,89.45826097378438,89.7224754678428,5913,5992,2008-12-16 12:30:00-05:00,2008-12-19 12:45:00-05:00,train
SPY,double_bottom,0,failed_breakout,6040,,2008-12-23 11:45:00-05:00,long,89.6235270436791,1.640095146248683,86.50860282107647,88.74009514624868,5961,6040,2008-12-18 11:30:00-05:00,2008-12-23 11:45:00-05:00,train
SPY,double_bottom,0,failed_breakout,6067,,2008-12-26 12:00:00-05:00,long,87.1392332839489,0.6857478026620925,86.39836814149716,87.51574780266209,5988,6067,2008-12-19 11:45:00-05:00,2008-12-26 12:00:00-05:00,train
SPY,double_bottom,1,confirmed_breakout,6083,6084.0,2008-12-26 16:00:00-05:00,long,86.7903588549581,0.2370690792623975,86.39836814149716,87.47706907926239,6004,6083,2008-12-19 15:45:00-05:00,2008-12-26 16:00:00-05:00,train
SPY,double_bottom,0,near_miss,6114,,2008-12-30 10:45:00-05:00,long,86.97564206547304,0.6293929277840107,85.98428686548384,88.42939292778401,6035,6114,2008-12-23 10:30:00-05:00,2008-12-30 10:45:00-05:00,train
SPY,double_bottom,1,confirmed_breakout,6133,6134.0,2008-12-30 15:30:00-05:00,long,88.02250570809218,1.023916668762169,85.98428686548384,89.59391666876216,6054,6133,2008-12-23 15:15:00-05:00,2008-12-30 15:30:00-05:00,train
SPY,double_bottom,0,near_miss,6200,,2009-01-05 12:45:00-05:00,long,92.67457554340942,2.3578597610242866,88.02938294956532,95.16785976102429,6121,6200,2008-12-30 12:30:00-05:00,2009-01-05 12:45:00-05:00,train
SPY,double_bottom,0,near_miss,6223,,2009-01-06 12:00:00-05:00,long,93.05426156466137,0.3669768938549396,92.60404861520496,93.51697689385495,6144,6223,2008-12-31 11:45:00-05:00,2009-01-06 12:00:00-05:00,train
SPY,double_bottom,1,confirmed_breakout,6231,6233.0,2009-01-06 14:00:00-05:00,long,93.14046562543936,0.19673475116655936,92.77052072640792,93.94673475116656,6152,6231,2008-12-31 13:45:00-05:00,2009-01-06 14:00:00-05:00,train
SPY,double_bottom,0,near_miss,6241,,2009-01-07 10:00:00-05:00,long,93.28196651248527,0.08954405031195733,93.11694102213767,92.17954405031196,6162,6241,2009-01-02 09:45:00-05:00,2009-01-07 10:00:00-05:00,train
SPY,double_bottom,0,near_miss,6293,,2009-01-09 10:00:00-05:00,long,93.54997031079634,1.8572748595807695,90.11748700022221,91.27727485958077,6214,6293,2009-01-06 09:45:00-05:00,2009-01-09 10:00:00-05:00,train
SPY,double_bottom,0,failed_breakout,6319,,2009-01-12 10:00:00-05:00,long,90.45930729763256,0.6421627528212781,89.51680208940036,89.03216275282128,6240,6319,2009-01-07 09:45:00-05:00,2009-01-12 10:00:00-05:00,train
SPY,double_bottom,0,failed_breakout,6354,,2009-01-13 12:15:00-05:00,long,89.65733779341092,1.3669032079601777,87.06406708150112,88.77690320796017,6275,6354,2009-01-08 12:00:00-05:00,2009-01-13 12:15:00-05:00,train
SPY,double_bottom,0,failed_breakout,6377,,2009-01-14 11:30:00-05:00,long,87.33141843655912,0.37868603278832325,86.84139772604048,84.57868603278833,6298,6377,2009-01-09 11:15:00-05:00,2009-01-14 11:30:00-05:00,train
SPY,double_bottom,0,failed_breakout,6397,,2009-01-15 10:00:00-05:00,long,86.9099269283667,1.3368958437329752,84.30466444322697,84.63689584373297,6318,6397,2009-01-12 09:45:00-05:00,2009-01-15 10:00:00-05:00,train
SPY,double_bottom,1,confirmed_breakout,6415,6416.0,2009-01-15 14:30:00-05:00,long,84.42756449997783,1.072591390224133,82.40528177628045,85.93259139022413,6336,6415,2009-01-12 14:15:00-05:00,2009-01-15 14:30:00-05:00,train
SPY,double_bottom,0,failed_breakout,6448,,2009-01-20 09:45:00-05:00,long,84.86522818744552,1.6148425030706903,82.40528177628045,85.35484250307069,6369,6448,2009-01-13 16:00:00-05:00,2009-01-20 09:45:00-05:00,train
SPY,double_bottom,0,failed_breakout,6484,,2009-01-21 12:15:00-05:00,long,84.61011270346401,1.7981134205963087,81.52850897326618,83.47811342059632,6405,6484,2009-01-15 12:00:00-05:00,2009-01-21 12:15:00-05:00,train
SPY,double_bottom,1,confirmed_breakout,6490,6491.0,2009-01-21 13:45:00-05:00,long,81.5787292111013,0.16437592303257986,81.30019760287128,82.27437592303258,6411,6490,2009-01-15 13:30:00-05:00,2009-01-21 13:45:00-05:00,train
SPY,double_bottom,1,confirmed_breakout,6517,6518.0,2009-01-22 14:00:00-05:00,long,82.75259286219757,1.1640866334336835,81.30019760287128,84.84408663343369,6438,6517,2009-01-16 13:45:00-05:00,2009-01-22 14:00:00-05:00,train
SPY,double_bottom,1,confirmed_breakout,6541,6542.0,2009-01-23 13:30:00-05:00,long,82.79460401939494,0.80392275643446,81.8768148546565,84.22392275643446,6462,6541,2009-01-20 13:15:00-05:00,2009-01-23 13:30:00-05:00,train
SPY,double_bottom,0,near_miss,6587,,2009-01-27 12:00:00-05:00,long,84.56439950454096,1.6163010300340517,82.10454767126446,85.99630103003405,6508,6587,2009-01-22 11:45:00-05:00,2009-01-27 12:00:00-05:00,train
SPY,double_bottom,1,confirmed_breakout,6603,6604.0,2009-01-27 16:00:00-05:00,long,84.61915955183352,0.4586330463871491,83.79164927774934,86.72863304638715,6524,6603,2009-01-22 15:45:00-05:00,2009-01-27 16:00:00-05:00,train
SPY,double_bottom,0,near_miss,6637,,2009-01-29 11:30:00-05:00,long,87.17747117418956,1.3452318483100214,84.52940373314338,87.19523184831002,6558,6637,2009-01-26 11:15:00-05:00,2009-01-29 11:30:00-05:00,train
SPY,double_bottom,1,confirmed_breakout,6711,6712.0,2009-02-03 10:30:00-05:00,long,82.46620006903792,0.2324482256156699,82.22565331770441,83.17244822561567,6632,6711,2009-01-29 10:15:00-05:00,2009-02-03 10:30:00-05:00,train
SPY,double_bottom,0,near_miss,6733,,2009-02-03 16:00:00-05:00,long,82.87346046990459,0.33725928863817956,82.22565331770441,84.14725928863818,6654,6733,2009-01-29 15:45:00-05:00,2009-02-03 16:00:00-05:00,train
SPY,double_bottom,0,near_miss,6774,,2009-02-05 13:15:00-05:00,long,84.76376181541688,1.7917795926836249,82.8467490448284,86.61177959268362,6695,6774,2009-02-02 13:00:00-05:00,2009-02-05 13:15:00-05:00,train
SPY,double_bottom,1,confirmed_breakout,6816,6817.0,2009-02-09 10:45:00-05:00,long,86.88482606579532,1.92647407700764,83.09721540063813,89.60647407700765,6737,6816,2009-02-04 10:30:00-05:00,2009-02-09 10:45:00-05:00,train
SPY,double_bottom,0,near_miss,6844,,2009-02-10 11:15:00-05:00,long,87.20963750166966,0.31143702828224207,86.81948857693722,85.42143702828224,6765,6844,2009-02-05 11:00:00-05:00,2009-02-10 11:15:00-05:00,train
SPY,double_bottom,0,near_miss,6873,,2009-02-11 12:00:00-05:00,long,87.02681075614782,1.9399591067585646,83.19679092894089,85.49995910675857,6794,6873,2009-02-06 11:45:00-05:00,2009-02-11 12:00:00-05:00,train
SPY,double_bottom,0,failed_breakout,6894,,2009-02-12 10:45:00-05:00,long,83.51674558415975,0.3310266485639488,83.17464694225072,82.36102664856395,6815,6894,2009-02-09 10:30:00-05:00,2009-02-12 10:45:00-05:00,train
SPY,double_bottom,0,failed_breakout,6910,,2009-02-12 14:45:00-05:00,long,83.33544918135546,0.5893981987343437,82.31745502299151,82.13939819873434,6831,6910,2009-02-09 14:30:00-05:00,2009-02-12 14:45:00-05:00,train
SPY,double_bottom,1,confirmed_breakout,6913,6914.0,2009-02-12 15:30:00-05:00,long,82.4220693330023,0.27043981702270514,81.98580400896768,83.6904398170227,6834,6913,2009-02-09 15:15:00-05:00,2009-02-12 15:30:00-05:00,train
SPY,double_bottom,0,near_miss,6941,,2009-02-13 16:00:00-05:00,long,83.43197140706415,0.8041214469256346,81.98580400896768,83.59412144692564,6862,6941,2009-02-10 15:45:00-05:00,2009-02-13 16:00:00-05:00,train
SPY,double_bottom,0,near_miss,6984,,2009-02-18 13:45:00-05:00,long,83.44753062077451,2.2293215720229966,79.16652218619366,81.059321572023,6905,6984,2009-02-12 13:30:00-05:00,2009-02-18 13:45:00-05:00,train
SPY,double_bottom,1,confirmed_breakout,6993,6994.0,2009-02-18 16:00:00-05:00,long,79.37065230435347,0.24277513385861482,79.08923215479604,80.22277513385862,6914,6993,2009-02-12 15:45:00-05:00,2009-02-18 16:00:00-05:00,train
SPY,double_bottom,0,failed_breakout,7048,,2009-02-23 10:15:00-05:00,long,79.46216405073325,1.632819347068775,76.5694572525329,78.68281934706877,6969,7048,2009-02-18 10:00:00-05:00,2009-02-23 10:15:00-05:00,train
SPY,double_bottom,0,failed_breakout,7085,,2009-02-24 13:00:00-05:00,long,77.21837150179245,1.2775079692133602,75.31226981262527,77.11750796921336,7006,7085,2009-02-19 12:45:00-05:00,2009-02-24 13:00:00-05:00,train
SPY,double_bottom,1,confirmed_breakout,7086,7087.0,2009-02-24 13:15:00-05:00,long,75.52864311320968,0.12045116606918782,75.31226981262527,76.68045116606919,7007,7086,2009-02-19 13:00:00-05:00,2009-02-24 13:15:00-05:00,train
SPY,double_bottom,0,near_miss,7123,,2009-02-25 16:00:00-05:00,long,77.10113021960485,1.2297221993924126,75.5041140816557,78.0797221993924,7044,7123,2009-02-20 15:45:00-05:00,2009-02-25 16:00:00-05:00,train
SPY,double_bottom,1,confirmed_breakout,7227,7228.0,2009-03-03 16:00:00-05:00,long,70.59121849542505,0.2214268058560691,70.26868086607821,71.53142680585607,7148,7227,2009-02-26 15:45:00-05:00,2009-03-03 16:00:00-05:00,train
SPY,double_bottom,1,confirmed_breakout,7229,7234.0,2009-03-04 10:00:00-05:00,long,71.0629755576842,0.40933780988208923,70.26868086607821,72.01933780988209,7150,7229,2009-02-27 09:45:00-05:00,2009-03-04 10:00:00-05:00,train
SPY,double_bottom,0,failed_breakout,7289,,2009-03-06 12:00:00-05:00,long,71.99592706239088,2.2986597338068577,68.92363214410831,70.61865973380685,7210,7289,2009-03-03 11:45:00-05:00,2009-03-06 12:00:00-05:00,train
SPY,double_bottom,1,confirmed_breakout,7307,7308.0,2009-03-09 10:00:00-04:00,long,69.14088143121049,0.8568234505856935,67.64448381714128,70.65682345058569,7228,7307,2009-03-04 09:45:00-05:00,2009-03-09 10:00:00-04:00,train
SPY,double_bottom,1,confirmed_breakout,7331,7332.0,2009-03-09 16:00:00-04:00,long,69.02290930122707,1.034782396366225,67.64448381714128,71.34478239636623,7252,7331,2009-03-04 15:45:00-05:00,2009-03-09 16:00:00-04:00,train
SPY,double_bottom,1,confirmed_breakout,7385,7386.0,2009-03-12 10:00:00-04:00,long,72.64394443245624,0.10773651103713178,72.47822891226981,73.12773651103713,7306,7385,2009-03-09 09:45:00-04:00,2009-03-12 10:00:00-04:00,train
SPY,double_bottom,1,confirmed_breakout,7386,7387.0,2009-03-12 10:15:00-04:00,long,72.93696919812507,2.5319697456999535,68.33176999258042,75.90196974569996,7307,7386,2009-03-09 10:00:00-04:00,2009-03-12 10:15:00-04:00,train
SPY,double_bottom,1,confirmed_breakout,7432,7433.0,2009-03-13 15:15:00-04:00,long,75.55990510937401,1.5987641226476654,72.5941869305684,77.80876412264766,7353,7432,2009-03-10 15:00:00-04:00,2009-03-13 15:15:00-04:00,train
SPY,double_bottom,0,near_miss,7480,,2009-03-17 14:15:00-04:00,long,77.51380795070301,1.7297099929979822,75.32809504288431,78.79970999299798,7401,7480,2009-03-12 14:00:00-04:00,2009-03-17 14:15:00-04:00,train
SPY,double_bottom,0,failed_breakout,7540,,2009-03-20 09:45:00-04:00,long,79.77158368910624,1.9944466849535303,76.24010087252576,80.44444668495353,7461,7540,2009-03-16 16:00:00-04:00,2009-03-20 09:45:00-04:00,train
SPY,double_bottom,1,confirmed_breakout,7570,7571.0,2009-03-23 10:45:00-04:00,long,79.35789934747068,1.172115189834031,77.05739517949364,81.12211518983403,7491,7570,2009-03-18 10:30:00-04:00,2009-03-23 10:45:00-04:00,train
SPY,double_bottom,1,confirmed_breakout,7619,7620.0,2009-03-25 10:00:00-04:00,long,81.82560649005231,2.541980371176237,77.05739517949364,84.83198037117624,7540,7619,2009-03-20 09:45:00-04:00,2009-03-25 10:00:00-04:00,train
SPY,double_bottom,0,near_miss,7652,,2009-03-26 11:45:00-04:00,long,82.01264060289029,1.0859338333706319,80.34355648078083,83.55593383337063,7573,7652,2009-03-23 11:30:00-04:00,2009-03-26 11:45:00-04:00,train
SPY,double_bottom,1,confirmed_breakout,7667,7668.0,2009-03-26 15:30:00-04:00,long,82.58423157238603,1.1406530622379734,80.34355648078083,84.30065306223797,7588,7667,2009-03-23 15:15:00-04:00,2009-03-26 15:30:00-04:00,train
SPY,double_bottom,0,near_miss,7700,,2009-03-30 10:45:00-04:00,long,82.7136703520485,0.5196563451683005,81.84442747424514,79.19965634516831,7621,7700,2009-03-25 10:30:00-04:00,2009-03-30 10:45:00-04:00,train
SPY,double_bottom,0,near_miss,7730,,2009-03-31 11:45:00-04:00,long,81.8489855235307,1.7047998149931232,78.44394394283002,81.51479981499313,7651,7730,2009-03-26 11:30:00-04:00,2009-03-31 11:45:00-04:00,train
SPY,double_bottom,1,confirmed_breakout,7757,7758.0,2009-04-01 12:00:00-04:00,long,80.45634538091159,1.307412163740878,78.44394394283002,82.16741216374088,7678,7757,2009-03-27 11:45:00-04:00,2009-04-01 12:00:00-04:00,train
SPY,double_bottom,0,near_miss,7802,,2009-04-03 10:15:00-04:00,long,83.95077201166382,2.066044565638407,79.85392249151138,85.0860445656384,7723,7802,2009-03-31 10:00:00-04:00,2009-04-03 10:15:00-04:00,train
SPY,double_bottom,0,near_miss,7819,,2009-04-03 14:30:00-04:00,long,83.98272390900443,0.4207880337095986,83.20833935005022,84.5607880337096,7740,7819,2009-03-31 14:15:00-04:00,2009-04-03 14:30:00-04:00,train
SPY,double_bottom,0,failed_breakout,7852,,2009-04-07 09:45:00-04:00,long,83.78001604960117,0.8359420838926184,82.67980858136688,82.66594208389262,7773,7852,2009-04-01 16:00:00-04:00,2009-04-07 09:45:00-04:00,train
SPY,double_bottom,0,failed_breakout,7893,,2009-04-08 13:30:00-04:00,long,82.96228406901027,0.6449546366383032,81.95485028337703,83.3549546366383,7814,7893,2009-04-03 13:15:00-04:00,2009-04-08 13:30:00-04:00,train
SPY,double_bottom,1,confirmed_breakout,7903,7904.0,2009-04-08 16:00:00-04:00,long,82.48407283923079,0.3722542645002278,81.95485028337703,85.04225426450023,7824,7903,2009-04-03 15:45:00-04:00,2009-04-08 16:00:00-04:00,train
SPY,double_bottom,0,near_miss,7941,,2009-04-13 12:30:00-04:00,long,85.19585415504234,1.496551007290904,82.2687868660841,86.6665510072909,7862,7941,2009-04-07 12:15:00-04:00,2009-04-13 12:30:00-04:00,train
SPY,double_bottom,0,near_miss,7950,,2009-04-13 14:45:00-04:00,long,85.17528181071009,0.0672604581106242,85.08622327578014,85.75726045811062,7871,7950,2009-04-07 14:30:00-04:00,2009-04-13 14:45:00-04:00,train
SPY,double_bottom,0,near_miss,8000,,2009-04-15 14:15:00-04:00,long,85.79077574141414,1.1212070464553108,84.25291411413751,85.55120704645532,7921,8000,2009-04-09 14:00:00-04:00,2009-04-15 14:15:00-04:00,train
SPY,double_bottom,0,near_miss,8013,,2009-04-16 11:00:00-04:00,long,84.4207873519623,0.14569251041564257,84.25291411413751,85.10569251041564,7934,8013,2009-04-13 10:45:00-04:00,2009-04-16 11:00:00-04:00,train
SPY,double_bottom,0,near_miss,8050,,2009-04-17 13:45:00-04:00,long,86.49801690677768,1.1031625007211971,84.29727556895583,88.42316250072119,7971,8050,2009-04-14 13:30:00-04:00,2009-04-17 13:45:00-04:00,train
SPY,double_bottom,0,near_miss,8101,,2009-04-21 13:30:00-04:00,long,87.29413378116658,2.330696765580427,83.43444078801515,86.64069676558043,8022,8101,2009-04-16 13:15:00-04:00,2009-04-21 13:30:00-04:00,train
SPY,double_bottom,1,confirmed_breakout,8131,8132.0,2009-04-22 14:30:00-04:00,long,85.59282324060894,1.0964601668597709,83.43444078801515,87.30646016685976,8052,8131,2009-04-17 14:15:00-04:00,2009-04-22 14:30:00-04:00,train
SPY,double_bottom,0,near_miss,8161,,2009-04-23 15:30:00-04:00,long,85.78961543715471,0.9331832496559542,84.15457901551433,85.43318324965595,8082,8161,2009-04-20 15:15:00-04:00,2009-04-23 15:30:00-04:00,train
SPY,double_bottom,1,confirmed_breakout,8184,8185.0,2009-04-24 14:45:00-04:00,long,86.62579981822121,1.2698132426184117,84.15457901551433,88.3398132426184,8105,8184,2009-04-21 14:30:00-04:00,2009-04-24 14:45:00-04:00,train
SPY,double_bottom,0,near_miss,8203,,2009-04-27 13:00:00-04:00,long,86.78483662144374,0.2469372671661887,86.51840457286384,86.6469372671662,8124,8203,2009-04-22 12:45:00-04:00,2009-04-27 13:00:00-04:00,train
SPY,double_bottom,0,failed_breakout,8228,,2009-04-28 12:45:00-04:00,long,86.67678675783145,0.5302958455720699,85.77457725165492,86.59029584557207,8149,8228,2009-04-23 12:30:00-04:00,2009-04-28 12:45:00-04:00,train
SPY,double_bottom,1,confirmed_breakout,8241,8242.0,2009-04-28 16:00:00-04:00,long,86.09843563190604,0.21225419227933173,85.77457725165492,86.88225419227933,8162,8241,2009-04-23 15:45:00-04:00,2009-04-28 16:00:00-04:00,train
SPY,double_bottom,0,near_miss,8277,,2009-04-30 12:00:00-04:00,long,87.6927465011401,0.8868789914050694,85.99778562759849,89.21687899140507,8198,8277,2009-04-27 11:45:00-04:00,2009-04-30 12:00:00-04:00,train
SPY,double_bottom,0,near_miss,8309,,2009-05-01 13:30:00-04:00,long,88.5056998008271,1.0553616336884772,87.28672694240569,88.94536163368848,8230,8309,2009-04-28 13:15:00-04:00,2009-05-01 13:30:00-04:00,train
SPY,double_bottom,1,confirmed_breakout,8319,8320.0,2009-05-01 16:00:00-04:00,long,87.7259817133521,0.2568853826747386,87.28672694240569,89.13688538267473,8240,8319,2009-04-28 15:45:00-04:00,2009-05-01 16:00:00-04:00,train
SPY,double_bottom,0,near_miss,8363,,2009-05-05 14:00:00-04:00,long,90.40183262605767,1.4216241089009003,87.65146571894903,91.6316241089009,8284,8363,2009-04-30 13:45:00-04:00,2009-05-05 14:00:00-04:00,train
SPY,double_bottom,0,near_miss,8378,,2009-05-06 11:15:00-04:00,long,90.32228036372926,0.09643974728750493,90.14272991751899,91.1264397472875,8299,8378,2009-05-01 11:00:00-04:00,2009-05-06 11:15:00-04:00,train
SPY,double_bottom,1,confirmed_breakout,8423,8424.0,2009-05-07 16:00:00-04:00,long,91.97358106025175,1.5038717063873435,90.14272991751899,93.94387170638734,8344,8423,2009-05-04 15:45:00-04:00,2009-05-07 16:00:00-04:00,train
SPY,double_bottom,0,failed_breakout,8475,,2009-05-11 16:00:00-04:00,long,92.75332190794073,1.5268870122856697,90.79668879020981,92.71688701228567,8396,8475,2009-05-06 15:45:00-04:00,2009-05-11 16:00:00-04:00,train
SPY,double_bottom,0,failed_breakout,8505,,2009-05-13 10:30:00-04:00,long,91.69334052685322,0.7387069420392578,90.25308616852763,90.64870694203925,8426,8505,2009-05-08 10:15:00-04:00,2009-05-13 10:30:00-04:00,train
SPY,double_bottom,0,near_miss,8589,,2009-05-18 12:00:00-04:00,long,89.5996110587728,0.5030368005183874,88.63510001639278,90.59303680051839,8510,8589,2009-05-13 11:45:00-04:00,2009-05-18 12:00:00-04:00,train
SPY,double_bottom,1,confirmed_breakout,8631,8632.0,2009-05-19 16:00:00-04:00,long,91.6748779584776,1.5580488979355493,88.63510001639278,93.70804889793556,8552,8631,2009-05-14 15:45:00-04:00,2009-05-19 16:00:00-04:00,train
SPY,double_bottom,0,near_miss,8692,,2009-05-22 11:45:00-04:00,long,92.17517190641851,2.0152135490288288,88.72135861008807,91.64521354902882,8613,8692,2009-05-19 11:30:00-04:00,2009-05-22 11:45:00-04:00,train
SPY,double_bottom,1,confirmed_breakout,8711,8712.0,2009-05-26 10:00:00-04:00,long,89.6896421163312,0.5845565579599707,88.72135861008807,90.97455655795997,8632,8711,2009-05-20 09:45:00-04:00,2009-05-26 10:00:00-04:00,train
SPY,double_bottom,0,failed_breakout,8778,,2009-05-28 13:45:00-04:00,long,91.43073785328957,1.7154902473442348,89.48881250665438,92.47549024734424,8699,8778,2009-05-22 13:30:00-04:00,2009-05-28 13:45:00-04:00,train
SPY,double_bottom,1,confirmed_breakout,8811,8813.0,2009-05-29 15:30:00-04:00,long,91.14428730141482,0.6127953993634492,89.94168270523627,93.26279539936345,8732,8811,2009-05-26 15:15:00-04:00,2009-05-29 15:30:00-04:00,train
SPY,double_bottom,0,near_miss,8820,,2009-06-01 11:15:00-04:00,long,91.22858381876048,0.06774453968367311,91.12130109886647,94.59774453968367,8741,8820,2009-05-27 11:00:00-04:00,2009-06-01 11:15:00-04:00,train
SPY,double_bottom,0,near_miss,8864,,2009-06-02 15:45:00-04:00,long,94.86431930633398,1.9176622923112916,91.20037745928715,97.01766229231129,8785,8864,2009-05-28 15:30:00-04:00,2009-06-02 15:45:00-04:00,train
SPY,double_bottom,0,near_miss,8900,,2009-06-04 11:45:00-04:00,long,94.93409543261619,1.0657609290900467,93.04373243829406,95.11576092909004,8821,8900,2009-06-01 11:30:00-04:00,2009-06-04 11:45:00-04:00,train
SPY,double_bottom,0,failed_breakout,8931,,2009-06-05 13:00:00-04:00,long,94.55581283555298,0.7856335488980335,93.04373243829406,95.80563354889803,8852,8931,2009-06-02 12:45:00-04:00,2009-06-05 13:00:00-04:00,train
SPY,double_bottom,0,near_miss,8970,,2009-06-09 09:45:00-04:00,long,94.82490158370872,0.8780627491312458,93.39705153413911,95.66806274913125,8891,8970,2009-06-03 16:00:00-04:00,2009-06-09 09:45:00-04:00,train
SPY,double_bottom,1,confirmed_breakout,9028,9029.0,2009-06-11 11:15:00-04:00,long,94.85143937975288,1.2617253519640172,93.39705153413911,96.64172535196401,8949,9028,2009-06-08 11:00:00-04:00,2009-06-11 11:15:00-04:00,train
SPY,double_bottom,0,failed_breakout,9073,,2009-06-12 16:00:00-04:00,long,95.64169917272828,1.4993968365164534,93.78237652143862,96.62939683651645,8994,9073,2009-06-09 15:45:00-04:00,2009-06-12 16:00:00-04:00,train
SPY,double_bottom,0,failed_breakout,9106,,2009-06-16 11:15:00-04:00,long,94.80407985704466,1.2255602045769365,92.6548111539504,94.48556020457694,9027,9106,2009-06-11 11:00:00-04:00,2009-06-16 11:15:00-04:00,train
SPY,double_bottom,0,failed_breakout,9144,,2009-06-17 14:15:00-04:00,long,92.99617268532921,0.9488200077291538,91.43989420124973,93.08882000772915,9065,9144,2009-06-12 14:00:00-04:00,2009-06-17 14:15:00-04:00,train
SPY,double_bottom,1,confirmed_breakout,9162,9165.0,2009-06-18 12:15:00-04:00,long,91.9494152770716,0.3179031672562189,91.43989420124973,92.79790316725622,9083,9162,2009-06-15 12:00:00-04:00,2009-06-18 12:15:00-04:00,train
SPY,double_bottom,0,near_miss,9192,,2009-06-19 13:15:00-04:00,long,92.42852213538794,0.31583140571959234,91.82313001838102,92.27583140571959,9113,9192,2009-06-16 13:00:00-04:00,2009-06-19 13:15:00-04:00,train
SPY,double_bottom,0,near_miss,9210,,2009-06-22 11:15:00-04:00,long,92.43793054436527,0.29423043916422387,91.88514876944643,90.34423043916422,9131,9210,2009-06-17 11:00:00-04:00,2009-06-22 11:15:00-04:00,train
SPY,double_bottom,0,failed_breakout,9251,,2009-06-23 15:00:00-04:00,long,91.9526071636452,1.3774271358644654,89.26521128611505,90.84742713586446,9172,9251,2009-06-18 14:45:00-04:00,2009-06-23 15:00:00-04:00,train
SPY,double_bottom,1,confirmed_breakout,9289,9290.0,2009-06-25 11:30:00-04:00,long,90.74806991418673,1.0032728123960482,89.26521128611505,92.35327281239604,9210,9289,2009-06-22 11:15:00-04:00,2009-06-25 11:30:00-04:00,train
SPY,double_bottom,0,near_miss,9389,,2009-07-01 10:30:00-04:00,long,92.70625415219766,0.594099763448682,91.60127340583641,93.78409976344868,9310,9389,2009-06-26 10:15:00-04:00,2009-07-01 10:30:00-04:00,train
SPY,double_bottom,0,near_miss,9671,,2009-07-16 16:00:00-04:00,long,93.21688285082953,0.032252614098496224,93.17430396127422,94.19225261409849,9592,9671,2009-07-13 15:45:00-04:00,2009-07-16 16:00:00-04:00,train
SPY,double_bottom,0,near_miss,9693,,2009-07-17 15:00:00-04:00,long,93.94878503486596,0.42181328888595715,93.19495651218784,94.47181328888595,9614,9693,2009-07-14 14:45:00-04:00,2009-07-17 15:00:00-04:00,train
SPY,double_bottom,0,near_miss,9706,,2009-07-20 11:45:00-04:00,long,94.02584050334917,0.08977432674622321,93.85898697977215,94.73977432674623,9627,9706,2009-07-15 11:30:00-04:00,2009-07-20 11:45:00-04:00,train
SPY,double_bottom,0,near_miss,9753,,2009-07-22 10:30:00-04:00,long,95.21744678349485,0.8084700360542314,94.01314537343374,96.20847003605424,9674,9753,2009-07-17 10:15:00-04:00,2009-07-22 10:30:00-04:00,train
SPY,double_bottom,1,confirmed_breakout,9776,9777.0,2009-07-23 09:45:00-04:00,long,95.74136489728338,0.5227656637952123,94.80480812144751,96.8727656637952,9697,9776,2009-07-17 16:00:00-04:00,2009-07-23 09:45:00-04:00,train
SPY,double_bottom,0,near_miss,9820,,2009-07-24 14:15:00-04:00,long,97.85401978562149,1.425216168584143,95.63239034552883,99.31521616858414,9741,9820,2009-07-21 14:00:00-04:00,2009-07-24 14:15:00-04:00,train
SPY,double_bottom,0,failed_breakout,9852,,2009-07-28 15:45:00-04:00,long,97.86085433731067,0.5169280140223549,97.22521688854586,98.48692801402235,9773,9852,2009-07-22 15:30:00-04:00,2009-07-28 15:45:00-04:00,train
SPY,double_bottom,1,confirmed_breakout,9875,9880.0,2009-07-29 15:00:00-04:00,long,97.8013131720463,0.32241273348058996,97.46263575803076,99.1924127334806,9796,9875,2009-07-23 14:45:00-04:00,2009-07-29 15:00:00-04:00,train
SPY,double_bottom,1,confirmed_breakout,9879,9880.0,2009-07-29 16:00:00-04:00,long,97.49828042033565,0.11987596483450602,97.26164379190159,98.98987596483451,9800,9879,2009-07-23 15:45:00-04:00,2009-07-29 16:00:00-04:00,train
SPY,double_bottom,1,confirmed_breakout,9931,9934.0,2009-07-31 16:00:00-04:00,long,99.4116995842147,1.2993733512300736,97.26164379190159,101.33937335123008,9852,9931,2009-07-28 15:45:00-04:00,2009-07-31 16:00:00-04:00,train
SPY,double_bottom,1,confirmed_breakout,9932,9933.0,2009-08-03 09:45:00-04:00,long,99.05895997171967,0.04956239021572628,98.96300867406765,99.67956239021572,9853,9932,2009-07-28 16:00:00-04:00,2009-08-03 09:45:00-04:00,train
SPY,double_bottom,0,near_miss,9972,,2009-08-04 13:15:00-04:00,long,100.25723628419482,0.6381002830305249,99.05061916082471,101.31810028303053,9893,9972,2009-07-30 13:00:00-04:00,2009-08-04 13:15:00-04:00,train
SPY,double_bottom,0,near_miss,9992,,2009-08-05 11:45:00-04:00,long,100.57182735183784,0.27271446026597346,100.18765284150389,100.11271446026598,9913,9992,2009-07-31 11:30:00-04:00,2009-08-05 11:45:00-04:00,train
SPY,double_bottom,0,near_miss,10008,,2009-08-05 15:45:00-04:00,long,100.45883986796015,0.2682852444370667,99.97053630540633,100.73828524443707,9929,10008,2009-07-31 15:30:00-04:00,2009-08-05 15:45:00-04:00,train
SPY,double_bottom,1,confirmed_breakout,10039,10040.0,2009-08-07 10:30:00-04:00,long,100.41908670840732,0.5468223333891302,99.77399244463005,101.67682233338913,9960,10039,2009-08-04 10:15:00-04:00,2009-08-07 10:30:00-04:00,train
SPY,double_bottom,0,near_miss,10094,,2009-08-11 11:15:00-04:00,long,101.70243295803505,1.5074593751444638,99.77399244463005,101.04745937514447,10015,10094,2009-08-06 11:00:00-04:00,2009-08-11 11:15:00-04:00,train
SPY,double_bottom,0,failed_breakout,10115,,2009-08-12 10:00:00-04:00,long,100.66112392193172,0.5242464115075478,99.65780029969723,101.09424641150754,10036,10115,2009-08-07 09:45:00-04:00,2009-08-12 10:00:00-04:00,train
SPY,double_bottom,0,failed_breakout,10144,,2009-08-13 10:45:00-04:00,long,100.99739438124833,0.7039871057441047,99.65780029969723,101.9239871057441,10065,10144,2009-08-10 10:30:00-04:00,2009-08-13 10:45:00-04:00,train
SPY,double_bottom,0,near_miss,10153,,2009-08-13 13:00:00-04:00,long,101.09496821603975,0.16872380905532225,100.92347456265763,101.41872380905532,10074,10153,2009-08-10 12:45:00-04:00,2009-08-13 13:00:00-04:00,train
SPY,double_bottom,0,near_miss,10171,,2009-08-14 11:00:00-04:00,long,101.2021958157028,0.18485713385894087,100.92347456265763,100.29485713385894,10092,10171,2009-08-11 10:45:00-04:00,2009-08-14 11:00:00-04:00,train
SPY,double_bottom,0,near_miss,10227,,2009-08-18 12:00:00-04:00,long,101.22011005287663,1.4366199818109493,98.45577734110131,100.56661998181094,10148,10227,2009-08-13 11:45:00-04:00,2009-08-18 12:00:00-04:00,train
SPY,double_bottom,0,near_miss,10260,,2009-08-19 13:45:00-04:00,long,99.22755738832157,0.4626735099163284,98.45577734110131,100.61267350991633,10181,10260,2009-08-14 13:30:00-04:00,2009-08-19 13:45:00-04:00,train
SPY,double_bottom,1,confirmed_breakout,10270,10271.0,2009-08-20 09:45:00-04:00,long,99.99394478205288,0.48101774195528435,99.07399041570919,101.18101774195529,10191,10270,2009-08-14 16:00:00-04:00,2009-08-20 09:45:00-04:00,train
SPY,double_bottom,0,failed_breakout,10385,,2009-08-26 12:30:00-04:00,long,103.65009420599677,0.5660339325437747,102.98581656681367,103.67603393254377,10306,10385,2009-08-21 12:15:00-04:00,2009-08-26 12:30:00-04:00,train
SPY,double_bottom,0,failed_breakout,10400,,2009-08-27 09:45:00-04:00,long,103.22001131886931,0.13073171614936996,102.99625522534755,102.75073171614937,10321,10400,2009-08-21 16:00:00-04:00,2009-08-27 09:45:00-04:00,train
SPY,double_bottom,1,confirmed_breakout,10419,10420.0,2009-08-27 14:30:00-04:00,long,103.04799731372258,0.33562720530534307,102.42848499148691,104.02562720530534,10340,10419,2009-08-24 14:15:00-04:00,2009-08-27 14:30:00-04:00,train
SPY,double_bottom,0,failed_breakout,10453,,2009-08-31 10:00:00-04:00,long,103.43999176122195,0.6761138374445039,102.42848499148691,102.7561138374445,10374,10453,2009-08-26 09:45:00-04:00,2009-08-31 10:00:00-04:00,train
SPY,double_bottom,0,failed_breakout,10481,,2009-09-01 10:30:00-04:00,long,103.18489401142463,0.5983348434381668,102.07384747990494,103.37833484343817,10402,10481,2009-08-27 10:15:00-04:00,2009-09-01 10:30:00-04:00,train
SPY,double_bottom,0,failed_breakout,10524,,2009-09-02 14:45:00-04:00,long,102.45548903147065,1.3461527159704048,100.14482515109555,101.60615271597041,10445,10524,2009-08-28 14:30:00-04:00,2009-09-02 14:45:00-04:00,train
SPY,double_bottom,0,failed_breakout,10539,,2009-09-03 12:00:00-04:00,long,100.19822653178291,0.05317118093661577,100.14482515109555,100.22317118093662,10460,10539,2009-08-31 11:45:00-04:00,2009-09-03 12:00:00-04:00,train
SPY,double_bottom,0,near_miss,10561,,2009-09-04 11:00:00-04:00,long,100.18456507699595,0.04314131138399091,100.1375619806269,101.26314131138399,10482,10561,2009-09-01 10:45:00-04:00,2009-09-04 11:00:00-04:00,train
SPY,double_bottom,1,confirmed_breakout,10609,10610.0,2009-09-09 10:00:00-04:00,long,102.7259971987842,1.3045351571324915,100.1375619806269,104.65453515713249,10530,10609,2009-09-03 09:45:00-04:00,2009-09-09 10:00:00-04:00,train
SPY,double_bottom,0,near_miss,10705,,2009-09-14 14:30:00-04:00,long,104.60531731715884,0.016497250599968538,104.57447437471221,105.16649725059997,10626,10705,2009-09-09 14:15:00-04:00,2009-09-14 14:30:00-04:00,train
SPY,double_bottom,0,failed_breakout,10812,,2009-09-18 15:15:00-04:00,long,107.10607021549414,0.24576584313773253,106.68219076184135,107.23576584313773,10733,10812,2009-09-15 15:00:00-04:00,2009-09-18 15:15:00-04:00,train
SPY,double_bottom,0,failed_breakout,10833,,2009-09-21 14:00:00-04:00,long,106.9241050477855,0.43351339210056494,106.29899254952853,106.84351339210056,10754,10833,2009-09-16 13:45:00-04:00,2009-09-21 14:00:00-04:00,train
SPY,double_bottom,1,confirmed_breakout,10886,10887.0,2009-09-23 14:15:00-04:00,long,107.14499745934074,0.48965337717064017,106.29899254952853,108.23965337717064,10807,10886,2009-09-18 14:00:00-04:00,2009-09-23 14:15:00-04:00,train
SPY,double_bottom,0,near_miss,10924,,2009-09-25 10:45:00-04:00,long,107.3686535966676,1.4105205485185621,104.9045704814864,106.29052054851856,10845,10924,2009-09-22 10:30:00-04:00,2009-09-25 10:45:00-04:00,train
SPY,double_bottom,1,confirmed_breakout,10945,10946.0,2009-09-25 16:00:00-04:00,long,104.61889400966795,0.06221526911069475,104.50976975255207,105.44221526911069,10866,10945,2009-09-22 15:45:00-04:00,2009-09-25 16:00:00-04:00,train
SPY,double_bottom,1,confirmed_breakout,10946,10947.0,2009-09-28 09:45:00-04:00,long,105.04746900995642,0.3402988929371702,104.50976975255207,105.94029889293716,10867,10946,2009-09-22 16:00:00-04:00,2009-09-28 09:45:00-04:00,train
SPY,double_bottom,0,failed_breakout,10994,,2009-09-29 15:15:00-04:00,long,106.4137445830789,1.0218324473718639,104.60358772856243,107.30183244737186,10915,10994,2009-09-24 15:00:00-04:00,2009-09-29 15:15:00-04:00,train
SPY,double_bottom,0,near_miss,11018,,2009-09-30 14:45:00-04:00,long,106.31468001018443,0.6052792571254173,105.2385649632664,106.79527925712542,10939,11018,2009-09-25 14:30:00-04:00,2009-09-30 14:45:00-04:00,train
SPY,double_bottom,0,failed_breakout,11072,,2009-10-02 15:15:00-04:00,long,105.87782976232856,1.934457372848584,102.64817981569357,104.68445737284858,10993,11072,2009-09-29 15:00:00-04:00,2009-10-02 15:15:00-04:00,train
SPY,double_bottom,1,confirmed_breakout,11076,11077.0,2009-10-05 09:45:00-04:00,long,102.8240588271036,0.11784403535064314,102.64817981569357,103.45784403535065,10997,11076,2009-09-29 16:00:00-04:00,2009-10-05 09:45:00-04:00,train
SPY,double_bottom,0,near_miss,11190,,2009-10-09 12:15:00-04:00,long,106.88147308643467,0.8030310608071005,105.41740255340478,107.5230310608071,11111,11190,2009-10-06 12:00:00-04:00,2009-10-09 12:15:00-04:00,train
SPY,double_bottom,0,near_miss,11202,,2009-10-09 15:15:00-04:00,long,106.8377753428798,0.06745393134484345,106.73948149785035,107.24745393134485,11123,11202,2009-10-06 15:00:00-04:00,2009-10-09 15:15:00-04:00,train
SPY,double_bottom,0,near_miss,11249,,2009-10-13 14:00:00-04:00,long,107.92008171502626,0.8991089353224027,106.80116132521955,108.32910893532241,11170,11249,2009-10-08 13:45:00-04:00,2009-10-13 14:00:00-04:00,train
SPY,double_bottom,1,confirmed_breakout,11303,11309.0,2009-10-15 14:30:00-04:00,long,109.06372664827191,0.939997667388127,107.24078423418815,110.56999766738812,11224,11303,2009-10-12 14:15:00-04:00,2009-10-15 14:30:00-04:00,train
SPY,double_bottom,0,near_miss,11333,,2009-10-16 15:30:00-04:00,long,109.33899475192815,0.5483363590034429,108.57464305827001,109.57833635900344,11254,11333,2009-10-13 15:15:00-04:00,2009-10-16 15:30:00-04:00,train
SPY,double_bottom,0,failed_breakout,11391,,2009-10-21 10:30:00-04:00,long,109.96488599015977,1.1608319001077376,108.57464305827001,111.08083190010774,11312,11391,2009-10-16 10:15:00-04:00,2009-10-21 10:30:00-04:00,train
SPY,double_bottom,0,failed_breakout,11435,,2009-10-22 15:00:00-04:00,long,109.84283477925014,1.182559348727466,108.2870857392113,110.42255934872746,11356,11435,2009-10-19 14:45:00-04:00,2009-10-22 15:00:00-04:00,train
SPY,double_bottom,0,failed_breakout,11475,,2009-10-26 12:00:00-04:00,long,109.18543844796554,0.9856692726828271,108.11245261135413,107.98566927268283,11396,11475,2009-10-21 11:45:00-04:00,2009-10-26 12:00:00-04:00,train
SPY,double_bottom,0,failed_breakout,11504,,2009-10-27 12:45:00-04:00,long,108.67340524544318,1.1754364131638795,106.88348505320447,108.07543641316389,11425,11504,2009-10-22 12:30:00-04:00,2009-10-27 12:45:00-04:00,train
SPY,double_bottom,0,failed_breakout,11522,,2009-10-28 10:45:00-04:00,long,107.02258491572333,0.24014361742597146,106.68139754339026,106.04014361742597,11443,11522,2009-10-23 10:30:00-04:00,2009-10-28 10:45:00-04:00,train
SPY,double_bottom,0,near_miss,11554,,2009-10-29 12:15:00-04:00,long,106.69405252836714,0.9124748420615276,104.88175782922097,106.82247484206152,11475,11554,2009-10-26 12:00:00-04:00,2009-10-29 12:15:00-04:00,train
SPY,double_bottom,0,failed_breakout,11606,,2009-11-02 12:15:00-05:00,long,106.49844230938302,2.046406078973078,104.02231463159892,106.69640607897308,11527,11606,2009-10-28 12:00:00-04:00,2009-11-02 12:15:00-05:00,train
SPY,double_bottom,0,failed_breakout,11629,,2009-11-03 11:30:00-05:00,long,104.71586094436928,0.7691291088572569,103.87114903942515,104.65912910885726,11550,11629,2009-10-29 11:15:00-04:00,2009-11-03 11:30:00-05:00,train
SPY,double_bottom,1,confirmed_breakout,11639,11640.0,2009-11-03 14:00:00-05:00,long,104.10201843190582,0.16282956170944374,103.87114903942515,104.81282956170945,11560,11639,2009-10-29 13:45:00-04:00,2009-11-03 14:00:00-05:00,train
SPY,double_bottom,0,near_miss,11677,,2009-11-05 10:30:00-05:00,long,105.81113383564924,0.9564956857235387,104.0072287009676,107.07649568572354,11598,11677,2009-11-02 10:15:00-05:00,2009-11-05 10:30:00-05:00,train
SPY,double_bottom,0,near_miss,11684,,2009-11-05 12:15:00-05:00,long,105.77606147228734,0.1379844296175321,105.57410648645583,106.33798442961753,11605,11684,2009-11-02 12:00:00-05:00,2009-11-05 12:15:00-05:00,train
SPY,double_bottom,0,failed_breakout,11714,,2009-11-06 13:15:00-05:00,long,106.7475014209788,0.6011244699285072,105.57410648645583,107.61112446992851,11635,11714,2009-11-03 13:00:00-05:00,2009-11-06 13:15:00-05:00,train
SPY,double_bottom,0,near_miss,11732,,2009-11-09 11:15:00-05:00,long,106.99007386978293,0.15144559236243538,106.71864741564475,108.83144559236244,11653,11732,2009-11-04 11:00:00-05:00,2009-11-09 11:15:00-05:00,train
SPY,double_bottom,0,near_miss,11779,,2009-11-11 10:00:00-05:00,long,109.50736297832908,1.391912355804763,106.95860913919626,111.80191235580476,11700,11779,2009-11-06 09:45:00-05:00,2009-11-11 10:00:00-05:00,train
SPY,double_bottom,1,confirmed_breakout,11855,11856.0,2009-11-13 16:00:00-05:00,long,109.79465749760634,0.440076595406552,109.12183461128537,111.42007659540656,11776,11855,2009-11-10 15:45:00-05:00,2009-11-13 16:00:00-05:00,train
SPY,double_bottom,0,near_miss,11902,,2009-11-17 14:45:00-05:00,long,111.44652439984806,1.2176034687606858,109.5873271931142,112.32760346876069,11823,11902,2009-11-12 14:30:00-05:00,2009-11-17 14:45:00-05:00,train
SPY,double_bottom,0,failed_breakout,11926,,2009-11-18 14:15:00-05:00,long,111.16929542493573,0.2088467753975891,110.87051466906055,111.2488467753976,11847,11926,2009-11-13 14:00:00-05:00,2009-11-18 14:15:00-05:00,train
SPY,double_bottom,0,near_miss,11935,,2009-11-19 10:00:00-05:00,long,111.0561702462061,0.05719427962368684,110.9475693031491,109.55719427962369,11856,11935,2009-11-16 09:45:00-05:00,2009-11-19 10:00:00-05:00,train
SPY,double_bottom,0,near_miss,11985,,2009-11-20 16:00:00-05:00,long,111.02530484953537,0.9477409486043911,109.2119027651855,110.46774094860439,11906,11985,2009-11-17 15:45:00-05:00,2009-11-20 16:00:00-05:00,train
SPY,double_bottom,0,failed_breakout,12026,,2009-11-24 13:15:00-05:00,long,111.08129652074358,1.1358059218983527,109.2119027651855,111.86580592189836,11947,12026,2009-11-19 13:00:00-05:00,2009-11-24 13:15:00-05:00,train
SPY,double_bottom,0,near_miss,12035,,2009-11-24 15:30:00-05:00,long,110.68139902383675,0.04103543820737343,110.6016487387538,111.00103543820737,11956,12035,2009-11-19 15:15:00-05:00,2009-11-24 15:30:00-05:00,train
SPY,double_bottom,0,failed_breakout,12092,,2009-12-01 10:15:00-05:00,long,111.34225046108207,1.3706370159931254,109.3415781514241,112.35063701599313,12013,12092,2009-11-24 10:00:00-05:00,2009-12-01 10:15:00-05:00,train
SPY,double_bottom,0,failed_breakout,12126,,2009-12-02 12:15:00-05:00,long,111.42263346454747,1.0619139726176599,109.3415781514241,112.39191397261766,12047,12126,2009-11-25 12:00:00-05:00,2009-12-02 12:15:00-05:00,train
SPY,double_bottom,0,near_miss,12149,,2009-12-03 11:30:00-05:00,long,111.55994735562922,0.27114664106693454,111.19774059668904,111.77114664106693,12070,12149,2009-11-30 11:15:00-05:00,2009-12-03 11:30:00-05:00,train
SPY,double_bottom,1,confirmed_breakout,12167,12168.0,2009-12-03 16:00:00-05:00,long,111.42105514384002,0.12699167250627852,111.19774059668904,112.27699167250628,12088,12167,2009-11-30 15:45:00-05:00,2009-12-03 16:00:00-05:00,train
SPY,double_bottom,0,near_miss,12177,,2009-12-04 12:00:00-05:00,long,111.41922142568966,0.13941643818081673,111.16922362903927,110.68941643818081,12098,12177,2009-12-01 11:45:00-05:00,2009-12-04 12:00:00-05:00,train
SPY,double_bottom,0,failed_breakout,12199,,2009-12-07 11:00:00-05:00,long,111.62156627791241,0.7120236390147312,110.64986164875607,111.94202363901474,12120,12199,2009-12-02 10:45:00-05:00,2009-12-07 11:00:00-05:00,train
SPY,double_bottom,0,failed_breakout,12259,,2009-12-09 13:00:00-05:00,long,111.26648557295589,1.1714033897437304,109.54030271766825,110.67140338974373,12180,12259,2009-12-04 12:45:00-05:00,2009-12-09 13:00:00-05:00,train
SPY,double_bottom,1,confirmed_breakout,12271,12272.0,2009-12-09 16:00:00-05:00,long,109.6159080089504,0.1379787337865679,109.4155558326594,111.11797873378657,12192,12271,2009-12-04 15:45:00-05:00,2009-12-09 16:00:00-05:00,train
SPY,double_bottom,0,failed_breakout,12297,,2009-12-10 16:00:00-05:00,long,110.75801555863826,0.6779658544953122,109.4155558326594,111.32796585449532,12218,12297,2009-12-07 15:45:00-05:00,2009-12-10 16:00:00-05:00,train
SPY,double_bottom,0,near_miss,12307,,2009-12-11 12:00:00-05:00,long,110.80905736234236,0.06367174248839547,110.74454357562651,110.83367174248839,12228,12307,2009-12-08 11:45:00-05:00,2009-12-11 12:00:00-05:00,train
SPY,double_bottom,0,near_miss,12320,,2009-12-11 15:15:00-05:00,long,111.00345747392002,0.1628688215724452,110.74622766408142,111.30286882157245,12241,12320,2009-12-08 15:00:00-05:00,2009-12-11 15:15:00-05:00,train
SPY,double_bottom,0,near_miss,12363,,2009-12-15 13:00:00-05:00,long,111.81636850716777,0.505930455129743,110.93494964061375,112.06593045512975,12284,12363,2009-12-10 12:45:00-05:00,2009-12-15 13:00:00-05:00,train
SPY,double_bottom,0,near_miss,12385,,2009-12-16 12:00:00-05:00,long,111.70768867693077,0.14994823425165293,111.42955442189594,112.10994823425165,12306,12385,2009-12-11 11:45:00-05:00,2009-12-16 12:00:00-05:00,train
SPY,double_bottom,0,failed_breakout,12431,,2009-12-18 10:30:00-05:00,long,111.94619226552292,1.0389348186688636,110.38496047181218,110.98893481866887,12352,12431,2009-12-15 10:15:00-05:00,2009-12-18 10:30:00-05:00,train
SPY,double_bottom,1,confirmed_breakout,12451,12454.0,2009-12-18 15:30:00-05:00,long,110.39907328726582,0.34982595302432173,109.71353419667084,111.53982595302432,12372,12451,2009-12-15 15:15:00-05:00,2009-12-18 15:30:00-05:00,train
SPY,double_bottom,0,failed_breakout,12489,,2009-12-22 12:00:00-05:00,long,111.44100425627053,0.9016493918865507,109.71353419667084,112.50164939188655,12410,12489,2009-12-17 11:45:00-05:00,2009-12-22 12:00:00-05:00,train
SPY,double_bottom,0,near_miss,12515,,2009-12-23 12:00:00-05:00,long,111.7441411209012,0.20330462690399997,111.36517553209713,112.093304626904,12436,12515,2009-12-18 11:45:00-05:00,2009-12-23 12:00:00-05:00,train
SPY,double_bottom,0,near_miss,12540,,2009-12-24 11:45:00-05:00,long,111.97967966996445,0.1323687574890613,111.7164974558973,112.62236875748906,12461,12540,2009-12-21 11:30:00-05:00,2009-12-24 11:45:00-05:00,train
SPY,double_bottom,0,near_miss,12568,,2009-12-28 15:15:00-05:00,long,112.66988551535238,0.34708045320275005,111.97812436905349,112.84708045320275,12489,12568,2009-12-22 12:00:00-05:00,2009-12-28 15:15:00-05:00,train
SPY,double_bottom,0,near_miss,12580,,2009-12-29 11:45:00-05:00,long,112.67344456602513,0.08692620066388201,112.50555097547672,112.79692620066388,12501,12580,2009-12-22 15:00:00-05:00,2009-12-29 11:45:00-05:00,train
SPY,double_bottom,0,near_miss,12597,,2009-12-29 16:00:00-05:00,long,112.75075189420863,0.13920080691347891,112.50555097547672,112.71920080691348,12518,12597,2009-12-23 12:45:00-05:00,2009-12-29 16:00:00-05:00,train
SPY,double_bottom,0,near_miss,12627,,2009-12-31 10:30:00-05:00,long,112.75408291982409,0.20019962446757233,112.39021539159943,112.66019962446757,12548,12627,2009-12-28 10:15:00-05:00,2009-12-31 10:30:00-05:00,train
SPY,double_bottom,0,near_miss,12659,,2010-01-04 12:00:00-05:00,long,112.49238096705106,0.2274117944534595,112.13972295359576,113.50741179445346,12580,12659,2009-12-29 11:45:00-05:00,2010-01-04 12:00:00-05:00,train
SPY,double_bottom,0,failed_breakout,12687,,2010-01-05 12:30:00-05:00,long,113.27388383663465,0.5904319603699548,112.13972295359576,113.99043196036996,12608,12687,2009-12-30 12:15:00-05:00,2010-01-05 12:30:00-05:00,train
SPY,double_bottom,0,near_miss,12706,,2010-01-06 10:45:00-05:00,long,113.39612591282632,0.13916108436551156,113.22718079893363,113.72916108436551,12627,12706,2009-12-31 10:30:00-05:00,2010-01-06 10:45:00-05:00,train
SPY,double_bottom,0,near_miss,12723,,2010-01-06 15:00:00-05:00,long,113.66388946290836,0.19277548850888593,113.28674885798799,114.09277548850889,12644,12723,2009-12-31 14:45:00-05:00,2010-01-06 15:00:00-05:00,train
SPY,double_bottom,0,near_miss,12729,,2010-01-07 10:00:00-05:00,long,113.67695972637533,0.01373489998002242,113.65547909081096,113.25373489998002,12650,12729,2010-01-04 09:45:00-05:00,2010-01-07 10:00:00-05:00,train
SPY,double_bottom,0,near_miss,12742,,2010-01-07 13:15:00-05:00,long,113.77292601098178,0.12495654568506609,113.62496836861375,113.98495654568507,12663,12742,2010-01-04 13:00:00-05:00,2010-01-07 13:15:00-05:00,train
SPY,double_bottom,0,near_miss,12785,,2010-01-11 11:00:00-05:00,long,114.1278884735765,0.25338085281843803,113.62496836861375,114.85338085281843,12706,12785,2010-01-06 10:45:00-05:00,2010-01-11 11:00:00-05:00,train
SPY,double_bottom,0,near_miss,12797,,2010-01-11 14:00:00-05:00,long,114.4667788719051,0.17521337557346328,114.1240468729024,114.68521337557347,12718,12797,2010-01-06 13:45:00-05:00,2010-01-11 14:00:00-05:00,train
SPY,double_bottom,0,near_miss,12806,,2010-01-12 09:45:00-05:00,long,114.48793944094774,0.03490120195975521,114.44699235821508,113.89490120195975,12727,12806,2010-01-06 16:00:00-05:00,2010-01-12 09:45:00-05:00,train
SPY,double_bottom,0,near_miss,12840,,2010-01-13 11:45:00-05:00,long,114.59352311445117,0.6227838158841763,113.4944862389189,114.63278381588418,12761,12840,2010-01-08 11:30:00-05:00,2010-01-13 11:45:00-05:00,train
SPY,double_bottom,0,failed_breakout,12962,,2010-01-21 09:45:00-05:00,long,114.90467736944117,1.5202997084473822,113.33459660410877,115.47029970844739,12883,12962,2010-01-14 16:00:00-05:00,2010-01-21 09:45:00-05:00,train
SPY,double_bottom,0,failed_breakout,12990,,2010-01-22 10:15:00-05:00,long,113.72735718565865,1.0630211726526824,111.99407542190318,111.87302117265268,12911,12990,2010-01-19 10:00:00-05:00,2010-01-22 10:15:00-05:00,train
SPY,double_bottom,0,failed_breakout,13033,,2010-01-25 14:30:00-05:00,long,112.01496041164387,1.1101523939344133,109.81554061351575,111.33015239393441,12954,13033,2010-01-20 14:15:00-05:00,2010-01-25 14:30:00-05:00,train
SPY,double_bottom,0,failed_breakout,13056,,2010-01-26 13:45:00-05:00,long,110.12176083392677,0.3030704717272954,109.81554061351575,110.5930704717273,12977,13056,2010-01-21 13:30:00-05:00,2010-01-26 13:45:00-05:00,train
SPY,double_bottom,0,failed_breakout,13095,,2010-01-28 10:30:00-05:00,long,110.24781513208497,0.8910768640425744,108.89163642520158,110.10107686404257,13016,13095,2010-01-25 10:15:00-05:00,2010-01-28 10:30:00-05:00,train
SPY,double_bottom,0,failed_breakout,13117,,2010-01-28 16:00:00-05:00,long,109.42566983913453,0.6963443367686608,108.56701457953015,109.25634433676866,13038,13117,2010-01-25 15:45:00-05:00,2010-01-28 16:00:00-05:00,train
SPY,double_bottom,0,failed_breakout,13154,,2010-02-01 12:15:00-05:00,long,109.13529804006916,0.8427016989416813,108.0181781027248,109.29270169894168,13075,13154,2010-01-27 12:00:00-05:00,2010-02-01 12:15:00-05:00,train
SPY,double_bottom,0,near_miss,13226,,2010-02-04 10:45:00-05:00,long,109.9052094902798,0.03679135691122326,109.85011844112726,107.82679135691123,13147,13226,2010-02-01 10:30:00-05:00,2010-02-04 10:45:00-05:00,train
SPY,double_bottom,0,failed_breakout,13279,,2010-02-08 11:00:00-05:00,long,109.91037296771482,2.2952530772027018,105.34352195541435,109.2952530772027,13200,13279,2010-02-03 10:45:00-05:00,2010-02-08 11:00:00-05:00,train
SPY,double_bottom,1,confirmed_breakout,13308,13309.0,2010-02-09 11:45:00-05:00,long,106.76161715634464,0.14604115346688218,106.52023513630174,107.47604115346688,13229,13308,2010-02-04 11:30:00-05:00,2010-02-09 11:45:00-05:00,train
SPY,double_bottom,1,confirmed_breakout,13309,13310.0,2010-02-09 12:00:00-05:00,long,106.965584777491,1.0337062316329622,105.34352195541435,108.85370623163296,13230,13309,2010-02-04 11:45:00-05:00,2010-02-09 12:00:00-05:00,train
SPY,double_bottom,0,failed_breakout,13346,,2010-02-10 14:45:00-05:00,long,107.42988054402974,0.6810875434584602,106.71091686945377,107.77108754345846,13267,13346,2010-02-05 14:30:00-05:00,2010-02-10 14:45:00-05:00,train
SPY,double_bottom,1,confirmed_breakout,13360,13361.0,2010-02-11 11:45:00-05:00,long,107.21992504540145,0.377657667572322,106.78666913168881,108.15765766757232,13281,13360,2010-02-08 11:30:00-05:00,2010-02-11 11:45:00-05:00,train
SPY,double_bottom,0,failed_breakout,13397,,2010-02-12 14:30:00-05:00,long,108.02428408276083,0.9891153737458183,106.89786562396944,108.89911537374581,13318,13397,2010-02-09 14:15:00-05:00,2010-02-12 14:30:00-05:00,train
SPY,double_bottom,0,near_miss,13494,,2010-02-19 12:45:00-05:00,long,110.7831378669166,0.23166312312278592,110.36069026374774,111.63166312312279,13415,13494,2010-02-16 12:30:00-05:00,2010-02-19 12:45:00-05:00,train
SPY,double_bottom,0,near_miss,13529,,2010-02-22 15:00:00-05:00,long,111.31447609345902,0.4001506086183326,110.74225922383988,111.79015060861833,13450,13529,2010-02-17 14:45:00-05:00,2010-02-22 15:00:00-05:00,train
SPY,double_bottom,0,near_miss,13563,,2010-02-24 10:30:00-05:00,long,111.26019218530114,0.8024633962374281,109.82906583228592,110.82246339623742,13484,13563,2010-02-19 10:15:00-05:00,2010-02-24 10:30:00-05:00,train
SPY,double_bottom,0,failed_breakout,13593,,2010-02-25 11:30:00-05:00,long,110.73186292901548,0.47602495028220915,109.82906583228592,109.69602495028221,13514,13593,2010-02-22 11:15:00-05:00,2010-02-25 11:30:00-05:00,train
SPY,double_bottom,0,near_miss,13611,,2010-02-25 16:00:00-05:00,long,110.6968701519588,0.6761326733354309,109.35886483206615,111.38613267333542,13532,13611,2010-02-22 15:45:00-05:00,2010-02-25 16:00:00-05:00,train
SPY,double_bottom,1,confirmed_breakout,13636,13638.0,2010-02-26 15:45:00-05:00,long,110.72450335759518,0.6938471490835809,109.35886483206615,112.20384714908359,13557,13636,2010-02-23 15:30:00-05:00,2010-02-26 15:45:00-05:00,train
SPY,double_bottom,0,failed_breakout,13725,,2010-03-04 12:00:00-05:00,long,112.715913721638,0.34361458561602376,112.3344659261254,112.73361458561602,13646,13725,2010-03-01 11:45:00-05:00,2010-03-04 12:00:00-05:00,train
SPY,double_bottom,1,confirmed_breakout,13738,13742.0,2010-03-04 15:15:00-05:00,long,112.46130914284767,0.07170852888494039,112.36906888200689,113.38170852888494,13659,13738,2010-03-01 15:00:00-05:00,2010-03-04 15:15:00-05:00,train
SPY,double_bottom,0,near_miss,13744,,2010-03-05 10:15:00-05:00,long,112.37745839061766,0.010186127435659387,112.36547564435713,113.70018612743566,13665,13744,2010-03-02 10:00:00-05:00,2010-03-05 10:15:00-05:00,train
SPY,double_bottom,0,near_miss,13829,,2010-03-10 12:00:00-05:00,long,114.79468777953431,0.34351632180595004,114.28721972652083,115.37351632180595,13750,13829,2010-03-05 11:45:00-05:00,2010-03-10 12:00:00-05:00,train
SPY,double_bottom,0,near_miss,13860,,2010-03-11 13:15:00-05:00,long,114.95791850420605,0.23884651715337668,114.6151231889359,115.16884651715338,13781,13860,2010-03-08 13:00:00-05:00,2010-03-11 13:15:00-05:00,train
SPY,double_bottom,0,near_miss,13868,,2010-03-11 15:15:00-05:00,long,114.84224729142709,0.028417508101924227,114.8046387814809,115.20841750810193,13789,13868,2010-03-08 15:00:00-05:00,2010-03-11 15:15:00-05:00,train
SPY,double_bottom,0,near_miss,13905,,2010-03-15 11:30:00-04:00,long,115.45482967650315,0.34517561463800916,114.8046387814809,115.10517561463801,13826,13905,2010-03-10 11:15:00-05:00,2010-03-15 11:30:00-04:00,train
SPY,double_bottom,0,near_miss,13923,,2010-03-15 16:00:00-04:00,long,115.41664558865011,0.2622536239649662,114.89411458712092,115.76225362396497,13844,13923,2010-03-10 15:45:00-05:00,2010-03-15 16:00:00-04:00,train
SPY,double_bottom,0,near_miss,14101,,2010-03-24 15:00:00-04:00,long,117.15430730714856,0.31508477752073816,116.6459831518605,117.09508477752074,14022,14101,2010-03-19 14:45:00-04:00,2010-03-24 15:00:00-04:00,train
SPY,double_bottom,0,near_miss,14148,,2010-03-26 13:45:00-04:00,long,117.84944533575538,0.7570355849879604,117.03246190739515,117.26703558498797,14069,14148,2010-03-23 13:30:00-04:00,2010-03-26 13:45:00-04:00,train
SPY,double_bottom,0,failed_breakout,14166,,2010-03-29 11:45:00-04:00,long,117.16244300439858,0.2907030220138296,116.59112237062982,117.69070302201384,14087,14166,2010-03-24 11:30:00-04:00,2010-03-29 11:45:00-04:00,train
SPY,double_bottom,0,failed_breakout,14188,,2010-03-30 10:45:00-04:00,long,117.27097073020794,0.35384024610807785,116.59112237062982,117.91384024610808,14109,14188,2010-03-25 10:30:00-04:00,2010-03-30 10:45:00-04:00,train
SPY,double_bottom,0,near_miss,14213,,2010-03-31 10:30:00-04:00,long,117.46477496046181,0.2105617981044361,117.2431385975699,117.44056179810444,14134,14213,2010-03-26 10:15:00-04:00,2010-03-31 10:30:00-04:00,train
SPY,double_bottom,0,near_miss,14227,,2010-03-31 14:00:00-04:00,long,117.35354423350613,0.14049408234595262,117.1608125751755,117.54049408234596,14148,14227,2010-03-26 13:45:00-04:00,2010-03-31 14:00:00-04:00,train
SPY,double_bottom,0,near_miss,14245,,2010-04-01 12:00:00-04:00,long,117.36018679867567,0.1800617905396109,117.1608125751755,118.11006179053962,14166,14245,2010-03-29 11:45:00-04:00,2010-04-01 12:00:00-04:00,train
SPY,double_bottom,0,near_miss,14270,,2010-04-05 11:45:00-04:00,long,117.87053341195212,0.4928541853271611,117.1994374410966,119.19285418532716,14191,14270,2010-03-30 11:30:00-04:00,2010-04-05 11:45:00-04:00,train
SPY,double_bottom,0,failed_breakout,14290,,2010-04-06 10:15:00-04:00,long,118.69246422461902,0.570403772699251,117.55592101215332,119.20040377269925,14211,14290,2010-03-31 10:00:00-04:00,2010-04-06 10:15:00-04:00,train
SPY,double_bottom,0,near_miss,14301,,2010-04-06 13:00:00-04:00,long,118.70395714291973,0.03481397390400787,118.65008644634523,118.834813973904,14222,14301,2010-03-31 12:45:00-04:00,2010-04-06 13:00:00-04:00,train
SPY,double_bottom,0,near_miss,14336,,2010-04-07 15:15:00-04:00,long,119.00046183700603,0.30858683558140854,118.65008644634523,118.2185868355814,14257,14336,2010-04-01 15:00:00-04:00,2010-04-07 15:15:00-04:00,train
SPY,double_bottom,0,failed_breakout,14357,,2010-04-08 14:00:00-04:00,long,118.81698533720555,0.4320680973458053,118.0361709232155,119.08206809734581,14278,14357,2010-04-05 13:45:00-04:00,2010-04-08 14:00:00-04:00,train
SPY,double_bottom,0,near_miss,14438,,2010-04-13 14:45:00-04:00,long,119.88988441644136,0.26800407829657047,119.37735091425913,119.95800407829657,14359,14438,2010-04-08 14:30:00-04:00,2010-04-13 14:45:00-04:00,train
SPY,double_bottom,0,failed_breakout,14492,,2010-04-15 15:15:00-04:00,long,121.2033129487236,0.9251858156058574,119.37735091425913,122.25518581560586,14413,14492,2010-04-12 15:00:00-04:00,2010-04-15 15:15:00-04:00,train
SPY,double_bottom,0,near_miss,14523,,2010-04-19 10:00:00-04:00,long,121.34095765484982,1.0583314239095074,119.38634910990424,120.5483314239095,14444,14523,2010-04-14 09:45:00-04:00,2010-04-19 10:00:00-04:00,train
SPY,double_bottom,0,near_miss,14532,,2010-04-19 12:15:00-04:00,long,119.47209264495747,0.057088489024792466,119.38634910990424,118.60708848902479,14453,14532,2010-04-14 12:00:00-04:00,2010-04-19 12:15:00-04:00,train
SPY,double_bottom,0,near_miss,14550,,2010-04-20 10:15:00-04:00,long,119.475742180084,0.3086265817600662,118.89057199468677,120.67862658176007,14471,14550,2010-04-15 10:00:00-04:00,2010-04-20 10:15:00-04:00,train
SPY,double_bottom,0,failed_breakout,14607,,2010-04-22 11:30:00-04:00,long,120.93007559709477,1.2379991611161927,118.89057199468677,120.9179991611162,14528,14607,2010-04-19 11:15:00-04:00,2010-04-22 11:30:00-04:00,train
SPY,double_bottom,0,failed_breakout,14621,,2010-04-22 15:00:00-04:00,long,120.503853847423,0.36585696226272546,119.78241289305015,121.01585696226273,14542,14621,2010-04-19 14:45:00-04:00,2010-04-22 15:00:00-04:00,train
SPY,double_bottom,1,confirmed_breakout,14645,14647.0,2010-04-23 14:30:00-04:00,long,120.97085926347012,0.5986354446391147,119.78241289305015,122.19863544463911,14566,14645,2010-04-20 14:15:00-04:00,2010-04-23 14:30:00-04:00,train
SPY,double_bottom,0,failed_breakout,14851,,2010-05-05 14:00:00-04:00,long,120.40701275781339,2.1403293087568898,117.10841221478327,119.2903293087569,14772,14851,2010-04-30 13:45:00-04:00,2010-05-05 14:00:00-04:00,train
SPY,double_bottom,0,failed_breakout,14904,,2010-05-07 14:15:00-04:00,long,117.24454642044039,2.747419063048497,111.8858425000005,114.1574190630485,14825,14904,2010-05-04 14:00:00-04:00,2010-05-07 14:15:00-04:00,train
SPY,double_bottom,1,confirmed_breakout,14911,14912.0,2010-05-07 16:00:00-04:00,long,112.05629775830552,0.12962693168924488,111.8858425000005,116.57962693168925,14832,14911,2010-05-04 15:45:00-04:00,2010-05-07 16:00:00-04:00,train
SPY,double_bottom,0,near_miss,14921,,2010-05-10 12:00:00-04:00,long,112.01160465095303,0.2912887379778084,111.4731326727184,116.5312887379778,14842,14921,2010-05-05 11:45:00-04:00,2010-05-10 12:00:00-04:00,train
SPY,double_bottom,0,near_miss,14945,,2010-05-11 11:30:00-04:00,long,115.6962562435835,2.228446986726624,111.4731326727184,118.42844698672663,14866,14945,2010-05-06 11:15:00-04:00,2010-05-11 11:30:00-04:00,train
SPY,double_bottom,0,near_miss,14974,,2010-05-12 12:15:00-04:00,long,116.71267366093953,0.8241858788300505,115.46248584099536,117.75418587883006,14895,14974,2010-05-07 12:00:00-04:00,2010-05-12 12:15:00-04:00,train
SPY,double_bottom,0,near_miss,15001,,2010-05-13 12:30:00-04:00,long,117.25370106346048,0.47659646620206786,116.3144897232236,117.54659646620206,14922,15001,2010-05-10 12:15:00-04:00,2010-05-13 12:30:00-04:00,train
SPY,double_bottom,0,near_miss,15014,,2010-05-13 15:45:00-04:00,long,117.29935969731007,0.10102287945808541,117.15695416441075,116.23102287945808,14935,15014,2010-05-10 15:30:00-04:00,2010-05-13 15:45:00-04:00,train
SPY,double_bottom,0,near_miss,15049,,2010-05-17 11:30:00-04:00,long,117.19884376776261,1.9266134586716532,113.38750645377118,114.98661345867166,14970,15049,2010-05-12 11:15:00-04:00,2010-05-17 11:30:00-04:00,train
SPY,double_bottom,1,confirmed_breakout,15067,15068.0,2010-05-17 16:00:00-04:00,long,113.64862232497063,0.6300215495571564,112.64969509705577,115.61002154955716,14988,15067,2010-05-12 15:45:00-04:00,2010-05-17 16:00:00-04:00,train
SPY,double_bottom,0,failed_breakout,15116,,2010-05-19 15:15:00-04:00,long,114.20829395455634,2.189445508122276,111.38800179581236,113.44944550812228,15037,15116,2010-05-14 15:00:00-04:00,2010-05-19 15:15:00-04:00,train
SPY,double_bottom,0,failed_breakout,15162,,2010-05-21 13:45:00-04:00,long,111.7620989556114,2.074193294671815,107.98780952606683,110.67419329467181,15083,15162,2010-05-18 13:30:00-04:00,2010-05-21 13:45:00-04:00,train
SPY,double_bottom,1,confirmed_breakout,15251,15252.0,2010-05-27 10:00:00-04:00,long,108.78964346380522,1.8023389372136194,105.77202469862848,111.14233893721362,15172,15251,2010-05-24 09:45:00-04:00,2010-05-27 10:00:00-04:00,train
SPY,double_bottom,0,failed_breakout,15306,,2010-06-01 10:45:00-04:00,long,110.23562438616601,1.3484631100446762,108.2025843545547,110.89846311004467,15227,15306,2010-05-26 10:30:00-04:00,2010-06-01 10:45:00-04:00,train
SPY,double_bottom,0,failed_breakout,15325,,2010-06-01 15:30:00-04:00,long,109.74829353657543,0.3607637372924444,109.203321400878,108.89076373729245,15246,15325,2010-05-26 15:15:00-04:00,2010-06-01 15:30:00-04:00,train
SPY,double_bottom,0,near_miss,15343,,2010-06-02 13:30:00-04:00,long,109.29639334710669,0.5231483842741795,108.34316852478702,109.48314838427417,15264,15343,2010-05-27 13:15:00-04:00,2010-06-02 13:30:00-04:00,train
SPY,double_bottom,0,failed_breakout,15381,,2010-06-04 10:00:00-04:00,long,110.407417935148,1.1772538587133567,108.34316852478702,110.14725385871336,15302,15381,2010-06-01 09:45:00-04:00,2010-06-04 10:00:00-04:00,train
SPY,double_bottom,1,confirmed_breakout,15455,15456.0,2010-06-08 15:30:00-04:00,long,105.69948492025004,0.16949665841057993,105.49195410554438,106.80949665841058,15376,15455,2010-06-03 15:15:00-04:00,2010-06-08 15:30:00-04:00,train
SPY,double_bottom,0,near_miss,15493,,2010-06-10 12:00:00-04:00,long,107.74973617443447,1.4705695435428368,105.61646766346952,109.75056954354284,15414,15493,2010-06-07 11:45:00-04:00,2010-06-10 12:00:00-04:00,train
SPY,double_bottom,1,confirmed_breakout,15528,15534.0,2010-06-11 14:15:00-04:00,long,108.88329675361155,0.9956107363043714,106.94186559831374,110.45561073630437,15449,15528,2010-06-08 14:00:00-04:00,2010-06-11 14:15:00-04:00,train
SPY,double_bottom,0,near_miss,15542,,2010-06-14 11:15:00-04:00,long,108.90940679955844,0.07517095155149889,108.83350643630061,111.0051709515515,15463,15542,2010-06-09 11:00:00-04:00,2010-06-14 11:15:00-04:00,train
SPY,double_bottom,1,confirmed_breakout,15571,15577.0,2010-06-15 12:00:00-04:00,long,110.62649331627495,1.1639772262104486,108.83496525971327,112.35397722621045,15492,15571,2010-06-10 11:45:00-04:00,2010-06-15 12:00:00-04:00,train
SPY,double_bottom,1,confirmed_breakout,15602,15605.0,2010-06-16 13:15:00-04:00,long,111.63978078255025,0.778793600040899,110.09006692041571,113.0287936000409,15523,15602,2010-06-11 13:00:00-04:00,2010-06-16 13:15:00-04:00,train
SPY,double_bottom,0,near_miss,15638,,2010-06-17 15:45:00-04:00,long,112.0990591905477,0.5083330252400629,111.5495448860123,112.16833302524006,15559,15638,2010-06-14 15:30:00-04:00,2010-06-17 15:45:00-04:00,train
SPY,double_bottom,0,failed_breakout,15647,,2010-06-18 11:30:00-04:00,long,111.64740096922385,0.0915517236735468,111.5495448860123,111.90155172367355,15568,15647,2010-06-15 11:15:00-04:00,2010-06-18 11:30:00-04:00,train
SPY,double_bottom,0,near_miss,15675,,2010-06-21 12:00:00-04:00,long,111.78786491953761,0.15673753303582316,111.56215360508831,112.72673753303582,15596,15675,2010-06-16 11:45:00-04:00,2010-06-21 12:00:00-04:00,train
SPY,double_bottom,0,failed_breakout,15790,,2010-06-25 14:45:00-04:00,long,109.25311783537555,1.0922101936216393,107.31734127051897,109.39221019362164,15711,15790,2010-06-22 14:30:00-04:00,2010-06-25 14:45:00-04:00,train
SPY,double_bottom,0,failed_breakout,15810,,2010-06-28 13:15:00-04:00,long,108.01946055234768,0.46735224939564546,107.31734127051897,108.07735224939564,15731,15810,2010-06-23 13:00:00-04:00,2010-06-28 13:15:00-04:00,train
SPY,double_bottom,0,near_miss,15863,,2010-06-30 13:30:00-04:00,long,107.91832385410001,1.8629073157488847,104.32395774131716,106.44290731574888,15784,15863,2010-06-25 13:15:00-04:00,2010-06-30 13:30:00-04:00,train
SPY,double_bottom,0,failed_breakout,15895,,2010-07-01 15:00:00-04:00,long,104.52703351806343,1.3277382040892292,102.07463288663125,103.79773820408923,15816,15895,2010-06-28 14:45:00-04:00,2010-07-01 15:00:00-04:00,train
SPY,double_bottom,1,confirmed_breakout,15925,15926.0,2010-07-02 16:00:00-04:00,long,102.7788493154309,0.7089963413488647,102.06507306153281,104.21899634134887,15846,15925,2010-06-29 15:45:00-04:00,2010-07-02 16:00:00-04:00,train
SPY,double_bottom,1,confirmed_breakout,15956,15957.0,2010-07-07 10:45:00-04:00,long,103.71724005566016,1.3698141044309438,102.06507306153281,105.94981410443094,15877,15956,2010-07-01 10:30:00-04:00,2010-07-07 10:45:00-04:00,train
SPY,double_bottom,1,confirmed_breakout,16001,16002.0,2010-07-08 15:30:00-04:00,long,106.37113966030414,1.8776700360620424,102.6297788409256,108.97767003606204,15922,16001,2010-07-02 15:15:00-04:00,2010-07-08 15:30:00-04:00,train
SPY,double_bottom,0,failed_breakout,16131,,2010-07-15 15:30:00-04:00,long,109.7573034141219,0.6477626758933894,108.68073137252749,109.67776267589339,16052,16131,2010-07-12 15:15:00-04:00,2010-07-15 15:30:00-04:00,train
SPY,double_bottom,0,failed_breakout,16169,,2010-07-19 12:00:00-04:00,long,109.13009165402093,1.3228589596854192,106.93373401614352,108.14285895968541,16090,16169,2010-07-14 11:45:00-04:00,2010-07-19 12:00:00-04:00,train
SPY,double_bottom,1,confirmed_breakout,16180,16182.0,2010-07-19 14:45:00-04:00,long,106.96677299731283,0.13882772633573381,106.72215652581068,107.66882772633573,16101,16180,2010-07-14 14:30:00-04:00,2010-07-19 14:45:00-04:00,train
SPY,double_bottom,0,near_miss,16187,,2010-07-20 10:00:00-04:00,long,106.80159827524575,0.05123697856704723,106.72215652581068,106.40123697856704,16108,16187,2010-07-15 09:45:00-04:00,2010-07-20 10:00:00-04:00,train
SPY,double_bottom,0,near_miss,16208,,2010-07-20 15:15:00-04:00,long,107.10140548349935,0.3787754528733558,106.66669399370524,108.46877545287336,16129,16208,2010-07-15 15:00:00-04:00,2010-07-20 15:15:00-04:00,train
SPY,double_bottom,0,failed_breakout,16230,,2010-07-21 14:15:00-04:00,long,108.31655732756711,0.826377726610545,106.66669399370524,108.33637772661055,16151,16230,2010-07-16 14:00:00-04:00,2010-07-21 14:15:00-04:00,train
SPY,double_bottom,0,near_miss,16247,,2010-07-22 12:00:00-04:00,long,108.40761076106334,0.5209228890038986,107.45971053591097,109.9009228890039,16168,16247,2010-07-19 11:45:00-04:00,2010-07-22 12:00:00-04:00,train
SPY,double_bottom,0,near_miss,16334,,2010-07-27 14:15:00-04:00,long,111.56470513439082,0.17576865747857084,111.25345397105083,111.74576865747856,16255,16334,2010-07-22 14:00:00-04:00,2010-07-27 14:15:00-04:00,train
SPY,double_bottom,0,near_miss,16343,,2010-07-28 10:00:00-04:00,long,111.5769492345334,0.07166900491370143,111.48614147646575,111.47166900491371,16264,16343,2010-07-23 09:45:00-04:00,2010-07-28 10:00:00-04:00,train
SPY,double_bottom,0,near_miss,16348,,2010-07-28 11:15:00-04:00,long,111.50040957093933,0.01169495727643266,111.48614147646575,111.15169495727643,16269,16348,2010-07-23 11:00:00-04:00,2010-07-28 11:15:00-04:00,train
SPY,double_bottom,0,near_miss,16364,,2010-07-28 15:15:00-04:00,long,111.52628373582942,0.18976955893683112,111.18174060292515,110.76976955893683,16285,16364,2010-07-23 15:00:00-04:00,2010-07-28 15:15:00-04:00,train
SPY,double_bottom,0,failed_breakout,16377,,2010-07-29 12:00:00-04:00,long,111.21447494999586,0.16081045766117086,110.92558838174422,109.95081045766118,16298,16377,2010-07-26 11:45:00-04:00,2010-07-29 12:00:00-04:00,train
SPY,double_bottom,0,failed_breakout,16396,,2010-07-30 10:15:00-04:00,long,111.0587549895783,0.5141801059038329,110.16356138560474,110.57418010590384,16317,16396,2010-07-27 10:00:00-04:00,2010-07-30 10:15:00-04:00,train
SPY,double_bottom,0,failed_breakout,16407,,2010-07-30 13:00:00-04:00,long,110.46235906649277,0.27224989513841535,110.16356138560474,110.52224989513842,16328,16407,2010-07-27 12:45:00-04:00,2010-07-30 13:00:00-04:00,train
SPY,double_bottom,0,near_miss,16415,,2010-07-30 15:00:00-04:00,long,110.246362528261,0.034972980887133076,110.20612213764379,110.07497298088714,16336,16415,2010-07-27 14:45:00-04:00,2010-07-30 15:00:00-04:00,train
SPY,double_bottom,0,near_miss,16463,,2010-08-03 14:00:00-04:00,long,112.68064229739281,1.3686386760479223,110.20612213764379,113.69863867604792,16384,16463,2010-07-29 13:45:00-04:00,2010-08-03 14:00:00-04:00,train
SPY,double_bottom,0,near_miss,16473,,2010-08-04 10:00:00-04:00,long,112.44752553812432,0.05940028412244658,112.35836540295777,112.74940028412244,16394,16473,2010-07-30 09:45:00-04:00,2010-08-04 10:00:00-04:00,train
SPY,double_bottom,0,near_miss,16481,,2010-08-04 12:00:00-04:00,long,112.37405752589696,0.0347860389664163,112.32017757090331,112.64478603896642,16402,16481,2010-07-30 11:45:00-04:00,2010-08-04 12:00:00-04:00,train
SPY,double_bottom,0,near_miss,16523,,2010-08-05 16:00:00-04:00,long,112.83090459653194,0.4300775338286513,112.32017757090331,113.27007753382865,16444,16523,2010-08-02 15:45:00-04:00,2010-08-05 16:00:00-04:00,train
SPY,double_bottom,0,failed_breakout,16552,,2010-08-09 10:15:00-04:00,long,112.67008919723844,0.7839926421706025,111.29071655563241,113.4239926421706,16473,16552,2010-08-04 10:00:00-04:00,2010-08-09 10:15:00-04:00,train
SPY,double_bottom,0,failed_breakout,16603,,2010-08-11 10:00:00-04:00,long,112.95020607101654,1.3853046460363885,111.29071655563241,111.54530464603639,16524,16603,2010-08-06 09:45:00-04:00,2010-08-11 10:00:00-04:00,train
SPY,double_bottom,0,failed_breakout,16649,,2010-08-12 15:00:00-04:00,long,112.30262738723829,2.0157826616851935,108.7346031567783,110.59578266168519,16570,16649,2010-08-09 14:45:00-04:00,2010-08-12 15:00:00-04:00,train
SPY,double_bottom,0,failed_breakout,16659,,2010-08-13 11:00:00-04:00,long,108.77046372752815,0.09071213575691672,108.62490002676417,108.58071213575691,16580,16659,2010-08-10 10:45:00-04:00,2010-08-13 11:00:00-04:00,train
SPY,double_bottom,0,near_miss,16664,,2010-08-13 12:15:00-04:00,long,108.66157577530734,0.03365368975582328,108.62490002676417,108.52365368975582,16585,16664,2010-08-10 12:00:00-04:00,2010-08-13 12:15:00-04:00,train
SPY,double_bottom,0,near_miss,16674,,2010-08-13 14:45:00-04:00,long,108.66250533360012,0.07922958805171731,108.53560734675793,108.69922958805172,16595,16674,2010-08-10 14:30:00-04:00,2010-08-13 14:45:00-04:00,train
SPY,double_bottom,0,near_miss,16697,,2010-08-16 14:00:00-04:00,long,108.65759579976557,0.2671848154023735,108.24521462196849,108.62718481540237,16618,16697,2010-08-11 13:45:00-04:00,2010-08-16 14:00:00-04:00,train
SPY,double_bottom,1,confirmed_breakout,16705,16706.0,2010-08-16 16:00:00-04:00,long,108.41582921427522,0.18649664896157958,108.2134505086588,109.19649664896158,16626,16705,2010-08-11 15:45:00-04:00,2010-08-16 16:00:00-04:00,train
SPY,double_bottom,0,near_miss,16750,,2010-08-18 14:15:00-04:00,long,110.11475410199192,1.276746212657983,108.2134505086588,111.47674621265799,16671,16750,2010-08-13 14:00:00-04:00,2010-08-18 14:15:00-04:00,train
SPY,double_bottom,0,failed_breakout,16789,,2010-08-20 11:00:00-04:00,long,110.04457841616133,1.410367372324444,107.80585681766469,108.68036737232444,16710,16789,2010-08-17 10:45:00-04:00,2010-08-20 11:00:00-04:00,train
SPY,double_bottom,0,failed_breakout,16810,,2010-08-23 09:45:00-04:00,long,107.88672944602729,0.4363799623810678,107.09484214962775,108.71637996238107,16731,16810,2010-08-17 16:00:00-04:00,2010-08-23 09:45:00-04:00,train
SPY,double_bottom,0,failed_breakout,16837,,2010-08-24 10:00:00-04:00,long,107.76172030539398,0.41111859765899794,107.09484214962775,106.101118597659,16758,16837,2010-08-19 09:45:00-04:00,2010-08-24 10:00:00-04:00,train
SPY,double_bottom,0,near_miss,16867,,2010-08-25 11:00:00-04:00,long,107.67527789646472,0.9407239986808094,105.86274652972561,106.05072399868081,16788,16867,2010-08-20 10:45:00-04:00,2010-08-25 11:00:00-04:00,train
SPY,double_bottom,0,near_miss,16887,,2010-08-25 16:00:00-04:00,long,105.89248180477682,0.39527865155862685,105.13165977671078,106.32527865155863,16808,16887,2010-08-20 15:45:00-04:00,2010-08-25 16:00:00-04:00,train
SPY,double_bottom,0,failed_breakout,16926,,2010-08-27 12:45:00-04:00,long,106.12483867502236,0.9029985428938403,105.13165977671078,107.14299854289384,16847,16926,2010-08-24 12:30:00-04:00,2010-08-27 12:45:00-04:00,train
SPY,double_bottom,0,failed_breakout,16982,,2010-08-31 13:45:00-04:00,long,106.7127763552912,1.285858813459157,105.31202048754626,106.97585881345915,16903,16982,2010-08-26 13:30:00-04:00,2010-08-31 13:45:00-04:00,train
SPY,double_bottom,0,near_miss,16989,,2010-08-31 15:30:00-04:00,long,105.60931998931699,0.04533167023697615,105.54181459611783,105.10533167023698,16910,16989,2010-08-26 15:15:00-04:00,2010-08-31 15:30:00-04:00,train
SPY,double_bottom,1,confirmed_breakout,16991,16992.0,2010-08-31 16:00:00-04:00,long,105.6331504548351,0.18749455015436922,105.30514976731928,106.87749455015437,16912,16991,2010-08-26 15:45:00-04:00,2010-08-31 16:00:00-04:00,train
SPY,double_bottom,1,confirmed_breakout,17043,17044.0,2010-09-02 16:00:00-04:00,long,108.91623462948013,1.8126159978296528,105.30514976731928,112.69261599782965,16964,17043,2010-08-30 15:45:00-04:00,2010-09-02 16:00:00-04:00,train
SPY,double_bottom,0,near_miss,17096,,2010-09-08 09:45:00-04:00,long,110.69069352888943,1.2266367174195523,108.90208749598168,111.50663671741955,17017,17096,2010-09-01 16:00:00-04:00,2010-09-08 09:45:00-04:00,train
SPY,double_bottom,1,confirmed_breakout,17099,17100.0,2010-09-08 10:30:00-04:00,long,110.04106888007117,0.08325177762107216,109.8896080779421,110.68325177762107,17020,17099,2010-09-02 10:15:00-04:00,2010-09-08 10:30:00-04:00,train
SPY,double_bottom,0,near_miss,17131,,2010-09-09 12:00:00-04:00,long,110.60838314315195,0.4390882626492356,109.8896080779421,111.75908826264923,17052,17131,2010-09-03 11:45:00-04:00,2010-09-09 12:00:00-04:00,train
SPY,double_bottom,0,near_miss,17154,,2010-09-10 11:15:00-04:00,long,111.26869277421638,0.5848787006629976,110.44898168306335,111.964878700663,17075,17154,2010-09-07 11:00:00-04:00,2010-09-10 11:15:00-04:00,train
SPY,double_bottom,1,confirmed_breakout,17171,17174.0,2010-09-10 15:30:00-04:00,long,111.2701617489785,0.18724714426045352,110.9186464640434,112.84724714426045,17092,17171,2010-09-07 15:15:00-04:00,2010-09-10 15:30:00-04:00,train
SPY,double_bottom,0,near_miss,17203,,2010-09-14 10:30:00-04:00,long,112.53352828110708,0.6955495683092323,111.24718274539269,113.23554956830924,17124,17203,2010-09-09 10:15:00-04:00,2010-09-14 10:30:00-04:00,train
SPY,double_bottom,0,near_miss,17212,,2010-09-14 12:45:00-04:00,long,112.52709438047832,0.08619718947159072,112.42877468020299,113.21619718947159,17133,17212,2010-09-09 12:30:00-04:00,2010-09-14 12:45:00-04:00,train
SPY,double_bottom,0,near_miss,17229,,2010-09-15 10:30:00-04:00,long,112.96531106523356,0.28683630423061857,112.45301970181046,112.88683630423061,17150,17229,2010-09-10 10:15:00-04:00,2010-09-15 10:30:00-04:00,train
SPY,double_bottom,0,near_miss,17243,,2010-09-15 14:00:00-04:00,long,112.92731136382912,0.1497282869464982,112.6512363335698,113.0697282869465,17164,17243,2010-09-10 13:45:00-04:00,2010-09-15 14:00:00-04:00,train
SPY,double_bottom,0,failed_breakout,17256,,2010-09-16 10:45:00-04:00,long,112.81092535147141,0.08734287913364369,112.6512363335698,112.78734287913365,17177,17256,2010-09-13 10:30:00-04:00,2010-09-16 10:45:00-04:00,train
SPY,double_bottom,0,near_miss,17305,,2010-09-20 10:00:00-04:00,long,112.89370022831262,0.25102663912882406,112.48941856726185,113.19102663912882,17226,17305,2010-09-15 09:45:00-04:00,2010-09-20 10:00:00-04:00,train
SPY,double_bottom,0,failed_breakout,17358,,2010-09-22 10:15:00-04:00,long,114.11046641406446,0.9248949740893977,112.48941856726185,114.9548949740894,17279,17358,2010-09-17 10:00:00-04:00,2010-09-22 10:15:00-04:00,train
SPY,double_bottom,0,failed_breakout,17365,,2010-09-22 12:00:00-04:00,long,114.10112230433289,0.11249377907371638,113.88172431268826,113.55249377907371,17286,17365,2010-09-17 11:45:00-04:00,2010-09-22 12:00:00-04:00,train
SPY,double_bottom,0,near_miss,17385,,2010-09-23 10:30:00-04:00,long,114.12790102464015,0.37435968101289063,113.41154994942444,113.47435968101288,17306,17385,2010-09-20 10:15:00-04:00,2010-09-23 10:30:00-04:00,train
SPY,double_bottom,0,failed_breakout,17397,,2010-09-23 13:30:00-04:00,long,113.46883547616785,0.16954630658544545,113.18702838974036,113.48954630658544,17318,17397,2010-09-20 13:15:00-04:00,2010-09-23 13:30:00-04:00,train
SPY,double_bottom,1,confirmed_breakout,17407,17408.0,2010-09-23 16:00:00-04:00,long,113.31981049995224,0.2818127341635659,112.888967141837,114.45181273416357,17328,17407,2010-09-20 15:45:00-04:00,2010-09-23 16:00:00-04:00,train
SPY,double_bottom,0,failed_breakout,17446,,2010-09-27 12:45:00-04:00,long,114.73214728752816,0.9492556412999988,112.888967141837,115.3992556413,17367,17446,2010-09-22 12:30:00-04:00,2010-09-27 12:45:00-04:00,train
SPY,double_bottom,0,near_miss,17459,,2010-09-27 16:00:00-04:00,long,114.6877146444798,0.10312278232544259,114.49236757368938,114.39312278232545,17380,17459,2010-09-22 15:45:00-04:00,2010-09-27 16:00:00-04:00,train
SPY,double_bottom,0,failed_breakout,17476,,2010-09-28 13:45:00-04:00,long,114.70755786171031,0.4215148563821174,114.07971843696701,114.99151485638211,17397,17476,2010-09-23 13:30:00-04:00,2010-09-28 13:45:00-04:00,train
SPY,double_bottom,0,failed_breakout,17493,,2010-09-29 11:30:00-04:00,long,114.44457471382964,0.19462303811290838,114.07971843696701,114.62462303811292,17414,17493,2010-09-24 11:15:00-04:00,2010-09-29 11:30:00-04:00,train
SPY,double_bottom,0,near_miss,17503,,2010-09-29 14:00:00-04:00,long,114.49981871803945,0.09097686736315325,114.39749878688615,114.81097686736315,17424,17503,2010-09-24 13:45:00-04:00,2010-09-29 14:00:00-04:00,train
SPY,double_bottom,0,near_miss,17521,,2010-09-30 12:00:00-04:00,long,114.69067290448939,0.218222911301865,114.39749878688615,114.22822291130187,17442,17521,2010-09-27 11:45:00-04:00,2010-09-30 12:00:00-04:00,train
SPY,double_bottom,0,near_miss,17540,,2010-10-01 10:15:00-04:00,long,114.88418314712615,0.4887423769234829,114.24348034091643,115.35874237692349,17461,17540,2010-09-28 10:00:00-04:00,2010-10-01 10:15:00-04:00,train
SPY,double_bottom,0,near_miss,17555,,2010-10-01 14:00:00-04:00,long,114.49644989381495,0.17661656865095665,114.24348034091643,114.67661656865096,17476,17555,2010-09-28 13:45:00-04:00,2010-10-01 14:00:00-04:00,train
SPY,double_bottom,0,near_miss,17561,,2010-10-01 15:30:00-04:00,long,114.40074127790889,0.008583838235892927,114.38812856993444,114.5985838382359,17482,17561,2010-09-28 15:15:00-04:00,2010-10-01 15:30:00-04:00,train
SPY,double_bottom,0,near_miss,17596,,2010-10-05 11:15:00-04:00,long,114.63580250528383,0.6924918077112636,113.49849282521072,116.22249180771126,17517,17596,2010-09-30 11:00:00-04:00,2010-10-05 11:15:00-04:00,train
SPY,double_bottom,0,failed_breakout,17633,,2010-10-06 14:00:00-04:00,long,116.1089459718666,1.3154076066289235,113.49849282521072,117.14540760662892,17554,17633,2010-10-01 13:45:00-04:00,2010-10-06 14:00:00-04:00,train
SPY,double_bottom,0,near_miss,17649,,2010-10-07 11:30:00-04:00,long,116.11106776719187,0.15378802195040464,115.8259755852183,115.9637880219504,17570,17649,2010-10-04 11:15:00-04:00,2010-10-07 11:30:00-04:00,train
SPY,double_bottom,0,failed_breakout,17669,,2010-10-08 10:00:00-04:00,long,115.96000243520831,0.2290935795281257,115.63584212614208,116.31909357952813,17590,17669,2010-10-05 09:45:00-04:00,2010-10-08 10:00:00-04:00,train
SPY,double_bottom,0,failed_breakout,17812,,2010-10-15 13:15:00-04:00,long,117.27254066198611,0.09388341916468335,117.10628101029997,117.58388341916468,17733,17812,2010-10-12 13:00:00-04:00,2010-10-15 13:15:00-04:00,train
SPY,double_bottom,0,near_miss,17825,,2010-10-18 10:00:00-04:00,long,117.44483018935486,0.1023263350335526,117.2510334753429,118.09232633503355,17746,17825,2010-10-13 09:45:00-04:00,2010-10-18 10:00:00-04:00,train
SPY,double_bottom,0,near_miss,17831,,2010-10-18 11:30:00-04:00,long,117.48317955116131,0.030319200572918703,117.43397423329971,118.02031920057291,17752,17831,2010-10-13 11:15:00-04:00,2010-10-18 11:30:00-04:00,train
SPY,double_bottom,0,near_miss,17885,,2010-10-20 12:00:00-04:00,long,118.32271223619742,1.2516362759811699,116.67040545255541,119.18163627598118,17806,17885,2010-10-15 11:45:00-04:00,2010-10-20 12:00:00-04:00,train
SPY,double_bottom,1,confirmed_breakout,17903,17904.0,2010-10-21 10:00:00-04:00,long,118.17546058054236,0.775443781636767,116.67040545255541,119.74544378163677,17824,17903,2010-10-18 09:45:00-04:00,2010-10-21 10:00:00-04:00,train
SPY,double_bottom,0,near_miss,17934,,2010-10-22 11:15:00-04:00,long,118.60715981607957,0.6059699501354601,117.87275158663243,118.81596995013545,17855,17934,2010-10-19 11:00:00-04:00,2010-10-22 11:15:00-04:00,train
SPY,double_bottom,1,confirmed_breakout,17953,17954.0,2010-10-22 16:00:00-04:00,long,118.24646077326325,0.1945085655360259,117.87275158663243,119.62450856553603,17874,17953,2010-10-19 15:45:00-04:00,2010-10-22 16:00:00-04:00,train
SPY,double_bottom,0,near_miss,17978,,2010-10-25 15:45:00-04:00,long,119.07154966210929,0.45142261474923373,118.231152828822,119.45142261474923,17899,17978,2010-10-20 15:30:00-04:00,2010-10-25 15:45:00-04:00,train
SPY,double_bottom,0,near_miss,17985,,2010-10-26 11:00:00-04:00,long,119.01325373542733,0.02015952378661723,118.97708715738331,118.61015952378662,17906,17985,2010-10-21 10:45:00-04:00,2010-10-26 11:00:00-04:00,train
SPY,double_bottom,0,failed_breakout,17998,,2010-10-26 14:15:00-04:00,long,119.00364241691791,0.24225451079723825,118.54568865485804,118.61225451079724,17919,17998,2010-10-21 14:00:00-04:00,2010-10-26 14:15:00-04:00,train
SPY,double_bottom,0,failed_breakout,18011,,2010-10-27 11:00:00-04:00,long,118.61701953043345,0.07567452495138127,118.53700135610609,117.55567452495139,17932,18011,2010-10-22 10:45:00-04:00,2010-10-27 11:00:00-04:00,train
SPY,double_bottom,0,near_miss,18032,,2010-10-28 09:45:00-04:00,long,118.57675094341253,0.5187034186021009,117.57909369351478,119.3987034186021,17953,18032,2010-10-22 16:00:00-04:00,2010-10-28 09:45:00-04:00,train
SPY,double_bottom,0,failed_breakout,18059,,2010-10-29 10:00:00-04:00,long,118.36384671417913,0.48749289884518987,117.57909369351478,118.67749289884519,17980,18059,2010-10-26 09:45:00-04:00,2010-10-29 10:00:00-04:00,train
SPY,double_bottom,0,near_miss,18078,,2010-10-29 14:45:00-04:00,long,118.43595544761034,0.1489038569691985,118.17361393715312,118.6389038569692,17999,18078,2010-10-26 14:30:00-04:00,2010-10-29 14:45:00-04:00,train
SPY,double_bottom,0,near_miss,18090,,2010-11-01 11:15:00-04:00,long,118.50483591626285,0.059998216346187405,118.40048924412918,119.29999821634618,18011,18090,2010-10-27 11:00:00-04:00,2010-11-01 11:15:00-04:00,train
SPY,double_bottom,0,near_miss,18119,,2010-11-02 12:00:00-04:00,long,119.11509048861124,0.6019404100014327,118.48918615570416,119.94194041000144,18040,18119,2010-10-28 11:45:00-04:00,2010-11-02 12:00:00-04:00,train
SPY,double_bottom,0,failed_breakout,18145,,2010-11-03 12:00:00-04:00,long,119.52540680317627,0.5021641407804225,118.53711400151546,119.71216414078042,18066,18145,2010-10-29 11:45:00-04:00,2010-11-03 12:00:00-04:00,train
SPY,double_bottom,0,near_miss,18165,,2010-11-04 10:30:00-04:00,long,119.54704443600804,0.22763872431886512,119.12944010010213,121.81763872431887,18086,18165,2010-11-01 10:15:00-04:00,2010-11-04 10:30:00-04:00,train
SPY,double_bottom,0,failed_breakout,18211,,2010-11-05 15:30:00-04:00,long,122.521296786627,1.7080985278478948,119.12944010010213,124.1280985278479,18132,18211,2010-11-02 15:15:00-04:00,2010-11-05 15:30:00-04:00,train
SPY,double_bottom,0,near_miss,18232,,2010-11-08 14:15:00-05:00,long,122.52329732963936,0.1473344391267517,122.25496936356913,122.59733443912675,18153,18232,2010-11-03 14:00:00-04:00,2010-11-08 14:15:00-05:00,train
SPY,double_bottom,0,failed_breakout,18246,,2010-11-09 11:15:00-05:00,long,122.41448303623854,0.08105894303072603,122.25496936356913,122.56105894303073,18167,18246,2010-11-04 11:00:00-04:00,2010-11-09 11:15:00-05:00,train
SPY,double_bottom,0,near_miss,18284,,2010-11-10 14:15:00-05:00,long,122.60105690869901,0.7838536846260382,121.22252762529945,122.83385368462604,18205,18284,2010-11-05 14:00:00-04:00,2010-11-10 14:15:00-05:00,train
SPY,double_bottom,0,failed_breakout,18315,,2010-11-11 15:30:00-05:00,long,121.88294838818844,0.661718171131767,121.2199328088139,122.24171817113177,18236,18315,2010-11-08 15:15:00-05:00,2010-11-11 15:30:00-05:00,train
SPY,double_bottom,0,failed_breakout,18349,,2010-11-15 11:00:00-05:00,long,121.52818269543171,0.9248315699388314,119.98676944217188,121.48483156993883,18270,18349,2010-11-10 10:45:00-05:00,2010-11-15 11:00:00-05:00,train
SPY,double_bottom,0,near_miss,18465,,2010-11-19 14:00:00-05:00,long,120.21025896791136,1.1772340136135426,118.3144846217333,121.22723401361354,18386,18465,2010-11-16 13:45:00-05:00,2010-11-19 14:00:00-05:00,train
SPY,double_bottom,0,failed_breakout,18501,,2010-11-23 10:00:00-05:00,long,120.08350892024527,0.5549095131855495,119.3056335272571,118.90490951318554,18422,18501,2010-11-18 09:45:00-05:00,2010-11-23 10:00:00-05:00,train
SPY,double_bottom,1,confirmed_breakout,18617,18618.0,2010-11-30 16:00:00-05:00,long,118.82191186400686,0.29797786676485316,118.26137741465605,120.75797786676485,18538,18617,2010-11-24 12:45:00-05:00,2010-11-30 16:00:00-05:00,train
SPY,double_bottom,0,near_miss,18627,,2010-12-01 12:00:00-05:00,long,118.82820621067938,0.048104913569019914,118.77371201439276,121.10810491356902,18548,18627,2010-11-24 15:15:00-05:00,2010-12-01 12:00:00-05:00,train
SPY,double_bottom,1,confirmed_breakout,18717,18722.0,2010-12-06 15:00:00-05:00,long,122.68378285194886,0.20077156120824213,122.2980119974204,124.11077156120824,18638,18717,2010-12-01 14:45:00-05:00,2010-12-06 15:00:00-05:00,train
SPY,double_bottom,0,near_miss,18766,,2010-12-08 14:15:00-05:00,long,123.51705494067129,0.7164281380929793,122.66801058406084,123.84642813809297,18687,18766,2010-12-03 14:00:00-05:00,2010-12-08 14:15:00-05:00,train
SPY,double_bottom,1,confirmed_breakout,18796,18800.0,2010-12-09 15:15:00-05:00,long,123.44487524926069,0.2682181080494104,122.93324302109578,124.34821810804941,18717,18796,2010-12-06 15:00:00-05:00,2010-12-09 15:15:00-05:00,train
SPY,double_bottom,0,near_miss,18891,,2010-12-15 13:00:00-05:00,long,125.04810051201508,0.2302646160700874,124.75510416781867,124.56026461607009,18812,18891,2010-12-10 12:45:00-05:00,2010-12-15 13:00:00-05:00,train
SPY,double_bottom,0,failed_breakout,18919,,2010-12-16 13:30:00-05:00,long,124.76138754775764,0.3182044896659306,124.13126194836472,125.11820448966593,18840,18919,2010-12-13 13:15:00-05:00,2010-12-16 13:30:00-05:00,train
SPY,double_bottom,0,failed_breakout,18953,,2010-12-17 15:30:00-05:00,long,124.71832031367796,0.5974315826034342,124.11051551378432,124.87743158260344,18874,18953,2010-12-14 15:15:00-05:00,2010-12-17 15:30:00-05:00,train
SPY,double_bottom,0,failed_breakout,18974,,2010-12-20 14:15:00-05:00,long,124.3676004635502,0.17915832477427784,124.11051551378432,125.03915832477428,18895,18974,2010-12-15 14:00:00-05:00,2010-12-20 14:15:00-05:00,train
SPY,double_bottom,0,near_miss,19079,,2010-12-27 14:30:00-05:00,long,125.69678817059429,0.17680048058181796,125.3809586164483,125.81680048058182,19000,19079,2010-12-21 14:15:00-05:00,2010-12-27 14:30:00-05:00,train
SPY,double_bottom,0,near_miss,19108,,2010-12-28 15:15:00-05:00,long,125.67815808911938,0.1824077090436731,125.3809586164483,126.04240770904367,19029,19108,2010-12-22 15:00:00-05:00,2010-12-28 15:15:00-05:00,train
SPY,double_bottom,0,near_miss,19164,,2010-12-31 09:45:00-05:00,long,126.14412914921127,0.5046049816093614,125.61054214370311,125.99460498160936,19085,19164,2010-12-27 16:00:00-05:00,2010-12-31 09:45:00-05:00,train
SPY,double_bottom,0,failed_breakout,19180,,2010-12-31 13:45:00-05:00,long,125.77180955305982,0.10923623117517423,125.65664045226863,125.89923623117518,19101,19180,2010-12-28 13:30:00-05:00,2010-12-31 13:45:00-05:00,train
SPY,double_bottom,0,failed_breakout,19280,,2011-01-06 12:45:00-05:00,long,127.55703738934321,0.5249123536771663,126.51902576627633,127.85491235367716,19201,19280,2011-01-03 12:30:00-05:00,2011-01-06 12:45:00-05:00,train
SPY,double_bottom,0,near_miss,19294,,2011-01-07 09:45:00-05:00,long,127.5799637923787,0.163424409056816,127.28785446158801,127.68342440905681,19215,19294,2011-01-03 16:00:00-05:00,2011-01-07 09:45:00-05:00,train
SPY,double_bottom,0,failed_breakout,19322,,2011-01-10 10:15:00-05:00,long,127.3797711842058,0.3846835228190457,126.70232086118547,126.88468352281905,19243,19322,2011-01-05 10:00:00-05:00,2011-01-10 10:15:00-05:00,train
SPY,double_bottom,0,failed_breakout,19338,,2011-01-10 14:15:00-05:00,long,126.86151684557966,0.1842280779374761,126.65225667409888,127.02422807793748,19259,19338,2011-01-05 14:00:00-05:00,2011-01-10 14:15:00-05:00,train
SPY,double_bottom,0,near_miss,19380,,2011-01-12 11:45:00-05:00,long,127.5639898882124,0.5668688694906479,126.65225667409888,129.15686886949067,19301,19380,2011-01-07 11:30:00-05:00,2011-01-12 11:45:00-05:00,train
SPY,double_bottom,0,near_miss,19413,,2011-01-13 13:30:00-05:00,long,128.55324601213883,0.6580212178207603,127.34198536334463,129.20802121782077,19334,19413,2011-01-10 13:15:00-05:00,2011-01-13 13:30:00-05:00,train
SPY,double_bottom,0,near_miss,19434,,2011-01-14 12:15:00-05:00,long,128.54219780932596,0.1525837633861329,128.33076386658811,129.06258376338613,19355,19434,2011-01-11 12:00:00-05:00,2011-01-14 12:15:00-05:00,train
SPY,double_bottom,0,failed_breakout,19554,,2011-01-24 09:45:00-05:00,long,128.56885927040878,0.5156881262308843,127.59975433689998,128.96568812623087,19475,19554,2011-01-18 16:00:00-05:00,2011-01-24 09:45:00-05:00,train
SPY,double_bottom,0,near_miss,19566,,2011-01-24 12:45:00-05:00,long,128.53586614542027,0.04710243500065303,128.4709394693834,129.08710243500065,19487,19566,2011-01-19 12:30:00-05:00,2011-01-24 12:45:00-05:00,train
SPY,double_bottom,0,near_miss,19611,,2011-01-26 11:00:00-05:00,long,129.0327882363262,0.5320670123405762,128.4709394693834,130.28206701234058,19532,19611,2011-01-21 10:45:00-05:00,2011-01-26 11:00:00-05:00,train
SPY,double_bottom,0,failed_breakout,19653,,2011-01-27 15:00:00-05:00,long,129.87631595257244,0.7243086911119576,128.53050297858786,130.71430869111197,19574,19653,2011-01-24 14:45:00-05:00,2011-01-27 15:00:00-05:00,train
SPY,double_bottom,0,near_miss,19696,,2011-01-31 12:45:00-05:00,long,129.99557677933157,1.1566281132243148,127.90438578788137,129.73662811322433,19617,19696,2011-01-26 12:30:00-05:00,2011-01-31 12:45:00-05:00,train
SPY,double_bottom,0,failed_breakout,19780,,2011-02-03 14:15:00-05:00,long,130.5828556783054,0.2263733852841483,130.16158891382094,130.56637338528415,19701,19780,2011-01-31 14:00:00-05:00,2011-02-03 14:15:00-05:00,train
SPY,double_bottom,1,confirmed_breakout,19809,19814.0,2011-02-04 15:00:00-05:00,long,130.70421665764113,0.3056267181623866,130.16158891382094,132.00562671816238,19730,19809,2011-02-01 14:45:00-05:00,2011-02-04 15:00:00-05:00,train
SPY,double_bottom,0,near_miss,19851,,2011-02-08 12:30:00-05:00,long,132.19230159590646,0.8673431852920146,130.63559096513654,133.217343185292,19772,19851,2011-02-03 12:15:00-05:00,2011-02-08 12:30:00-05:00,train
SPY,double_bottom,0,near_miss,19878,,2011-02-09 12:45:00-05:00,long,132.38800832227668,0.18821292205302598,132.0143258560923,132.31821292205302,19799,19878,2011-02-04 12:30:00-05:00,2011-02-09 12:45:00-05:00,train
SPY,double_bottom,0,near_miss,19890,,2011-02-09 15:45:00-05:00,long,132.4114592669771,0.1480714812221322,132.1415106271549,132.19807148122214,19811,19890,2011-02-04 15:30:00-05:00,2011-02-09 15:45:00-05:00,train
SPY,double_bottom,0,failed_breakout,19908,,2011-02-10 13:45:00-05:00,long,132.15023408684925,0.12412338595601113,131.91071077463158,132.044123385956,19829,19908,2011-02-07 13:30:00-05:00,2011-02-10 13:45:00-05:00,train
SPY,double_bottom,0,near_miss,19919,,2011-02-11 10:00:00-05:00,long,132.07041830067806,0.09281969375328458,131.91071077463158,132.2028196937533,19840,19919,2011-02-08 09:45:00-05:00,2011-02-11 10:00:00-05:00,train
SPY,double_bottom,0,near_miss,19924,,2011-02-11 11:15:00-05:00,long,132.0797419175021,0.021899364657798515,132.04448643921796,132.7418993646578,19845,19924,2011-02-08 11:00:00-05:00,2011-02-11 11:15:00-05:00,train
SPY,double_bottom,0,near_miss,19959,,2011-02-14 13:30:00-05:00,long,133.0982807734338,0.5187422913608373,132.07119866647068,133.81874229136085,19880,19959,2011-02-09 13:15:00-05:00,2011-02-14 13:30:00-05:00,train
SPY,double_bottom,0,near_miss,19990,,2011-02-15 14:45:00-05:00,long,133.340918130217,0.28550927773358126,133.02293940729157,133.1555092777336,19911,19990,2011-02-10 14:30:00-05:00,2011-02-15 14:45:00-05:00,train
SPY,double_bottom,0,near_miss,20004,,2011-02-16 11:45:00-05:00,long,133.06149767963439,0.07860144896329757,132.94285305405057,133.8286014489633,19925,20004,2011-02-11 11:30:00-05:00,2011-02-16 11:45:00-05:00,train
SPY,double_bottom,0,near_miss,20025,,2011-02-17 10:30:00-05:00,long,133.6486616123611,0.36826706455360636,132.94285305405057,134.0982670645536,19946,20025,2011-02-14 10:15:00-05:00,2011-02-17 10:30:00-05:00,train
SPY,double_bottom,0,near_miss,20034,,2011-02-17 12:45:00-05:00,long,133.74121883141203,0.08281381616174599,133.61793604156443,134.15281381616174,19955,20034,2011-02-14 12:30:00-05:00,2011-02-17 12:45:00-05:00,train
SPY,double_bottom,1,confirmed_breakout,20251,20256.0,2011-03-02 15:00:00-05:00,long,131.2919639314309,0.12130665928376061,131.15783783576043,133.00130665928376,20172,20251,2011-02-25 14:45:00-05:00,2011-03-02 15:00:00-05:00,train
SPY,double_bottom,0,failed_breakout,20339,,2011-03-08 11:00:00-05:00,long,132.3539663603629,0.835202772136995,131.14730932351176,133.06520277213698,20260,20339,2011-03-03 10:45:00-05:00,2011-03-08 11:00:00-05:00,train
SPY,double_bottom,0,failed_breakout,20363,,2011-03-09 10:30:00-05:00,long,132.65275166489113,0.7585799202677208,131.14730932351176,133.30857992026773,20284,20363,2011-03-04 10:15:00-05:00,2011-03-09 10:30:00-05:00,train
SPY,double_bottom,0,near_miss,20378,,2011-03-09 14:15:00-05:00,long,132.72267860901508,0.29115724937861387,132.22200855353785,132.75115724937862,20299,20378,2011-03-04 14:00:00-05:00,2011-03-09 14:15:00-05:00,train
SPY,double_bottom,0,failed_breakout,20408,,2011-03-10 15:15:00-05:00,long,132.38096674089655,0.949183730900387,130.6415574664545,130.9991837309004,20329,20408,2011-03-07 15:00:00-05:00,2011-03-10 15:15:00-05:00,train
SPY,double_bottom,0,failed_breakout,20429,,2011-03-11 14:00:00-05:00,long,130.66948533660715,0.33808580144909683,130.02124160386163,130.8080858014491,20350,20429,2011-03-08 13:45:00-05:00,2011-03-11 14:00:00-05:00,train
SPY,double_bottom,0,failed_breakout,20465,,2011-03-15 10:00:00-04:00,long,130.83279667694575,1.099102968934858,129.44614581216018,127.92910296893486,20386,20465,2011-03-10 09:45:00-05:00,2011-03-15 10:00:00-04:00,train
SPY,double_bottom,0,failed_breakout,20490,,2011-03-16 09:45:00-04:00,long,129.73354680214422,1.0057625757875428,128.00942264055317,129.12576257578755,20411,20490,2011-03-10 16:00:00-05:00,2011-03-16 09:45:00-04:00,train
SPY,double_bottom,0,failed_breakout,20525,,2011-03-17 12:00:00-04:00,long,128.57172215764786,1.2692996201671747,126.59542243440818,128.98929962016717,20446,20525,2011-03-14 11:45:00-04:00,2011-03-17 12:00:00-04:00,train
SPY,double_bottom,1,confirmed_breakout,20565,20568.0,2011-03-18 15:30:00-04:00,long,128.24084789096992,0.8333981992772692,126.59542243440818,130.40339819927726,20486,20565,2011-03-15 15:15:00-04:00,2011-03-18 15:30:00-04:00,train
SPY,double_bottom,0,near_miss,20577,,2011-03-21 12:00:00-04:00,long,128.2273328416172,0.17559958235773365,127.88398956954181,129.92559958235773,20498,20577,2011-03-16 11:45:00-04:00,2011-03-21 12:00:00-04:00,train
SPY,double_bottom,0,near_miss,20739,,2011-03-29 13:30:00-04:00,long,131.64466758746593,0.34272702123095655,131.09804397208939,131.78272702123095,20660,20739,2011-03-24 13:15:00-04:00,2011-03-29 13:30:00-04:00,train
SPY,double_bottom,0,failed_breakout,20796,,2011-03-31 14:45:00-04:00,long,132.9599915937097,1.0488313308832176,131.09804397208939,133.85883133088322,20717,20796,2011-03-28 14:30:00-04:00,2011-03-31 14:45:00-04:00,train
SPY,double_bottom,0,near_miss,20811,,2011-04-01 12:00:00-04:00,long,132.8265655345013,0.06555508113859787,132.72427655356358,133.73555508113859,20732,20811,2011-03-29 11:45:00-04:00,2011-04-01 12:00:00-04:00,train
SPY,double_bottom,0,near_miss,20828,,2011-04-04 09:45:00-04:00,long,133.55166864694016,0.3775919737735194,132.7977443531618,133.86759197377353,20749,20828,2011-03-29 16:00:00-04:00,2011-04-04 09:45:00-04:00,train
SPY,double_bottom,0,near_miss,20844,,2011-04-04 13:45:00-04:00,long,133.55681717801744,0.1457675715477933,133.27169021976778,133.2557675715478,20765,20844,2011-03-30 13:30:00-04:00,2011-04-04 13:45:00-04:00,train
SPY,double_bottom,0,failed_breakout,20860,,2011-04-05 11:15:00-04:00,long,133.29190560601955,0.0933235611711325,133.12547386992907,133.56332356117113,20781,20860,2011-03-31 11:00:00-04:00,2011-04-05 11:15:00-04:00,train
SPY,double_bottom,0,near_miss,20889,,2011-04-06 12:00:00-04:00,long,133.6367281350755,0.34542410685605773,133.12547386992907,133.53542410685606,20810,20889,2011-04-01 11:45:00-04:00,2011-04-06 12:00:00-04:00,train
SPY,double_bottom,0,near_miss,20906,,2011-04-07 09:45:00-04:00,long,133.617493609316,0.1993249576389644,133.37920311684434,133.87932495763897,20827,20906,2011-04-01 16:00:00-04:00,2011-04-07 09:45:00-04:00,train
SPY,double_bottom,0,near_miss,20927,,2011-04-07 15:00:00-04:00,long,133.63378398625676,0.27453335566022474,133.33929814434876,133.53453335566022,20848,20927,2011-04-04 14:45:00-04:00,2011-04-07 15:00:00-04:00,train
SPY,double_bottom,0,near_miss,20939,,2011-04-08 11:30:00-04:00,long,133.36389561403732,0.10279920905023232,133.18289466562538,133.32279920905023,20860,20939,2011-04-05 11:15:00-04:00,2011-04-08 11:30:00-04:00,train
SPY,double_bottom,0,failed_breakout,20967,,2011-04-11 12:00:00-04:00,long,133.40135112993016,0.3812027314571935,132.85740213132055,133.36120273145718,20888,20967,2011-04-06 11:45:00-04:00,2011-04-11 12:00:00-04:00,train
SPY,double_bottom,0,failed_breakout,21018,,2011-04-13 11:45:00-04:00,long,133.06679057844633,0.9017491860460325,131.47268065348004,132.37174918604603,20939,21018,2011-04-08 11:30:00-04:00,2011-04-13 11:45:00-04:00,train
SPY,double_bottom,0,near_miss,21038,,2011-04-14 10:15:00-04:00,long,131.70373470939592,0.3122109297235909,131.3103669058646,130.9422109297236,20959,21038,2011-04-11 10:00:00-04:00,2011-04-14 10:15:00-04:00,train
SPY,double_bottom,0,near_miss,21055,,2011-04-14 14:30:00-04:00,long,131.47049663126953,0.30358948135415176,131.02344739396614,131.59358948135414,20976,21055,2011-04-11 14:15:00-04:00,2011-04-14 14:30:00-04:00,train
SPY,double_bottom,0,failed_breakout,21114,,2011-04-19 09:45:00-04:00,long,132.1544270839723,1.6575471980109455,129.9703123779566,132.62754719801094,21035,21114,2011-04-13 16:00:00-04:00,2011-04-19 09:45:00-04:00,train
SPY,double_bottom,1,confirmed_breakout,21172,21173.0,2011-04-21 11:15:00-04:00,long,133.0154195364231,1.5364866885183517,129.9703123779566,135.23648668851834,21093,21172,2011-04-18 11:00:00-04:00,2011-04-21 11:15:00-04:00,train
SPY,double_bottom,0,near_miss,21199,,2011-04-25 11:30:00-04:00,long,133.70517863117254,0.3731495556045843,132.98755331785293,133.72314955560458,21120,21199,2011-04-19 11:15:00-04:00,2011-04-25 11:30:00-04:00,train
SPY,double_bottom,0,near_miss,21295,,2011-04-28 16:00:00-04:00,long,135.7752431693219,0.5378372880728648,134.70635605204262,136.64783728807288,21216,21295,2011-04-25 15:45:00-04:00,2011-04-28 16:00:00-04:00,train
SPY,double_bottom,0,near_miss,21330,,2011-05-02 11:45:00-04:00,long,136.4243353087084,0.3390802961504278,135.76845571045544,137.04908029615044,21251,21330,2011-04-27 11:30:00-04:00,2011-05-02 11:45:00-04:00,train
SPY,double_bottom,0,failed_breakout,21418,,2011-05-05 14:15:00-04:00,long,134.85203489885927,0.40101077424264986,134.29417016700467,134.74101077424265,21339,21418,2011-05-02 14:00:00-04:00,2011-05-05 14:15:00-04:00,train
SPY,double_bottom,1,confirmed_breakout,21429,21430.0,2011-05-06 10:30:00-04:00,long,134.54379208908244,0.359543996914482,134.07432601733126,135.63954399691448,21350,21429,2011-05-03 10:15:00-04:00,2011-05-06 10:30:00-04:00,train
SPY,double_bottom,0,near_miss,21466,,2011-05-09 13:15:00-04:00,long,135.0388713868424,0.8899971920604912,134.07432601733126,135.73999719206049,21387,21466,2011-05-04 13:00:00-04:00,2011-05-09 13:15:00-04:00,train
SPY,double_bottom,0,failed_breakout,21584,,2011-05-16 10:15:00-04:00,long,134.99457614463861,0.9864193367505152,133.95963499185655,134.91641933675052,21505,21584,2011-05-11 10:00:00-04:00,2011-05-16 10:15:00-04:00,train
SPY,double_bottom,0,near_miss,21594,,2011-05-16 12:45:00-04:00,long,134.0806122936758,0.0601203240692314,133.9843053152935,134.07012032406922,21515,21594,2011-05-11 12:30:00-04:00,2011-05-16 12:45:00-04:00,train
SPY,double_bottom,0,failed_breakout,21632,,2011-05-17 15:45:00-04:00,long,134.1777951149893,0.853862799476758,132.66355931573153,133.83386279947675,21553,21632,2011-05-12 15:30:00-04:00,2011-05-17 15:45:00-04:00,train
SPY,double_bottom,0,failed_breakout,21679,,2011-05-19 14:30:00-04:00,long,134.40490300610887,0.9372265478642703,132.66355931573153,135.31722654786427,21600,21679,2011-05-16 14:15:00-04:00,2011-05-19 14:30:00-04:00,train
SPY,double_bottom,0,near_miss,21691,,2011-05-20 11:00:00-04:00,long,134.51918790862743,0.14336546839555808,134.27179360075766,133.65336546839555,21612,21691,2011-05-17 10:45:00-04:00,2011-05-20 11:00:00-04:00,train
SPY,double_bottom,0,failed_breakout,21706,,2011-05-20 14:45:00-04:00,long,134.51911569593355,0.3522649640519546,133.85385018405714,134.65226496405197,21627,21706,2011-05-17 14:30:00-04:00,2011-05-20 14:45:00-04:00,train
SPY,double_bottom,0,failed_breakout,21738,,2011-05-24 09:45:00-04:00,long,134.16478707040696,1.2733186308988422,131.92908669495912,133.63331863089886,21659,21738,2011-05-18 16:00:00-04:00,2011-05-24 09:45:00-04:00,train
SPY,double_bottom,0,failed_breakout,21766,,2011-05-25 10:15:00-04:00,long,132.28873833836914,0.32261460682326515,131.92908669495912,132.01261460682326,21687,21766,2011-05-20 10:00:00-04:00,2011-05-25 10:15:00-04:00,train
SPY,double_bottom,0,near_miss,21777,,2011-05-25 13:00:00-04:00,long,132.11510781551982,0.12052538851685313,131.9860040858733,132.54052538851684,21698,21777,2011-05-20 12:45:00-04:00,2011-05-25 13:00:00-04:00,train
SPY,double_bottom,0,near_miss,21809,,2011-05-26 14:30:00-04:00,long,132.50905447511934,0.4317533933352138,131.9860040858733,133.5017533933352,21730,21809,2011-05-23 14:15:00-04:00,2011-05-26 14:30:00-04:00,train
SPY,double_bottom,0,near_miss,21850,,2011-05-31 11:45:00-04:00,long,133.5980796954317,0.7784715490597023,132.16859807769498,134.9884715490597,21771,21850,2011-05-25 11:30:00-04:00,2011-05-31 11:45:00-04:00,train
SPY,double_bottom,0,near_miss,21865,,2011-05-31 15:30:00-04:00,long,134.11372512842306,0.33221475557741087,133.47061821504897,134.7522147555774,21786,21865,2011-05-25 15:15:00-04:00,2011-05-31 15:30:00-04:00,train
SPY,double_bottom,0,near_miss,21918,,2011-06-02 15:45:00-04:00,long,134.39990519665884,1.5736301398218586,131.56014758303164,133.47363013982186,21839,21918,2011-05-27 15:30:00-04:00,2011-06-02 15:45:00-04:00,train
SPY,double_bottom,0,failed_breakout,21940,,2011-06-03 14:45:00-04:00,long,131.844439796478,0.5624023254400186,131.00392735904435,131.37240232544002,21861,21940,2011-05-31 14:30:00-04:00,2011-06-03 14:45:00-04:00,train
SPY,double_bottom,0,failed_breakout,21982,,2011-06-07 12:15:00-04:00,long,131.07382791083802,0.8783435836587046,129.38704129531428,130.5583435836587,21903,21982,2011-06-02 12:00:00-04:00,2011-06-07 12:15:00-04:00,train
SPY,double_bottom,0,failed_breakout,22020,,2011-06-08 15:15:00-04:00,long,129.80999488722978,0.6830826898673195,128.86678309941064,129.23308268986733,21941,22020,2011-06-03 15:00:00-04:00,2011-06-08 15:15:00-04:00,train
SPY,double_bottom,1,confirmed_breakout,22032,22033.0,2011-06-09 11:45:00-04:00,long,128.87937906306217,0.1710400107471628,128.54989500521935,129.79104001074717,21953,22032,2011-06-06 11:30:00-04:00,2011-06-09 11:45:00-04:00,train
SPY,double_bottom,0,failed_breakout,22077,,2011-06-13 10:00:00-04:00,long,129.72815870372483,1.5825682464151782,127.74128590939995,129.71256824641517,21998,22077,2011-06-08 09:45:00-04:00,2011-06-13 10:00:00-04:00,train
SPY,double_bottom,0,failed_breakout,22085,,2011-06-13 12:00:00-04:00,long,127.90496030401039,0.09802823765011226,127.74128590939995,127.73802823765011,22006,22085,2011-06-08 11:45:00-04:00,2011-06-13 12:00:00-04:00,train
SPY,double_bottom,1,confirmed_breakout,22101,22102.0,2011-06-13 16:00:00-04:00,long,127.83706340341115,0.1109116978586826,127.630428042345,129.14091169785868,22022,22101,2011-06-08 15:45:00-04:00,2011-06-13 16:00:00-04:00,train
SPY,double_bottom,0,near_miss,22102,,2011-06-14 09:45:00-04:00,long,127.97123531091914,0.21973217808633194,127.630428042345,129.24973217808633,22023,22102,2011-06-08 16:00:00-04:00,2011-06-14 09:45:00-04:00,train
SPY,double_bottom,0,near_miss,22163,,2011-06-16 12:00:00-04:00,long,129.52836768327364,2.070333303088674,127.09419339161,129.68033330308867,22084,22163,2011-06-13 11:45:00-04:00,2011-06-16 12:00:00-04:00,train
SPY,double_bottom,0,failed_breakout,22188,,2011-06-17 11:45:00-04:00,long,127.61757528452839,0.5543735194807482,127.03221013848528,128.00437351948074,22109,22188,2011-06-14 11:30:00-04:00,2011-06-17 11:45:00-04:00,train
SPY,double_bottom,1,confirmed_breakout,22231,22232.0,2011-06-20 16:00:00-04:00,long,127.68830807642966,0.33527698747910506,127.03221013848528,128.6652769874791,22152,22231,2011-06-15 15:45:00-04:00,2011-06-20 16:00:00-04:00,train
SPY,double_bottom,0,near_miss,22271,,2011-06-22 13:00:00-04:00,long,129.41862063250773,0.8807502213818168,127.66267839078749,130.5407502213818,22192,22271,2011-06-17 12:45:00-04:00,2011-06-22 13:00:00-04:00,train
SPY,double_bottom,0,near_miss,22306,,2011-06-23 15:15:00-04:00,long,129.57970292072642,1.4220919589450602,126.90215949209836,129.34209195894505,22227,22306,2011-06-20 15:00:00-04:00,2011-06-23 15:15:00-04:00,train
SPY,double_bottom,0,failed_breakout,22345,,2011-06-27 12:00:00-04:00,long,127.61831230510742,0.6771821694980673,126.90215949209836,128.53718216949807,22266,22345,2011-06-22 11:45:00-04:00,2011-06-27 12:00:00-04:00,train
SPY,double_bottom,0,near_miss,22446,,2011-07-01 11:15:00-04:00,long,131.85566534961893,0.6719459655941762,130.54326830725398,133.71194596559417,22367,22446,2011-06-28 11:00:00-04:00,2011-07-01 11:15:00-04:00,train
SPY,double_bottom,0,near_miss,22484,,2011-07-05 14:15:00-04:00,long,133.79113790509902,1.0293476201945566,131.82417046079553,134.87934762019455,22405,22484,2011-06-29 14:00:00-04:00,2011-07-05 14:15:00-04:00,train
SPY,double_bottom,0,near_miss,22498,,2011-07-06 11:15:00-04:00,long,133.84930033361718,0.10748289427391455,133.69941010901337,133.62748289427392,22419,22498,2011-06-30 11:00:00-04:00,2011-07-06 11:15:00-04:00,train
SPY,double_bottom,0,near_miss,22509,,2011-07-06 14:00:00-04:00,long,133.81458969019081,0.13781143407413765,133.56933174256022,134.08781143407413,22430,22509,2011-06-30 13:45:00-04:00,2011-07-06 14:00:00-04:00,train
SPY,double_bottom,1,confirmed_breakout,22517,22518.0,2011-07-06 16:00:00-04:00,long,133.86278386361687,0.16089721193367268,133.56933174256022,135.19089721193367,22438,22517,2011-06-30 15:45:00-04:00,2011-07-06 16:00:00-04:00,train
SPY,double_bottom,0,near_miss,22568,,2011-07-08 15:45:00-04:00,long,135.49428658377295,1.6517243967849424,133.83444156080614,135.92172439678495,22489,22568,2011-07-05 15:30:00-04:00,2011-07-08 15:45:00-04:00,train
SPY,double_bottom,0,failed_breakout,22608,,2011-07-12 12:45:00-04:00,long,134.04860580957094,1.1396681738943073,131.96719245818338,133.15966817389432,22529,22608,2011-07-07 12:30:00-04:00,2011-07-12 12:45:00-04:00,train
SPY,double_bottom,1,confirmed_breakout,22623,22626.0,2011-07-13 10:00:00-04:00,long,132.08909508962103,0.09386429445567046,131.94815988662288,133.14386429445568,22544,22623,2011-07-08 09:45:00-04:00,2011-07-13 10:00:00-04:00,train
SPY,double_bottom,0,near_miss,22658,,2011-07-14 12:15:00-04:00,long,132.89739371970145,0.7513273053896228,132.04230170370784,132.37132730538963,22579,22658,2011-07-11 12:00:00-04:00,2011-07-14 12:15:00-04:00,train
SPY,double_bottom,0,failed_breakout,22689,,2011-07-15 13:30:00-04:00,long,132.31258915286293,0.5980340822361541,131.17927901633772,131.90803408223616,22610,22689,2011-07-12 13:15:00-04:00,2011-07-15 13:30:00-04:00,train
SPY,double_bottom,0,near_miss,22705,,2011-07-18 11:00:00-04:00,long,131.28776572285315,0.13377746866578377,131.12869749203702,130.2437774686658,22626,22705,2011-07-13 10:45:00-04:00,2011-07-18 11:00:00-04:00,train
SPY,double_bottom,0,near_miss,22726,,2011-07-19 09:45:00-04:00,long,131.26979682627092,0.6748717444741033,130.0611526715566,132.5248717444741,22647,22726,2011-07-13 16:00:00-04:00,2011-07-19 09:45:00-04:00,train
SPY,double_bottom,1,confirmed_breakout,22776,22778.0,2011-07-20 15:45:00-04:00,long,132.77169796247918,1.3868656259134866,130.0611526715566,134.8868656259135,22697,22776,2011-07-15 15:30:00-04:00,2011-07-20 15:45:00-04:00,train
SPY,double_bottom,0,near_miss,22787,,2011-07-21 12:00:00-04:00,long,132.87274972568582,0.10022480451036131,132.7085120015748,134.19022480451036,22708,22787,2011-07-18 11:45:00-04:00,2011-07-21 12:00:00-04:00,train
SPY,double_bottom,0,near_miss,22821,,2011-07-22 14:00:00-04:00,long,134.53609311047953,0.9800907566167893,132.83653784077612,135.62009075661678,22742,22821,2011-07-19 13:45:00-04:00,2011-07-22 14:00:00-04:00,train
SPY,double_bottom,0,failed_breakout,22849,,2011-07-25 14:30:00-04:00,long,134.57860133070508,0.4209176376513142,134.03990051915818,134.82091763765132,22770,22849,2011-07-20 14:15:00-04:00,2011-07-25 14:30:00-04:00,train
SPY,double_bottom,0,failed_breakout,22875,,2011-07-26 14:30:00-04:00,long,134.27043282394672,0.4674786642099775,133.5660078003153,134.29747866421,22796,22875,2011-07-21 14:15:00-04:00,2011-07-26 14:30:00-04:00,train
SPY,double_bottom,0,near_miss,22883,,2011-07-27 10:00:00-04:00,long,133.59354687787948,0.02983948799897007,133.5614069794457,132.09983948799896,22804,22883,2011-07-22 09:45:00-04:00,2011-07-27 10:00:00-04:00,train
SPY,double_bottom,0,failed_breakout,22921,,2011-07-28 13:00:00-04:00,long,133.64878322935496,1.41873315562583,130.89869316801256,132.80873315562582,22842,22921,2011-07-25 12:45:00-04:00,2011-07-28 13:00:00-04:00,train
SPY,double_bottom,0,failed_breakout,22950,,2011-07-29 13:45:00-04:00,long,131.36676245614146,1.0149038721230568,129.80502400002425,130.93490387212304,22871,22950,2011-07-26 13:30:00-04:00,2011-07-29 13:45:00-04:00,train
SPY,double_bottom,0,near_miss,22959,,2011-07-29 16:00:00-04:00,long,129.8406176149797,0.058782319152157925,129.7586465916308,129.37878231915215,22880,22959,2011-07-26 15:45:00-04:00,2011-07-29 16:00:00-04:00,train
SPY,double_bottom,0,failed_breakout,22989,,2011-08-02 10:30:00-04:00,long,129.82955481265327,0.9433163377652249,128.01383035814527,128.88331633776522,22910,22989,2011-07-28 10:15:00-04:00,2011-08-02 10:30:00-04:00,train
SPY,double_bottom,0,failed_breakout,23036,,2011-08-03 15:45:00-04:00,long,128.371473210226,1.9753237781408899,124.77846850602492,127.91532377814089,22957,23036,2011-07-29 15:30:00-04:00,2011-08-03 15:45:00-04:00,train
SPY,double_bottom,0,failed_breakout,23085,,2011-08-05 15:00:00-04:00,long,125.57425563327445,3.5753010201568713,119.21944072021023,123.93530102015687,23006,23085,2011-08-02 14:45:00-04:00,2011-08-05 15:00:00-04:00,train
SPY,double_bottom,0,failed_breakout,23127,,2011-08-09 12:30:00-04:00,long,120.49072639463971,4.0344881613995796,113.69303574627003,119.17448816139958,23048,23127,2011-08-04 12:15:00-04:00,2011-08-09 12:30:00-04:00,train
SPY,double_bottom,1,confirmed_breakout,23140,23141.0,2011-08-09 15:45:00-04:00,long,114.80878880911295,1.1719267059734904,113.58068846000889,118.6519267059735,23061,23140,2011-08-04 15:30:00-04:00,2011-08-09 15:45:00-04:00,train
SPY,double_bottom,1,confirmed_breakout,23158,23159.0,2011-08-10 13:45:00-04:00,long,114.29463531028043,0.608839880206375,113.58068846000889,115.82883988020637,23079,23158,2011-08-05 13:30:00-04:00,2011-08-10 13:45:00-04:00,train
SPY,double_bottom,0,near_miss,23180,,2011-08-11 12:45:00-04:00,long,114.67837840665952,0.7966586084558287,113.79090240013923,116.76665860845583,23101,23180,2011-08-08 12:30:00-04:00,2011-08-11 12:45:00-04:00,train
SPY,double_bottom,0,near_miss,23229,,2011-08-15 12:00:00-04:00,long,118.57041908806586,2.449470059500726,113.97253719626815,121.85947005950072,23150,23229,2011-08-10 11:45:00-04:00,2011-08-15 12:00:00-04:00,train
SPY,double_bottom,0,near_miss,23263,,2011-08-16 14:00:00-04:00,long,120.2118148814601,1.1250161821150186,118.26936086086212,120.38501618211502,23184,23263,2011-08-11 13:45:00-04:00,2011-08-16 14:00:00-04:00,train
SPY,double_bottom,0,near_miss,23278,,2011-08-17 11:15:00-04:00,long,119.99093544682269,0.38720552838726974,119.30322329904278,121.02720552838727,23199,23278,2011-08-12 11:00:00-04:00,2011-08-17 11:15:00-04:00,train
SPY,double_bottom,0,near_miss,23303,,2011-08-18 11:00:00-04:00,long,120.40937727071844,1.0500966884030163,119.30322329904278,115.97009668840302,23224,23303,2011-08-15 10:45:00-04:00,2011-08-18 11:00:00-04:00,train
SPY,double_bottom,0,failed_breakout,23335,,2011-08-19 12:30:00-04:00,long,119.45977216013762,2.6588648531353556,114.18647674841648,116.94886485313536,23256,23335,2011-08-16 12:15:00-04:00,2011-08-19 12:30:00-04:00,train
SPY,double_bottom,0,failed_breakout,23341,,2011-08-19 14:00:00-04:00,long,114.49828905115243,0.1799588079277754,114.18647674841648,114.02995880792777,23262,23341,2011-08-16 13:45:00-04:00,2011-08-19 14:00:00-04:00,train
SPY,double_bottom,0,failed_breakout,23359,,2011-08-22 12:00:00-04:00,long,114.48495322160964,0.560809190960768,113.39810432326492,113.28080919096077,23280,23359,2011-08-17 11:45:00-04:00,2011-08-22 12:00:00-04:00,train
SPY,double_bottom,0,failed_breakout,23372,,2011-08-22 15:15:00-04:00,long,113.6937401136335,0.363364633777465,113.26264663644714,113.51336463377747,23293,23372,2011-08-17 15:00:00-04:00,2011-08-22 15:15:00-04:00,train
SPY,double_bottom,1,confirmed_breakout,23377,23378.0,2011-08-23 10:00:00-04:00,long,113.33471909826521,0.13774411587144186,113.1313033283404,114.18774411587144,23298,23377,2011-08-18 09:45:00-04:00,2011-08-23 10:00:00-04:00,train
SPY,double_bottom,0,near_miss,23425,,2011-08-24 15:30:00-04:00,long,116.7325672114459,1.8617643218130269,113.1313033283404,119.58176432181303,23346,23425,2011-08-19 15:15:00-04:00,2011-08-24 15:30:00-04:00,train
SPY,double_bottom,0,near_miss,23456,,2011-08-26 10:15:00-04:00,long,117.7240223600452,1.0478184194977729,116.61030245092533,115.59781841949777,23377,23456,2011-08-23 10:00:00-04:00,2011-08-26 10:15:00-04:00,train
SPY,double_bottom,1,confirmed_breakout,23462,23463.0,2011-08-26 11:45:00-04:00,long,116.75744278048192,0.39730538333544985,115.97816936412343,117.80730538333545,23383,23462,2011-08-23 11:30:00-04:00,2011-08-26 11:45:00-04:00,train
SPY,double_bottom,1,confirmed_breakout,23479,23480.0,2011-08-26 16:00:00-04:00,long,117.94463457893367,1.0156086107525226,115.97816936412343,121.06560861075252,23400,23479,2011-08-23 15:45:00-04:00,2011-08-26 16:00:00-04:00,train
SPY,double_bottom,0,near_miss,23521,,2011-08-30 13:30:00-04:00,long,121.01701030634959,1.659264430846747,117.87988257223886,122.81926443084674,23442,23521,2011-08-25 13:15:00-04:00,2011-08-30 13:30:00-04:00,train
SPY,double_bottom,0,near_miss,23529,,2011-08-30 15:30:00-04:00,long,121.13599403885591,0.1566063600647425,120.83560917876684,122.09660636006474,23450,23529,2011-08-25 15:15:00-04:00,2011-08-30 15:30:00-04:00,train
SPY,double_bottom,0,near_miss,23569,,2011-09-01 12:30:00-04:00,long,122.77992476188753,1.1493859825843487,121.12636261599542,123.58938598258435,23490,23569,2011-08-29 12:15:00-04:00,2011-09-01 12:30:00-04:00,train
SPY,double_bottom,0,failed_breakout,23574,,2011-09-01 13:45:00-04:00,long,122.25542394274292,0.07638419560170462,122.13471494261093,121.5463841956017,23495,23574,2011-08-29 13:30:00-04:00,2011-09-01 13:45:00-04:00,train
SPY,double_bottom,0,failed_breakout,23632,,2011-09-06 15:15:00-04:00,long,122.28901002470828,3.380477083000912,115.59370133174323,119.2004770830009,23553,23632,2011-08-31 15:00:00-04:00,2011-09-06 15:15:00-04:00,train
SPY,double_bottom,1,confirmed_breakout,23666,23667.0,2011-09-08 10:45:00-04:00,long,120.04524672364033,2.236121703762251,115.59370133174323,122.96612170376225,23587,23666,2011-09-02 10:30:00-04:00,2011-09-08 10:45:00-04:00,train
SPY,double_bottom,1,confirmed_breakout,23774,23775.0,2011-09-14 11:45:00-04:00,long,117.80381250950428,1.5683107445732958,114.76859402221224,119.9983107445733,23695,23774,2011-09-09 11:30:00-04:00,2011-09-14 11:45:00-04:00,train
SPY,double_bottom,0,near_miss,23838,,2011-09-16 14:45:00-04:00,long,121.32007868619391,1.9252730683422357,117.70240950764973,123.12527306834224,23759,23838,2011-09-13 14:30:00-04:00,2011-09-16 14:45:00-04:00,train
SPY,double_bottom,0,near_miss,23847,,2011-09-19 10:30:00-04:00,long,121.17937616202123,0.06666557700091857,121.08720172805361,119.11666557700092,23768,23847,2011-09-14 10:15:00-04:00,2011-09-19 10:30:00-04:00,train
SPY,double_bottom,1,confirmed_breakout,23870,23876.0,2011-09-20 09:45:00-04:00,long,121.20105932342996,0.9522077005174339,119.35948380383806,122.84220770051743,23791,23870,2011-09-14 16:00:00-04:00,2011-09-20 09:45:00-04:00,train
SPY,double_bottom,1,confirmed_breakout,23964,23965.0,2011-09-23 13:45:00-04:00,long,113.22025480497784,0.43492265096509186,112.36090194625469,114.3849226509651,23885,23964,2011-09-20 13:30:00-04:00,2011-09-23 13:45:00-04:00,train
SPY,double_bottom,0,near_miss,23979,,2011-09-26 11:00:00-04:00,long,113.37582313436154,0.10911575593685541,113.20976236177081,114.01911575593685,23900,23979,2011-09-21 10:45:00-04:00,2011-09-26 11:00:00-04:00,train
SPY,double_bottom,0,near_miss,24001,,2011-09-27 10:00:00-04:00,long,114.3420409648915,0.5605705358399433,113.32365239507854,119.40057053583995,23922,24001,2011-09-22 09:45:00-04:00,2011-09-27 10:00:00-04:00,train
SPY,double_bottom,0,near_miss,24061,,2011-09-29 12:00:00-04:00,long,119.09567442354218,3.8500080250476003,114.23928846302456,120.2300080250476,23982,24061,2011-09-26 11:45:00-04:00,2011-09-29 12:00:00-04:00,train
SPY,double_bottom,0,failed_breakout,24094,,2011-09-30 13:45:00-04:00,long,116.45446937462276,0.951587342898506,114.75371972948392,115.8115873428985,24015,24094,2011-09-27 13:30:00-04:00,2011-09-30 13:45:00-04:00,train
SPY,double_bottom,0,failed_breakout,24148,,2011-10-04 14:15:00-04:00,long,114.8919743011361,2.8807419700944052,109.26874493259949,111.7007419700944,24069,24148,2011-09-29 14:00:00-04:00,2011-10-04 14:15:00-04:00,train
SPY,double_bottom,1,confirmed_breakout,24153,24154.0,2011-10-04 15:30:00-04:00,long,109.57886587676208,0.44248131188503237,109.0040241971546,111.18248131188503,24074,24153,2011-09-29 15:15:00-04:00,2011-10-04 15:30:00-04:00,train
SPY,double_bottom,1,confirmed_breakout,24258,24259.0,2011-10-10 15:45:00-04:00,long,118.93183114119597,1.6897369286644732,115.68038050126171,121.27973692866448,24179,24258,2011-10-05 15:30:00-04:00,2011-10-10 15:45:00-04:00,train
SPY,double_bottom,1,confirmed_breakout,24493,24494.0,2011-10-21 16:00:00-04:00,long,123.475548304069,1.5795094501917077,120.5863411941216,126.2095094501917,24414,24493,2011-10-18 15:45:00-04:00,2011-10-21 16:00:00-04:00,train
SPY,double_bottom,0,near_miss,24555,,2011-10-26 12:00:00-04:00,long,125.44389472559314,1.9533300418043638,123.20573651363297,125.09333004180436,24476,24555,2011-10-21 11:45:00-04:00,2011-10-26 12:00:00-04:00,train
SPY,double_bottom,1,confirmed_breakout,24569,24570.0,2011-10-26 15:30:00-04:00,long,123.79203169512155,0.3906505318182383,123.02736947266206,125.04065053181824,24490,24569,2011-10-21 15:15:00-04:00,2011-10-26 15:30:00-04:00,train
SPY,double_bottom,0,failed_breakout,24613,,2011-10-28 13:30:00-04:00,long,128.62067368055125,2.882080153412943,123.02736947266206,131.44208015341295,24534,24613,2011-10-25 13:15:00-04:00,2011-10-28 13:30:00-04:00,train
SPY,double_bottom,0,near_miss,24622,,2011-10-28 15:45:00-04:00,long,128.46534690191896,0.0928658988853499,128.2951444244527,128.70286589888536,24543,24622,2011-10-25 15:30:00-04:00,2011-10-28 15:45:00-04:00,train
SPY,double_bottom,0,failed_breakout,24649,,2011-10-31 16:00:00-04:00,long,128.4210807295066,0.8477754458114362,126.85146614293764,126.21777544581144,24570,24649,2011-10-26 15:45:00-04:00,2011-10-31 16:00:00-04:00,train
SPY,double_bottom,1,confirmed_breakout,24675,24676.0,2011-11-01 16:00:00-04:00,long,122.70972754107089,0.20387089075060771,122.38687735238918,123.9438708907506,24596,24675,2011-10-27 15:45:00-04:00,2011-11-01 16:00:00-04:00,train
SPY,double_bottom,0,near_miss,24706,,2011-11-03 10:45:00-04:00,long,123.8961969389643,0.8786616006836709,122.6248359482514,125.75866160068367,24627,24706,2011-10-31 10:30:00-04:00,2011-11-03 10:45:00-04:00,train
SPY,double_bottom,0,failed_breakout,24751,,2011-11-04 15:30:00-04:00,long,125.9086978036893,1.8433827809551673,123.41023472830985,126.99338278095517,24672,24751,2011-11-01 15:15:00-04:00,2011-11-04 15:30:00-04:00,train
SPY,double_bottom,1,confirmed_breakout,24775,24776.0,2011-11-07 15:00:00-05:00,long,125.4623739863158,0.7144227248333834,124.72039531715842,126.80442272483339,24696,24775,2011-11-02 14:45:00-04:00,2011-11-07 15:00:00-05:00,train
SPY,double_bottom,1,confirmed_breakout,24796,24797.0,2011-11-08 13:45:00-05:00,long,126.36076492857967,0.8509650563075013,124.7755072058064,127.9609650563075,24717,24796,2011-11-03 13:30:00-04:00,2011-11-08 13:45:00-05:00,train
SPY,double_bottom,0,near_miss,24841,,2011-11-10 12:00:00-05:00,long,127.2837212551568,2.3181230821124217,123.68710380735081,126.49812308211243,24762,24841,2011-11-07 11:45:00-05:00,2011-11-10 12:00:00-05:00,train
SPY,double_bottom,1,confirmed_breakout,24845,24846.0,2011-11-10 13:00:00-05:00,long,123.73972357612263,0.08416170715139515,123.62401993059166,124.8041617071514,24766,24845,2011-11-07 12:45:00-05:00,2011-11-10 13:00:00-05:00,train
SPY,double_bottom,1,confirmed_breakout,24857,24858.0,2011-11-10 16:00:00-05:00,long,124.30135981706742,0.37510491320789185,123.62401993059166,126.5251049132079,24778,24857,2011-11-07 15:45:00-05:00,2011-11-10 16:00:00-05:00,train
SPY,double_bottom,0,near_miss,24917,,2011-11-15 11:30:00-05:00,long,126.7274903958728,1.9511664793769938,124.22848987712739,126.94116647937699,24838,24917,2011-11-10 11:15:00-05:00,2011-11-15 11:30:00-05:00,train
SPY,double_bottom,1,confirmed_breakout,24922,24923.0,2011-11-15 12:45:00-05:00,long,125.39251392842664,0.1021699869540953,125.25652992708085,126.1821699869541,24843,24922,2011-11-10 12:30:00-05:00,2011-11-15 12:45:00-05:00,train
SPY,double_bottom,0,near_miss,24959,,2011-11-16 15:30:00-05:00,long,126.30953546385534,0.921691050345828,125.25652992708085,125.73169105034583,24880,24959,2011-11-11 15:15:00-05:00,2011-11-16 15:30:00-05:00,train
SPY,double_bottom,0,failed_breakout,24996,,2011-11-18 11:45:00-05:00,long,125.81859147640165,2.1529563476793783,121.81211135750635,124.29295634767938,24917,24996,2011-11-15 11:30:00-05:00,2011-11-18 11:45:00-05:00,train
SPY,double_bottom,0,failed_breakout,25012,,2011-11-18 15:45:00-05:00,long,122.16084086173534,0.23949991402926685,121.81211135750635,122.16949991402927,24933,25012,2011-11-15 15:30:00-05:00,2011-11-18 15:45:00-05:00,train
SPY,double_bottom,0,near_miss,25041,,2011-11-22 10:00:00-05:00,long,122.18349862385136,1.5894136086008075,119.15759949259532,121.33941360860081,24962,25041,2011-11-17 09:45:00-05:00,2011-11-22 10:00:00-05:00,train
SPY,double_bottom,0,near_miss,25140,,2011-11-29 11:45:00-05:00,long,119.71334538622658,1.5207276854708027,116.9267967437441,122.06072768547081,25061,25140,2011-11-22 15:00:00-05:00,2011-11-29 11:45:00-05:00,train
SPY,double_bottom,1,confirmed_breakout,25157,25158.0,2011-11-29 16:00:00-05:00,long,120.42682619014732,0.5850272029840085,119.45843865776745,124.33502720298401,25078,25157,2011-11-23 12:45:00-05:00,2011-11-29 16:00:00-05:00,train
SPY,double_bottom,1,confirmed_breakout,25181,25182.0,2011-11-30 15:30:00-05:00,long,124.02572188522238,1.9168711922714294,120.20807432023176,126.68687119227143,25102,25181,2011-11-25 12:15:00-05:00,2011-11-30 15:30:00-05:00,train
SPY,double_bottom,0,near_miss,25208,,2011-12-01 15:45:00-05:00,long,124.8733207118227,0.47509556801644237,124.00962706567014,125.36509556801644,25129,25208,2011-11-28 15:30:00-05:00,2011-12-01 15:45:00-05:00,train
SPY,double_bottom,0,near_miss,25245,,2011-12-05 12:00:00-05:00,long,125.79582103772042,0.7650099561415971,124.78682322194236,127.5750099561416,25166,25245,2011-11-30 11:45:00-05:00,2011-12-05 12:00:00-05:00,train
SPY,double_bottom,0,failed_breakout,25274,,2011-12-06 12:45:00-05:00,long,126.88509098275043,1.2091434267975671,125.27479894121528,127.36914342679756,25195,25274,2011-12-01 12:30:00-05:00,2011-12-06 12:45:00-05:00,train
SPY,double_bottom,0,near_miss,25280,,2011-12-06 14:15:00-05:00,long,126.12577470267733,0.03323294064738036,126.07709617069045,126.28323294064738,25201,25280,2011-12-01 14:00:00-05:00,2011-12-06 14:15:00-05:00,train
SPY,double_bottom,0,failed_breakout,25306,,2011-12-07 14:15:00-05:00,long,126.52835799844114,0.5964156036475572,125.7558974362177,126.47641560364755,25227,25306,2011-12-02 14:00:00-05:00,2011-12-07 14:15:00-05:00,train
SPY,double_bottom,1,confirmed_breakout,25311,25312.0,2011-12-07 15:30:00-05:00,long,126.08851702268775,0.2031626598595011,125.7558974362177,127.1431626598595,25232,25311,2011-12-02 15:15:00-05:00,2011-12-07 15:30:00-05:00,train
SPY,double_bottom,0,near_miss,25349,,2011-12-09 12:00:00-05:00,long,126.20880280685607,0.9470917380134409,124.50861084824648,126.65709173801343,25270,25349,2011-12-06 11:45:00-05:00,2011-12-09 12:00:00-05:00,train
SPY,double_bottom,1,confirmed_breakout,25443,25444.0,2011-12-14 16:00:00-05:00,long,122.13325471221579,0.1474005594622838,121.93094693439807,123.00740055946228,25364,25443,2011-12-09 15:45:00-05:00,2011-12-14 16:00:00-05:00,train
SPY,double_bottom,0,near_miss,25480,,2011-12-16 12:15:00-05:00,long,122.47599586759192,0.343676797498901,121.93094693439807,122.2436767974989,25401,25480,2011-12-13 12:00:00-05:00,2011-12-16 12:15:00-05:00,train
SPY,double_bottom,0,near_miss,25505,,2011-12-19 12:00:00-05:00,long,122.51698568763862,0.5232308035676141,121.65381856235403,121.37323080356761,25426,25505,2011-12-14 11:45:00-05:00,2011-12-19 12:00:00-05:00,train
SPY,double_bottom,1,confirmed_breakout,25521,25522.0,2011-12-19 16:00:00-05:00,long,121.82572817369284,0.6310388140306742,120.7355601569703,123.66103881403068,25442,25521,2011-12-14 15:45:00-05:00,2011-12-19 16:00:00-05:00,train
SPY,double_bottom,1,confirmed_breakout,25571,25574.0,2011-12-21 15:30:00-05:00,long,123.83449398658877,1.8580182526213207,120.7355601569703,126.67801825262131,25492,25571,2011-12-16 15:15:00-05:00,2011-12-21 15:30:00-05:00,train
SPY,double_bottom,0,near_miss,25687,,2011-12-29 12:00:00-05:00,long,126.64629250879015,1.1015921405462024,125.03491109234375,127.0515921405462,25608,25687,2011-12-23 11:45:00-05:00,2011-12-29 12:00:00-05:00,train
SPY,double_bottom,1,confirmed_breakout,25729,25730.0,2011-12-30 16:00:00-05:00,long,126.10666666785075,0.6415663492247887,125.03491109234375,128.6915663492248,25650,25729,2011-12-27 15:45:00-05:00,2011-12-30 16:00:00-05:00,train
SPY,double_bottom,0,near_miss,25758,,2012-01-04 10:15:00-05:00,long,127.86126639053793,1.0416044836492944,125.89528954490818,128.0116044836493,25679,25758,2011-12-29 10:00:00-05:00,2012-01-04 10:15:00-05:00,train
SPY,double_bottom,0,near_miss,25775,,2012-01-04 14:30:00-05:00,long,127.82881738069126,0.3350219806887793,127.24355653113588,127.92502198068878,25696,25775,2011-12-29 14:15:00-05:00,2012-01-04 14:30:00-05:00,train
SPY,double_bottom,0,failed_breakout,25798,,2012-01-05 13:45:00-05:00,long,127.61772702504528,0.44123067820730455,127.10943616254008,128.63123067820732,25719,25798,2011-12-30 13:30:00-05:00,2012-01-05 13:45:00-05:00,train
SPY,double_bottom,0,failed_breakout,25823,,2012-01-06 13:30:00-05:00,long,127.93262854475911,0.4944717950492503,127.10943616254008,128.22447179504925,25744,25823,2012-01-03 13:15:00-05:00,2012-01-06 13:30:00-05:00,train
SPY,double_bottom,0,near_miss,25833,,2012-01-06 16:00:00-05:00,long,127.88755097869272,0.0736652508299045,127.76687733687965,127.86366525082991,25754,25833,2012-01-03 15:45:00-05:00,2012-01-06 16:00:00-05:00,train
SPY,double_bottom,0,near_miss,25845,,2012-01-09 12:30:00-05:00,long,127.89826743857968,0.044872271380270945,127.84589621555281,127.92487227138027,25766,25845,2012-01-04 12:15:00-05:00,2012-01-09 12:30:00-05:00,train
SPY,double_bottom,0,near_miss,25854,,2012-01-09 14:45:00-05:00,long,127.88051752784986,0.07704105626611124,127.76105672761469,128.1770410562661,25775,25854,2012-01-04 14:30:00-05:00,2012-01-09 14:45:00-05:00,train
SPY,double_bottom,0,near_miss,25888,,2012-01-11 10:15:00-05:00,long,129.2095064737928,0.7468211685678625,127.76105672761469,129.42682116856787,25809,25888,2012-01-06 10:00:00-05:00,2012-01-11 10:15:00-05:00,train
SPY,double_bottom,0,near_miss,25906,,2012-01-11 14:45:00-05:00,long,129.19086968009893,0.17740872364871052,128.86260803006522,129.3074087236487,25827,25906,2012-01-06 14:30:00-05:00,2012-01-11 14:45:00-05:00,train
SPY,double_bottom,0,failed_breakout,25931,,2012-01-12 14:30:00-05:00,long,129.16834792532188,0.2521405863630548,128.86260803006522,129.49214058636306,25852,25931,2012-01-09 14:15:00-05:00,2012-01-12 14:30:00-05:00,train
SPY,double_bottom,0,near_miss,25964,,2012-01-17 09:45:00-05:00,long,129.38766624331728,0.7397735368783458,128.32597876502538,130.88977353687835,25885,25964,2012-01-10 16:00:00-05:00,2012-01-17 09:45:00-05:00,train
SPY,double_bottom,0,failed_breakout,26000,,2012-01-18 12:15:00-05:00,long,129.90536216528915,0.982962927675203,128.32597876502538,131.1229629276752,25921,26000,2012-01-12 12:00:00-05:00,2012-01-18 12:15:00-05:00,train
SPY,double_bottom,0,failed_breakout,26049,,2012-01-20 11:30:00-05:00,long,131.43173260745152,0.9784181058896593,129.51881971020254,132.03841810588966,25970,26049,2012-01-17 11:15:00-05:00,2012-01-20 11:30:00-05:00,train
SPY,double_bottom,0,near_miss,26063,,2012-01-20 15:00:00-05:00,long,131.40086312509743,0.13378146275397285,131.14635403176572,131.31378146275398,25984,26063,2012-01-17 14:45:00-05:00,2012-01-20 15:00:00-05:00,train
SPY,double_bottom,0,near_miss,26073,,2012-01-23 11:00:00-05:00,long,131.21747476699008,0.04447194658317244,131.14635403176572,131.99447194658316,25994,26073,2012-01-18 10:45:00-05:00,2012-01-23 11:00:00-05:00,train
SPY,double_bottom,0,near_miss,26116,,2012-01-24 15:15:00-05:00,long,131.7510888430061,0.5305718651804909,131.19965160904812,131.9905718651805,26037,26116,2012-01-19 15:00:00-05:00,2012-01-24 15:15:00-05:00,train
SPY,double_bottom,1,confirmed_breakout,26134,26135.0,2012-01-25 13:15:00-05:00,long,131.35059343087212,0.14259583061792114,131.17479584340217,132.26259583061793,26055,26134,2012-01-20 13:00:00-05:00,2012-01-25 13:15:00-05:00,train
SPY,double_bottom,1,confirmed_breakout,26247,26252.0,2012-01-31 15:30:00-05:00,long,131.69262904852857,0.45930391026192297,131.0379952610981,133.19930391026193,26168,26247,2012-01-26 15:15:00-05:00,2012-01-31 15:30:00-05:00,train
SPY,double_bottom,0,failed_breakout,26289,,2012-02-02 13:00:00-05:00,long,132.86119796058858,0.9865282777656716,131.04368318878736,133.48652827776567,26210,26289,2012-01-30 12:45:00-05:00,2012-02-02 13:00:00-05:00,train
SPY,double_bottom,0,near_miss,26302,,2012-02-03 09:45:00-05:00,long,132.7422971270879,0.12188316637190155,132.53517174457355,133.9518831663719,26223,26302,2012-01-30 16:00:00-05:00,2012-02-03 09:45:00-05:00,train
SPY,double_bottom,0,failed_breakout,26349,,2012-02-06 15:00:00-05:00,long,134.43431695857495,1.058412756640962,132.53517174457355,135.33841275664096,26270,26349,2012-02-01 14:45:00-05:00,2012-02-06 15:00:00-05:00,train
SPY,double_bottom,0,near_miss,26355,,2012-02-07 10:00:00-05:00,long,134.26867157984017,0.031199390850417785,134.21663665929444,133.96119939085042,26276,26355,2012-02-02 09:45:00-05:00,2012-02-07 10:00:00-05:00,train
SPY,double_bottom,0,near_miss,26368,,2012-02-07 13:15:00-05:00,long,134.32448999914396,0.09481563893456268,134.20104100173373,134.91481563893456,26289,26368,2012-02-02 13:00:00-05:00,2012-02-07 13:15:00-05:00,train
SPY,double_bottom,0,near_miss,26424,,2012-02-09 14:15:00-05:00,long,135.06272091396522,0.46132417821996796,134.20104100173373,135.91132417821996,26345,26424,2012-02-06 14:00:00-05:00,2012-02-09 14:15:00-05:00,train
SPY,double_bottom,0,near_miss,26466,,2012-02-13 11:45:00-05:00,long,135.41852541127923,0.8443526828899621,134.14659298702173,135.94435268288996,26387,26466,2012-02-08 11:30:00-05:00,2012-02-13 11:45:00-05:00,train
SPY,double_bottom,0,near_miss,26517,,2012-02-15 11:30:00-05:00,long,135.34774470858278,0.9797879889448211,134.14659298702173,136.62978798894483,26438,26517,2012-02-10 11:15:00-05:00,2012-02-15 11:30:00-05:00,train
SPY,double_bottom,0,failed_breakout,26547,,2012-02-16 12:30:00-05:00,long,135.50443000427737,0.8459274894589726,134.5893204522542,136.51592748945896,26468,26547,2012-02-13 12:15:00-05:00,2012-02-16 12:30:00-05:00,train
SPY,double_bottom,0,failed_breakout,26585,,2012-02-17 15:30:00-05:00,long,136.1751317608496,0.73532878329695,134.7276845773826,137.24532878329694,26506,26585,2012-02-14 15:15:00-05:00,2012-02-17 15:30:00-05:00,train
SPY,double_bottom,0,near_miss,26638,,2012-02-22 15:45:00-05:00,long,136.84321893686183,0.7276450906772993,136.07922631464638,136.8576450906773,26559,26638,2012-02-16 15:30:00-05:00,2012-02-22 15:45:00-05:00,train
SPY,double_bottom,0,near_miss,26654,,2012-02-23 13:15:00-05:00,long,136.16091537826668,0.13152923368477332,135.97954597451746,136.45152923368477,26575,26654,2012-02-17 13:00:00-05:00,2012-02-23 13:15:00-05:00,train
SPY,double_bottom,0,near_miss,26707,,2012-02-27 13:30:00-05:00,long,137.0601544205479,0.7922989959857603,135.97954597451746,137.94229899598577,26628,26707,2012-02-22 13:15:00-05:00,2012-02-27 13:30:00-05:00,train
SPY,double_bottom,0,failed_breakout,26750,,2012-02-29 11:15:00-05:00,long,137.48592769685487,0.5412692646548294,136.55616487460682,137.78126926465484,26671,26750,2012-02-24 11:00:00-05:00,2012-02-29 11:15:00-05:00,train
SPY,double_bottom,0,near_miss,26769,,2012-02-29 16:00:00-05:00,long,137.64086998897798,0.2946144507497479,137.33315198979327,137.17461445074974,26690,26769,2012-02-24 15:45:00-05:00,2012-02-29 16:00:00-05:00,train
SPY,double_bottom,0,near_miss,26779,,2012-03-01 12:00:00-05:00,long,137.41506452807712,0.10727824545421072,137.25621347858262,137.8072782454542,26700,26779,2012-02-27 11:45:00-05:00,2012-03-01 12:00:00-05:00,train
SPY,double_bottom,0,near_miss,26826,,2012-03-05 10:45:00-05:00,long,137.78197003458897,0.5182135908624161,137.25621347858262,137.06821359086243,26747,26826,2012-02-29 10:30:00-05:00,2012-03-05 10:45:00-05:00,train
SPY,double_bottom,0,near_miss,26850,,2012-03-06 10:15:00-05:00,long,137.31360946629718,0.41278812411360377,136.5303432754967,135.4427881241136,26771,26850,2012-03-01 10:00:00-05:00,2012-03-06 10:15:00-05:00,train
SPY,double_bottom,0,failed_breakout,26882,,2012-03-07 11:45:00-05:00,long,136.69649648382244,1.1258350370340509,134.61097961808008,136.74583503703406,26803,26882,2012-03-02 11:30:00-05:00,2012-03-07 11:45:00-05:00,train
SPY,double_bottom,0,failed_breakout,27025,,2012-03-14 15:00:00-04:00,long,139.97022814161596,1.3099033675738667,137.3591684081195,141.07990336757388,26946,27025,2012-03-09 14:45:00-05:00,2012-03-14 15:00:00-04:00,train
SPY,double_bottom,0,near_miss,27082,,2012-03-19 09:45:00-04:00,long,140.6061526702252,0.4568426324985353,139.9614811399647,140.76684263249854,27003,27082,2012-03-13 16:00:00-04:00,2012-03-19 09:45:00-04:00,train
SPY,double_bottom,0,near_miss,27092,,2012-03-19 12:15:00-04:00,long,140.3517794761271,0.021777630189234287,140.32286475638705,140.93177763018923,27013,27092,2012-03-14 12:00:00-04:00,2012-03-19 12:15:00-04:00,train
SPY,double_bottom,0,near_miss,27131,,2012-03-20 15:30:00-04:00,long,141.0990706944801,0.8537057586887045,140.16786511519575,141.3837057586887,27052,27131,2012-03-15 15:15:00-04:00,2012-03-20 15:30:00-04:00,train
SPY,double_bottom,0,failed_breakout,27153,,2012-03-21 14:30:00-04:00,long,140.4443588402679,0.2262299954190894,140.16786511519575,140.6562299954191,27074,27153,2012-03-16 14:15:00-04:00,2012-03-21 14:30:00-04:00,train
SPY,double_bottom,0,near_miss,27184,,2012-03-22 15:45:00-04:00,long,140.44909098053887,0.7000951209537334,139.22959914466836,139.89009512095373,27105,27184,2012-03-19 15:30:00-04:00,2012-03-22 15:45:00-04:00,train
SPY,double_bottom,0,failed_breakout,27200,,2012-03-23 13:15:00-04:00,long,139.23354516822377,0.10254989302089257,139.0323914057374,139.6525498930209,27121,27200,2012-03-20 13:00:00-04:00,2012-03-23 13:15:00-04:00,train
SPY,double_bottom,0,near_miss,27295,,2012-03-29 11:00:00-04:00,long,141.62154911821673,0.815812072875616,140.02359797999318,140.28581207287561,27216,27295,2012-03-26 10:45:00-04:00,2012-03-29 11:00:00-04:00,train
SPY,double_bottom,0,failed_breakout,27316,,2012-03-30 09:45:00-04:00,long,140.12503129732465,0.4241516379809127,139.37816133869433,141.10415163798092,27237,27316,2012-03-26 16:00:00-04:00,2012-03-30 09:45:00-04:00,train
SPY,double_bottom,1,confirmed_breakout,27349,27350.0,2012-04-02 11:30:00-04:00,long,140.85771598747468,0.7657046533614391,139.37816133869433,142.35570465336144,27270,27349,2012-03-28 11:15:00-04:00,2012-04-02 11:30:00-04:00,train
SPY,double_bottom,0,near_miss,27452,,2012-04-09 11:15:00-04:00,long,139.94233049776466,0.1678133091270979,139.74740002695455,138.1978133091271,27373,27452,2012-04-03 11:00:00-04:00,2012-04-09 11:15:00-04:00,train
SPY,double_bottom,0,near_miss,27468,,2012-04-09 15:15:00-04:00,long,139.76103067242832,0.7462251755853231,138.28221096673144,139.37622517558532,27389,27468,2012-04-03 15:00:00-04:00,2012-04-09 15:15:00-04:00,train
SPY,double_bottom,0,failed_breakout,27507,,2012-04-11 12:00:00-04:00,long,138.51999855937785,1.3210549081036618,136.11567633581691,138.26105490810366,27428,27507,2012-04-05 11:45:00-04:00,2012-04-11 12:00:00-04:00,train
SPY,double_bottom,1,confirmed_breakout,27527,27528.0,2012-04-12 10:30:00-04:00,long,137.18792552398602,0.6067058644477754,136.11567633581691,138.84670586444778,27448,27527,2012-04-09 10:15:00-04:00,2012-04-12 10:30:00-04:00,train
SPY,double_bottom,0,failed_breakout,27667,,2012-04-19 13:00:00-04:00,long,138.73407208153952,0.0943569862156437,138.6377334443857,138.22435698621564,27588,27667,2012-04-16 12:45:00-04:00,2012-04-19 13:00:00-04:00,train
SPY,double_bottom,0,near_miss,27689,,2012-04-20 12:00:00-04:00,long,138.708904947924,0.5356520421241555,137.70877236721398,139.21565204212416,27610,27689,2012-04-17 11:45:00-04:00,2012-04-20 12:00:00-04:00,train
SPY,double_bottom,0,failed_breakout,27734,,2012-04-24 10:15:00-04:00,long,138.60404849775645,1.5145754635454125,136.47017370120807,138.9045754635454,27655,27734,2012-04-19 10:00:00-04:00,2012-04-24 10:15:00-04:00,train
SPY,double_bottom,1,confirmed_breakout,27757,27758.0,2012-04-24 16:00:00-04:00,long,137.35983842111438,0.5452452683319677,136.47017370120807,139.43524526833195,27678,27757,2012-04-19 15:45:00-04:00,2012-04-24 16:00:00-04:00,train
SPY,double_bottom,0,near_miss,27908,,2012-05-02 14:45:00-04:00,long,141.35260996680583,1.477164492729088,139.68467271488288,141.7771644927291,27829,27908,2012-04-27 14:30:00-04:00,2012-05-02 14:45:00-04:00,train
SPY,double_bottom,0,failed_breakout,28017,,2012-05-08 16:00:00-04:00,long,137.32492172949324,1.150561981316315,135.43423692773712,137.67056198131633,27938,28017,2012-05-03 15:45:00-04:00,2012-05-08 16:00:00-04:00,train
SPY,double_bottom,0,failed_breakout,28033,,2012-05-09 13:30:00-04:00,long,135.985113573459,0.5029155351897998,135.43423692773712,136.6329155351898,27954,28033,2012-05-04 13:15:00-04:00,2012-05-09 13:30:00-04:00,train
SPY,double_bottom,0,near_miss,28083,,2012-05-11 13:00:00-04:00,long,136.41139050900733,0.6054587763322843,135.53015914880123,136.9654587763323,28004,28083,2012-05-08 12:45:00-04:00,2012-05-11 13:00:00-04:00,train
SPY,double_bottom,0,near_miss,28117,,2012-05-14 15:00:00-04:00,long,136.41281315390512,1.076191918553775,134.59153815415388,135.49619191855376,28038,28117,2012-05-09 14:45:00-04:00,2012-05-14 15:00:00-04:00,train
SPY,double_bottom,0,failed_breakout,28139,,2012-05-15 14:00:00-04:00,long,134.7176192225226,0.27297668530920305,134.2977469202729,134.2729766853092,28060,28139,2012-05-10 13:45:00-04:00,2012-05-15 14:00:00-04:00,train
SPY,double_bottom,0,failed_breakout,28158,,2012-05-16 12:15:00-04:00,long,134.4703863490354,0.4124917249681914,133.81804232786152,134.14249172496818,28079,28158,2012-05-11 12:00:00-04:00,2012-05-16 12:15:00-04:00,train
SPY,double_bottom,0,failed_breakout,28336,,2012-05-25 11:15:00-04:00,long,132.27754666047605,1.1622649425560212,130.476312720352,133.82226494255602,28257,28336,2012-05-22 11:00:00-04:00,2012-05-25 11:15:00-04:00,train
SPY,double_bottom,1,confirmed_breakout,28355,28356.0,2012-05-25 16:00:00-04:00,long,132.47439983667658,0.48461502823306546,131.754250715488,133.75461502823308,28276,28355,2012-05-22 15:45:00-04:00,2012-05-25 16:00:00-04:00,train
SPY,double_bottom,0,near_miss,28386,,2012-05-30 10:45:00-04:00,long,133.2842469464578,0.638862893801388,132.225318901399,132.5988628938014,28307,28386,2012-05-24 10:30:00-04:00,2012-05-30 10:45:00-04:00,train
SPY,double_bottom,0,near_miss,28407,,2012-05-30 16:00:00-04:00,long,133.28014790975865,0.786700790344355,131.9214450349147,132.57670079034435,28328,28407,2012-05-24 15:45:00-04:00,2012-05-30 16:00:00-04:00,train
SPY,double_bottom,0,failed_breakout,28427,,2012-05-31 14:30:00-04:00,long,131.96866362479173,0.5274151902511335,130.96105183416648,132.01741519025114,28348,28427,2012-05-25 14:15:00-04:00,2012-05-31 14:30:00-04:00,train
SPY,double_bottom,0,failed_breakout,28487,,2012-06-05 10:00:00-04:00,long,131.66353815293033,2.4191647460855563,127.52769497952308,130.83916474608554,28408,28487,2012-05-31 09:45:00-04:00,2012-06-05 10:00:00-04:00,train
SPY,double_bottom,0,near_miss,28631,,2012-06-12 13:30:00-04:00,long,132.8893514016321,0.5585316587923899,131.80893974684838,132.78853165879238,28552,28631,2012-06-07 13:15:00-04:00,2012-06-12 13:30:00-04:00,train
SPY,double_bottom,0,failed_breakout,28678,,2012-06-14 12:15:00-04:00,long,133.01215581567615,0.934036136660751,131.80893974684838,133.96403613666075,28599,28678,2012-06-11 12:00:00-04:00,2012-06-14 12:15:00-04:00,train
SPY,double_bottom,0,failed_breakout,28841,,2012-06-22 14:00:00-04:00,long,135.50627840794562,1.370316612650896,132.87770633354495,134.4903166126509,28762,28841,2012-06-19 13:45:00-04:00,2012-06-22 14:00:00-04:00,train
SPY,double_bottom,0,failed_breakout,28876,,2012-06-26 09:45:00-04:00,long,133.2911273835008,1.26438084739749,131.17578673866169,133.0643808473975,28797,28876,2012-06-20 16:00:00-04:00,2012-06-26 09:45:00-04:00,train
SPY,double_bottom,0,near_miss,28881,,2012-06-26 11:00:00-04:00,long,131.19440020375364,0.017347960141052,131.17578673866169,131.39734796014105,28802,28881,2012-06-21 10:45:00-04:00,2012-06-26 11:00:00-04:00,train
SPY,double_bottom,1,confirmed_breakout,28893,28894.0,2012-06-26 14:00:00-04:00,long,131.43809757539032,0.1535317449112199,131.1783177485635,132.3835317449112,28814,28893,2012-06-21 13:45:00-04:00,2012-06-26 14:00:00-04:00,train
SPY,double_bottom,0,near_miss,28933,,2012-06-28 11:00:00-04:00,long,133.10524688476443,0.8938511747955431,131.3908139123947,132.45385117479555,28854,28933,2012-06-25 10:45:00-04:00,2012-06-28 11:00:00-04:00,train
SPY,double_bottom,0,near_miss,28959,,2012-06-29 11:00:00-04:00,long,133.0929001183121,0.7547759378437888,131.64427085339346,136.1247759378438,28880,28959,2012-06-26 10:45:00-04:00,2012-06-29 11:00:00-04:00,train
SPY,double_bottom,1,confirmed_breakout,29001,29006.0,2012-07-02 15:00:00-04:00,long,135.92589399414666,2.191057965888973,131.64427085339346,138.88105796588897,28922,29001,2012-06-27 14:45:00-04:00,2012-07-02 15:00:00-04:00,train
SPY,double_bottom,0,near_miss,29042,,2012-07-05 15:15:00-04:00,long,137.16185944126474,0.7804488743443585,135.8254012031219,137.86044887434437,28963,29042,2012-06-29 12:00:00-04:00,2012-07-05 15:15:00-04:00,train
SPY,double_bottom,0,failed_breakout,29077,,2012-07-09 11:00:00-04:00,long,137.13254446923958,1.1151719815794081,135.09732504460152,136.29517198157941,28998,29077,2012-07-02 14:15:00-04:00,2012-07-09 11:00:00-04:00,train
SPY,double_bottom,1,confirmed_breakout,29096,29098.0,2012-07-09 15:45:00-04:00,long,135.24202480230088,0.21521614119058086,134.9562922776191,136.25521614119057,29017,29096,2012-07-03 12:30:00-04:00,2012-07-09 15:45:00-04:00,train
SPY,double_bottom,0,near_miss,29103,,2012-07-10 11:00:00-04:00,long,135.0490782653677,0.053283625775037535,134.9562922776191,135.22328362577503,29024,29103,2012-07-05 10:45:00-04:00,2012-07-10 11:00:00-04:00,train
SPY,double_bottom,0,near_miss,29141,,2012-07-11 14:00:00-04:00,long,135.3811638094319,0.7958346552508146,134.13536130679594,135.13583465525082,29062,29141,2012-07-06 13:45:00-04:00,2012-07-11 14:00:00-04:00,train
SPY,double_bottom,0,failed_breakout,29157,,2012-07-12 11:30:00-04:00,long,134.26717823650387,0.21752964939639696,133.96393586741897,133.3175296493964,29078,29157,2012-07-09 11:15:00-04:00,2012-07-12 11:30:00-04:00,train
SPY,double_bottom,0,failed_breakout,29168,,2012-07-12 14:15:00-04:00,long,133.97938748448556,0.4158013173735071,133.16323646680513,134.0658013173735,29089,29168,2012-07-09 14:00:00-04:00,2012-07-12 14:15:00-04:00,train
SPY,double_bottom,0,failed_breakout,29228,,2012-07-17 09:45:00-04:00,long,135.58026761056374,1.2869336943844587,133.16323646680513,137.19693369438446,29149,29228,2012-07-11 16:00:00-04:00,2012-07-17 09:45:00-04:00,train
SPY,double_bottom,0,near_miss,29237,,2012-07-17 12:00:00-04:00,long,135.52686329063883,0.0624007154378603,135.42343136555343,135.82240071543785,29158,29237,2012-07-12 11:45:00-04:00,2012-07-17 12:00:00-04:00,train
SPY,double_bottom,0,near_miss,29245,,2012-07-17 14:00:00-04:00,long,135.57638846292105,0.1854541398493268,135.2763748612949,136.51545413984934,29166,29245,2012-07-12 13:45:00-04:00,2012-07-17 14:00:00-04:00,train
SPY,double_bottom,0,near_miss,29287,,2012-07-19 11:30:00-04:00,long,137.38108912575927,1.08681346864023,135.2763748612949,138.84681346864022,29208,29287,2012-07-16 11:15:00-04:00,2012-07-19 11:30:00-04:00,train
SPY,double_bottom,0,failed_breakout,29390,,2012-07-25 11:15:00-04:00,long,135.00266145454566,0.9812426854351202,133.45922495288067,134.60124268543512,29311,29390,2012-07-20 11:00:00-04:00,2012-07-25 11:15:00-04:00,train
SPY,double_bottom,1,confirmed_breakout,29405,29410.0,2012-07-25 15:00:00-04:00,long,133.7768246359414,0.20362356318636898,133.45922495288067,136.23362356318637,29326,29405,2012-07-20 14:45:00-04:00,2012-07-25 15:00:00-04:00,train
SPY,double_bottom,0,near_miss,29419,,2012-07-26 12:00:00-04:00,long,134.1830747468402,0.27291545179969035,133.6871771926294,135.6829154517997,29340,29419,2012-07-23 11:45:00-04:00,2012-07-26 12:00:00-04:00,train
SPY,double_bottom,0,near_miss,29515,,2012-08-01 10:00:00-04:00,long,138.65243894218415,0.19339088145417804,138.38473875974262,138.5533908814542,29436,29515,2012-07-27 09:45:00-04:00,2012-08-01 10:00:00-04:00,train
SPY,double_bottom,0,near_miss,29527,,2012-08-01 13:00:00-04:00,long,138.409213441286,0.06416375142231345,138.30536061998473,138.5341637514223,29448,29527,2012-07-27 12:45:00-04:00,2012-08-01 13:00:00-04:00,train
SPY,double_bottom,0,near_miss,29627,,2012-08-07 12:00:00-04:00,long,140.05244718840078,0.34794961779107325,139.40861280480073,141.13794961779107,29548,29627,2012-08-02 11:45:00-04:00,2012-08-07 12:00:00-04:00,train
SPY,double_bottom,0,near_miss,29660,,2012-08-08 13:45:00-04:00,long,140.7356628554036,0.6033860185374635,140.0003823364187,140.99338601853745,29581,29660,2012-08-03 13:30:00-04:00,2012-08-08 13:45:00-04:00,train
SPY,double_bottom,0,failed_breakout,29675,,2012-08-09 11:00:00-04:00,long,140.41593012472435,0.09904289184123627,140.2641713373136,140.89904289184125,29596,29675,2012-08-06 10:45:00-04:00,2012-08-09 11:00:00-04:00,train
SPY,double_bottom,0,near_miss,29721,,2012-08-10 16:00:00-04:00,long,140.6077087072767,0.2652043228493426,140.315405640402,141.10520432284935,29642,29721,2012-08-07 15:45:00-04:00,2012-08-10 16:00:00-04:00,train
SPY,double_bottom,0,failed_breakout,29747,,2012-08-13 16:00:00-04:00,long,140.57275292846492,0.2661039997790908,140.29789221696964,141.02610399977908,29668,29747,2012-08-08 15:45:00-04:00,2012-08-13 16:00:00-04:00,train
SPY,double_bottom,0,near_miss,29784,,2012-08-15 12:15:00-04:00,long,141.0922818414875,0.5058467149871433,140.29789221696964,141.41584671498714,29705,29784,2012-08-10 12:00:00-04:00,2012-08-15 12:15:00-04:00,train
SPY,double_bottom,0,near_miss,29792,,2012-08-15 14:15:00-04:00,long,140.8836377383531,0.012137771381532048,140.86802189791203,140.81213777138154,29713,29792,2012-08-10 14:00:00-04:00,2012-08-15 14:15:00-04:00,train
SPY,double_bottom,0,near_miss,29802,,2012-08-16 10:15:00-04:00,long,140.9120290276175,0.03715473767786648,140.86802189791203,140.99715473767787,29723,29802,2012-08-13 10:00:00-04:00,2012-08-16 10:15:00-04:00,train
SPY,double_bottom,0,near_miss,29843,,2012-08-17 14:00:00-04:00,long,141.99671364121042,0.5658890885621304,140.88172668196725,142.56588908856213,29764,29843,2012-08-14 13:45:00-04:00,2012-08-17 14:00:00-04:00,train
SPY,double_bottom,0,near_miss,29854,,2012-08-20 10:15:00-04:00,long,142.01783628667604,0.02436700937764158,141.97992242332933,141.80436700937764,29775,29854,2012-08-15 10:00:00-04:00,2012-08-20 10:15:00-04:00,train
SPY,double_bottom,0,near_miss,29870,,2012-08-20 14:15:00-04:00,long,142.07560430217072,0.13149392898807832,141.88120461509786,142.2414939289881,29791,29870,2012-08-15 14:00:00-04:00,2012-08-20 14:15:00-04:00,train
SPY,double_bottom,0,near_miss,29969,,2012-08-24 13:00:00-04:00,long,141.62839936809112,0.6846830343461932,140.59033281240116,142.1246830343462,29890,29969,2012-08-21 12:45:00-04:00,2012-08-24 13:00:00-04:00,train
SPY,double_bottom,0,failed_breakout,29994,,2012-08-27 12:45:00-04:00,long,141.49126125959387,0.45301882624156065,140.59033281240116,142.33301882624156,29915,29994,2012-08-22 12:30:00-04:00,2012-08-27 12:45:00-04:00,train
SPY,double_bottom,0,near_miss,30026,,2012-08-28 14:15:00-04:00,long,141.83996557271658,0.3552989421546613,141.48318120682038,141.86529894215465,29947,30026,2012-08-23 14:00:00-04:00,2012-08-28 14:15:00-04:00,train
SPY,double_bottom,0,near_miss,30036,,2012-08-29 10:15:00-04:00,long,141.5592321283971,0.04577613478735998,141.48318120682038,141.62577613478737,29957,30036,2012-08-24 10:00:00-04:00,2012-08-29 10:15:00-04:00,train
SPY,double_bottom,0,near_miss,30051,,2012-08-29 14:00:00-04:00,long,141.57910772433402,0.09509322909192974,141.42429821008514,141.90509322909193,29972,30051,2012-08-24 13:45:00-04:00,2012-08-29 14:00:00-04:00,train
SPY,double_bottom,0,failed_breakout,30087,,2012-08-31 10:00:00-04:00,long,141.70609594496966,0.7357604393475299,140.5163728011591,141.97576043934754,30008,30087,2012-08-28 09:45:00-04:00,2012-08-31 10:00:00-04:00,train
SPY,double_bottom,0,failed_breakout,30114,,2012-09-04 10:15:00-04:00,long,141.2626121256292,0.4751452044580162,140.5163728011591,140.955145204458,30035,30114,2012-08-29 10:00:00-04:00,2012-09-04 10:15:00-04:00,train
SPY,double_bottom,0,near_miss,30136,,2012-09-04 15:45:00-04:00,long,141.12124699225242,0.35783340263782293,140.46826613804595,141.35783340263782,30057,30136,2012-08-29 15:30:00-04:00,2012-09-04 15:45:00-04:00,train
SPY,double_bottom,1,confirmed_breakout,30163,30164.0,2012-09-05 16:00:00-04:00,long,141.15611312561657,0.44778619680340626,140.46826613804595,142.71778619680342,30084,30163,2012-08-30 15:45:00-04:00,2012-09-05 16:00:00-04:00,train
SPY,double_bottom,0,near_miss,30197,,2012-09-07 11:30:00-04:00,long,143.5739405867437,1.3218847057740106,140.94838771958038,145.491884705774,30118,30197,2012-09-04 11:15:00-04:00,2012-09-07 11:30:00-04:00,train
SPY,double_bottom,0,near_miss,30218,,2012-09-10 10:15:00-04:00,long,144.14840692978063,0.29877213997156105,143.555724042359,144.51877213997156,30139,30218,2012-09-05 10:00:00-04:00,2012-09-10 10:15:00-04:00,train
SPY,double_bottom,0,near_miss,30239,,2012-09-10 15:30:00-04:00,long,144.26374650696965,0.06787203112912721,144.14354553725914,143.91787203112912,30160,30239,2012-09-05 15:15:00-04:00,2012-09-10 15:30:00-04:00,train
SPY,double_bottom,0,near_miss,30255,,2012-09-11 13:00:00-04:00,long,144.26031777204682,0.1945135642357343,143.8834050012003,144.30451356423575,30176,30255,2012-09-06 12:45:00-04:00,2012-09-11 13:00:00-04:00,train
SPY,double_bottom,0,failed_breakout,30277,,2012-09-12 12:00:00-04:00,long,144.1312295289635,0.1803895309357415,143.8834050012003,144.45038953093575,30198,30277,2012-09-07 11:45:00-04:00,2012-09-12 12:00:00-04:00,train
SPY,double_bottom,0,failed_breakout,30403,,2012-09-19 11:00:00-04:00,long,146.59522836285447,0.10377878734999513,146.41896888367074,146.78377878735,30324,30403,2012-09-14 10:45:00-04:00,2012-09-19 11:00:00-04:00,train
SPY,double_bottom,0,near_miss,30448,,2012-09-20 15:45:00-04:00,long,147.01887590339607,0.6479685281423428,146.3228458668367,147.25796852814236,30369,30448,2012-09-17 15:30:00-04:00,2012-09-20 15:45:00-04:00,train
SPY,double_bottom,0,failed_breakout,30504,,2012-09-25 10:15:00-04:00,long,146.5390917628872,0.667342719538226,145.4206522198613,146.77734271953824,30425,30504,2012-09-20 10:00:00-04:00,2012-09-25 10:15:00-04:00,train
SPY,double_bottom,0,failed_breakout,30550,,2012-09-26 15:15:00-04:00,long,145.96863344773908,1.4900325718297722,143.5365495319573,144.89003257182978,30471,30550,2012-09-21 15:00:00-04:00,2012-09-26 15:15:00-04:00,train
SPY,double_bottom,1,confirmed_breakout,30563,30564.0,2012-09-27 12:00:00-04:00,long,143.60213109703437,0.08286043837770762,143.50199178535604,144.4528604383777,30484,30563,2012-09-24 11:45:00-04:00,2012-09-27 12:00:00-04:00,train
SPY,double_bottom,0,near_miss,30615,,2012-10-01 12:00:00-04:00,long,144.72079421603414,0.9294093101571264,143.50199178535604,146.07940931015713,30536,30615,2012-09-26 11:45:00-04:00,2012-10-01 12:00:00-04:00,train
SPY,double_bottom,0,near_miss,30644,,2012-10-02 12:45:00-04:00,long,145.18912028692046,0.8448564902665225,144.08077802639795,145.09485649026652,30565,30644,2012-09-27 12:30:00-04:00,2012-10-02 12:45:00-04:00,train
SPY,double_bottom,1,confirmed_breakout,30664,30669.0,2012-10-03 11:15:00-04:00,long,144.62541937268958,0.2614766683432208,144.12013584178277,145.61147666834322,30585,30664,2012-09-28 11:00:00-04:00,2012-10-03 11:15:00-04:00,train
SPY,double_bottom,1,confirmed_breakout,30685,30686.0,2012-10-04 10:00:00-04:00,long,145.14869210774202,0.5863444749786026,144.12013584178277,146.7963444749786,30606,30685,2012-10-01 09:45:00-04:00,2012-10-04 10:00:00-04:00,train
SPY,double_bottom,0,near_miss,30823,,2012-10-11 12:00:00-04:00,long,145.6259599966755,1.1703273444053082,143.35177191222547,145.0703273444053,30744,30823,2012-10-08 11:45:00-04:00,2012-10-11 12:00:00-04:00,train
SPY,double_bottom,0,failed_breakout,30850,,2012-10-12 12:15:00-04:00,long,144.0312347653099,0.5600343440508766,143.35177191222547,143.46003434405088,30771,30850,2012-10-09 12:00:00-04:00,2012-10-12 12:15:00-04:00,train
SPY,double_bottom,0,failed_breakout,30868,,2012-10-15 10:15:00-04:00,long,143.61714328545114,0.3848619679805836,142.87393370464858,143.2848619679806,30789,30868,2012-10-10 10:00:00-04:00,2012-10-15 10:15:00-04:00,train
SPY,double_bottom,0,near_miss,30879,,2012-10-15 13:00:00-04:00,long,142.9718935290904,0.05500032004957234,142.87393370464858,143.85500032004958,30800,30879,2012-10-10 12:45:00-04:00,2012-10-15 13:00:00-04:00,train
SPY,double_bottom,0,near_miss,30897,,2012-10-16 11:00:00-04:00,long,143.71097845284513,0.38067626447463,142.95985271343312,145.57067626447463,30818,30897,2012-10-11 10:45:00-04:00,2012-10-16 11:00:00-04:00,train
SPY,double_bottom,0,near_miss,30925,,2012-10-17 11:30:00-04:00,long,145.43926689216414,0.8892751264043,143.70075166330787,146.9292751264043,30846,30925,2012-10-12 11:15:00-04:00,2012-10-17 11:30:00-04:00,train
SPY,double_bottom,0,near_miss,30947,,2012-10-18 10:30:00-04:00,long,146.11590446371744,0.38579576678216654,145.39923186821179,146.15579576678218,30868,30947,2012-10-15 10:15:00-04:00,2012-10-18 10:30:00-04:00,train
SPY,double_bottom,0,near_miss,30959,,2012-10-18 13:30:00-04:00,long,146.1465417078176,0.10368870276889197,146.0247204844386,146.0436887027689,30880,30959,2012-10-15 13:15:00-04:00,2012-10-18 13:30:00-04:00,train
SPY,double_bottom,0,near_miss,30977,,2012-10-19 11:30:00-04:00,long,146.17047241667865,0.27938475900572257,145.75745483090725,144.65938475900572,30898,30977,2012-10-16 11:15:00-04:00,2012-10-19 11:30:00-04:00,train
SPY,double_bottom,0,near_miss,31007,,2012-10-22 12:30:00-04:00,long,145.76902375601094,1.1850858723574902,143.41042093639962,144.2950858723575,30928,31007,2012-10-17 12:15:00-04:00,2012-10-22 12:30:00-04:00,train
SPY,double_bottom,0,failed_breakout,31028,,2012-10-23 11:15:00-04:00,long,143.41429808331043,0.3628582923779504,142.69245864546536,141.60285829237796,30949,31028,2012-10-18 11:00:00-04:00,2012-10-23 11:15:00-04:00,train
SPY,double_bottom,0,failed_breakout,31044,,2012-10-23 15:15:00-04:00,long,142.79687115294294,0.7274498486175105,141.4463839631855,142.4474498486175,30965,31044,2012-10-18 15:00:00-04:00,2012-10-23 15:15:00-04:00,train
SPY,double_bottom,0,failed_breakout,31057,,2012-10-24 12:00:00-04:00,long,141.61748710415216,0.10596464755727197,141.4463839631855,141.41596464755727,30978,31057,2012-10-19 11:45:00-04:00,2012-10-24 12:00:00-04:00,train
SPY,double_bottom,0,near_miss,31069,,2012-10-24 15:00:00-04:00,long,141.6104223322567,0.05948459613628643,141.51742810412915,141.3294845961363,30990,31069,2012-10-19 14:45:00-04:00,2012-10-24 15:00:00-04:00,train
SPY,double_bottom,0,near_miss,31083,,2012-10-25 12:00:00-04:00,long,141.56770346977925,0.15483562612516266,141.30830758317902,141.05483562612517,31004,31083,2012-10-22 11:45:00-04:00,2012-10-25 12:00:00-04:00,train
SPY,double_bottom,0,failed_breakout,31098,,2012-10-25 15:45:00-04:00,long,141.50514095243656,0.2830328598564904,141.13590860198113,141.5530328598565,31019,31098,2012-10-22 15:30:00-04:00,2012-10-25 15:45:00-04:00,train
SPY,double_bottom,0,failed_breakout,31125,,2012-10-26 16:00:00-04:00,long,141.3112033733706,0.3031587343657236,140.8801806760286,141.60315873436573,31046,31125,2012-10-23 15:45:00-04:00,2012-10-26 16:00:00-04:00,train
SPY,double_bottom,1,confirmed_breakout,31153,31154.0,2012-11-01 10:00:00-04:00,long,141.4980140180126,0.5464229257763122,140.8801806760286,143.0164229257763,31074,31153,2012-10-25 09:45:00-04:00,2012-11-01 10:00:00-04:00,train
SPY,double_bottom,0,failed_breakout,31180,,2012-11-02 10:15:00-04:00,long,142.66805337467397,0.8299339927544622,141.02300150844397,143.72993399275447,31101,31180,2012-10-26 10:00:00-04:00,2012-11-02 10:15:00-04:00,train
SPY,double_bottom,0,near_miss,31229,,2012-11-05 16:00:00-05:00,long,142.8693861908702,0.857598472459955,141.3703381814254,142.72759847245996,31150,31229,2012-10-31 15:45:00-04:00,2012-11-05 16:00:00-05:00,train
SPY,double_bottom,0,failed_breakout,31281,,2012-11-07 16:00:00-05:00,long,143.19714335983025,2.4591862484352305,140.10557604136463,142.17918624843523,31202,31281,2012-11-02 15:45:00-04:00,2012-11-07 16:00:00-05:00,train
SPY,double_bottom,0,failed_breakout,31321,,2012-11-09 13:00:00-05:00,long,140.24138370765445,0.9450249567079254,138.48714146052842,140.13502495670792,31242,31321,2012-11-06 12:45:00-05:00,2012-11-09 13:00:00-05:00,train
SPY,double_bottom,0,failed_breakout,31355,,2012-11-12 15:00:00-05:00,long,138.9167883716051,0.5670046894185532,138.21242590384466,138.99700468941856,31276,31355,2012-11-07 14:45:00-05:00,2012-11-12 15:00:00-05:00,train
SPY,double_bottom,0,failed_breakout,31371,,2012-11-13 12:30:00-05:00,long,138.47453592520966,0.19566165202607522,138.21242590384466,138.94566165202608,31292,31371,2012-11-08 12:15:00-05:00,2012-11-13 12:30:00-05:00,train
SPY,double_bottom,0,near_miss,31383,,2012-11-13 15:30:00-05:00,long,138.7707311836682,0.21880080473448515,138.34532264252255,138.31880080473448,31304,31383,2012-11-08 15:15:00-05:00,2012-11-13 15:30:00-05:00,train
SPY,double_bottom,0,near_miss,31436,,2012-11-15 15:45:00-05:00,long,138.80195075282668,1.6393076370859774,135.56674811613647,137.379307637086,31357,31436,2012-11-12 15:30:00-05:00,2012-11-15 15:45:00-05:00,train
SPY,double_bottom,0,failed_breakout,31455,,2012-11-16 14:00:00-05:00,long,135.72018658130378,0.2583010772339662,135.35702289200316,136.48830107723396,31376,31455,2012-11-13 13:45:00-05:00,2012-11-16 14:00:00-05:00,train
SPY,double_bottom,0,near_miss,31468,,2012-11-19 10:45:00-05:00,long,136.00375728461273,0.33841879289531107,135.35702289200316,138.85841879289532,31389,31468,2012-11-14 10:30:00-05:00,2012-11-19 10:45:00-05:00,train
SPY,double_bottom,0,near_miss,31521,,2012-11-21 11:00:00-05:00,long,139.1001115932339,1.7389407336468423,135.97365409143165,140.93894073364683,31442,31521,2012-11-16 10:45:00-05:00,2012-11-21 11:00:00-05:00,train
SPY,double_bottom,0,near_miss,31577,,2012-11-26 15:00:00-05:00,long,140.77349445745483,1.114998657718786,138.74868762774244,141.96499865771878,31498,31577,2012-11-20 11:45:00-05:00,2012-11-26 15:00:00-05:00,train
SPY,double_bottom,0,near_miss,31598,,2012-11-27 13:45:00-05:00,long,140.89244751797304,0.19573606387268683,140.56830397172965,141.3157360638727,31519,31598,2012-11-21 10:30:00-05:00,2012-11-27 13:45:00-05:00,train
SPY,double_bottom,0,near_miss,31624,,2012-11-28 13:45:00-05:00,long,141.07774220007153,0.6208877952913952,140.08858987308923,141.6708877952914,31545,31624,2012-11-23 10:30:00-05:00,2012-11-28 13:45:00-05:00,train
SPY,double_bottom,0,failed_breakout,31653,,2012-11-29 14:30:00-05:00,long,141.91812691585596,0.9203622284210837,140.08858987308923,143.12036222842107,31574,31653,2012-11-26 14:15:00-05:00,2012-11-29 14:30:00-05:00,train
SPY,double_bottom,0,near_miss,31667,,2012-11-30 11:30:00-05:00,long,142.134712668168,0.11979718269307682,141.90693950178056,141.99979718269307,31588,31667,2012-11-27 11:15:00-05:00,2012-11-30 11:30:00-05:00,train
SPY,double_bottom,0,near_miss,31693,,2012-12-03 11:30:00-05:00,long,142.14784844818507,0.12984352348689754,141.9131183802271,142.1598435234869,31614,31693,2012-11-28 11:15:00-05:00,2012-12-03 11:30:00-05:00,train
SPY,double_bottom,0,near_miss,31704,,2012-12-03 14:15:00-05:00,long,142.2020042345187,0.16029172850522855,141.9131183802271,141.98029172850522,31625,31704,2012-11-28 14:00:00-05:00,2012-12-03 14:15:00-05:00,train
SPY,double_bottom,0,near_miss,31738,,2012-12-05 09:45:00-05:00,long,142.18989903360995,0.5120626360573794,141.1853661633053,142.0020626360574,31659,31738,2012-11-29 16:00:00-05:00,2012-12-05 09:45:00-05:00,train
SPY,double_bottom,1,confirmed_breakout,31749,31750.0,2012-12-05 12:30:00-05:00,long,141.32751702103062,0.20197429411899748,141.06571929051793,142.301974294119,31670,31749,2012-11-30 12:15:00-05:00,2012-12-05 12:30:00-05:00,train
SPY,double_bottom,0,near_miss,31778,,2012-12-06 13:15:00-05:00,long,141.84884455635367,0.5086860515246769,141.06571929051793,142.0886860515247,31699,31778,2012-12-03 13:00:00-05:00,2012-12-06 13:15:00-05:00,train
SPY,double_bottom,0,near_miss,31789,,2012-12-06 16:00:00-05:00,long,141.71447357774701,0.07442304480457551,141.61459771914008,142.03442304480458,31710,31789,2012-12-03 15:45:00-05:00,2012-12-06 16:00:00-05:00,train
SPY,double_bottom,0,near_miss,31797,,2012-12-07 11:30:00-05:00,long,141.74280812873988,0.0415258827163143,141.66550334674477,142.09152588271633,31718,31797,2012-12-04 11:15:00-05:00,2012-12-07 11:30:00-05:00,train
SPY,double_bottom,0,near_miss,31810,,2012-12-07 14:45:00-05:00,long,142.03962292317473,0.1614379807017201,141.73706114530236,142.40143798070173,31731,31810,2012-12-04 14:30:00-05:00,2012-12-07 14:45:00-05:00,train
SPY,double_bottom,0,near_miss,31848,,2012-12-11 11:15:00-05:00,long,142.61529197544206,0.3366851948297267,142.0193087396437,144.07668519482974,31769,31848,2012-12-06 11:00:00-05:00,2012-12-11 11:15:00-05:00,train
SPY,double_bottom,0,near_miss,31877,,2012-12-12 12:00:00-05:00,long,143.75850010421973,0.718533910715081,142.537904821581,144.34853391071508,31798,31877,2012-12-07 11:45:00-05:00,2012-12-12 12:00:00-05:00,train
SPY,double_bottom,0,near_miss,31927,,2012-12-14 11:30:00-05:00,long,144.15943584927786,1.099910589366658,142.57702295439407,143.35991058936665,31848,31927,2012-12-11 11:15:00-05:00,2012-12-14 11:30:00-05:00,train
SPY,double_bottom,0,failed_breakout,31940,,2012-12-14 14:45:00-05:00,long,142.60425163170237,0.13547255206151476,142.36053520488767,142.4254725520615,31861,31940,2012-12-11 14:30:00-05:00,2012-12-14 14:45:00-05:00,train
SPY,double_bottom,0,near_miss,31946,,2012-12-17 09:45:00-05:00,long,142.36178645929863,0.016335339975341867,142.3303670337589,142.83633533997534,31867,31946,2012-12-11 16:00:00-05:00,2012-12-17 09:45:00-05:00,train
SPY,double_bottom,0,near_miss,31955,,2012-12-17 12:00:00-05:00,long,142.35060132197415,0.0836851628173747,142.20346528455462,143.36368516281738,31876,31955,2012-12-12 11:45:00-05:00,2012-12-17 12:00:00-05:00,train
SPY,double_bottom,0,near_miss,31977,,2012-12-18 11:00:00-05:00,long,143.23312821589425,0.5422501421476227,142.20346528455462,145.16225014214763,31898,31977,2012-12-13 10:45:00-05:00,2012-12-18 11:00:00-05:00,train
SPY,double_bottom,0,near_miss,32006,,2012-12-19 11:45:00-05:00,long,145.07918554299115,0.9550964894789047,143.17829086293864,146.1250964894789,31927,32006,2012-12-14 11:30:00-05:00,2012-12-19 11:45:00-05:00,train
SPY,double_bottom,0,near_miss,32012,,2012-12-19 13:15:00-05:00,long,145.12214802932422,0.03857832524042237,145.0698872440859,145.13857832524042,31933,32012,2012-12-14 13:00:00-05:00,2012-12-19 13:15:00-05:00,train
SPY,double_bottom,0,near_miss,32046,,2012-12-20 15:15:00-05:00,long,145.15511530893025,0.39606743921683574,144.42084357534512,145.26606743921684,31967,32046,2012-12-17 15:00:00-05:00,2012-12-20 15:15:00-05:00,train
SPY,double_bottom,0,failed_breakout,32075,,2012-12-21 16:00:00-05:00,long,144.82740965835904,1.4394735295933287,142.35502868218634,144.23947352959334,31996,32075,2012-12-18 15:45:00-05:00,2012-12-21 16:00:00-05:00,train
SPY,double_bottom,0,failed_breakout,32099,,2012-12-26 12:00:00-05:00,long,142.59217124129444,0.2385474032483046,142.35221899390592,141.8985474032483,32020,32099,2012-12-19 15:15:00-05:00,2012-12-26 12:00:00-05:00,train
SPY,double_bottom,0,near_miss,32117,,2012-12-27 10:00:00-05:00,long,142.3950187325676,0.3536961244997201,141.73042622222982,142.0836961244997,32038,32117,2012-12-20 13:15:00-05:00,2012-12-27 10:00:00-05:00,train
SPY,double_bottom,0,failed_breakout,32145,,2012-12-28 10:30:00-05:00,long,141.83928667078388,0.7931225153057824,140.3619020887264,141.4731225153058,32066,32145,2012-12-21 13:45:00-05:00,2012-12-28 10:30:00-05:00,train
SPY,double_bottom,0,failed_breakout,32155,,2012-12-28 13:00:00-05:00,long,140.8952615011299,0.28170871218699745,140.3619020887264,141.181708712187,32076,32155,2012-12-24 09:45:00-05:00,2012-12-28 13:00:00-05:00,train
SPY,double_bottom,0,near_miss,32161,,2012-12-28 14:30:00-05:00,long,140.91296776664166,0.027272897602017565,140.8652034891594,140.70727289760202,32082,32161,2012-12-24 11:15:00-05:00,2012-12-28 14:30:00-05:00,train
SPY,double_bottom,0,near_miss,32187,,2012-12-31 14:30:00-05:00,long,140.95065603267898,0.3061683035301428,140.3827892093778,141.65616830353014,32108,32187,2012-12-26 14:15:00-05:00,2012-12-31 14:30:00-05:00,train
SPY,double_bottom,0,near_miss,32261,,2013-01-04 13:30:00-05:00,long,145.91522093487083,0.034510656733800715,145.87019304907648,146.2345106567338,32182,32261,2012-12-31 13:15:00-05:00,2013-01-04 13:30:00-05:00,train
SPY,double_bottom,0,failed_breakout,32300,,2013-01-08 10:15:00-05:00,long,146.3342644340226,0.5719938234582003,145.63331371393122,145.8419938234582,32221,32300,2013-01-03 10:00:00-05:00,2013-01-08 10:15:00-05:00,train
SPY,double_bottom,0,failed_breakout,32322,,2013-01-08 15:45:00-05:00,long,145.82802366635468,0.38278987967692046,145.25715385942428,145.8027898796769,32243,32322,2013-01-03 15:30:00-05:00,2013-01-08 15:45:00-05:00,train
SPY,double_bottom,0,failed_breakout,32358,,2013-01-10 11:45:00-05:00,long,146.0515496158102,0.49063475788892674,145.25715385942428,146.75063475788892,32279,32358,2013-01-07 11:30:00-05:00,2013-01-10 11:45:00-05:00,train
SPY,double_bottom,0,near_miss,32403,,2013-01-14 10:00:00-05:00,long,146.84098214879103,0.5000986845959972,145.86467585641827,147.160098684596,32324,32403,2013-01-09 09:45:00-05:00,2013-01-14 10:00:00-05:00,train
SPY,double_bottom,0,near_miss,32426,,2013-01-14 15:45:00-05:00,long,146.93244719769726,0.16481656380577192,146.71817019581118,147.01481656380577,32347,32426,2013-01-09 15:30:00-05:00,2013-01-14 15:45:00-05:00,train
SPY,double_bottom,0,near_miss,32447,,2013-01-15 14:30:00-05:00,long,146.8653949780229,0.19998305291747442,146.61265365439965,146.82998305291747,32368,32447,2013-01-10 14:15:00-05:00,2013-01-15 14:30:00-05:00,train
SPY,double_bottom,0,near_miss,32457,,2013-01-16 10:30:00-05:00,long,146.7476672977069,0.07448689902443562,146.61265365439965,147.04448689902443,32378,32457,2013-01-11 10:15:00-05:00,2013-01-16 10:30:00-05:00,train
SPY,double_bottom,0,near_miss,32465,,2013-01-16 12:30:00-05:00,long,146.89763262311027,0.08831838764120903,146.7337071429653,147.10831838764122,32386,32465,2013-01-11 12:15:00-05:00,2013-01-16 12:30:00-05:00,train
SPY,double_bottom,0,failed_breakout,32652,,2013-01-28 13:45:00-05:00,long,150.06065524165436,0.4003935239134364,149.38771675245746,150.33039352391344,32573,32652,2013-01-23 13:30:00-05:00,2013-01-28 13:45:00-05:00,train
SPY,double_bottom,0,near_miss,32662,,2013-01-29 09:45:00-05:00,long,149.99911654243832,0.045208891567682485,149.9328066830244,149.9052088915677,32583,32662,2013-01-23 16:00:00-05:00,2013-01-29 09:45:00-05:00,train
SPY,double_bottom,0,near_miss,32675,,2013-01-29 13:00:00-05:00,long,150.04182727108494,0.055438402525197716,149.97500861871688,150.5554384025252,32596,32675,2013-01-24 12:45:00-05:00,2013-01-29 13:00:00-05:00,train
SPY,double_bottom,0,near_miss,32705,,2013-01-30 14:00:00-05:00,long,150.66389100846627,0.38811283917488026,149.99776911840257,150.98811283917487,32626,32705,2013-01-25 13:45:00-05:00,2013-01-30 14:00:00-05:00,train
SPY,double_bottom,0,near_miss,32710,,2013-01-30 15:15:00-05:00,long,150.55743528999855,0.01599260242858236,150.52909815495974,150.20599260242858,32631,32710,2013-01-25 15:00:00-05:00,2013-01-30 15:15:00-05:00,train
SPY,double_bottom,0,near_miss,32736,,2013-01-31 15:15:00-05:00,long,150.5974399475457,0.3859176584126658,149.8939464233063,150.25591765841267,32657,32736,2013-01-28 15:00:00-05:00,2013-01-31 15:15:00-05:00,train
SPY,double_bottom,1,confirmed_breakout,32740,32741.0,2013-02-01 09:45:00-05:00,long,150.00808663590146,0.08321678171620306,149.8939464233063,150.9832167817162,32661,32740,2013-01-28 16:00:00-05:00,2013-02-01 09:45:00-05:00,train
SPY,double_bottom,0,near_miss,32795,,2013-02-05 10:30:00-05:00,long,151.23962626559407,1.3261814153429725,149.87109641543796,152.05618141534296,32716,32795,2013-01-31 10:15:00-05:00,2013-02-05 10:30:00-05:00,train
SPY,double_bottom,0,near_miss,32801,,2013-02-05 12:00:00-05:00,long,149.89169203402142,0.042051579988907406,149.8281844926271,150.9120515799889,32722,32801,2013-01-31 11:45:00-05:00,2013-02-05 12:00:00-05:00,train
SPY,double_bottom,0,near_miss,32850,,2013-02-07 11:15:00-05:00,long,151.21656793817198,0.8694951043451624,149.8281844926271,151.16949510434517,32771,32850,2013-02-04 11:00:00-05:00,2013-02-07 11:15:00-05:00,train
SPY,double_bottom,0,near_miss,32868,,2013-02-07 15:45:00-05:00,long,150.9672222992249,0.3699504686423154,150.3285824861386,151.20995046864232,32789,32868,2013-02-04 15:30:00-05:00,2013-02-07 15:45:00-05:00,train
SPY,double_bottom,0,failed_breakout,32910,,2013-02-11 13:15:00-05:00,long,151.73791060538235,0.7435229634414213,150.3285824861386,152.40352296344142,32831,32910,2013-02-06 13:00:00-05:00,2013-02-11 13:15:00-05:00,train
SPY,double_bottom,0,near_miss,32923,,2013-02-12 10:00:00-05:00,long,151.70625423428663,0.049777195386042195,151.6527612800579,151.80977719538603,32844,32923,2013-02-07 09:45:00-05:00,2013-02-12 10:00:00-05:00,train
SPY,double_bottom,0,near_miss,32957,,2013-02-13 12:00:00-05:00,long,152.09915208600782,0.2362344043629605,151.6527612800579,152.26623440436296,32878,32957,2013-02-08 11:45:00-05:00,2013-02-13 12:00:00-05:00,train
SPY,double_bottom,0,near_miss,32973,,2013-02-13 16:00:00-05:00,long,152.29964329129686,0.1887254287690041,152.07307408323183,152.348725428769,32894,32973,2013-02-08 15:45:00-05:00,2013-02-13 16:00:00-05:00,train
SPY,double_bottom,0,near_miss,32986,,2013-02-14 12:45:00-05:00,long,152.15532802842745,0.10443069193345877,151.95303303116407,152.29443069193346,32907,32986,2013-02-11 12:30:00-05:00,2013-02-14 12:45:00-05:00,train
SPY,double_bottom,0,near_miss,33033,,2013-02-19 11:30:00-05:00,long,152.39347388012206,0.45193167225099273,151.93005138457806,153.411931672251,32954,33033,2013-02-13 11:15:00-05:00,2013-02-19 11:30:00-05:00,train
SPY,double_bottom,1,confirmed_breakout,33284,33285.0,2013-03-04 15:45:00-05:00,long,152.07226244704353,0.2823874506044888,151.6755242315588,153.1523874506045,33205,33284,2013-02-27 15:30:00-05:00,2013-03-04 15:45:00-05:00,train
SPY,double_bottom,0,near_miss,33336,,2013-03-06 15:45:00-05:00,long,154.518840818984,1.361380322759345,151.90422576131925,155.74138032275934,33257,33336,2013-03-01 15:30:00-05:00,2013-03-06 15:45:00-05:00,train
SPY,double_bottom,0,near_miss,33369,,2013-03-08 11:00:00-05:00,long,154.81743394429242,0.2373269920998382,154.41069523113,155.27732699209983,33290,33369,2013-03-05 10:45:00-05:00,2013-03-08 11:00:00-05:00,train
SPY,double_bottom,0,near_miss,33455,,2013-03-13 13:00:00-04:00,long,155.541137458934,0.03290084369888291,155.48875419465273,155.97290084369888,33376,33455,2013-03-08 12:45:00-05:00,2013-03-13 13:00:00-04:00,train
SPY,double_bottom,0,near_miss,33477,,2013-03-14 12:00:00-04:00,long,155.92660390523088,0.20702795055450451,155.5277190358175,156.6970279505545,33398,33477,2013-03-11 11:45:00-04:00,2013-03-14 12:00:00-04:00,train
SPY,double_bottom,0,near_miss,33497,,2013-03-15 10:30:00-04:00,long,156.48204937578075,0.2910947339314873,155.9114328735352,155.8810947339315,33418,33497,2013-03-12 10:15:00-04:00,2013-03-15 10:30:00-04:00,train
SPY,double_bottom,0,near_miss,33515,,2013-03-15 15:00:00-04:00,long,156.55214505917823,0.38482752506340034,155.8641586580664,155.9748275250634,33436,33515,2013-03-12 14:45:00-04:00,2013-03-15 15:00:00-04:00,train
SPY,double_bottom,0,failed_breakout,33538,,2013-03-18 14:15:00-04:00,long,155.87340986831342,0.37175648695009045,155.13914810466028,155.79175648695008,33459,33538,2013-03-13 14:00:00-04:00,2013-03-18 14:15:00-04:00,train
SPY,double_bottom,0,failed_breakout,33556,,2013-03-19 12:15:00-04:00,long,155.37837886302785,0.18975073816628196,155.13914810466028,154.21975073816628,33477,33556,2013-03-14 12:00:00-04:00,2013-03-19 12:15:00-04:00,train
SPY,double_bottom,0,near_miss,33577,,2013-03-20 11:00:00-04:00,long,155.24958547291052,0.5551115874262678,154.1508396259057,156.10511158742628,33498,33577,2013-03-15 10:45:00-04:00,2013-03-20 11:00:00-04:00,train
SPY,double_bottom,0,failed_breakout,33633,,2013-03-22 12:00:00-04:00,long,155.64919984745927,1.2463771442650682,154.1508396259057,156.46637714426507,33554,33633,2013-03-19 11:45:00-04:00,2013-03-22 12:00:00-04:00,train
SPY,double_bottom,0,near_miss,33658,,2013-03-25 11:45:00-04:00,long,155.3102897698321,0.34156856564484883,154.65480578048272,155.55156856564486,33579,33658,2013-03-20 11:30:00-04:00,2013-03-25 11:45:00-04:00,train
SPY,double_bottom,0,near_miss,33684,,2013-03-26 11:45:00-04:00,long,155.64117164825836,0.5446332859760332,154.9104400966729,156.38463328597604,33605,33684,2013-03-21 11:30:00-04:00,2013-03-26 11:45:00-04:00,train
SPY,double_bottom,0,failed_breakout,33719,,2013-03-27 14:00:00-04:00,long,155.96682960859758,0.6890300384406771,154.9104400966729,156.61903003844068,33640,33719,2013-03-22 13:45:00-04:00,2013-03-27 14:00:00-04:00,train
SPY,double_bottom,0,near_miss,33841,,2013-04-04 12:00:00-04:00,long,157.03609011013734,1.3438182329668678,155.39679965279169,156.88381823296686,33762,33841,2013-04-01 11:45:00-04:00,2013-04-04 12:00:00-04:00,train
SPY,double_bottom,0,failed_breakout,33857,,2013-04-04 16:00:00-04:00,long,155.64284830915724,0.20731080398564927,155.39679965279169,156.05731080398564,33778,33857,2013-04-01 15:45:00-04:00,2013-04-04 16:00:00-04:00,train
SPY,double_bottom,0,near_miss,33881,,2013-04-05 15:30:00-04:00,long,155.6378681234769,0.676525795724757,154.44840929795276,155.37652579572475,33802,33881,2013-04-02 15:15:00-04:00,2013-04-05 15:30:00-04:00,train
SPY,double_bottom,0,near_miss,34011,,2013-04-12 15:30:00-04:00,long,159.35711447274684,0.46153487045700103,158.4453034381273,159.101534870457,33932,34011,2013-04-09 15:15:00-04:00,2013-04-12 15:30:00-04:00,train
SPY,double_bottom,0,failed_breakout,34054,,2013-04-16 13:15:00-04:00,long,158.59138527274516,1.321784733324506,156.09389764071398,158.40178473332452,33975,34054,2013-04-11 13:00:00-04:00,2013-04-16 13:15:00-04:00,train
SPY,double_bottom,0,failed_breakout,34072,,2013-04-17 11:15:00-04:00,long,156.9289744448967,0.4273396911134455,156.09389764071398,155.27733969111344,33993,34072,2013-04-12 11:00:00-04:00,2013-04-17 11:15:00-04:00,train
SPY,double_bottom,0,near_miss,34091,,2013-04-17 16:00:00-04:00,long,157.02701660804613,1.1250011516208929,154.89465904599794,156.1850011516209,34012,34091,2013-04-12 15:45:00-04:00,2013-04-17 16:00:00-04:00,train
SPY,double_bottom,0,failed_breakout,34115,,2013-04-18 15:30:00-04:00,long,155.07055560269103,0.32275760643855733,154.600936946507,154.40275760643857,34036,34115,2013-04-15 15:15:00-04:00,2013-04-18 15:30:00-04:00,train
SPY,double_bottom,1,confirmed_breakout,34125,34126.0,2013-04-19 11:30:00-04:00,long,154.60359691732808,0.19666877864253252,154.2129193308641,155.57666877864253,34046,34125,2013-04-16 11:15:00-04:00,2013-04-19 11:30:00-04:00,train
SPY,double_bottom,1,confirmed_breakout,34161,34163.0,2013-04-22 14:00:00-04:00,long,155.32785165086455,0.6074008407262852,154.2129193308641,156.9174008407263,34082,34161,2013-04-17 13:45:00-04:00,2013-04-22 14:00:00-04:00,train
SPY,double_bottom,0,near_miss,34202,,2013-04-24 11:15:00-04:00,long,157.712648005289,1.291835822973951,155.2279822894124,159.11183582297394,34123,34202,2013-04-19 11:00:00-04:00,2013-04-24 11:15:00-04:00,train
SPY,double_bottom,0,near_miss,34219,,2013-04-24 15:30:00-04:00,long,157.87248286195717,0.13766302618114423,157.61364207521768,158.16766302618115,34140,34219,2013-04-19 15:15:00-04:00,2013-04-24 15:30:00-04:00,train
SPY,double_bottom,0,near_miss,34231,,2013-04-25 12:00:00-04:00,long,158.04702784492727,0.10680713654932106,157.8559975963344,158.90680713654933,34152,34231,2013-04-22 11:45:00-04:00,2013-04-25 12:00:00-04:00,train
SPY,double_bottom,0,near_miss,34272,,2013-04-26 15:45:00-04:00,long,159.02386744223782,1.006934998089605,158.00942106787488,159.4969349980896,34193,34272,2013-04-23 15:30:00-04:00,2013-04-26 15:45:00-04:00,train
SPY,double_bottom,0,failed_breakout,34317,,2013-04-30 14:00:00-04:00,long,159.46603356903387,0.897196269445601,158.00942106787488,160.5571962694456,34238,34317,2013-04-25 13:45:00-04:00,2013-04-30 14:00:00-04:00,train
SPY,double_bottom,0,near_miss,34362,,2013-05-02 12:15:00-04:00,long,159.54314611020314,0.672862800187346,158.6123130887299,160.30286280018734,34283,34362,2013-04-29 12:00:00-04:00,2013-05-02 12:15:00-04:00,train
SPY,double_bottom,0,failed_breakout,34415,,2013-05-06 12:30:00-04:00,long,161.64287722747096,1.5856046571464333,158.6123130887299,163.36560465714643,34336,34415,2013-05-01 12:15:00-04:00,2013-05-06 12:30:00-04:00,train
SPY,double_bottom,0,near_miss,34498,,2013-05-09 13:45:00-04:00,long,163.17368432497116,0.0906383402848121,163.04406116497822,163.7206383402848,34419,34498,2013-05-06 13:30:00-04:00,2013-05-09 13:45:00-04:00,train
SPY,double_bottom,0,near_miss,34504,,2013-05-09 15:15:00-04:00,long,163.12818636428884,0.010650593441937417,163.11304073729934,162.80065059344193,34425,34504,2013-05-06 15:00:00-04:00,2013-05-09 15:15:00-04:00,train
SPY,double_bottom,0,near_miss,34518,,2013-05-10 12:15:00-04:00,long,163.36137961779056,0.26899794301561997,163.07172261225054,163.00899794301563,34439,34518,2013-05-07 12:00:00-04:00,2013-05-10 12:15:00-04:00,train
SPY,double_bottom,0,near_miss,34532,,2013-05-10 15:45:00-04:00,long,163.08229225253913,0.09791098221973016,162.89703992838827,163.31791098221973,34453,34532,2013-05-07 15:30:00-04:00,2013-05-10 15:45:00-04:00,train
SPY,double_bottom,0,near_miss,34563,,2013-05-14 10:30:00-04:00,long,163.54141530687426,0.3399253492655703,162.89703992838827,165.01992534926558,34484,34563,2013-05-09 10:15:00-04:00,2013-05-14 10:30:00-04:00,train
SPY,double_bottom,0,near_miss,34619,,2013-05-16 11:30:00-04:00,long,165.95901867348127,1.3144436235395744,163.49410820697602,167.46444362353958,34540,34619,2013-05-13 11:15:00-04:00,2013-05-16 11:30:00-04:00,train
SPY,double_bottom,0,near_miss,34648,,2013-05-17 12:15:00-04:00,long,166.08489715665544,0.29736369981085886,165.78002502078186,166.40736369981087,34569,34648,2013-05-14 12:00:00-04:00,2013-05-17 12:15:00-04:00,train
SPY,double_bottom,0,failed_breakout,34699,,2013-05-21 12:00:00-04:00,long,167.27418338481593,0.8914936279340111,165.78002502078186,167.98149362793401,34620,34699,2013-05-16 11:45:00-04:00,2013-05-21 12:00:00-04:00,train
SPY,double_bottom,0,near_miss,34707,,2013-05-21 14:00:00-04:00,long,167.04088557241178,0.1003976605216792,166.89562133079824,167.61039766052167,34628,34707,2013-05-16 13:45:00-04:00,2013-05-21 14:00:00-04:00,train
SPY,double_bottom,0,near_miss,34725,,2013-05-22 12:00:00-04:00,long,167.439767726697,0.2895097744392956,166.89562133079824,168.6195097744393,34646,34725,2013-05-17 11:45:00-04:00,2013-05-22 12:00:00-04:00,train
SPY,double_bottom,0,near_miss,34760,,2013-05-23 14:15:00-04:00,long,168.17261869769052,1.954438133957666,165.03146655374852,167.42443813395766,34681,34760,2013-05-20 14:00:00-04:00,2013-05-23 14:15:00-04:00,train
SPY,double_bottom,0,failed_breakout,34768,,2013-05-24 09:45:00-04:00,long,165.18707024790842,0.09297669865338776,165.03146655374852,164.7129766986534,34689,34768,2013-05-20 16:00:00-04:00,2013-05-24 09:45:00-04:00,train
SPY,double_bottom,0,failed_breakout,34887,,2013-05-31 13:30:00-04:00,long,166.3212370658659,0.9668732876679087,164.9040497770696,166.70687328766792,34808,34887,2013-05-28 13:15:00-04:00,2013-05-31 13:30:00-04:00,train
SPY,double_bottom,0,failed_breakout,34924,,2013-06-04 09:45:00-04:00,long,165.8161420137763,1.3133241970738823,163.20095785407844,166.2133241970739,34845,34924,2013-05-29 16:00:00-04:00,2013-06-04 09:45:00-04:00,train
SPY,double_bottom,0,near_miss,35002,,2013-06-07 09:45:00-04:00,long,161.59931601908028,0.2522427856651177,161.12809444934987,163.47224278566512,34923,35002,2013-06-03 16:00:00-04:00,2013-06-07 09:45:00-04:00,train
SPY,double_bottom,1,confirmed_breakout,35031,35032.0,2013-06-10 10:30:00-04:00,long,164.2738376868556,1.616116011033796,161.12809444934987,166.7261160110338,34952,35031,2013-06-05 10:15:00-04:00,2013-06-10 10:30:00-04:00,train
SPY,double_bottom,0,near_miss,35070,,2013-06-11 13:45:00-04:00,long,164.9868988795773,0.920818847129965,163.94481116260096,164.37081884712995,34991,35070,2013-06-06 13:30:00-04:00,2013-06-11 13:45:00-04:00,train
SPY,double_bottom,0,failed_breakout,35089,,2013-06-12 12:00:00-04:00,long,164.09762735659754,0.33808047622130744,163.5742825981515,162.7180804762213,35010,35089,2013-06-07 11:45:00-04:00,2013-06-12 12:00:00-04:00,train
SPY,double_bottom,0,near_miss,35119,,2013-06-13 13:00:00-04:00,long,163.616141712834,0.849722125926121,161.95855657566423,163.90972212592612,35040,35119,2013-06-10 12:45:00-04:00,2013-06-13 13:00:00-04:00,train
SPY,double_bottom,1,confirmed_breakout,35158,35159.0,2013-06-17 09:45:00-04:00,long,163.9850271398758,1.3179740857159459,161.95855657566423,166.12797408571595,35079,35158,2013-06-11 16:00:00-04:00,2013-06-17 09:45:00-04:00,train
SPY,double_bottom,0,near_miss,35193,,2013-06-18 12:00:00-04:00,long,164.88044672854022,1.0225733883865473,163.33687099591117,166.42257338838655,35114,35193,2013-06-13 11:45:00-04:00,2013-06-18 12:00:00-04:00,train
SPY,double_bottom,0,failed_breakout,35311,,2013-06-24 15:30:00-04:00,long,158.94281648842036,1.5851765817719752,156.4343943605126,159.15517658177197,35232,35311,2013-06-19 15:15:00-04:00,2013-06-24 15:30:00-04:00,train
SPY,double_bottom,0,failed_breakout,35454,,2013-07-02 12:15:00-04:00,long,162.16943210610455,0.889305729281574,160.86410628930776,162.81930572928158,35375,35454,2013-06-27 12:00:00-04:00,2013-07-02 12:15:00-04:00,train
SPY,double_bottom,0,failed_breakout,35485,,2013-07-05 10:00:00-04:00,long,161.9904444503465,0.7193978387127515,160.84594675892933,162.83939783871276,35406,35485,2013-06-28 13:15:00-04:00,2013-07-05 10:00:00-04:00,train
SPY,double_bottom,1,confirmed_breakout,35535,35536.0,2013-07-08 16:00:00-04:00,long,163.89007055942696,1.5253225587917143,160.84594675892933,166.3453225587917,35456,35535,2013-07-02 12:45:00-04:00,2013-07-08 16:00:00-04:00,train
SPY,double_bottom,1,confirmed_breakout,35587,35588.0,2013-07-10 16:00:00-04:00,long,165.1734276467985,0.7846796813771562,163.88354924234113,167.66467968137715,35508,35587,2013-07-05 15:45:00-04:00,2013-07-10 16:00:00-04:00,train
SPY,double_bottom,0,near_miss,35594,,2013-07-11 11:15:00-04:00,long,165.0157936015601,0.07397647295331922,164.89394668850156,167.0239764729533,35515,35594,2013-07-08 11:00:00-04:00,2013-07-11 11:15:00-04:00,train
SPY,double_bottom,0,near_miss,35638,,2013-07-12 15:45:00-04:00,long,167.39736412290986,1.2510698155901139,164.98968756871201,168.87106981559012,35559,35638,2013-07-09 15:30:00-04:00,2013-07-12 15:45:00-04:00,train
SPY,double_bottom,0,near_miss,35693,,2013-07-17 10:00:00-04:00,long,168.22699667764508,0.8678113153116271,167.30290104592746,168.84781131531162,35614,35693,2013-07-12 09:45:00-04:00,2013-07-17 10:00:00-04:00,train
SPY,double_bottom,0,near_miss,35698,,2013-07-17 11:15:00-04:00,long,167.4290611835932,0.01516579169100396,167.41232110506496,168.165165791691,35619,35698,2013-07-12 11:00:00-04:00,2013-07-17 11:15:00-04:00,train
SPY,double_bottom,1,confirmed_breakout,35720,35721.0,2013-07-18 10:15:00-04:00,long,168.11161992964793,0.405994593613741,167.41232110506496,169.50599459361374,35641,35720,2013-07-15 10:00:00-04:00,2013-07-18 10:15:00-04:00,train
SPY,double_bottom,0,near_miss,35745,,2013-07-19 10:00:00-04:00,long,168.92165877978601,0.47637225794844085,167.9989295670034,168.95637225794843,35666,35745,2013-07-16 09:45:00-04:00,2013-07-19 10:00:00-04:00,train
SPY,double_bottom,0,near_miss,35759,,2013-07-19 13:30:00-04:00,long,168.92726803713995,0.1220657535752423,168.7187610904577,168.82206575357523,35680,35759,2013-07-16 13:15:00-04:00,2013-07-19 13:30:00-04:00,train
SPY,double_bottom,0,near_miss,35799,,2013-07-23 10:30:00-04:00,long,169.48956161130943,0.403654678208369,168.7187610904577,169.73365467820838,35720,35799,2013-07-18 10:15:00-04:00,2013-07-23 10:30:00-04:00,train
SPY,double_bottom,0,near_miss,35819,,2013-07-23 15:30:00-04:00,long,169.52447578219983,0.145344128903929,169.30521053084738,169.58534412890393,35740,35819,2013-07-18 15:15:00-04:00,2013-07-23 15:30:00-04:00,train
SPY,double_bottom,0,near_miss,35859,,2013-07-25 12:30:00-04:00,long,169.42986054000133,0.55991373608461,168.43468307698603,169.0099137360846,35780,35859,2013-07-22 12:15:00-04:00,2013-07-25 12:30:00-04:00,train
SPY,double_bottom,0,failed_breakout,35868,,2013-07-25 14:45:00-04:00,long,168.45129088584804,0.09503879663736825,168.2778211014353,168.69503879663736,35789,35868,2013-07-22 14:30:00-04:00,2013-07-25 14:45:00-04:00,train
SPY,double_bottom,0,near_miss,35895,,2013-07-26 15:00:00-04:00,long,168.72318629262244,0.5189474484731136,168.13065658686335,169.22894744847312,35816,35895,2013-07-23 14:45:00-04:00,2013-07-26 15:00:00-04:00,train
SPY,double_bottom,0,failed_breakout,35927,,2013-07-30 10:00:00-04:00,long,168.7690198035517,0.49863881088356266,168.13065658686335,169.49863881088356,35848,35927,2013-07-25 09:45:00-04:00,2013-07-30 10:00:00-04:00,train
SPY,double_bottom,0,failed_breakout,35957,,2013-07-31 11:00:00-04:00,long,168.90649652350598,0.4247904017118742,168.41010539847292,170.04479040171188,35878,35957,2013-07-26 10:45:00-04:00,2013-07-31 11:00:00-04:00,train
SPY,double_bottom,1,confirmed_breakout,35977,35978.0,2013-07-31 16:00:00-04:00,long,169.26672026118638,0.4481504340485287,168.55330684511526,170.56815043404853,35898,35977,2013-07-26 15:45:00-04:00,2013-07-31 16:00:00-04:00,train
SPY,double_bottom,0,near_miss,35987,,2013-08-01 12:00:00-04:00,long,169.27848976030714,0.14393480280730842,169.08383280916044,170.47393480280732,35908,35987,2013-07-29 11:45:00-04:00,2013-08-01 12:00:00-04:00,train
SPY,double_bottom,0,failed_breakout,36022,,2013-08-02 14:15:00-04:00,long,170.5461843220609,0.7572196951059595,169.18527710583922,171.38721969510595,35943,36022,2013-07-30 14:00:00-04:00,2013-08-02 14:15:00-04:00,train
SPY,double_bottom,0,near_miss,36062,,2013-08-06 11:15:00-04:00,long,170.79117137591828,0.26471506222941343,170.39265214807065,169.84471506222943,35983,36062,2013-08-01 11:00:00-04:00,2013-08-06 11:15:00-04:00,train
SPY,double_bottom,0,near_miss,36079,,2013-08-06 15:30:00-04:00,long,170.69069041361215,0.44827236773167556,169.8245756124538,170.25827236773168,36000,36079,2013-08-01 15:15:00-04:00,2013-08-06 15:30:00-04:00,train
SPY,double_bottom,0,near_miss,36087,,2013-08-07 11:00:00-04:00,long,169.8320969879692,0.031234857267975258,169.77714864894867,168.891234857268,36008,36087,2013-08-02 10:45:00-04:00,2013-08-07 11:00:00-04:00,train
SPY,double_bottom,0,failed_breakout,36103,,2013-08-07 15:00:00-04:00,long,169.79099678221306,0.4423835359391717,168.9200778435991,169.64238353593916,36024,36103,2013-08-02 14:45:00-04:00,2013-08-07 15:00:00-04:00,train
SPY,double_bottom,0,failed_breakout,36126,,2013-08-08 14:15:00-04:00,long,169.39197287200832,0.2678422235336768,168.9200778435991,170.27784222353367,36047,36126,2013-08-05 14:00:00-04:00,2013-08-08 14:15:00-04:00,train
SPY,double_bottom,0,near_miss,36158,,2013-08-09 15:45:00-04:00,long,169.97472506610325,0.6336390872484685,169.32818345335022,169.94363908724847,36079,36158,2013-08-06 15:30:00-04:00,2013-08-09 15:45:00-04:00,train
SPY,double_bottom,0,failed_breakout,36191,,2013-08-13 11:00:00-04:00,long,169.4543223732326,0.3013777720189239,168.95190069806802,168.9413777720189,36112,36191,2013-08-08 10:45:00-04:00,2013-08-13 11:00:00-04:00,train
SPY,double_bottom,0,near_miss,36203,,2013-08-13 14:00:00-04:00,long,169.04498256921536,0.1241647615711372,168.88973491722044,169.77416476157114,36124,36203,2013-08-08 13:45:00-04:00,2013-08-13 14:00:00-04:00,train
SPY,double_bottom,0,failed_breakout,36294,,2013-08-19 10:45:00-04:00,long,166.39986907268002,0.27155105824618886,165.89277821399952,166.3215510582462,36215,36294,2013-08-14 10:30:00-04:00,2013-08-19 10:45:00-04:00,train
SPY,double_bottom,0,near_miss,36300,,2013-08-19 12:15:00-04:00,long,165.93311654182338,0.03030171701090012,165.89277821399952,165.7903017170109,36221,36300,2013-08-14 12:00:00-04:00,2013-08-19 12:15:00-04:00,train
SPY,double_bottom,0,failed_breakout,36328,,2013-08-20 12:45:00-04:00,long,165.95969651007061,0.4231726442656907,165.16019629598438,166.2831726442657,36249,36328,2013-08-15 12:30:00-04:00,2013-08-20 12:45:00-04:00,train
SPY,double_bottom,0,failed_breakout,36347,,2013-08-21 11:00:00-04:00,long,165.94300322506763,0.3920414865495445,165.16019629598438,165.56204148654953,36268,36347,2013-08-16 10:45:00-04:00,2013-08-21 11:00:00-04:00,train
SPY,double_bottom,0,near_miss,36367,,2013-08-21 16:00:00-04:00,long,165.95348301999636,0.47538567431288925,165.01446751031511,165.0553856743129,36288,36367,2013-08-16 15:45:00-04:00,2013-08-21 16:00:00-04:00,train
SPY,double_bottom,0,failed_breakout,36377,,2013-08-22 12:00:00-04:00,long,165.2558074779612,0.16283510518925937,165.0014205483044,165.83283510518925,36298,36377,2013-08-19 11:45:00-04:00,2013-08-22 12:00:00-04:00,train
SPY,double_bottom,0,failed_breakout,36503,,2013-08-29 11:00:00-04:00,long,164.24134602124775,0.33636899930831987,163.62166826819674,165.17636899930832,36424,36503,2013-08-26 10:45:00-04:00,2013-08-29 11:00:00-04:00,train
SPY,double_bottom,0,near_miss,36508,,2013-08-29 12:15:00-04:00,long,164.20756121674597,0.03541092386504374,164.15601481007974,164.86541092386506,36429,36508,2013-08-26 12:00:00-04:00,2013-08-29 12:15:00-04:00,train
SPY,double_bottom,0,near_miss,36553,,2013-09-03 10:30:00-04:00,long,164.7752290200548,0.8588578066880643,163.67672761665372,165.98885780668806,36474,36553,2013-08-28 10:15:00-04:00,2013-09-03 10:30:00-04:00,train
SPY,double_bottom,0,near_miss,36559,,2013-09-03 12:00:00-04:00,long,163.7456548875351,0.056398976461281336,163.67672761665372,164.46639897646128,36480,36559,2013-08-28 11:45:00-04:00,2013-09-03 12:00:00-04:00,train
SPY,double_bottom,0,near_miss,36581,,2013-09-04 11:00:00-04:00,long,164.72758497266094,0.8293439495951702,163.70178420549394,166.15934394959518,36502,36581,2013-08-29 10:45:00-04:00,2013-09-04 11:00:00-04:00,train
SPY,double_bottom,0,failed_breakout,36611,,2013-09-05 12:00:00-04:00,long,165.8202688109086,0.8717583838728444,164.0946978406376,167.02175838387285,36532,36611,2013-08-30 11:45:00-04:00,2013-09-05 12:00:00-04:00,train
SPY,double_bottom,0,near_miss,36626,,2013-09-05 15:45:00-04:00,long,166.0513126621722,0.12807918503230553,165.80232301343392,166.0580791850323,36547,36626,2013-08-30 15:30:00-04:00,2013-09-05 15:45:00-04:00,train
SPY,double_bottom,0,near_miss,36641,,2013-09-06 13:00:00-04:00,long,166.0752827167166,0.18090686250917543,165.74460776756897,166.57090686250916,36562,36641,2013-09-03 12:45:00-04:00,2013-09-06 13:00:00-04:00,train
SPY,double_bottom,0,failed_breakout,36663,,2013-09-09 12:00:00-04:00,long,166.61073582204097,0.4937381000090113,165.74460776756897,167.473738100009,36584,36663,2013-09-04 11:45:00-04:00,2013-09-09 12:00:00-04:00,train
SPY,double_bottom,0,near_miss,36721,,2013-09-11 13:30:00-04:00,long,168.7167336789477,1.16521416308737,166.48938767649494,170.29521416308737,36642,36721,2013-09-06 13:15:00-04:00,2013-09-11 13:30:00-04:00,train
SPY,double_bottom,0,near_miss,36756,,2013-09-12 15:45:00-04:00,long,169.30460662603505,0.4403693831052635,168.61365135522573,169.37036938310527,36677,36756,2013-09-09 15:30:00-04:00,2013-09-12 15:45:00-04:00,train
SPY,double_bottom,0,near_miss,36767,,2013-09-13 12:00:00-04:00,long,169.12717307037718,0.04109789155739918,169.05732722700574,169.3210978915574,36688,36767,2013-09-10 11:45:00-04:00,2013-09-13 12:00:00-04:00,train
SPY,double_bottom,0,near_miss,36792,,2013-09-16 11:45:00-04:00,long,169.2866390635631,0.12751436952703443,169.0410672445253,171.01751436952702,36713,36792,2013-09-11 11:30:00-04:00,2013-09-16 11:45:00-04:00,train
SPY,double_bottom,0,near_miss,36819,,2013-09-17 12:00:00-04:00,long,170.76954191009725,0.9435300265921569,169.27718214354684,171.80353002659217,36740,36819,2013-09-12 11:45:00-04:00,2013-09-17 12:00:00-04:00,train
SPY,double_bottom,0,near_miss,36860,,2013-09-18 15:45:00-04:00,long,171.01983809557564,0.452185451338579,170.3748416234633,173.5321854513386,36781,36860,2013-09-13 15:30:00-04:00,2013-09-18 15:45:00-04:00,train
SPY,double_bottom,0,near_miss,36894,,2013-09-20 11:15:00-04:00,long,173.07297305009948,1.2879114525704551,170.76046366501083,172.97791145257045,36815,36894,2013-09-17 11:00:00-04:00,2013-09-20 11:15:00-04:00,train
SPY,double_bottom,0,near_miss,36954,,2013-09-24 13:15:00-04:00,long,172.82267270186844,1.5140172115035853,169.8076514506825,171.8440172115036,36875,36954,2013-09-19 13:00:00-04:00,2013-09-24 13:15:00-04:00,train
SPY,double_bottom,0,near_miss,36982,,2013-09-25 13:45:00-04:00,long,170.26768029665323,0.5887160533743838,169.55027703587518,169.5487160533744,36903,36982,2013-09-20 13:30:00-04:00,2013-09-25 13:45:00-04:00,train
SPY,double_bottom,0,near_miss,36988,,2013-09-25 15:15:00-04:00,long,169.61392325307085,0.03948842343004344,169.55027703587518,169.46948842343005,36909,36988,2013-09-20 15:00:00-04:00,2013-09-25 15:15:00-04:00,train
SPY,double_bottom,0,failed_breakout,37001,,2013-09-26 12:00:00-04:00,long,169.61591229315115,0.17932974081060138,169.27457248127467,169.6193297408106,36922,37001,2013-09-23 11:45:00-04:00,2013-09-26 12:00:00-04:00,train
SPY,double_bottom,0,near_miss,37013,,2013-09-26 15:00:00-04:00,long,169.55339699794368,0.16530481229929705,169.27457248127467,169.3553048122993,36934,37013,2013-09-23 14:45:00-04:00,2013-09-26 15:00:00-04:00,train
SPY,double_bottom,0,near_miss,37038,,2013-09-27 14:45:00-04:00,long,169.5558982952859,0.3384357091090635,168.93331328233958,169.12843570910906,36959,37038,2013-09-24 14:30:00-04:00,2013-09-27 14:45:00-04:00,train
SPY,double_bottom,0,near_miss,37051,,2013-09-30 11:30:00-04:00,long,168.96992368578321,0.07147155065263178,168.86359098792155,168.11147155065262,36972,37051,2013-09-25 11:15:00-04:00,2013-09-30 11:30:00-04:00,train
SPY,double_bottom,0,near_miss,37067,,2013-09-30 15:30:00-04:00,long,168.87048330717008,0.386801547745506,168.10377253092759,168.24680154774552,36988,37067,2013-09-25 15:15:00-04:00,2013-09-30 15:30:00-04:00,train
SPY,double_bottom,1,confirmed_breakout,37073,37074.0,2013-10-01 10:30:00-04:00,long,168.1631985548818,0.0947450002664425,168.0331345783031,169.18474500026645,36994,37073,2013-09-26 10:15:00-04:00,2013-10-01 10:30:00-04:00,train
SPY,double_bottom,0,near_miss,37114,,2013-10-02 14:15:00-04:00,long,169.18313540561368,0.9404986644584312,168.0331345783031,169.80049866445844,37035,37114,2013-09-27 14:00:00-04:00,2013-10-02 14:15:00-04:00,train
SPY,double_bottom,0,failed_breakout,37146,,2013-10-03 15:45:00-04:00,long,168.9119776628713,0.9339447380709487,167.5039269455933,168.97394473807094,37067,37146,2013-09-30 15:30:00-04:00,2013-10-03 15:45:00-04:00,train
SPY,double_bottom,1,confirmed_breakout,37158,37159.0,2013-10-04 12:15:00-04:00,long,167.88748718371545,0.20661282618428345,167.5039269455933,169.02661282618428,37079,37158,2013-10-01 12:00:00-04:00,2013-10-04 12:15:00-04:00,train
SPY,double_bottom,0,near_miss,37200,,2013-10-08 09:45:00-04:00,long,168.80270283945157,0.8445583488874888,167.85782176946904,168.32455834888748,37121,37200,2013-10-02 16:00:00-04:00,2013-10-08 09:45:00-04:00,train
SPY,double_bottom,0,failed_breakout,37249,,2013-10-09 15:30:00-04:00,long,168.12383847636409,1.5094976485886207,165.1702144438918,167.4594976485886,37170,37249,2013-10-04 15:15:00-04:00,2013-10-09 15:30:00-04:00,train
SPY,double_bottom,0,failed_breakout,37341,,2013-10-15 12:30:00-04:00,long,170.69119920996891,0.55373516311451,169.62931481716006,171.0937351631145,37262,37341,2013-10-10 12:15:00-04:00,2013-10-15 12:30:00-04:00,train
SPY,double_bottom,0,near_miss,37365,,2013-10-16 12:00:00-04:00,long,170.71011167901642,0.28981079783267205,170.1840479092043,172.22981079783267,37286,37365,2013-10-11 11:45:00-04:00,2013-10-16 12:00:00-04:00,train
SPY,double_bottom,0,near_miss,37389,,2013-10-17 11:30:00-04:00,long,171.83650631888392,0.8767512932008401,170.1840479092043,173.19675129320083,37310,37389,2013-10-14 11:15:00-04:00,2013-10-17 11:30:00-04:00,train
SPY,double_bottom,0,near_miss,37452,,2013-10-21 14:15:00-04:00,long,174.35519010959206,1.32113014203469,171.7551546551619,175.6211301420347,37373,37452,2013-10-16 14:00:00-04:00,2013-10-21 14:15:00-04:00,train
SPY,double_bottom,0,near_miss,37468,,2013-10-22 11:45:00-04:00,long,174.3886159429212,0.09443070882994675,174.27540518822966,175.19443070882994,37389,37468,2013-10-17 11:30:00-04:00,2013-10-22 11:45:00-04:00,train
SPY,double_bottom,0,near_miss,37658,,2013-10-31 13:45:00-04:00,long,177.15615417398132,0.9662932335308199,176.10852971612732,177.4462932335308,37579,37658,2013-10-28 13:30:00-04:00,2013-10-31 13:45:00-04:00,train
SPY,double_bottom,0,failed_breakout,37693,,2013-11-01 16:00:00-04:00,long,176.50867885064085,0.6461154288484465,175.61659712745745,176.79611542884845,37614,37693,2013-10-29 15:45:00-04:00,2013-11-01 16:00:00-04:00,train
SPY,double_bottom,0,failed_breakout,37737,,2013-11-05 14:00:00-05:00,long,176.59921185115047,0.6639252280493793,175.61659712745745,177.03392522804938,37658,37737,2013-10-31 13:45:00-04:00,2013-11-05 14:00:00-05:00,train
SPY,double_bottom,0,near_miss,37755,,2013-11-06 12:00:00-05:00,long,176.54706643144024,0.16935516721716226,176.25397611874476,176.95935516721715,37676,37755,2013-11-01 11:45:00-04:00,2013-11-06 12:00:00-05:00,train
SPY,double_bottom,0,near_miss,37810,,2013-11-08 12:45:00-05:00,long,177.10408357123077,1.198026143604011,175.31066844555207,177.668026143604,37731,37810,2013-11-05 12:30:00-05:00,2013-11-08 12:45:00-05:00,train
SPY,double_bottom,0,near_miss,37888,,2013-11-13 12:45:00-05:00,long,176.77703643968675,0.08144154188050834,176.66184248261408,177.4614415418805,37809,37888,2013-11-08 12:30:00-05:00,2013-11-13 12:45:00-05:00,train
SPY,double_bottom,0,near_miss,37977,,2013-11-18 15:30:00-05:00,long,180.14933014313598,0.32993031008354023,179.4981113462476,179.59993031008355,37898,37977,2013-11-13 15:15:00-05:00,2013-11-18 15:30:00-05:00,train
SPY,double_bottom,0,near_miss,37993,,2013-11-19 13:00:00-05:00,long,180.19198357263465,0.3322826064784863,179.57871361245503,179.6622826064785,37914,37993,2013-11-14 12:45:00-05:00,2013-11-19 13:00:00-05:00,train
SPY,double_bottom,0,near_miss,37999,,2013-11-19 14:30:00-05:00,long,179.5824756163617,0.05773210601776668,179.47077340823284,178.87773210601776,37920,37999,2013-11-14 14:15:00-05:00,2013-11-19 14:30:00-05:00,train
SPY,double_bottom,0,failed_breakout,38011,,2013-11-20 11:00:00-05:00,long,179.49337784461582,0.1996865103967309,179.11660926020537,179.72968651039673,37932,38011,2013-11-15 10:45:00-05:00,2013-11-20 11:00:00-05:00,train
SPY,double_bottom,0,failed_breakout,38041,,2013-11-21 12:00:00-05:00,long,179.43459855618332,0.5201883047345746,178.72708540343376,180.14018830473458,37962,38041,2013-11-18 11:45:00-05:00,2013-11-21 12:00:00-05:00,train
SPY,double_bottom,0,near_miss,38165,,2013-11-29 10:30:00-05:00,long,181.09107874642504,0.18732107491803163,180.8987933730864,181.84732107491803,38086,38165,2013-11-25 10:15:00-05:00,2013-11-29 10:30:00-05:00,train
SPY,double_bottom,0,near_miss,38194,,2013-12-02 14:15:00-05:00,long,181.55877405095123,0.5724495055245313,180.90872196992763,181.49244950552452,38115,38194,2013-11-26 11:00:00-05:00,2013-12-02 14:15:00-05:00,train
SPY,double_bottom,0,failed_breakout,38235,,2013-12-04 11:30:00-05:00,long,181.20633798938798,0.900073962029694,179.54860093379082,180.85007396202968,38156,38235,2013-11-27 14:45:00-05:00,2013-12-04 11:30:00-05:00,train
SPY,double_bottom,0,near_miss,38260,,2013-12-05 11:15:00-05:00,long,179.99836156213323,0.6048331434028853,179.24630287830857,179.77483314340287,38181,38260,2013-12-02 11:00:00-05:00,2013-12-05 11:15:00-05:00,train
SPY,double_bottom,0,failed_breakout,38273,,2013-12-05 14:30:00-05:00,long,179.44883649279603,0.18340276360555663,179.24630287830857,179.26340276360557,38194,38273,2013-12-02 14:15:00-05:00,2013-12-05 14:30:00-05:00,train
SPY,double_bottom,0,near_miss,38289,,2013-12-06 12:00:00-05:00,long,179.33402851267817,0.15766981066695962,179.06815282395007,180.89766981066697,38210,38289,2013-12-03 11:45:00-05:00,2013-12-06 12:00:00-05:00,train
SPY,double_bottom,0,near_miss,38314,,2013-12-09 11:45:00-05:00,long,180.90345942082166,0.9304150569045078,179.06815282395007,182.4104150569045,38235,38314,2013-12-04 11:30:00-05:00,2013-12-09 11:45:00-05:00,train
SPY,double_bottom,0,near_miss,38363,,2013-12-11 11:00:00-05:00,long,181.46450842208287,0.5799912024605192,180.87793590388424,180.4999912024605,38284,38363,2013-12-06 10:45:00-05:00,2013-12-11 11:00:00-05:00,train
SPY,double_bottom,0,near_miss,38409,,2013-12-12 16:00:00-05:00,long,180.91428285404365,1.3596967298147717,178.21807371309725,179.53969672981478,38330,38409,2013-12-09 15:45:00-05:00,2013-12-12 16:00:00-05:00,train
SPY,double_bottom,1,confirmed_breakout,38430,38436.0,2013-12-13 14:45:00-05:00,long,178.44457755415564,0.27412310758424496,178.12283518004557,179.77412310758424,38351,38430,2013-12-10 14:30:00-05:00,2013-12-13 14:45:00-05:00,train
SPY,double_bottom,0,near_miss,38440,,2013-12-16 10:45:00-05:00,long,178.25491580035418,0.11066618934447092,178.12283518004557,179.48066618934448,38361,38440,2013-12-11 10:30:00-05:00,2013-12-16 10:45:00-05:00,train
SPY,double_bottom,0,near_miss,38462,,2013-12-17 09:45:00-05:00,long,179.28093426681994,0.5742623442528725,178.16566404197386,179.40426234425288,38383,38462,2013-12-11 16:00:00-05:00,2013-12-17 09:45:00-05:00,train
SPY,double_bottom,0,near_miss,38486,,2013-12-17 15:45:00-05:00,long,179.36094714663318,0.4284780330401077,178.61725842402586,179.13847803304012,38407,38486,2013-12-12 15:30:00-05:00,2013-12-17 15:45:00-05:00,train
SPY,double_bottom,0,failed_breakout,38497,,2013-12-18 12:00:00-05:00,long,178.80241741594782,0.09956647887037207,178.61725842402586,178.58956647887038,38418,38497,2013-12-13 11:45:00-05:00,2013-12-18 12:00:00-05:00,train
SPY,double_bottom,0,near_miss,38515,,2013-12-19 10:00:00-05:00,long,178.87456484480612,0.272345786181063,178.41599466712108,181.43234578618106,38436,38515,2013-12-16 09:45:00-05:00,2013-12-19 10:00:00-05:00,train
SPY,double_bottom,0,failed_breakout,38555,,2013-12-20 13:30:00-05:00,long,181.49517018639415,1.589970140591305,178.41599466712108,183.41997014059132,38476,38555,2013-12-17 13:15:00-05:00,2013-12-20 13:30:00-05:00,train
SPY,double_bottom,0,near_miss,38575,,2013-12-24 12:00:00-05:00,long,181.8507182900939,0.2610731246097373,181.3944054244846,183.20107312460974,38496,38575,2013-12-18 11:45:00-05:00,2013-12-24 12:00:00-05:00,train
SPY,double_bottom,0,near_miss,38634,,2013-12-30 10:15:00-05:00,long,183.93021023444294,1.1366170319216167,181.7848849064837,184.85661703192162,38555,38634,2013-12-20 13:30:00-05:00,2013-12-30 10:15:00-05:00,train
SPY,double_bottom,0,near_miss,38647,,2013-12-30 13:30:00-05:00,long,183.8207652458831,0.04700589060504967,183.74521721199713,183.70700589060505,38568,38647,2013-12-24 10:15:00-05:00,2013-12-30 13:30:00-05:00,train
SPY,double_bottom,0,near_miss,38659,,2013-12-31 10:00:00-05:00,long,183.74783088417593,0.03556177359780577,183.67932100915908,184.1655617735978,38580,38659,2013-12-26 09:45:00-05:00,2013-12-31 10:00:00-05:00,train
SPY,double_bottom,0,near_miss,38691,,2014-01-02 11:30:00-05:00,long,184.35762771077918,0.4141119457170248,183.67932100915908,183.864111945717,38612,38691,2013-12-27 11:15:00-05:00,2014-01-02 11:30:00-05:00,train
SPY,double_bottom,0,near_miss,38716,,2014-01-03 11:15:00-05:00,long,184.24035967389923,0.6876103992786682,182.89778802827587,183.97761039927866,38637,38716,2013-12-30 11:00:00-05:00,2014-01-03 11:15:00-05:00,train
SPY,double_bottom,0,failed_breakout,38739,,2014-01-06 10:30:00-05:00,long,183.22723238033646,0.3297543173581232,182.89716809768083,183.3397543173581,38660,38739,2013-12-31 10:15:00-05:00,2014-01-06 10:30:00-05:00,train
SPY,double_bottom,0,near_miss,38762,,2014-01-07 09:45:00-05:00,long,183.06929281602183,0.4302081862290379,182.38100116190475,183.68020818622904,38683,38762,2013-12-31 16:00:00-05:00,2014-01-07 09:45:00-05:00,train
SPY,double_bottom,0,failed_breakout,38791,,2014-01-08 10:30:00-05:00,long,183.51084798834574,0.5902017213140027,182.38100116190475,184.260201721314,38712,38791,2014-01-03 10:15:00-05:00,2014-01-08 10:30:00-05:00,train
SPY,double_bottom,0,near_miss,38800,,2014-01-08 12:45:00-05:00,long,183.50482580908394,0.04644308715322154,183.45647407170267,183.53644308715323,38721,38800,2014-01-03 12:30:00-05:00,2014-01-08 12:45:00-05:00,train
SPY,double_bottom,0,near_miss,38805,,2014-01-08 14:00:00-05:00,long,183.50249500079147,0.02840917488478567,183.45647407170267,183.6084091748848,38726,38805,2014-01-03 13:45:00-05:00,2014-01-08 14:00:00-05:00,train
SPY,double_bottom,0,near_miss,38822,,2014-01-09 11:45:00-05:00,long,183.549661856233,0.10847090900347212,183.3906843143484,183.28847090900348,38743,38822,2014-01-06 11:30:00-05:00,2014-01-09 11:45:00-05:00,train
SPY,double_bottom,0,near_miss,38835,,2014-01-09 15:00:00-05:00,long,183.55423087858583,0.21913750786012542,183.27950242710304,183.6391375078601,38756,38835,2014-01-06 14:45:00-05:00,2014-01-09 15:00:00-05:00,train
SPY,double_bottom,0,near_miss,38843,,2014-01-10 10:30:00-05:00,long,183.36146721463288,0.05469211708609123,183.27950242710304,183.56469211708608,38764,38843,2014-01-07 10:15:00-05:00,2014-01-10 10:30:00-05:00,train
SPY,double_bottom,0,near_miss,38861,,2014-01-10 15:00:00-05:00,long,183.54328318755734,0.19756489510427855,183.3340477679905,183.72756489510428,38782,38861,2014-01-07 14:45:00-05:00,2014-01-10 15:00:00-05:00,train
SPY,double_bottom,0,near_miss,38903,,2014-01-14 12:30:00-05:00,long,183.94163419648225,1.1816594119195543,182.16256075220977,184.57165941191954,38824,38903,2014-01-09 12:15:00-05:00,2014-01-14 12:30:00-05:00,train
SPY,double_bottom,0,failed_breakout,38946,,2014-01-16 10:15:00-05:00,long,184.58888006026382,1.2218463098517418,182.16256075220977,185.51184630985173,38867,38946,2014-01-13 10:00:00-05:00,2014-01-16 10:15:00-05:00,train
SPY,double_bottom,0,near_miss,38966,,2014-01-16 15:15:00-05:00,long,184.65105624975092,0.25763107796424833,184.21534359495894,184.56763107796425,38887,38966,2014-01-13 15:00:00-05:00,2014-01-16 15:15:00-05:00,train
SPY,double_bottom,0,near_miss,38985,,2014-01-17 13:30:00-05:00,long,184.29785067063114,0.09533015329114392,184.18969743972104,184.10533015329113,38906,38985,2014-01-14 13:15:00-05:00,2014-01-17 13:30:00-05:00,train
SPY,double_bottom,0,near_miss,39005,,2014-01-21 12:00:00-05:00,long,184.26670014524748,0.2422514279699044,183.8591999948341,183.60225142796992,38926,39005,2014-01-15 11:45:00-05:00,2014-01-21 12:00:00-05:00,train
SPY,double_bottom,0,near_miss,39019,,2014-01-21 15:30:00-05:00,long,184.0247120583777,0.27852739866358434,183.6331693245941,184.22852739866357,38940,39019,2014-01-15 15:15:00-05:00,2014-01-21 15:30:00-05:00,train
SPY,double_bottom,0,failed_breakout,39041,,2014-01-22 14:30:00-05:00,long,184.15195750907964,0.26987651723499084,183.6331693245941,184.639876517235,38962,39041,2014-01-16 14:15:00-05:00,2014-01-22 14:30:00-05:00,train
SPY,double_bottom,0,failed_breakout,39146,,2014-01-28 14:45:00-05:00,long,178.84779512989624,0.4419026457916857,178.03435039510234,179.48190264579168,39067,39146,2014-01-23 14:30:00-05:00,2014-01-28 14:45:00-05:00,train
SPY,double_bottom,0,near_miss,39187,,2014-01-30 12:00:00-05:00,long,179.01073482081287,0.8285285358270187,177.5869779968649,180.35852853582702,39108,39187,2014-01-27 11:45:00-05:00,2014-01-30 12:00:00-05:00,train
SPY,double_bottom,0,failed_breakout,39222,,2014-01-31 14:15:00-05:00,long,179.45521495967222,1.5413649458900807,177.5869779968649,180.5013649458901,39143,39222,2014-01-28 14:00:00-05:00,2014-01-31 14:15:00-05:00,train
SPY,double_bottom,0,failed_breakout,39266,,2014-02-04 12:15:00-05:00,long,178.7585658810885,2.3998487167557983,174.47671229796597,177.8998487167558,39187,39266,2014-01-30 12:00:00-05:00,2014-02-04 12:15:00-05:00,train
SPY,double_bottom,0,failed_breakout,39284,,2014-02-05 10:15:00-05:00,long,175.40854123888948,0.4747836020941918,174.47671229796597,174.8447836020942,39205,39284,2014-01-31 10:00:00-05:00,2014-02-05 10:15:00-05:00,train
SPY,double_bottom,0,near_miss,39300,,2014-02-05 14:15:00-05:00,long,175.43776977099432,0.41157535965484726,174.66158584705434,175.65157535965486,39221,39300,2014-01-31 14:00:00-05:00,2014-02-05 14:15:00-05:00,train
SPY,double_bottom,0,near_miss,39436,,2014-02-12 15:45:00-05:00,long,182.24803713938962,1.4219978552388,179.5450178902191,183.5019978552388,39357,39436,2014-02-07 15:30:00-05:00,2014-02-12 15:45:00-05:00,train
SPY,double_bottom,0,near_miss,39452,,2014-02-13 13:15:00-05:00,long,182.1535216904372,0.1670905671545313,181.86580156848282,182.91709056715453,39373,39452,2014-02-10 13:00:00-05:00,2014-02-13 13:15:00-05:00,train
SPY,double_bottom,0,near_miss,39555,,2014-02-20 13:00:00-05:00,long,184.55985422346575,0.6893115939633674,183.4252259224327,184.82931159396335,39476,39555,2014-02-14 12:45:00-05:00,2014-02-20 13:00:00-05:00,train
SPY,double_bottom,0,failed_breakout,39591,,2014-02-21 15:30:00-05:00,long,184.60186110948231,0.589228443784549,183.4252259224327,184.94922844378456,39512,39591,2014-02-18 15:15:00-05:00,2014-02-21 15:30:00-05:00,train
SPY,double_bottom,0,near_miss,39603,,2014-02-24 12:00:00-05:00,long,184.61228261953912,0.1803283151304811,184.2638691998544,186.22032831513047,39524,39603,2014-02-19 11:45:00-05:00,2014-02-24 12:00:00-05:00,train
SPY,double_bottom,0,failed_breakout,39636,,2014-02-25 13:45:00-05:00,long,185.8568976653248,1.2089340719842028,184.2638691998544,186.3489340719842,39557,39636,2014-02-20 13:30:00-05:00,2014-02-25 13:45:00-05:00,train
SPY,double_bottom,0,near_miss,39642,,2014-02-25 15:15:00-05:00,long,185.09524365308997,0.041087128781583715,185.03205798682674,184.67108712878158,39563,39642,2014-02-20 15:00:00-05:00,2014-02-25 15:15:00-05:00,train
SPY,double_bottom,0,failed_breakout,39657,,2014-02-26 12:30:00-05:00,long,185.1294025401872,0.17034268919002216,184.84186464020436,185.53034268919004,39578,39657,2014-02-21 12:15:00-05:00,2014-02-26 12:30:00-05:00,train
SPY,double_bottom,0,failed_breakout,39685,,2014-02-27 13:00:00-05:00,long,185.33821884138658,0.5452819728760119,184.74400909681677,185.805281972876,39606,39685,2014-02-24 12:45:00-05:00,2014-02-27 13:00:00-05:00,train
SPY,double_bottom,1,confirmed_breakout,39749,39750.0,2014-03-03 16:00:00-05:00,long,184.72650964700892,0.09252167546745227,184.55110805711183,186.94252167546745,39670,39749,2014-02-26 15:45:00-05:00,2014-03-03 16:00:00-05:00,train
SPY,double_bottom,0,near_miss,39798,,2014-03-05 15:15:00-05:00,long,187.77742871419986,1.550515301714995,184.7168678859711,189.110515301715,39719,39798,2014-02-28 15:00:00-05:00,2014-03-05 15:15:00-05:00,train
SPY,double_bottom,0,near_miss,39810,,2014-03-06 11:45:00-05:00,long,187.77165362789785,0.059742426778342406,187.68686346324043,188.47974242677833,39731,39810,2014-03-03 11:30:00-05:00,2014-03-06 11:45:00-05:00,train
SPY,double_bottom,0,near_miss,39859,,2014-03-10 11:00:00-04:00,long,188.43805016372784,0.6441104044849908,187.68686346324043,187.894110404485,39780,39859,2014-03-05 10:45:00-05:00,2014-03-10 11:00:00-04:00,train
SPY,double_bottom,0,near_miss,39882,,2014-03-11 10:15:00-04:00,long,187.9733168866736,0.16854421216137894,187.70852929377918,188.1885442121614,39803,39882,2014-03-06 10:00:00-05:00,2014-03-11 10:15:00-04:00,train
SPY,double_bottom,0,near_miss,39922,,2014-03-12 13:45:00-04:00,long,188.17204774547906,0.9075621790105401,186.8204418391579,187.86756217901055,39843,39922,2014-03-07 13:30:00-05:00,2014-03-12 13:45:00-04:00,train
SPY,double_bottom,0,near_miss,39931,,2014-03-12 16:00:00-04:00,long,186.9438371074645,0.0673637743535096,186.8204418391579,187.3273637743535,39852,39931,2014-03-07 15:45:00-05:00,2014-03-12 16:00:00-04:00,train
SPY,double_bottom,0,near_miss,39939,,2014-03-13 11:30:00-04:00,long,186.98241798622794,0.03638861436107277,186.93250482706407,186.73638861436106,39860,39939,2014-03-10 11:15:00-04:00,2014-03-13 11:30:00-04:00,train
SPY,double_bottom,0,near_miss,39969,,2014-03-14 12:30:00-04:00,long,187.24647142757934,1.1169666491580017,185.29945564017302,186.22696664915802,39890,39969,2014-03-11 12:15:00-04:00,2014-03-14 12:30:00-04:00,train
SPY,double_bottom,0,near_miss,39975,,2014-03-14 14:00:00-04:00,long,185.30929105158668,0.08350991296569532,185.15210663706895,185.2035099129657,39896,39975,2014-03-11 13:45:00-04:00,2014-03-14 14:00:00-04:00,train
SPY,double_bottom,1,confirmed_breakout,39983,39984.0,2014-03-14 16:00:00-04:00,long,185.2462366228558,0.22812380801326526,184.88411899261615,186.66812380801326,39904,39983,2014-03-11 15:45:00-04:00,2014-03-14 16:00:00-04:00,train
SPY,double_bottom,0,near_miss,40019,,2014-03-18 12:00:00-04:00,long,186.40702561979342,0.7709384777295725,184.88411899261615,188.33093847772957,39940,40019,2014-03-13 11:45:00-04:00,2014-03-18 12:00:00-04:00,train
SPY,double_bottom,0,near_miss,40058,,2014-03-19 15:15:00-04:00,long,187.7474753704008,0.7060693657049057,186.3880552915115,186.7960693657049,39979,40058,2014-03-14 15:00:00-04:00,2014-03-19 15:15:00-04:00,train
SPY,double_bottom,0,near_miss,40075,,2014-03-20 13:00:00-04:00,long,187.7489041466985,0.4806291067456243,186.8417933620255,188.19062910674563,39996,40075,2014-03-17 12:45:00-04:00,2014-03-20 13:00:00-04:00,train
SPY,double_bottom,0,failed_breakout,40095,,2014-03-21 11:30:00-04:00,long,187.6361018232057,0.4087854721184385,186.8417933620255,188.30878547211844,40016,40095,2014-03-18 11:15:00-04:00,2014-03-21 11:30:00-04:00,train
SPY,double_bottom,0,near_miss,40102,,2014-03-21 13:15:00-04:00,long,187.6586820307389,0.04137356510378254,187.61283934014904,187.29137356510378,40023,40102,2014-03-18 13:00:00-04:00,2014-03-21 13:15:00-04:00,train
SPY,double_bottom,0,near_miss,40139,,2014-03-24 16:00:00-04:00,long,187.72461164920196,1.3789581586028987,185.0695293900769,186.7889581586029,40060,40139,2014-03-19 15:45:00-04:00,2014-03-24 16:00:00-04:00,train
SPY,double_bottom,0,near_miss,40253,,2014-03-31 12:00:00-04:00,long,186.02163914792587,1.0121743398642309,184.5490129255318,187.80217433986422,40174,40253,2014-03-26 11:45:00-04:00,2014-03-31 12:00:00-04:00,train
SPY,double_bottom,1,confirmed_breakout,40295,40299.0,2014-04-01 16:00:00-04:00,long,187.70944446312987,1.1256393329751972,185.46991669059148,189.8056393329752,40216,40295,2014-03-27 15:45:00-04:00,2014-04-01 16:00:00-04:00,train
SPY,double_bottom,0,near_miss,40326,,2014-04-03 10:45:00-04:00,long,188.69801810051356,0.5532215366730782,187.69769356971787,189.14322153667308,40247,40326,2014-03-31 10:30:00-04:00,2014-04-03 10:45:00-04:00,train
SPY,double_bottom,0,near_miss,40354,,2014-04-04 11:15:00-04:00,long,188.85605892787606,0.3276442516313409,188.46492979452634,188.87764425163135,40275,40354,2014-04-01 11:00:00-04:00,2014-04-04 11:15:00-04:00,train
SPY,double_bottom,0,failed_breakout,40405,,2014-04-08 11:00:00-04:00,long,188.88045798923588,2.4129837739548066,184.47001863603583,186.9529837739548,40326,40405,2014-04-03 10:45:00-04:00,2014-04-08 11:00:00-04:00,train
SPY,double_bottom,0,failed_breakout,40414,,2014-04-08 13:15:00-04:00,long,184.5803190641133,0.1481457643491524,184.39432796349243,185.11814576434915,40335,40414,2014-04-03 13:00:00-04:00,2014-04-08 13:15:00-04:00,train
SPY,double_bottom,0,near_miss,40432,,2014-04-09 11:15:00-04:00,long,185.00568371217486,0.3333031801369657,184.39432796349243,185.73330318013697,40353,40432,2014-04-04 11:00:00-04:00,2014-04-09 11:15:00-04:00,train
SPY,double_bottom,1,confirmed_breakout,40529,40530.0,2014-04-14 16:00:00-04:00,long,182.99390939449643,0.8105336783876282,181.90800710429423,184.79053367838762,40450,40529,2014-04-09 15:45:00-04:00,2014-04-14 16:00:00-04:00,train
SPY,double_bottom,1,confirmed_breakout,40551,40552.0,2014-04-15 15:00:00-04:00,long,182.9674213849697,0.5857054183607318,182.30468760529456,184.58570541836073,40472,40551,2014-04-10 14:45:00-04:00,2014-04-15 15:00:00-04:00,train
SPY,double_bottom,0,failed_breakout,40829,,2014-05-01 13:00:00-04:00,long,188.19877025731398,1.1743372968511494,185.87593112836487,189.70433729685115,40750,40829,2014-04-28 12:45:00-04:00,2014-05-01 13:00:00-04:00,train
SPY,double_bottom,0,near_miss,40851,,2014-05-02 12:00:00-04:00,long,188.49130638940107,0.2918218820931031,188.17293479256077,188.7918218820931,40772,40851,2014-04-29 11:45:00-04:00,2014-05-02 12:00:00-04:00,train
SPY,double_bottom,0,near_miss,40860,,2014-05-02 14:15:00-04:00,long,188.48813385710937,0.17275229213433363,188.22603422205518,188.08275229213433,40781,40860,2014-04-29 14:00:00-04:00,2014-05-02 14:15:00-04:00,train
SPY,double_bottom,0,near_miss,40881,,2014-05-05 13:00:00-04:00,long,188.41482369573322,0.3164779141704912,187.79196265523052,188.3364779141705,40802,40881,2014-04-30 12:45:00-04:00,2014-05-05 13:00:00-04:00,train
SPY,double_bottom,1,confirmed_breakout,40997,40998.0,2014-05-09 16:00:00-04:00,long,187.5659803834391,0.17878821050814508,187.241179771414,189.36878821050814,40918,40997,2014-05-06 15:45:00-04:00,2014-05-09 16:00:00-04:00,train
SPY,double_bottom,0,near_miss,41053,,2014-05-14 10:30:00-04:00,long,190.0456544074202,1.2933517300693609,187.53320457444786,190.92335173006936,40974,41053,2014-05-09 10:15:00-04:00,2014-05-14 10:30:00-04:00,train
SPY,double_bottom,0,near_miss,41073,,2014-05-14 15:30:00-04:00,long,189.9852142110326,0.19891625371371902,189.60119513438391,189.31891625371372,40994,41073,2014-05-09 15:15:00-04:00,2014-05-14 15:30:00-04:00,train
SPY,double_bottom,0,near_miss,41103,,2014-05-16 10:00:00-04:00,long,189.60849593426084,1.3573013085682817,186.90119411700118,188.73730130856828,41024,41103,2014-05-13 09:45:00-04:00,2014-05-16 10:00:00-04:00,train
SPY,double_bottom,0,failed_breakout,41116,,2014-05-16 13:15:00-04:00,long,187.2054796595223,0.18390410886107134,186.90119411700118,187.38390410886106,41037,41116,2014-05-13 13:00:00-04:00,2014-05-16 13:15:00-04:00,train
SPY,double_bottom,0,near_miss,41131,,2014-05-19 10:30:00-04:00,long,187.311088839542,0.10510544076569772,187.14195698432127,188.4551054407657,41052,41131,2014-05-14 10:15:00-04:00,2014-05-19 10:30:00-04:00,train
SPY,double_bottom,0,near_miss,41187,,2014-05-21 11:30:00-04:00,long,188.68937625401293,1.3358538289018895,187.27000981323135,189.8258538289019,41108,41187,2014-05-16 11:15:00-04:00,2014-05-21 11:30:00-04:00,train
SPY,double_bottom,0,failed_breakout,41242,,2014-05-23 12:15:00-04:00,long,189.83845773984052,1.2201145803974498,187.43703503699072,191.47011458039745,41163,41242,2014-05-20 12:00:00-04:00,2014-05-23 12:15:00-04:00,train
SPY,double_bottom,0,near_miss,41284,,2014-05-28 09:45:00-04:00,long,191.24095644939112,0.7222157437705334,189.79965128189542,192.27221574377054,41205,41284,2014-05-21 16:00:00-04:00,2014-05-28 09:45:00-04:00,train
SPY,double_bottom,0,near_miss,41299,,2014-05-28 13:30:00-04:00,long,191.40674596950734,0.10467349009527993,191.23783012934578,191.76467349009528,41220,41299,2014-05-22 13:15:00-04:00,2014-05-28 13:30:00-04:00,train
SPY,double_bottom,0,near_miss,41319,,2014-05-29 12:00:00-04:00,long,191.65089967575298,0.15797751731474818,191.3663148294783,191.88797751731474,41240,41319,2014-05-23 11:45:00-04:00,2014-05-29 12:00:00-04:00,train
SPY,double_bottom,0,near_miss,41363,,2014-06-02 10:00:00-04:00,long,192.40260698665705,0.43486636671448764,191.63503759199605,192.9548663667145,41284,41363,2014-05-28 09:45:00-04:00,2014-06-02 10:00:00-04:00,train
SPY,double_bottom,0,near_miss,41377,,2014-06-02 13:30:00-04:00,long,192.49736278413602,0.12880668978917242,192.30044364788904,192.94880668978917,41298,41377,2014-05-28 13:15:00-04:00,2014-06-02 13:30:00-04:00,train
SPY,double_bottom,0,near_miss,41395,,2014-06-03 11:30:00-04:00,long,192.79895910493548,0.18867906706793747,192.43666854080462,192.70867906706795,41316,41395,2014-05-29 11:15:00-04:00,2014-06-03 11:30:00-04:00,train
SPY,double_bottom,0,near_miss,41407,,2014-06-03 14:30:00-04:00,long,192.81119407421187,0.13619369856652952,192.5661092163602,192.98619369856652,41328,41407,2014-05-29 14:15:00-04:00,2014-06-03 14:30:00-04:00,train
SPY,double_bottom,0,near_miss,41447,,2014-06-05 11:30:00-04:00,long,193.16965514982823,0.3044214699320662,192.5661092163602,194.08442146993207,41368,41447,2014-06-02 11:15:00-04:00,2014-06-05 11:30:00-04:00,train
SPY,double_bottom,0,near_miss,41544,,2014-06-11 09:45:00-04:00,long,195.3723070216917,0.046767852302195934,195.2801931181769,195.1267678523022,41465,41544,2014-06-05 16:00:00-04:00,2014-06-11 09:45:00-04:00,train
SPY,double_bottom,0,near_miss,41576,,2014-06-12 11:15:00-04:00,long,195.3875247344289,0.350025905033732,194.79480454061343,194.73002590503373,41497,41576,2014-06-09 11:00:00-04:00,2014-06-12 11:15:00-04:00,train
SPY,double_bottom,0,near_miss,41608,,2014-06-13 12:45:00-04:00,long,194.83549720237636,0.6631806769715354,193.54982851019625,194.53318067697154,41529,41608,2014-06-10 12:30:00-04:00,2014-06-13 12:45:00-04:00,train
SPY,double_bottom,0,failed_breakout,41630,,2014-06-16 11:45:00-04:00,long,194.02976933172414,0.26149135852219274,193.54982851019625,194.0614913585222,41551,41630,2014-06-11 11:30:00-04:00,2014-06-16 11:45:00-04:00,train
SPY,double_bottom,0,near_miss,41644,,2014-06-16 15:15:00-04:00,long,194.27632741300053,0.21158495313002845,193.98672743620764,194.28158495313002,41565,41644,2014-06-11 15:00:00-04:00,2014-06-16 15:15:00-04:00,train
SPY,double_bottom,0,near_miss,41665,,2014-06-17 14:00:00-04:00,long,194.34358946181865,0.11188072769198243,194.14275748353336,194.96188072769198,41586,41665,2014-06-12 13:45:00-04:00,2014-06-17 14:00:00-04:00,train
SPY,double_bottom,0,near_miss,41696,,2014-06-18 15:15:00-04:00,long,194.8641811589296,0.340335414826626,194.32065998471998,196.09033541482663,41617,41696,2014-06-13 15:00:00-04:00,2014-06-18 15:15:00-04:00,train
SPY,double_bottom,0,near_miss,41701,,2014-06-19 10:00:00-04:00,long,194.74150599410217,0.018356111894149763,194.71926826093005,196.33835611189414,41622,41701,2014-06-16 09:45:00-04:00,2014-06-19 10:00:00-04:00,train
SPY,double_bottom,0,near_miss,41727,,2014-06-20 10:00:00-04:00,long,196.1664200353509,0.766074908218144,194.71926826093005,196.63607490821815,41648,41727,2014-06-17 09:45:00-04:00,2014-06-20 10:00:00-04:00,train
SPY,double_bottom,0,near_miss,41758,,2014-06-23 11:15:00-04:00,long,196.2557030067904,0.29835545139366104,195.833273117458,196.00835545139367,41679,41758,2014-06-18 11:00:00-04:00,2014-06-23 11:15:00-04:00,train
SPY,double_bottom,0,near_miss,41773,,2014-06-23 15:00:00-04:00,long,195.85798959177646,0.06908906397512737,195.7445279381447,195.85908906397512,41694,41773,2014-06-18 14:45:00-04:00,2014-06-23 15:00:00-04:00,train
SPY,double_bottom,0,near_miss,41789,,2014-06-24 12:30:00-04:00,long,195.7556678633012,0.010836624698697506,195.7445279381447,196.3408366246987,41710,41789,2014-06-19 12:15:00-04:00,2014-06-24 12:30:00-04:00,train
SPY,double_bottom,0,near_miss,41818,,2014-06-25 13:15:00-04:00,long,196.24744022925654,0.8718705768702648,195.0060047657123,196.14187057687028,41739,41818,2014-06-20 13:00:00-04:00,2014-06-25 13:15:00-04:00,train
SPY,double_bottom,0,failed_breakout,41854,,2014-06-26 15:45:00-04:00,long,195.44571875409392,0.5388904988365937,194.80765174480234,195.92889049883658,41775,41854,2014-06-23 15:30:00-04:00,2014-06-26 15:45:00-04:00,train
SPY,double_bottom,0,near_miss,41947,,2014-07-02 13:00:00-04:00,long,197.33451579635192,0.7882442289551932,195.8568756501568,197.9982442289552,41868,41947,2014-06-27 12:45:00-04:00,2014-07-02 13:00:00-04:00,train
SPY,double_bottom,0,near_miss,41968,,2014-07-03 11:45:00-04:00,long,197.2394319646573,0.04936452517782186,197.1444673943223,198.09936452517783,41889,41968,2014-06-30 11:30:00-04:00,2014-07-03 11:45:00-04:00,train
SPY,double_bottom,0,near_miss,42000,,2014-07-08 09:45:00-04:00,long,198.03479089112165,0.7240929813828529,197.1444673943223,197.56409298138286,41921,42000,2014-07-01 13:00:00-04:00,2014-07-08 09:45:00-04:00,train
SPY,double_bottom,0,failed_breakout,42024,,2014-07-08 15:45:00-04:00,long,197.48323016490684,0.6494841577776924,196.19056358910308,196.9194841577777,41945,42024,2014-07-02 12:30:00-04:00,2014-07-08 15:45:00-04:00,train
SPY,double_bottom,0,near_miss,42035,,2014-07-09 12:00:00-04:00,long,196.33118609428527,0.08099153538736914,196.19056358910308,196.74099153538737,41956,42035,2014-07-02 15:15:00-04:00,2014-07-09 12:00:00-04:00,train
SPY,double_bottom,0,near_miss,42072,,2014-07-10 14:45:00-04:00,long,197.00293916901134,0.7943699291342057,196.10731295106152,197.03436992913421,41993,42072,2014-07-07 14:30:00-04:00,2014-07-10 14:45:00-04:00,train
SPY,double_bottom,1,confirmed_breakout,42101,42104.0,2014-07-11 15:30:00-04:00,long,196.43435361112628,0.31368561963765274,196.10731295106152,197.87368561963766,42022,42101,2014-07-08 15:15:00-04:00,2014-07-11 15:30:00-04:00,train
SPY,double_bottom,0,failed_breakout,42139,,2014-07-15 12:00:00-04:00,long,197.66840165325,0.7945020770333713,196.13402303191572,197.35450207703337,42060,42139,2014-07-10 11:45:00-04:00,2014-07-15 12:00:00-04:00,train
SPY,double_bottom,0,near_miss,42154,,2014-07-15 15:45:00-04:00,long,197.66696731339522,0.34191346916060184,197.0363315679517,197.5619134691606,42075,42154,2014-07-10 15:30:00-04:00,2014-07-15 15:45:00-04:00,train
SPY,double_bottom,0,failed_breakout,42257,,2014-07-21 15:30:00-04:00,long,197.53577728434115,0.8884385658436997,196.38792464349717,198.3784385658437,42178,42257,2014-07-16 15:15:00-04:00,2014-07-21 15:30:00-04:00,train
SPY,double_bottom,0,failed_breakout,42297,,2014-07-23 12:30:00-04:00,long,198.3833235049197,0.7871042688138061,196.90675279349776,199.36710426881382,42218,42297,2014-07-18 12:15:00-04:00,2014-07-23 12:30:00-04:00,train
SPY,double_bottom,0,near_miss,42311,,2014-07-23 16:00:00-04:00,long,198.60270112410504,0.17341434277270196,198.28568567871403,198.8234143427727,42232,42311,2014-07-18 15:45:00-04:00,2014-07-23 16:00:00-04:00,train
SPY,double_bottom,0,near_miss,42338,,2014-07-25 09:45:00-04:00,long,198.86113719245833,0.16152740372839958,198.5728878839506,198.1615274037284,42259,42338,2014-07-21 16:00:00-04:00,2014-07-25 09:45:00-04:00,train
SPY,double_bottom,0,near_miss,42380,,2014-07-28 13:45:00-04:00,long,198.84463807151448,0.80701846919888,197.24890751112193,198.86701846919888,42301,42380,2014-07-23 13:30:00-04:00,2014-07-28 13:45:00-04:00,train
SPY,double_bottom,0,near_miss,42385,,2014-07-28 15:00:00-04:00,long,197.26627006475306,0.011859405865237704,197.24890751112193,197.94185940586524,42306,42385,2014-07-23 14:45:00-04:00,2014-07-28 15:00:00-04:00,train
SPY,double_bottom,0,near_miss,42443,,2014-07-31 10:00:00-04:00,long,198.06337054833847,1.118471274180365,196.62988474166255,196.42847127418037,42364,42443,2014-07-28 09:45:00-04:00,2014-07-31 10:00:00-04:00,train
SPY,double_bottom,0,failed_breakout,42492,,2014-08-01 15:45:00-04:00,long,196.9469976770385,2.496129785695814,192.27185104102279,195.2261297856958,42413,42492,2014-07-29 15:30:00-04:00,2014-08-01 15:45:00-04:00,train
SPY,double_bottom,1,confirmed_breakout,42514,42515.0,2014-08-04 14:45:00-04:00,long,192.76257648107685,0.31393444152638494,192.27185104102279,194.1239344415264,42435,42514,2014-07-30 14:30:00-04:00,2014-08-04 14:45:00-04:00,train
SPY,double_bottom,0,near_miss,42558,,2014-08-06 12:45:00-04:00,long,193.58730930462303,1.3137983462436864,191.92158887868058,194.0637983462437,42479,42558,2014-08-01 12:30:00-04:00,2014-08-06 12:45:00-04:00,train
SPY,double_bottom,0,failed_breakout,42581,,2014-08-07 12:00:00-04:00,long,192.4680723094715,0.42352327760437447,191.92158887868058,192.05352327760437,42502,42581,2014-08-04 11:45:00-04:00,2014-08-07 12:00:00-04:00,train
SPY,double_bottom,0,failed_breakout,42611,,2014-08-08 13:00:00-04:00,long,192.37970961465606,0.716317427907029,191.15927518844438,192.51631742790704,42532,42611,2014-08-05 12:45:00-04:00,2014-08-08 13:00:00-04:00,train
SPY,double_bottom,0,failed_breakout,42709,,2014-08-14 11:30:00-04:00,long,194.7806042582494,0.7220059607490725,193.35169238047385,196.14200596074906,42630,42709,2014-08-11 11:15:00-04:00,2014-08-14 11:30:00-04:00,train
SPY,double_bottom,0,near_miss,42756,,2014-08-18 10:15:00-04:00,long,195.9623176525658,0.9978075826759607,194.76550421452686,198.09780758267596,42677,42756,2014-08-13 10:00:00-04:00,2014-08-18 10:15:00-04:00,train
SPY,double_bottom,1,confirmed_breakout,42788,42791.0,2014-08-19 11:45:00-04:00,long,197.2938970126635,1.0844414441289416,195.1635159252528,199.41444144412895,42709,42788,2014-08-14 11:30:00-04:00,2014-08-19 11:45:00-04:00,train
SPY,double_bottom,0,near_miss,42818,,2014-08-20 12:45:00-04:00,long,198.40252455992956,0.5808989451816444,197.25539521181634,199.22089894518163,42739,42818,2014-08-15 12:30:00-04:00,2014-08-20 12:45:00-04:00,train
SPY,double_bottom,0,near_miss,42835,,2014-08-21 10:30:00-04:00,long,198.67787289232857,0.16655641219446693,198.38785601767952,199.40655641219448,42756,42835,2014-08-18 10:15:00-04:00,2014-08-21 10:30:00-04:00,train
SPY,double_bottom,0,near_miss,42878,,2014-08-22 14:45:00-04:00,long,199.58612223436756,0.6244664699403302,198.63477694258867,199.90446646994033,42799,42878,2014-08-19 14:30:00-04:00,2014-08-22 14:45:00-04:00,train
SPY,double_bottom,0,near_miss,42893,,2014-08-25 12:00:00-04:00,long,199.3968341700181,0.08976615027796697,199.2885345862658,200.52976615027796,42814,42893,2014-08-20 11:45:00-04:00,2014-08-25 12:00:00-04:00,train
SPY,double_bottom,0,near_miss,42917,,2014-08-26 11:30:00-04:00,long,200.2314515882492,0.5097822070972313,199.32560145321446,201.31978220709723,42838,42917,2014-08-21 11:15:00-04:00,2014-08-26 11:30:00-04:00,train
SPY,double_bottom,0,near_miss,42951,,2014-08-27 13:30:00-04:00,long,200.57113097662693,0.3484186563691196,200.11773730908945,200.71841865636912,42872,42951,2014-08-22 13:15:00-04:00,2014-08-27 13:30:00-04:00,train
SPY,double_bottom,0,near_miss,42957,,2014-08-27 15:00:00-04:00,long,200.3337148454304,0.00669860896539376,200.3263451415038,200.01669860896538,42878,42957,2014-08-22 14:45:00-04:00,2014-08-27 15:00:00-04:00,train
SPY,double_bottom,0,near_miss,42980,,2014-08-28 14:15:00-04:00,long,200.34952207904544,0.22626547747384507,199.92016806163937,200.41626547747384,42901,42980,2014-08-25 14:00:00-04:00,2014-08-28 14:15:00-04:00,train
SPY,double_bottom,0,failed_breakout,42994,,2014-08-29 11:15:00-04:00,long,200.13884005570515,0.11415250165990187,199.92016806163937,200.5541525016599,42915,42994,2014-08-26 11:00:00-04:00,2014-08-29 11:15:00-04:00,train
SPY,double_bottom,0,near_miss,43002,,2014-08-29 13:15:00-04:00,long,200.16372188202487,0.047071953388041265,200.10409281082258,200.54707195338804,42923,43002,2014-08-26 13:00:00-04:00,2014-08-29 13:15:00-04:00,train
SPY,double_bottom,0,near_miss,43021,,2014-09-02 11:30:00-04:00,long,200.45464962997642,0.19149588342858692,200.10409281082258,200.73149588342858,42942,43021,2014-08-27 11:15:00-04:00,2014-09-02 11:30:00-04:00,train
SPY,double_bottom,0,near_miss,43044,,2014-09-03 10:45:00-04:00,long,200.677139522914,0.36331665080473385,200.2054310619454,201.45331665080474,42965,43044,2014-08-28 10:30:00-04:00,2014-09-03 10:45:00-04:00,train
SPY,double_bottom,0,failed_breakout,43075,,2014-09-04 12:00:00-04:00,long,200.8517770490068,0.47231855114139876,200.2054310619454,201.5823185511414,42996,43075,2014-08-29 11:45:00-04:00,2014-09-04 12:00:00-04:00,train
SPY,double_bottom,0,failed_breakout,43109,,2014-09-05 14:00:00-04:00,long,201.1565872545014,0.8983677004151787,199.96295317438708,201.61836770041518,43030,43109,2014-09-02 13:45:00-04:00,2014-09-05 14:00:00-04:00,train
SPY,double_bottom,0,failed_breakout,43150,,2014-09-09 11:15:00-04:00,long,200.9301444912657,0.7377099722287426,199.96295317438708,200.89770997222874,43071,43150,2014-09-04 11:00:00-04:00,2014-09-09 11:15:00-04:00,train
SPY,double_bottom,0,failed_breakout,43169,,2014-09-09 16:00:00-04:00,long,200.46833478055513,0.2731860069721961,199.96838168347904,199.6031860069722,43090,43169,2014-09-04 15:45:00-04:00,2014-09-09 16:00:00-04:00,train
SPY,double_bottom,0,near_miss,43187,,2014-09-10 14:00:00-04:00,long,200.03779678245863,0.42374752488350964,199.2597168316712,200.3037475248835,43108,43187,2014-09-05 13:45:00-04:00,2014-09-10 14:00:00-04:00,train
SPY,double_bottom,0,failed_breakout,43214,,2014-09-11 14:15:00-04:00,long,199.9273433095097,0.4530452620969925,199.2597168316712,200.27304526209699,43135,43214,2014-09-08 14:00:00-04:00,2014-09-11 14:15:00-04:00,train
SPY,double_bottom,0,near_miss,43223,,2014-09-12 10:00:00-04:00,long,199.80440066461892,0.07180114196003728,199.6888792631542,199.61180114196003,43144,43223,2014-09-09 09:45:00-04:00,2014-09-12 10:00:00-04:00,train
SPY,double_bottom,0,near_miss,43270,,2014-09-15 15:15:00-04:00,long,199.992847274715,0.7343545177951114,198.7406657316762,199.7143545177951,43191,43270,2014-09-10 15:00:00-04:00,2014-09-15 15:15:00-04:00,train
SPY,double_bottom,0,near_miss,43276,,2014-09-16 10:15:00-04:00,long,198.78653500584971,0.03408568386925026,198.7406657316762,199.51408568386924,43197,43276,2014-09-11 10:00:00-04:00,2014-09-16 10:15:00-04:00,train
SPY,double_bottom,0,near_miss,43326,,2014-09-18 09:45:00-04:00,long,200.72161846419982,1.086432139107501,198.76423291228474,202.3764321391075,43247,43326,2014-09-12 16:00:00-04:00,2014-09-18 09:45:00-04:00,train
SPY,double_bottom,0,near_miss,43357,,2014-09-19 11:00:00-04:00,long,201.55993616584976,0.5311339185552697,200.50613973789987,201.72113391855527,43278,43357,2014-09-16 10:45:00-04:00,2014-09-19 11:00:00-04:00,train
SPY,double_bottom,0,near_miss,43380,,2014-09-22 10:15:00-04:00,long,201.61791700515874,0.46892787015218573,200.746513513324,200.5589278701522,43301,43380,2014-09-17 10:00:00-04:00,2014-09-22 10:15:00-04:00,train
SPY,double_bottom,0,failed_breakout,43411,,2014-09-23 11:30:00-04:00,long,200.8487677585474,0.9571349801852307,199.03675204340033,199.57713498018524,43332,43411,2014-09-18 11:15:00-04:00,2014-09-23 11:30:00-04:00,train
SPY,double_bottom,0,failed_breakout,43445,,2014-09-24 13:30:00-04:00,long,199.05809076010217,0.4860679499216758,198.1072935769607,199.30606794992167,43366,43445,2014-09-19 13:15:00-04:00,2014-09-24 13:30:00-04:00,train
SPY,double_bottom,0,failed_breakout,43492,,2014-09-26 12:15:00-04:00,long,199.31898645550808,1.956389589477709,196.61790015510005,198.72638958947772,43413,43492,2014-09-23 12:00:00-04:00,2014-09-26 12:15:00-04:00,train
SPY,double_bottom,0,near_miss,43501,,2014-09-26 14:30:00-04:00,long,196.7797199381357,0.08739129894939879,196.61790015510005,198.0373912989494,43422,43501,2014-09-23 14:15:00-04:00,2014-09-26 14:30:00-04:00,train
SPY,double_bottom,0,near_miss,43523,,2014-09-29 13:30:00-04:00,long,197.75654370806282,0.7105455010684238,196.76675712327258,198.1005455010684,43444,43523,2014-09-24 13:15:00-04:00,2014-09-29 13:30:00-04:00,train
SPY,double_bottom,0,near_miss,43538,,2014-09-30 10:45:00-04:00,long,197.38683699710697,0.13638168013147833,197.17567134323474,197.91638168013148,43459,43538,2014-09-25 10:30:00-04:00,2014-09-30 10:45:00-04:00,train
SPY,double_bottom,0,near_miss,43566,,2014-10-01 11:15:00-04:00,long,197.73670596469663,0.5925555639996674,197.1126294581592,196.54255556399966,43487,43566,2014-09-26 11:00:00-04:00,2014-10-01 11:15:00-04:00,train
SPY,double_bottom,0,near_miss,43608,,2014-10-02 15:15:00-04:00,long,197.1334552160493,1.8670201194318565,193.42024073507565,196.52702011943185,43529,43608,2014-09-29 15:00:00-04:00,2014-10-02 15:15:00-04:00,train
SPY,double_bottom,0,failed_breakout,43666,,2014-10-07 10:15:00-04:00,long,196.9037610162981,2.0777228958138494,193.42024073507565,197.19772289581385,43587,43666,2014-10-02 10:00:00-04:00,2014-10-07 10:15:00-04:00,train
SPY,double_bottom,0,failed_breakout,43788,,2014-10-13 14:45:00-04:00,long,192.55330492655798,1.452863314668548,189.97117221726745,191.45286331466855,43709,43788,2014-10-08 14:30:00-04:00,2014-10-13 14:45:00-04:00,train
SPY,double_bottom,0,failed_breakout,43810,,2014-10-14 13:45:00-04:00,long,190.3550660154664,1.0753489776186314,188.58826185842813,189.61534897761862,43731,43810,2014-10-09 13:30:00-04:00,2014-10-14 13:45:00-04:00,train
SPY,double_bottom,0,failed_breakout,43849,,2014-10-16 10:30:00-04:00,long,189.053531844339,2.9636529049239755,183.59149602040196,187.64365290492398,43770,43849,2014-10-13 10:15:00-04:00,2014-10-16 10:30:00-04:00,train
SPY,double_bottom,1,confirmed_breakout,43871,43872.0,2014-10-16 16:00:00-04:00,long,186.4731400979911,1.4534183154136997,183.59149602040196,189.3034183154137,43792,43871,2014-10-13 15:45:00-04:00,2014-10-16 16:00:00-04:00,train
SPY,double_bottom,0,failed_breakout,44016,,2014-10-24 13:15:00-04:00,long,195.59606166972205,1.267627135410379,193.3759023090154,196.76762713541038,43937,44016,2014-10-21 13:00:00-04:00,2014-10-24 13:15:00-04:00,train
SPY,double_bottom,0,near_miss,44041,,2014-10-27 13:00:00-04:00,long,196.03372088448992,0.44440317190748146,195.28096675960794,196.32440317190748,43962,44041,2014-10-22 12:45:00-04:00,2014-10-27 13:00:00-04:00,train
SPY,double_bottom,0,near_miss,44051,,2014-10-27 15:30:00-04:00,long,195.9682905682529,0.08458495793863108,195.86974255507155,195.97458495793862,43972,44051,2014-10-22 15:15:00-04:00,2014-10-27 15:30:00-04:00,train
SPY,double_bottom,0,near_miss,44061,,2014-10-28 11:30:00-04:00,long,195.94966482913802,0.049751325927474,195.86974255507155,197.38975132592748,43982,44061,2014-10-23 11:15:00-04:00,2014-10-28 11:30:00-04:00,train
SPY,double_bottom,0,near_miss,44113,,2014-10-30 11:30:00-04:00,long,198.48344836735026,1.6190540251222387,195.9300844513495,199.95905402512224,44034,44113,2014-10-27 11:15:00-04:00,2014-10-30 11:30:00-04:00,train
SPY,double_bottom,0,near_miss,44118,,2014-10-30 12:45:00-04:00,long,197.89460769385352,0.0615767963334406,197.79870423310658,198.96157679633345,44039,44118,2014-10-27 12:30:00-04:00,2014-10-30 12:45:00-04:00,train
SPY,double_bottom,1,confirmed_breakout,44131,44132.0,2014-10-30 16:00:00-04:00,long,199.24376285361058,0.7176243829301541,197.8673575619336,201.90762438293015,44052,44131,2014-10-27 15:45:00-04:00,2014-10-30 16:00:00-04:00,train
SPY,double_bottom,0,near_miss,44165,,2014-11-03 11:30:00-05:00,long,201.31065570664262,1.0833771210928091,199.18491937942724,202.8733771210928,44086,44165,2014-10-29 11:15:00-04:00,2014-11-03 11:30:00-05:00,train
SPY,double_bottom,0,near_miss,44205,,2014-11-04 15:00:00-05:00,long,202.1279969814148,1.1100414674460808,200.76627323626502,202.3500414674461,44126,44205,2014-10-30 14:45:00-04:00,2014-11-04 15:00:00-05:00,train
SPY,double_bottom,0,failed_breakout,44238,,2014-11-06 10:15:00-05:00,long,202.09486145285194,0.6947574803371879,200.76627323626502,202.7247574803372,44159,44238,2014-11-03 10:00:00-05:00,2014-11-06 10:15:00-05:00,train
SPY,double_bottom,0,near_miss,44249,,2014-11-06 13:00:00-05:00,long,202.21351602040122,0.10033793109948874,202.0339347087645,202.8703379310995,44170,44249,2014-11-03 12:45:00-05:00,2014-11-06 13:00:00-05:00,train
SPY,double_bottom,0,near_miss,44296,,2014-11-10 11:45:00-05:00,long,203.36358324732691,0.6743372639756444,202.19242146983896,204.59433726397563,44217,44296,2014-11-05 11:30:00-05:00,2014-11-10 11:45:00-05:00,train
SPY,double_bottom,0,near_miss,44347,,2014-11-12 11:30:00-05:00,long,204.02521502760854,0.49102043049890653,203.1860704968636,204.1910204304989,44268,44347,2014-11-07 11:15:00-05:00,2014-11-12 11:30:00-05:00,train
SPY,double_bottom,0,near_miss,44357,,2014-11-12 14:00:00-05:00,long,203.9298378834478,0.12697584162313547,203.72340538629368,204.10697584162313,44278,44357,2014-11-07 13:45:00-05:00,2014-11-12 14:00:00-05:00,train
SPY,double_bottom,0,near_miss,44372,,2014-11-13 11:15:00-05:00,long,204.0154631045565,0.1641738461356681,203.72340538629368,204.40417384613568,44293,44372,2014-11-10 11:00:00-05:00,2014-11-13 11:15:00-05:00,train
SPY,double_bottom,0,near_miss,44424,,2014-11-17 11:15:00-05:00,long,204.36522721006872,0.36453226011792594,203.97917313054793,204.27453226011792,44345,44424,2014-11-12 11:00:00-05:00,2014-11-17 11:15:00-05:00,train
SPY,double_bottom,0,near_miss,44429,,2014-11-17 12:30:00-05:00,long,204.0631897787497,0.022147393862667286,204.02221676935363,204.18214739386266,44350,44429,2014-11-12 12:15:00-05:00,2014-11-17 12:30:00-05:00,train
SPY,double_bottom,0,near_miss,44438,,2014-11-17 14:45:00-05:00,long,204.12962144181856,0.08021282642596361,204.03894923036478,204.57021282642597,44359,44438,2014-11-12 14:30:00-05:00,2014-11-17 14:45:00-05:00,train
SPY,double_bottom,0,near_miss,44492,,2014-11-19 15:15:00-05:00,long,205.68685048317303,1.2454182713995863,204.03894923036478,206.12541827139958,44413,44492,2014-11-14 15:00:00-05:00,2014-11-19 15:15:00-05:00,train
SPY,double_bottom,0,near_miss,44502,,2014-11-20 11:15:00-05:00,long,204.99800170204605,0.08507612857664526,204.8439151931821,205.64507612857665,44423,44502,2014-11-17 11:00:00-05:00,2014-11-20 11:15:00-05:00,train
SPY,double_bottom,0,near_miss,44508,,2014-11-20 12:45:00-05:00,long,205.02569743573852,0.052756487010157116,204.96394594370005,205.49275648701015,44429,44508,2014-11-17 12:30:00-05:00,2014-11-20 12:45:00-05:00,train
SPY,double_bottom,0,near_miss,44529,,2014-11-21 11:30:00-05:00,long,205.4855362773109,0.2798828944941647,204.96394594370005,207.21988289449416,44450,44529,2014-11-18 11:15:00-05:00,2014-11-21 11:30:00-05:00,train
SPY,double_bottom,0,near_miss,44553,,2014-11-24 11:00:00-05:00,long,206.81000090701195,0.8687166876485435,205.44736082193342,208.06871668764853,44474,44553,2014-11-19 10:45:00-05:00,2014-11-24 11:00:00-05:00,train
SPY,double_bottom,0,failed_breakout,44575,,2014-11-25 10:00:00-05:00,long,207.08558809277758,0.33462793648240563,206.4352076167934,207.82462793648241,44496,44575,2014-11-20 09:45:00-05:00,2014-11-25 10:00:00-05:00,train
SPY,double_bottom,0,near_miss,44595,,2014-11-25 15:00:00-05:00,long,207.25061462860543,0.1448901973824377,207.06671269579695,207.36489019738244,44516,44595,2014-11-20 14:45:00-05:00,2014-11-25 15:00:00-05:00,train
SPY,double_bottom,0,near_miss,44619,,2014-11-26 14:30:00-05:00,long,207.36925027654675,0.1583512358468795,207.14473616664904,207.59835123584688,44540,44619,2014-11-21 14:15:00-05:00,2014-11-26 14:30:00-05:00,train
SPY,double_bottom,0,near_miss,44662,,2014-12-01 15:15:00-05:00,long,207.6591208971829,1.0772859790745883,205.88660792146598,207.0972859790746,44583,44662,2014-11-25 12:00:00-05:00,2014-12-01 15:15:00-05:00,train
SPY,double_bottom,0,near_miss,44671,,2014-12-02 11:00:00-05:00,long,205.99377982858547,0.07399890779166185,205.88660792146598,206.83399890779165,44592,44671,2014-11-25 14:15:00-05:00,2014-12-02 11:00:00-05:00,train
SPY,double_bottom,0,near_miss,44754,,2014-12-05 12:15:00-05:00,long,207.75533570323415,0.2801409860688864,207.30301305991304,208.5801409860689,44675,44754,2014-12-02 12:00:00-05:00,2014-12-05 12:15:00-05:00,train
SPY,double_bottom,0,failed_breakout,44857,,2014-12-11 12:00:00-05:00,long,206.01860798941445,1.6138431995735232,203.8556949657959,207.7538431995735,44778,44857,2014-12-08 11:45:00-05:00,2014-12-11 12:00:00-05:00,train
SPY,double_bottom,0,failed_breakout,44898,,2014-12-12 15:45:00-05:00,long,205.77412500094277,2.5955104948737358,202.50153404634216,204.05551049487374,44819,44898,2014-12-09 15:30:00-05:00,2014-12-12 15:45:00-05:00,train
SPY,double_bottom,0,near_miss,45052,,2014-12-22 15:15:00-05:00,long,206.78373644619046,0.39823096207544495,206.06475887838644,207.52823096207544,44973,45052,2014-12-17 15:00:00-05:00,2014-12-22 15:15:00-05:00,train
SPY,double_bottom,0,near_miss,45105,,2014-12-26 12:00:00-05:00,long,208.17324068450756,0.7513330423218463,206.7062520898436,209.35133304232184,45026,45105,2014-12-19 15:15:00-05:00,2014-12-26 12:00:00-05:00,train
SPY,double_bottom,0,near_miss,45132,,2014-12-29 12:15:00-05:00,long,208.70816359984556,0.3032162403936809,208.13756319452784,209.08321624039368,45053,45132,2014-12-22 15:30:00-05:00,2014-12-29 12:15:00-05:00,train
SPY,double_bottom,0,near_miss,45150,,2014-12-30 10:15:00-05:00,long,208.8095184663192,0.09725531304755464,208.67233152437592,208.08725531304756,45071,45150,2014-12-23 13:30:00-05:00,2014-12-30 10:15:00-05:00,train
SPY,double_bottom,0,near_miss,45184,,2014-12-31 12:15:00-05:00,long,208.7895363593201,0.5303949874366367,207.76608796159957,208.14039498743665,45105,45184,2014-12-26 12:00:00-05:00,2014-12-31 12:15:00-05:00,train
SPY,double_bottom,0,near_miss,45229,,2015-01-05 10:30:00-05:00,long,207.89387633517217,1.5943400189918577,204.83298467076105,204.83434001899187,45150,45229,2014-12-30 10:15:00-05:00,2015-01-05 10:30:00-05:00,train
SPY,double_bottom,0,failed_breakout,45261,,2015-01-06 12:00:00-05:00,long,205.01342712610742,1.7060539119082136,201.78176175763736,201.6860539119082,45182,45261,2014-12-31 11:45:00-05:00,2015-01-06 12:00:00-05:00,train
SPY,double_bottom,0,failed_breakout,45281,,2015-01-07 10:30:00-05:00,long,201.95696147707432,1.1571886880995237,199.81778382031226,202.8271886880995,45202,45281,2015-01-02 10:15:00-05:00,2015-01-07 10:30:00-05:00,train
SPY,double_bottom,0,failed_breakout,45390,,2015-01-13 11:45:00-05:00,long,204.5290072691404,1.0703067208586106,202.52712501140957,205.69030672085862,45311,45390,2015-01-08 11:30:00-05:00,2015-01-13 11:45:00-05:00,train
SPY,double_bottom,0,near_miss,45436,,2015-01-15 10:15:00-05:00,long,204.55711252821345,3.5317520913845613,199.52359586224821,203.71175209138457,45357,45436,2015-01-12 10:00:00-05:00,2015-01-15 10:15:00-05:00,train
SPY,double_bottom,0,failed_breakout,45463,,2015-01-16 10:30:00-05:00,long,200.38947299525935,0.8204899906671415,199.52359586224821,200.30048999066713,45384,45463,2015-01-13 10:15:00-05:00,2015-01-16 10:30:00-05:00,train
SPY,double_bottom,1,confirmed_breakout,45472,45473.0,2015-01-16 12:45:00-05:00,long,199.65304073208208,0.15031759973774683,199.3910761177525,200.85031759973774,45393,45472,2015-01-13 12:30:00-05:00,2015-01-16 12:45:00-05:00,train
SPY,double_bottom,1,confirmed_breakout,45506,45507.0,2015-01-20 14:45:00-05:00,long,201.09741879809184,0.9855612627583241,199.3910761177525,203.14556126275832,45427,45506,2015-01-14 14:30:00-05:00,2015-01-20 14:45:00-05:00,train
SPY,double_bottom,0,near_miss,45544,,2015-01-22 11:15:00-05:00,long,203.02809486943832,1.255333520626749,200.83263895291455,205.63533352062674,45465,45544,2015-01-16 11:00:00-05:00,2015-01-22 11:15:00-05:00,train
SPY,double_bottom,0,failed_breakout,45638,,2015-01-27 15:15:00-05:00,long,205.2008529424781,1.3562591172745329,202.82404828789979,204.85625911727453,45559,45638,2015-01-22 15:00:00-05:00,2015-01-27 15:15:00-05:00,train
SPY,double_bottom,0,failed_breakout,45651,,2015-01-28 12:00:00-05:00,long,203.43536751900183,0.3618292056348196,202.82404828789979,203.20182920563482,45572,45651,2015-01-23 11:45:00-05:00,2015-01-28 12:00:00-05:00,train
SPY,double_bottom,0,near_miss,45662,,2015-01-28 14:45:00-05:00,long,203.4228009128239,0.30121111057729877,202.92015126565897,202.3312111105773,45583,45662,2015-01-23 14:30:00-05:00,2015-01-28 14:45:00-05:00,train
SPY,double_bottom,0,failed_breakout,45687,,2015-01-29 14:30:00-05:00,long,202.98688489965272,1.6397083596443451,199.77420181435778,202.90970835964436,45608,45687,2015-01-26 14:15:00-05:00,2015-01-29 14:30:00-05:00,train
SPY,double_bottom,0,failed_breakout,45713,,2015-01-30 14:30:00-05:00,long,201.2754621242767,1.0344542936142886,199.77420181435778,203.1144542936143,45634,45713,2015-01-27 14:15:00-05:00,2015-01-30 14:30:00-05:00,train
SPY,double_bottom,0,near_miss,45719,,2015-01-30 16:00:00-05:00,long,200.77219690172922,0.06121976561144038,200.70781384696704,199.51121976561143,45640,45719,2015-01-27 15:45:00-05:00,2015-01-30 16:00:00-05:00,train
SPY,double_bottom,0,failed_breakout,45736,,2015-02-02 13:45:00-05:00,long,201.088245761501,0.9971634636003728,199.46802417053274,199.94716346360036,45657,45736,2015-01-28 13:30:00-05:00,2015-02-02 13:45:00-05:00,train
SPY,double_bottom,1,confirmed_breakout,45743,45744.0,2015-02-02 15:30:00-05:00,long,199.7931463170601,0.2777005867558273,199.46802417053274,202.08770058675583,45664,45743,2015-01-28 15:15:00-05:00,2015-02-02 15:30:00-05:00,train
SPY,double_bottom,0,near_miss,45796,,2015-02-04 15:45:00-05:00,long,204.58315984115166,2.541521789449746,199.5628672900758,206.61152178944974,45717,45796,2015-01-30 15:30:00-05:00,2015-02-04 15:45:00-05:00,train
SPY,double_bottom,0,near_miss,45802,,2015-02-05 10:45:00-05:00,long,204.53268969319376,0.04043306913868605,204.46410443478212,205.80043306913868,45723,45802,2015-02-02 10:30:00-05:00,2015-02-05 10:45:00-05:00,train
SPY,double_bottom,0,near_miss,45807,,2015-02-05 12:00:00-05:00,long,204.5746508429149,0.10149251985433239,204.46410443478212,205.87149251985434,45728,45807,2015-02-02 11:45:00-05:00,2015-02-05 12:00:00-05:00,train
SPY,double_bottom,0,failed_breakout,45885,,2015-02-10 12:00:00-05:00,long,205.2585241316491,0.2558231599454075,204.79480112889087,206.0158231599454,45806,45885,2015-02-05 11:45:00-05:00,2015-02-10 12:00:00-05:00,train
SPY,double_bottom,0,near_miss,45931,,2015-02-12 10:30:00-05:00,long,206.78099275297902,1.1642062068673056,204.79480112889087,209.18420620686732,45852,45931,2015-02-09 10:15:00-05:00,2015-02-12 10:30:00-05:00,train
SPY,double_bottom,0,near_miss,45984,,2015-02-17 10:45:00-05:00,long,209.37997370963728,1.5540268016691812,206.43877196333256,211.18402680166918,45905,45984,2015-02-11 10:30:00-05:00,2015-02-17 10:45:00-05:00,train
SPY,double_bottom,0,near_miss,45996,,2015-02-17 13:45:00-05:00,long,209.48671933038,0.1397386818500479,209.21312185260362,210.30973868185004,45917,45996,2015-02-11 13:30:00-05:00,2015-02-17 13:45:00-05:00,train
SPY,double_bottom,0,near_miss,46043,,2015-02-19 12:30:00-05:00,long,210.04099838977172,0.3839263386248035,209.48083944445625,210.4239263386248,45964,46043,2015-02-13 12:15:00-05:00,2015-02-19 12:30:00-05:00,train
SPY,double_bottom,0,near_miss,46058,,2015-02-20 09:45:00-05:00,long,210.07756579096818,0.1668403130946956,209.83330465783757,209.33684031309468,45979,46058,2015-02-13 16:00:00-05:00,2015-02-20 09:45:00-05:00,train
SPY,double_bottom,0,near_miss,46075,,2015-02-20 14:00:00-05:00,long,210.01640507824334,0.2421088279328103,209.56125448038287,210.9721088279328,45996,46075,2015-02-17 13:45:00-05:00,2015-02-20 14:00:00-05:00,train
SPY,double_bottom,0,near_miss,46117,,2015-02-24 11:30:00-05:00,long,210.93658897012074,0.7394705500194618,209.56125448038287,212.53947055001947,46038,46117,2015-02-19 11:15:00-05:00,2015-02-24 11:30:00-05:00,train
SPY,double_bottom,0,near_miss,46152,,2015-02-25 13:45:00-05:00,long,211.7408654985861,0.494195738229422,210.8329823598197,212.64419573822943,46073,46152,2015-02-20 13:30:00-05:00,2015-02-25 13:45:00-05:00,train
SPY,double_bottom,0,near_miss,46177,,2015-02-26 13:30:00-05:00,long,211.92883700890044,0.391946297100759,211.41342426270575,211.75194629710077,46098,46177,2015-02-23 13:15:00-05:00,2015-02-26 13:30:00-05:00,train
SPY,double_bottom,0,near_miss,46184,,2015-02-26 15:15:00-05:00,long,211.4483161380885,0.02516998805572257,211.41342426270575,211.08516998805572,46105,46184,2015-02-23 15:00:00-05:00,2015-02-26 15:15:00-05:00,train
SPY,double_bottom,0,failed_breakout,46195,,2015-02-27 11:30:00-05:00,long,211.46195006499116,0.13404612987790188,211.22293983286673,211.3140461298779,46116,46195,2015-02-24 11:15:00-05:00,2015-02-27 11:30:00-05:00,train
SPY,double_bottom,0,near_miss,46200,,2015-02-27 12:45:00-05:00,long,211.24365266578218,0.044508331009666335,211.1753488366783,211.51450833100967,46121,46200,2015-02-24 12:30:00-05:00,2015-02-27 12:45:00-05:00,train
SPY,double_bottom,0,near_miss,46224,,2015-03-02 12:15:00-05:00,long,211.3817621153644,0.29601101307250133,210.99615336790552,211.6660110130725,46145,46224,2015-02-25 12:00:00-05:00,2015-03-02 12:15:00-05:00,train
SPY,double_bottom,0,failed_breakout,46236,,2015-03-02 15:15:00-05:00,long,211.42021030549603,0.21707107431450368,210.99615336790552,211.9670710743145,46157,46236,2015-02-25 15:00:00-05:00,2015-03-02 15:15:00-05:00,train
SPY,double_bottom,0,near_miss,46285,,2015-03-04 14:30:00-05:00,long,211.66452068844646,0.9786230593760763,209.9616701636832,210.89862305937606,46206,46285,2015-02-27 14:15:00-05:00,2015-03-04 14:30:00-05:00,train
SPY,double_bottom,0,failed_breakout,46296,,2015-03-05 10:45:00-05:00,long,210.14480419776982,0.1236674821755912,209.9616701636832,210.79366748217558,46217,46296,2015-03-02 10:30:00-05:00,2015-03-05 10:45:00-05:00,train
SPY,double_bottom,0,near_miss,46319,,2015-03-06 10:00:00-05:00,long,210.48826033426553,0.2870212109606882,210.08060326750524,210.1170212109607,46240,46319,2015-03-03 09:45:00-05:00,2015-03-06 10:00:00-05:00,train
SPY,double_bottom,0,near_miss,46354,,2015-03-09 12:15:00-04:00,long,210.4259477397111,1.4384500319701772,207.65312043637735,209.35845003197016,46275,46354,2015-03-04 12:00:00-05:00,2015-03-09 12:15:00-04:00,train
SPY,double_bottom,1,confirmed_breakout,46421,46422.0,2015-03-11 16:00:00-04:00,long,205.1497769060337,0.15871375528951148,204.87755160640114,206.3487137552895,46342,46421,2015-03-06 15:45:00-05:00,2015-03-11 16:00:00-04:00,train
SPY,double_bottom,0,near_miss,46480,,2015-03-16 11:15:00-04:00,long,206.79950087367126,1.832335784457939,204.87755160640114,209.74233578445794,46401,46480,2015-03-11 11:00:00-04:00,2015-03-16 11:15:00-04:00,train
SPY,double_bottom,0,failed_breakout,46521,,2015-03-17 15:00:00-04:00,long,208.31439873061117,2.0065460433055478,205.05677857202554,209.99654604330556,46442,46521,2015-03-12 14:45:00-04:00,2015-03-17 15:00:00-04:00,train
SPY,double_bottom,1,confirmed_breakout,46543,46544.0,2015-03-18 14:00:00-04:00,long,207.99208249842624,0.639676450864016,207.14588529253874,210.31967645086402,46464,46543,2015-03-13 13:45:00-04:00,2015-03-18 14:00:00-04:00,train
SPY,double_bottom,0,failed_breakout,46579,,2015-03-20 10:00:00-04:00,long,209.9212882095227,1.619216706639179,207.14588529253874,211.43921670663917,46500,46579,2015-03-17 09:45:00-04:00,2015-03-20 10:00:00-04:00,train
SPY,double_bottom,0,near_miss,46587,,2015-03-20 12:00:00-04:00,long,209.5300633510226,0.03999283368835904,209.45825771322828,210.50999283368836,46508,46587,2015-03-17 11:45:00-04:00,2015-03-20 12:00:00-04:00,train
SPY,double_bottom,0,failed_breakout,46721,,2015-03-27 13:00:00-04:00,long,205.67778063809914,0.30151022228002944,205.29618895380568,205.91151022228004,46642,46721,2015-03-24 12:45:00-04:00,2015-03-27 13:00:00-04:00,train
SPY,double_bottom,0,failed_breakout,46810,,2015-04-01 15:45:00-04:00,long,207.5930748307738,1.0611466648445003,205.4966569914777,206.3111466648445,46731,46810,2015-03-27 15:30:00-04:00,2015-04-01 15:45:00-04:00,train
SPY,double_bottom,0,near_miss,46820,,2015-04-02 11:45:00-04:00,long,205.54171478637193,0.0989516869514091,205.3888692073633,206.5389516869514,46741,46820,2015-03-30 11:30:00-04:00,2015-04-02 11:45:00-04:00,train
SPY,double_bottom,0,near_miss,46876,,2015-04-07 12:45:00-04:00,long,208.21923173236152,1.4493912302479544,205.3888692073633,209.87939123024796,46797,46876,2015-04-01 12:30:00-04:00,2015-04-07 12:45:00-04:00,train
SPY,double_bottom,0,near_miss,46907,,2015-04-08 14:00:00-04:00,long,208.44486453413344,0.41798182478225954,207.90295362183858,208.36798182478225,46828,46907,2015-04-02 13:45:00-04:00,2015-04-08 14:00:00-04:00,train
SPY,double_bottom,0,near_miss,46916,,2015-04-09 09:45:00-04:00,long,207.94382150035756,0.04477245647052541,207.89514446593546,208.26477245647052,46837,46916,2015-04-02 16:00:00-04:00,2015-04-09 09:45:00-04:00,train
SPY,double_bottom,0,near_miss,46923,,2015-04-09 11:30:00-04:00,long,207.9212001318023,0.03910676803653246,207.86904226159606,207.67910676803652,46844,46923,2015-04-06 11:15:00-04:00,2015-04-09 11:30:00-04:00,train
SPY,double_bottom,0,near_miss,46935,,2015-04-09 14:30:00-04:00,long,207.97106426506448,0.10761960597344,207.85784705658602,208.26761960597344,46856,46935,2015-04-06 14:15:00-04:00,2015-04-09 14:30:00-04:00,train
SPY,double_bottom,0,failed_breakout,47065,,2015-04-16 14:30:00-04:00,long,210.77888410021023,1.1795470528189753,208.95417802080598,212.01954705281898,46986,47065,2015-04-13 14:15:00-04:00,2015-04-16 14:30:00-04:00,train
SPY,double_bottom,0,failed_breakout,47105,,2015-04-20 11:30:00-04:00,long,210.62215027353625,1.664258065487644,207.6712883421207,211.68425806548765,47026,47105,2015-04-15 11:15:00-04:00,2015-04-20 11:30:00-04:00,train
SPY,double_bottom,0,near_miss,47129,,2015-04-21 11:00:00-04:00,long,209.98160567410574,1.1744036357097514,207.6712883421207,211.05440363570975,47050,47129,2015-04-16 10:45:00-04:00,2015-04-21 11:00:00-04:00,train
SPY,double_bottom,0,near_miss,47147,,2015-04-21 15:30:00-04:00,long,209.982899825028,0.112198620377427,209.8063570975641,209.69219862037744,47068,47147,2015-04-16 15:15:00-04:00,2015-04-21 15:30:00-04:00,train
SPY,double_bottom,0,near_miss,47163,,2015-04-22 13:00:00-04:00,long,209.81270604226216,0.12816549623357787,209.56272399449304,210.38816549623357,47084,47163,2015-04-17 12:45:00-04:00,2015-04-22 13:00:00-04:00,train
SPY,double_bottom,0,near_miss,47217,,2015-04-24 13:30:00-04:00,long,211.57490027135964,1.0522272402454576,209.56272399449304,212.89222724024546,47138,47217,2015-04-21 13:15:00-04:00,2015-04-24 13:30:00-04:00,train
SPY,double_bottom,0,near_miss,47237,,2015-04-27 12:00:00-04:00,long,211.75979761375643,0.1778655643969671,211.48262206773532,211.91786556439698,47158,47237,2015-04-22 11:45:00-04:00,2015-04-27 12:00:00-04:00,train
SPY,double_bottom,0,near_miss,47269,,2015-04-28 13:30:00-04:00,long,212.0088720152666,0.8991783040011114,210.5381453915474,212.2091783040011,47190,47269,2015-04-23 13:15:00-04:00,2015-04-28 13:30:00-04:00,train
SPY,double_bottom,0,failed_breakout,47305,,2015-04-29 16:00:00-04:00,long,211.2589459105625,0.8802710482807186,210.21920433301614,211.43027104828073,47226,47305,2015-04-24 15:45:00-04:00,2015-04-29 16:00:00-04:00,train
SPY,double_bottom,0,failed_breakout,47341,,2015-05-01 12:00:00-04:00,long,210.55829833394694,1.124801917642941,208.64778849959185,210.72480191764294,47262,47341,2015-04-28 11:45:00-04:00,2015-05-01 12:00:00-04:00,train
SPY,double_bottom,0,failed_breakout,47386,,2015-05-05 10:15:00-04:00,long,211.56823682257982,1.4947366273267448,208.64778849959185,212.01473662732676,47307,47386,2015-04-30 10:00:00-04:00,2015-05-05 10:15:00-04:00,train
SPY,double_bottom,0,near_miss,47444,,2015-05-07 11:45:00-04:00,long,211.53566708749716,2.0474823248419227,207.4771576343962,210.85748232484192,47365,47444,2015-05-04 11:30:00-04:00,2015-05-07 11:45:00-04:00,train
SPY,double_bottom,1,confirmed_breakout,47461,47462.0,2015-05-07 16:00:00-04:00,long,209.05358066627986,0.8246738510014779,207.4771576343962,212.17467385100147,47382,47461,2015-05-04 15:45:00-04:00,2015-05-07 16:00:00-04:00,train
SPY,double_bottom,0,near_miss,47492,,2015-05-11 10:45:00-04:00,long,211.51938971922746,1.2812460349452124,208.98065599616055,212.7012460349452,47413,47492,2015-05-06 10:30:00-04:00,2015-05-11 10:45:00-04:00,train
SPY,double_bottom,0,near_miss,47535,,2015-05-12 15:00:00-04:00,long,211.5786223241055,0.923031578615678,209.8155501185757,211.11303157861568,47456,47535,2015-05-07 14:45:00-04:00,2015-05-12 15:00:00-04:00,train
SPY,double_bottom,1,confirmed_breakout,47563,47568.0,2015-05-13 15:30:00-04:00,long,210.46940275550224,0.433449750725174,209.8155501185757,212.07344975072516,47484,47563,2015-05-08 15:15:00-04:00,2015-05-13 15:30:00-04:00,train
SPY,double_bottom,0,near_miss,47575,,2015-05-14 12:00:00-04:00,long,210.3128662784572,0.14155736218603465,210.08626194156383,211.70155736218604,47496,47575,2015-05-11 11:45:00-04:00,2015-05-14 12:00:00-04:00,train
SPY,double_bottom,0,near_miss,47613,,2015-05-15 15:00:00-04:00,long,212.1925760687395,1.0841837287530325,210.08626194156383,213.40418372875303,47534,47613,2015-05-12 14:45:00-04:00,2015-05-15 15:00:00-04:00,train
SPY,double_bottom,0,near_miss,47620,,2015-05-18 10:15:00-04:00,long,212.13406432872668,0.011880248161588725,212.11384542272108,212.3218802481616,47541,47620,2015-05-13 10:00:00-04:00,2015-05-18 10:15:00-04:00,train
SPY,double_bottom,0,near_miss,47656,,2015-05-19 12:45:00-04:00,long,213.15248692944803,0.5244639933835344,212.11384542272108,213.69446399338352,47577,47656,2015-05-14 12:30:00-04:00,2015-05-19 12:45:00-04:00,train
SPY,double_bottom,0,near_miss,47683,,2015-05-20 13:00:00-04:00,long,213.29648750118807,0.25936333128444744,212.9368076014306,213.18936333128445,47604,47683,2015-05-15 12:45:00-04:00,2015-05-20 13:00:00-04:00,train
SPY,double_bottom,0,near_miss,47690,,2015-05-20 14:45:00-04:00,long,212.95696139082725,0.029514076851512527,212.9180870265209,213.4995140768515,47611,47690,2015-05-15 14:30:00-04:00,2015-05-20 14:45:00-04:00,train
SPY,double_bottom,0,near_miss,47697,,2015-05-21 10:00:00-04:00,long,212.92476678915432,0.018185166313799073,212.89507621916013,212.8581851663138,47618,47697,2015-05-18 09:45:00-04:00,2015-05-21 10:00:00-04:00,train
SPY,double_bottom,0,near_miss,47707,,2015-05-21 12:30:00-04:00,long,213.15015112845654,0.17009185858333353,212.89507621916013,213.71009185858333,47628,47707,2015-05-18 12:15:00-04:00,2015-05-21 12:30:00-04:00,train
SPY,double_bottom,0,near_miss,47724,,2015-05-22 10:15:00-04:00,long,213.41945389187308,0.19426167803831618,213.0650423205863,213.53426167803832,47645,47724,2015-05-19 10:00:00-04:00,2015-05-22 10:15:00-04:00,train
SPY,double_bottom,0,near_miss,47729,,2015-05-22 11:30:00-04:00,long,213.41555802314937,0.020228594905489672,213.38534210708323,213.1302285949055,47650,47729,2015-05-19 11:15:00-04:00,2015-05-22 11:30:00-04:00,train
SPY,double_bottom,0,near_miss,47745,,2015-05-22 15:30:00-04:00,long,213.4336005568176,0.132484074855995,213.19691621451867,213.492484074856,47666,47745,2015-05-19 15:15:00-04:00,2015-05-22 15:30:00-04:00,train
SPY,double_bottom,0,near_miss,47781,,2015-05-27 11:30:00-04:00,long,213.30045466963486,1.431995603619498,210.54000191751203,213.4819956036195,47702,47781,2015-05-21 11:15:00-04:00,2015-05-27 11:30:00-04:00,train
SPY,double_bottom,0,failed_breakout,47825,,2015-05-28 16:00:00-04:00,long,212.58629795439464,1.3089526222816517,210.54000191751203,213.79895262228166,47746,47825,2015-05-22 15:45:00-04:00,2015-05-28 16:00:00-04:00,train
SPY,double_bottom,0,failed_breakout,47847,,2015-05-29 15:00:00-04:00,long,212.3042457795762,0.5269156021555546,211.53997160812733,211.70691560215556,47768,47847,2015-05-26 14:45:00-04:00,2015-05-29 15:00:00-04:00,train
SPY,double_bottom,0,failed_breakout,47871,,2015-06-01 14:30:00-04:00,long,211.71431866275293,0.3462048418169559,211.19625603374462,212.59620484181696,47792,47871,2015-05-27 14:15:00-04:00,2015-06-01 14:30:00-04:00,train
SPY,double_bottom,0,failed_breakout,47897,,2015-06-02 14:30:00-04:00,long,212.01325683318927,0.781550768777862,211.19625603374462,212.62155076877787,47818,47897,2015-05-28 14:15:00-04:00,2015-06-02 14:30:00-04:00,train
SPY,double_bottom,0,failed_breakout,47913,,2015-06-03 12:00:00-04:00,long,211.81018748698926,0.35854950296459265,211.2671560950782,212.2685495029646,47834,47913,2015-05-29 11:45:00-04:00,2015-06-03 12:00:00-04:00,train
SPY,double_bottom,0,near_miss,47931,,2015-06-04 10:00:00-04:00,long,212.12024238904874,0.3488605466306183,211.6361198729711,211.68886054663062,47852,47931,2015-06-01 09:45:00-04:00,2015-06-04 10:00:00-04:00,train
SPY,double_bottom,0,near_miss,47968,,2015-06-05 12:45:00-04:00,long,211.9709945978822,1.0381710053513586,209.95900337319654,210.86817100535137,47889,47968,2015-06-02 12:30:00-04:00,2015-06-05 12:45:00-04:00,train
SPY,double_bottom,0,failed_breakout,48011,,2015-06-09 10:30:00-04:00,long,209.99865817018707,0.6019413462804266,208.83443027461675,208.44194134628043,47932,48011,2015-06-04 10:15:00-04:00,2015-06-09 10:30:00-04:00,train
SPY,double_bottom,0,failed_breakout,48023,,2015-06-09 13:30:00-04:00,long,208.87931387512108,0.24591394979444203,208.43236957603654,209.30591394979444,47944,48023,2015-06-04 13:15:00-04:00,2015-06-09 13:30:00-04:00,train
SPY,double_bottom,1,confirmed_breakout,48034,48035.0,2015-06-10 09:45:00-04:00,long,208.78483417647934,0.2364846598600252,208.43236957603654,210.13648465986003,47955,48034,2015-06-04 16:00:00-04:00,2015-06-10 09:45:00-04:00,train
SPY,double_bottom,0,failed_breakout,48145,,2015-06-16 11:30:00-04:00,long,209.05950259256193,0.11073097293811429,208.8753963290004,209.72073097293813,48066,48145,2015-06-11 11:15:00-04:00,2015-06-16 11:30:00-04:00,train
SPY,double_bottom,0,failed_breakout,48272,,2015-06-23 10:45:00-04:00,long,212.0728644258032,0.6776755770183343,210.8600491675118,212.38767557701834,48193,48272,2015-06-18 10:30:00-04:00,2015-06-23 10:45:00-04:00,train
SPY,double_bottom,0,near_miss,48293,,2015-06-23 16:00:00-04:00,long,212.04695869139192,0.19098732507507066,211.78161420257578,212.22098732507507,48214,48293,2015-06-18 15:45:00-04:00,2015-06-23 16:00:00-04:00,train
SPY,double_bottom,0,near_miss,48306,,2015-06-24 12:45:00-04:00,long,211.95526645382003,0.10967019391060262,211.78161420257578,211.2696701939106,48227,48306,2015-06-19 12:30:00-04:00,2015-06-24 12:45:00-04:00,train
SPY,double_bottom,0,near_miss,48331,,2015-06-25 12:30:00-04:00,long,211.9265916645076,0.5852998400387719,210.77300533169455,211.19529984003879,48252,48331,2015-06-22 12:15:00-04:00,2015-06-25 12:30:00-04:00,train
SPY,double_bottom,0,failed_breakout,48356,,2015-06-26 12:15:00-04:00,long,210.89389366783567,0.42460454620058385,210.16557291157565,210.4746045462006,48277,48356,2015-06-23 12:00:00-04:00,2015-06-26 12:15:00-04:00,train
SPY,double_bottom,0,near_miss,48361,,2015-06-26 13:30:00-04:00,long,210.18682814711542,0.03299832384379897,210.1420867349676,209.4929983238438,48282,48361,2015-06-23 13:15:00-04:00,2015-06-26 13:30:00-04:00,train
SPY,double_bottom,0,failed_breakout,48377,,2015-06-29 11:00:00-04:00,long,210.15438286506793,0.25242897840192313,209.66182103836442,208.0124289784019,48298,48377,2015-06-24 10:45:00-04:00,2015-06-29 11:00:00-04:00,train
SPY,double_bottom,0,failed_breakout,48422,,2015-06-30 15:45:00-04:00,long,209.7433958731858,1.9799093170410913,205.86515207392497,208.0399093170411,48343,48422,2015-06-25 15:30:00-04:00,2015-06-30 15:45:00-04:00,train
SPY,double_bottom,1,confirmed_breakout,48423,48424.0,2015-06-30 16:00:00-04:00,long,206.25973398694913,0.22497500600570675,205.86515207392497,207.96497500600572,48344,48423,2015-06-25 15:45:00-04:00,2015-06-30 16:00:00-04:00,train
SPY,double_bottom,0,near_miss,48455,,2015-07-02 11:00:00-04:00,long,207.25851072259576,0.681401866537044,206.20436588796184,208.36140186653705,48376,48455,2015-06-29 10:45:00-04:00,2015-07-02 11:00:00-04:00,train
SPY,double_bottom,0,failed_breakout,48480,,2015-07-06 10:45:00-04:00,long,207.54349856583087,0.5484832097720584,206.94985182415562,207.91848320977206,48401,48480,2015-06-30 10:30:00-04:00,2015-07-06 10:45:00-04:00,train
SPY,double_bottom,0,failed_breakout,48489,,2015-07-06 13:00:00-04:00,long,207.16486888422094,0.18283134232495968,206.92389619582994,206.98283134232497,48410,48489,2015-06-30 12:45:00-04:00,2015-07-06 13:00:00-04:00,train
SPY,double_bottom,0,near_miss,48523,,2015-07-07 15:00:00-04:00,long,206.9793358485514,0.8901989756675448,205.25437754993771,208.68019897566754,48444,48523,2015-07-01 14:45:00-04:00,2015-07-07 15:00:00-04:00,train
SPY,double_bottom,0,failed_breakout,48563,,2015-07-09 12:00:00-04:00,long,207.12775424186145,1.9845545627703132,205.0320218082446,207.9945545627703,48484,48563,2015-07-06 11:45:00-04:00,2015-07-09 12:00:00-04:00,train
SPY,double_bottom,1,confirmed_breakout,48579,48580.0,2015-07-09 16:00:00-04:00,long,206.13210238230397,0.8935364570953084,205.0320218082446,208.0835364570953,48500,48579,2015-07-06 15:45:00-04:00,2015-07-09 16:00:00-04:00,train
SPY,double_bottom,0,failed_breakout,48726,,2015-07-17 13:45:00-04:00,long,212.0746875833529,0.7422026997776641,210.62655785599904,212.80220269977767,48647,48726,2015-07-14 13:30:00-04:00,2015-07-17 13:45:00-04:00,train
SPY,double_bottom,0,near_miss,48732,,2015-07-17 15:15:00-04:00,long,212.05535775866213,0.016902094338945517,212.03841191115143,212.22690209433895,48653,48732,2015-07-14 15:00:00-04:00,2015-07-17 15:15:00-04:00,train
SPY,double_bottom,0,failed_breakout,48816,,2015-07-23 10:15:00-04:00,long,211.69713922806653,0.2466828408818742,211.217621860703,211.55668284088188,48737,48816,2015-07-20 10:00:00-04:00,2015-07-23 10:15:00-04:00,train
SPY,double_bottom,0,near_miss,48825,,2015-07-23 12:30:00-04:00,long,211.2660382273434,0.041919091517456764,211.217621860703,210.34191909151747,48746,48825,2015-07-20 12:15:00-04:00,2015-07-23 12:30:00-04:00,train
SPY,double_bottom,0,failed_breakout,48961,,2015-07-30 14:00:00-04:00,long,210.5891044675432,2.1444421904373883,206.723858040348,212.7644421904374,48882,48961,2015-07-27 13:45:00-04:00,2015-07-30 14:00:00-04:00,train
SPY,double_bottom,1,confirmed_breakout,49048,49049.0,2015-08-05 09:45:00-04:00,long,209.72510099174696,0.5042119516224943,209.09323196609859,211.4142119516225,48969,49048,2015-07-30 16:00:00-04:00,2015-08-05 09:45:00-04:00,train
SPY,double_bottom,0,near_miss,49102,,2015-08-07 10:15:00-04:00,long,210.7020969925309,1.8993763173085938,208.2568952362943,209.9193763173086,49023,49102,2015-08-04 10:00:00-04:00,2015-08-07 10:15:00-04:00,train
SPY,double_bottom,0,failed_breakout,49199,,2015-08-12 15:00:00-04:00,long,208.32248013645182,1.0726506850385817,206.34434450686777,209.58265068503857,49120,49199,2015-08-07 14:45:00-04:00,2015-08-12 15:00:00-04:00,train
SPY,double_bottom,0,failed_breakout,49250,,2015-08-14 14:45:00-04:00,long,209.294023139203,1.7391796725341067,206.34434450686777,210.8791796725341,49171,49250,2015-08-11 14:30:00-04:00,2015-08-14 14:45:00-04:00,train
SPY,double_bottom,1,confirmed_breakout,49268,49271.0,2015-08-17 12:45:00-04:00,long,209.1959100064447,0.3070636970437306,208.76534242647,210.68706369704373,49189,49268,2015-08-12 12:30:00-04:00,2015-08-17 12:45:00-04:00,train
SPY,double_bottom,0,near_miss,49293,,2015-08-18 12:30:00-04:00,long,210.32009202930675,0.6677332611081397,209.01235019233195,210.89773326110813,49214,49293,2015-08-13 12:15:00-04:00,2015-08-18 12:30:00-04:00,train
SPY,double_bottom,0,failed_breakout,49421,,2015-08-25 12:00:00-04:00,long,194.17479482622394,1.8169629650021193,191.40824354598962,195.77696296500213,49342,49421,2015-08-20 11:45:00-04:00,2015-08-25 12:00:00-04:00,train
SPY,double_bottom,1,confirmed_breakout,49462,49464.0,2015-08-26 15:45:00-04:00,long,193.847250533325,3.340075243662227,189.60610703333595,200.87007524366223,49383,49462,2015-08-21 15:30:00-04:00,2015-08-26 15:45:00-04:00,train
SPY,double_bottom,0,failed_breakout,49498,,2015-08-28 11:45:00-04:00,long,198.6954615512052,4.966513762615193,189.60610703333595,203.9865137626152,49419,49498,2015-08-25 11:30:00-04:00,2015-08-28 11:45:00-04:00,train
SPY,double_bottom,0,near_miss,49520,,2015-08-31 10:45:00-04:00,long,198.89977599003012,0.6312236065749914,197.85178854384407,198.89122360657498,49441,49520,2015-08-26 10:30:00-04:00,2015-08-31 10:45:00-04:00,train
SPY,double_bottom,0,near_miss,49533,,2015-08-31 14:00:00-04:00,long,198.73216429507568,0.30752983350538443,198.16395270007433,198.4575298335054,49454,49533,2015-08-26 13:45:00-04:00,2015-08-31 14:00:00-04:00,train
SPY,double_bottom,0,failed_breakout,49577,,2015-09-02 12:00:00-04:00,long,198.46262075281814,3.1838318684632725,192.3936250686354,195.99383186846327,49498,49577,2015-08-28 11:45:00-04:00,2015-09-02 12:00:00-04:00,train
SPY,double_bottom,1,confirmed_breakout,49581,49582.0,2015-09-02 13:00:00-04:00,long,193.0183929062018,0.3196904183982099,192.3936250686354,194.30969041839822,49502,49581,2015-08-28 12:45:00-04:00,2015-09-02 13:00:00-04:00,train
SPY,double_bottom,0,failed_breakout,49691,,2015-09-09 14:30:00-04:00,long,197.80351577674477,2.779721591544188,192.2623532130866,199.1397215915442,49612,49691,2015-09-03 14:15:00-04:00,2015-09-09 14:30:00-04:00,train
SPY,double_bottom,0,near_miss,49715,,2015-09-10 14:00:00-04:00,long,197.8316172539483,1.2706371144336117,195.33672512171484,198.0606371144336,49636,49715,2015-09-04 13:45:00-04:00,2015-09-10 14:00:00-04:00,train
SPY,double_bottom,0,failed_breakout,49742,,2015-09-11 14:15:00-04:00,long,196.28448163953294,0.9993352319559108,195.23356769343926,196.5393352319559,49663,49742,2015-09-08 14:00:00-04:00,2015-09-11 14:15:00-04:00,train
SPY,double_bottom,1,confirmed_breakout,49775,49780.0,2015-09-14 16:00:00-04:00,long,196.16575488738374,0.6556599246821406,195.23356769343926,198.17565992468215,49696,49775,2015-09-09 15:45:00-04:00,2015-09-14 16:00:00-04:00,train
SPY,double_bottom,0,near_miss,49780,,2015-09-15 10:45:00-04:00,long,195.83829316619952,0.03453492165644434,195.78662223196397,197.55453492165645,49701,49780,2015-09-10 10:30:00-04:00,2015-09-15 10:45:00-04:00,train
SPY,double_bottom,0,near_miss,49832,,2015-09-17 10:45:00-04:00,long,199.66853157994157,1.938659729617683,195.8208942571222,202.19865972961767,49753,49832,2015-09-14 10:30:00-04:00,2015-09-17 10:45:00-04:00,train
SPY,double_bottom,0,near_miss,49889,,2015-09-21 12:00:00-04:00,long,200.93529285044258,3.171736785034028,195.88826268729156,199.70173678503403,49810,49889,2015-09-16 11:45:00-04:00,2015-09-21 12:00:00-04:00,train
SPY,double_bottom,0,failed_breakout,49910,,2015-09-22 10:45:00-04:00,long,196.78976394219103,0.7862582406044965,195.88826268729156,193.8762582406045,49831,49910,2015-09-17 10:30:00-04:00,2015-09-22 10:45:00-04:00,train
SPY,double_bottom,0,failed_breakout,49935,,2015-09-23 10:30:00-04:00,long,196.26935221685827,1.6372285199056194,193.14549867802378,195.87722851990563,49856,49935,2015-09-18 10:15:00-04:00,2015-09-23 10:30:00-04:00,train
SPY,double_bottom,0,failed_breakout,49957,,2015-09-23 16:00:00-04:00,long,193.91559378279828,0.6189153073837019,193.14549867802378,194.1889153073837,49878,49957,2015-09-18 15:45:00-04:00,2015-09-23 16:00:00-04:00,train
SPY,double_bottom,1,confirmed_breakout,50061,50062.0,2015-09-29 16:00:00-04:00,long,188.63273583475265,0.34636802736829964,188.22078870207042,191.0763680273683,49982,50061,2015-09-24 15:45:00-04:00,2015-09-29 16:00:00-04:00,train
SPY,double_bottom,0,near_miss,50071,,2015-09-30 12:00:00-04:00,long,188.41237600886424,0.25526376201716516,187.9622775809959,190.72526376201716,49992,50071,2015-09-25 11:45:00-04:00,2015-09-30 12:00:00-04:00,train
SPY,double_bottom,1,confirmed_breakout,50085,50086.0,2015-09-30 15:30:00-04:00,long,190.37137173147704,1.2607286523319488,187.9622775809959,192.81072865233196,50006,50085,2015-09-25 15:15:00-04:00,2015-09-30 15:30:00-04:00,train
SPY,double_bottom,0,near_miss,50114,,2015-10-02 09:45:00-04:00,long,191.28858817775134,0.9059956658107353,190.25900857729428,190.80599566581074,50035,50114,2015-09-28 16:00:00-04:00,2015-10-02 09:45:00-04:00,train
SPY,double_bottom,1,confirmed_breakout,50126,50127.0,2015-10-02 12:45:00-04:00,long,191.29344537334788,0.6853525957978093,190.50617644658692,193.3553525957978,50047,50126,2015-09-29 12:30:00-04:00,2015-10-02 12:45:00-04:00,train
SPY,double_bottom,0,failed_breakout,50215,,2015-10-07 15:30:00-04:00,long,198.67603035815733,0.6886672246377543,197.66912270633637,199.43866722463775,50136,50215,2015-10-02 15:15:00-04:00,2015-10-07 15:30:00-04:00,train
SPY,double_bottom,0,near_miss,50242,,2015-10-08 15:45:00-04:00,long,199.15402190155172,0.43233473594966654,198.30560356070282,201.49233473594967,50163,50242,2015-10-05 15:30:00-04:00,2015-10-08 15:45:00-04:00,train
SPY,double_bottom,0,near_miss,50274,,2015-10-12 10:45:00-04:00,long,201.39375329365328,1.3212426781674367,199.13777077050128,202.52124267816743,50195,50274,2015-10-07 10:30:00-04:00,2015-10-12 10:45:00-04:00,train
SPY,double_bottom,0,failed_breakout,50300,,2015-10-13 10:45:00-04:00,long,201.40919399400855,0.22251137828715173,201.0072504604704,201.86251137828714,50221,50300,2015-10-08 10:30:00-04:00,2015-10-13 10:45:00-04:00,train
SPY,double_bottom,0,near_miss,50308,,2015-10-13 12:45:00-04:00,long,201.44244294695017,0.07302212159839883,201.36611477097236,201.5930221215984,50229,50308,2015-10-08 12:30:00-04:00,2015-10-13 12:45:00-04:00,train
SPY,double_bottom,0,near_miss,50343,,2015-10-14 15:00:00-04:00,long,201.60602130196554,1.0115167038732409,199.8162823164534,200.16151670387325,50264,50343,2015-10-09 14:45:00-04:00,2015-10-14 15:00:00-04:00,train
SPY,double_bottom,1,confirmed_breakout,50357,50363.0,2015-10-15 12:00:00-04:00,long,199.9415861044956,0.2782050119762687,199.5104798685853,201.41820501197626,50278,50357,2015-10-12 11:45:00-04:00,2015-10-15 12:00:00-04:00,train
SPY,double_bottom,0,near_miss,50402,,2015-10-19 10:15:00-04:00,long,202.51849626353928,1.5611944541209084,199.5104798685853,204.5411944541209,50323,50402,2015-10-14 10:00:00-04:00,2015-10-19 10:15:00-04:00,train
SPY,double_bottom,0,near_miss,50431,,2015-10-20 11:00:00-04:00,long,203.00273545642864,0.40349536371442696,202.40412375025142,204.10349536371442,50352,50431,2015-10-15 10:45:00-04:00,2015-10-20 11:00:00-04:00,train
SPY,double_bottom,0,near_miss,50456,,2015-10-21 10:45:00-04:00,long,203.2931547367381,0.42414491251022923,202.794356435177,203.43414491251022,50377,50456,2015-10-16 10:30:00-04:00,2015-10-21 10:45:00-04:00,train
SPY,double_bottom,0,near_miss,50487,,2015-10-22 12:00:00-04:00,long,203.20082960512656,0.49537347419905586,202.46724904857626,205.16537347419904,50408,50487,2015-10-19 11:45:00-04:00,2015-10-22 12:00:00-04:00,train
SPY,double_bottom,1,confirmed_breakout,50503,50504.0,2015-10-22 16:00:00-04:00,long,204.907461449886,1.2461515194355002,202.46724904857626,208.6061515194355,50424,50503,2015-10-19 15:45:00-04:00,2015-10-22 16:00:00-04:00,train
SPY,double_bottom,0,near_miss,50551,,2015-10-26 15:00:00-04:00,long,207.39153911004558,1.4662665615016977,204.85537081232476,208.5662665615017,50472,50551,2015-10-21 14:45:00-04:00,2015-10-26 15:00:00-04:00,train
SPY,double_bottom,0,near_miss,50587,,2015-10-28 11:00:00-04:00,long,207.08729880150477,0.5224216316212562,206.134580055004,208.53242163162125,50508,50587,2015-10-23 10:45:00-04:00,2015-10-28 11:00:00-04:00,train
SPY,double_bottom,0,failed_breakout,50613,,2015-10-29 11:00:00-04:00,long,207.95686587673663,1.1046400037218405,206.134580055004,209.47464000372185,50534,50613,2015-10-26 10:45:00-04:00,2015-10-29 11:00:00-04:00,train
SPY,double_bottom,0,near_miss,50636,,2015-10-30 10:15:00-04:00,long,208.7397288288022,0.6102322500529453,207.5698716910256,209.13023225005296,50557,50636,2015-10-27 10:00:00-04:00,2015-10-30 10:15:00-04:00,train
SPY,double_bottom,0,near_miss,50654,,2015-10-30 14:45:00-04:00,long,208.8182217484137,0.11913390220485098,208.68912146647293,208.79913390220486,50575,50654,2015-10-27 14:30:00-04:00,2015-10-30 14:45:00-04:00,train
SPY,double_bottom,0,near_miss,50670,,2015-11-02 12:15:00-05:00,long,209.0250041817551,0.3754766688468294,208.5900007998718,209.62547666884683,50591,50670,2015-10-28 12:00:00-04:00,2015-11-02 12:15:00-05:00,train
SPY,double_bottom,0,failed_breakout,50770,,2015-11-06 11:15:00-05:00,long,210.31745079148527,0.2124749234664023,209.9753038071188,209.6724749234664,50691,50770,2015-11-03 11:00:00-05:00,2015-11-06 11:15:00-05:00,train
SPY,double_bottom,0,near_miss,50790,,2015-11-09 09:45:00-05:00,long,210.04772611483557,0.4457751293634544,209.22859816382544,209.12577512936346,50711,50790,2015-11-03 16:00:00-05:00,2015-11-09 09:45:00-05:00,train
SPY,double_bottom,0,failed_breakout,50817,,2015-11-10 10:00:00-05:00,long,209.56341618776327,1.1391189954208585,207.6199962208594,209.19911899542086,50738,50817,2015-11-05 09:45:00-05:00,2015-11-10 10:00:00-05:00,train
SPY,double_bottom,0,near_miss,50822,,2015-11-10 11:15:00-05:00,long,207.63574230840905,0.018509616618217706,207.61446916272226,207.62850961661823,50743,50822,2015-11-05 11:00:00-05:00,2015-11-10 11:15:00-05:00,train
SPY,double_bottom,0,failed_breakout,50833,,2015-11-10 14:00:00-05:00,long,207.77266139368112,0.12308528725276346,207.61446916272226,208.25308528725276,50754,50833,2015-11-05 13:45:00-05:00,2015-11-10 14:00:00-05:00,train
SPY,double_bottom,0,near_miss,50860,,2015-11-11 14:15:00-05:00,long,208.3038612395709,0.3803333595742515,207.68468305013445,208.59033335957426,50781,50860,2015-11-06 14:00:00-05:00,2015-11-11 14:15:00-05:00,train
SPY,double_bottom,0,failed_breakout,50981,,2015-11-18 12:00:00-05:00,long,206.4037030948502,2.062011363754607,202.99677896234695,209.0120113637546,50902,50981,2015-11-13 11:45:00-05:00,2015-11-18 12:00:00-05:00,train
SPY,double_bottom,1,confirmed_breakout,51019,51024.0,2015-11-19 15:00:00-05:00,long,208.56219201076215,1.4499216362256107,205.68660449984424,211.1999216362256,50940,51019,2015-11-16 14:45:00-05:00,2015-11-19 15:00:00-05:00,train
SPY,double_bottom,0,near_miss,51033,,2015-11-20 12:00:00-05:00,long,208.67933572266344,0.11350637749438874,208.53793624922886,209.6135063774944,50954,51033,2015-11-17 11:45:00-05:00,2015-11-20 12:00:00-05:00,train
SPY,double_bottom,0,near_miss,51093,,2015-11-24 14:00:00-05:00,long,209.71485008706338,1.26444642502139,208.30708488297475,210.6944464250214,51014,51093,2015-11-19 13:45:00-05:00,2015-11-24 14:00:00-05:00,train
SPY,double_bottom,0,failed_breakout,51120,,2015-11-25 14:15:00-05:00,long,209.44679999663936,0.5784684154143065,208.30708488297475,210.1184684154143,51041,51120,2015-11-20 14:00:00-05:00,2015-11-25 14:15:00-05:00,train
SPY,double_bottom,0,near_miss,51143,,2015-11-30 10:00:00-05:00,long,209.56141738276733,0.15099033437317644,209.391275817313,209.32099033437316,51064,51143,2015-11-23 13:15:00-05:00,2015-11-30 10:00:00-05:00,train
SPY,double_bottom,0,near_miss,51166,,2015-11-30 15:45:00-05:00,long,209.5322558753645,0.3041909091141406,209.06485411518779,209.02419090911414,51087,51166,2015-11-24 12:30:00-05:00,2015-11-30 15:45:00-05:00,train
SPY,double_bottom,1,confirmed_breakout,51168,51169.0,2015-12-01 09:45:00-05:00,long,209.14549255499853,0.13655298661657866,208.95302502157614,210.3765529866166,51089,51168,2015-11-24 13:00:00-05:00,2015-12-01 09:45:00-05:00,train
SPY,double_bottom,0,near_miss,51195,,2015-12-02 10:00:00-05:00,long,209.80599301964628,0.43346248269429566,208.95302502157614,211.2934624826943,51116,51195,2015-11-25 13:15:00-05:00,2015-12-02 10:00:00-05:00,train
SPY,double_bottom,0,near_miss,51255,,2015-12-04 12:00:00-05:00,long,210.52125323784068,2.7677036185753536,205.71506318620283,210.54770361857535,51176,51255,2015-12-01 11:45:00-05:00,2015-12-04 12:00:00-05:00,train
SPY,double_bottom,0,failed_breakout,51299,,2015-12-08 10:00:00-05:00,long,209.46723745254005,2.730105132413456,205.71506318620283,208.99010513241345,51220,51299,2015-12-03 09:45:00-05:00,2015-12-08 10:00:00-05:00,train
SPY,double_bottom,0,near_miss,51304,,2015-12-08 11:15:00-05:00,long,207.78949239974995,0.05408959043535333,207.7116041645788,207.73408959043536,51225,51304,2015-12-03 11:00:00-05:00,2015-12-08 11:15:00-05:00,train
SPY,double_bottom,0,failed_breakout,51324,,2015-12-09 09:45:00-05:00,long,207.82039484293432,0.4744896548679094,206.98020621155402,207.6044896548679,51245,51324,2015-12-03 16:00:00-05:00,2015-12-09 09:45:00-05:00,train
SPY,double_bottom,0,near_miss,51333,,2015-12-09 12:00:00-05:00,long,207.10185353767187,0.09049614276278817,206.98020621155402,206.3904961427628,51254,51333,2015-12-04 11:45:00-05:00,2015-12-09 12:00:00-05:00,train
SPY,double_bottom,0,near_miss,51356,,2015-12-10 11:15:00-05:00,long,207.58078341336397,1.5216762795519685,205.07570568935986,207.89167627955197,51277,51356,2015-12-07 11:00:00-05:00,2015-12-10 11:15:00-05:00,train
SPY,double_bottom,0,failed_breakout,51463,,2015-12-16 12:00:00-05:00,long,205.61414534441215,2.2801757761920953,201.21595127675644,207.9301757761921,51384,51463,2015-12-11 11:45:00-05:00,2015-12-16 12:00:00-05:00,train
SPY,double_bottom,0,near_miss,51473,,2015-12-16 14:30:00-05:00,long,205.76343115204625,0.19374857619388308,205.45198785968367,206.1537485761939,51394,51473,2015-12-11 14:15:00-05:00,2015-12-16 14:30:00-05:00,train
SPY,double_bottom,0,near_miss,51505,,2015-12-17 16:00:00-05:00,long,207.24469665926424,1.3050009117414447,205.6873772920211,206.19500091174143,51426,51505,2015-12-14 15:45:00-05:00,2015-12-17 16:00:00-05:00,train
SPY,double_bottom,0,failed_breakout,51555,,2015-12-21 15:30:00-05:00,long,206.24366105431977,2.748272831915756,200.79876224178355,203.20827283191576,51476,51555,2015-12-16 15:15:00-05:00,2015-12-21 15:30:00-05:00,train
SPY,double_bottom,1,confirmed_breakout,51557,51558.0,2015-12-21 16:00:00-05:00,long,200.88132549306687,0.10505919502185179,200.75377035430645,202.19505919502186,51478,51557,2015-12-16 15:45:00-05:00,2015-12-21 16:00:00-05:00,train
SPY,double_bottom,0,failed_breakout,51753,,2016-01-04 16:00:00-05:00,long,205.3254023300072,2.9375255775398728,199.70409068859973,203.92752557753988,51674,51753,2015-12-29 15:45:00-05:00,2016-01-04 16:00:00-05:00,train
SPY,double_bottom,0,near_miss,51761,,2016-01-05 11:30:00-05:00,long,199.7578431106316,0.0905235968236866,199.6305483390161,200.8405235968237,51682,51761,2015-12-30 11:15:00-05:00,2016-01-05 11:30:00-05:00,train
SPY,double_bottom,0,near_miss,51779,,2016-01-05 16:00:00-05:00,long,200.7598786570471,0.635078694533803,199.6305483390161,202.0450786945338,51700,51779,2015-12-30 15:45:00-05:00,2016-01-05 16:00:00-05:00,train
SPY,double_bottom,0,failed_breakout,51890,,2016-01-12 11:15:00-05:00,long,194.25362896796858,1.698086291387341,190.91944164747173,194.18808629138735,51811,51890,2016-01-07 11:00:00-05:00,2016-01-12 11:15:00-05:00,train
SPY,double_bottom,1,confirmed_breakout,51907,51908.0,2016-01-12 15:30:00-05:00,long,192.71671796404343,1.2375013583131818,190.91944164747173,195.08750135831318,51828,51907,2016-01-07 15:15:00-05:00,2016-01-12 15:30:00-05:00,train
SPY,double_bottom,0,failed_breakout,51948,,2016-01-14 12:45:00-05:00,long,193.48275072210242,2.7896485056233473,189.34721286896942,194.23964850562334,51869,51948,2016-01-11 12:30:00-05:00,2016-01-14 12:45:00-05:00,train
SPY,double_bottom,0,failed_breakout,52039,,2016-01-20 16:00:00-05:00,long,187.5682689721127,2.5450676908565413,182.57561812149763,188.33506769085653,51960,52039,2016-01-14 15:45:00-05:00,2016-01-20 16:00:00-05:00,train
SPY,double_bottom,0,failed_breakout,52129,,2016-01-26 12:30:00-05:00,long,189.49545500661677,0.5344509642529545,188.58226088321922,190.83445096425297,52050,52129,2016-01-21 12:15:00-05:00,2016-01-26 12:30:00-05:00,unused
SPY,double_bottom,1,confirmed_breakout,52151,52152.0,2016-01-27 11:30:00-05:00,long,189.9798435307635,0.7555307802792299,188.58226088321922,191.74553078027924,52072,52151,2016-01-22 11:15:00-05:00,2016-01-27 11:30:00-05:00,val
SPY,double_bottom,0,near_miss,52160,,2016-01-27 13:45:00-05:00,long,189.92382157194834,0.2583747444443816,189.46452903725856,190.79837474444437,52081,52160,2016-01-22 13:30:00-05:00,2016-01-27 13:45:00-05:00,val
SPY,double_bottom,0,failed_breakout,52179,,2016-01-28 12:00:00-05:00,long,190.64221967276245,1.3920721015338415,189.03576610519866,189.18207210153383,52100,52179,2016-01-25 11:45:00-05:00,2016-01-28 12:00:00-05:00,val
SPY,double_bottom,0,near_miss,52190,,2016-01-28 14:45:00-05:00,long,189.05207359951459,0.30694543434162824,188.45449022514725,189.48694543434164,52111,52190,2016-01-25 14:30:00-05:00,2016-01-28 14:45:00-05:00,val
SPY,double_bottom,0,failed_breakout,52333,,2016-02-05 11:30:00-05:00,long,191.44621357730614,1.4878819521007358,188.79978787110903,189.94788195210074,52254,52333,2016-02-02 11:15:00-05:00,2016-02-05 11:30:00-05:00,val
SPY,double_bottom,0,failed_breakout,52383,,2016-02-09 11:00:00-05:00,long,191.18513932769693,3.814760280838101,183.62388271441588,187.9347602808381,52304,52383,2016-02-04 10:45:00-05:00,2016-02-09 11:00:00-05:00,val
SPY,double_bottom,1,confirmed_breakout,52397,52398.0,2016-02-09 14:30:00-05:00,long,184.93719779637837,0.8965205348906977,183.62388271441588,186.78652053489068,52318,52397,2016-02-04 14:15:00-05:00,2016-02-09 14:30:00-05:00,val
SPY,double_bottom,0,near_miss,52459,,2016-02-12 10:30:00-05:00,long,186.97404168677113,3.6813652886391424,182.12788098770451,188.50136528863914,52380,52459,2016-02-09 10:15:00-05:00,2016-02-12 10:30:00-05:00,val
SPY,double_bottom,0,failed_breakout,52576,,2016-02-19 13:45:00-05:00,long,192.36197832533233,0.4491816974367282,191.5086692491386,192.12918169743674,52497,52576,2016-02-16 13:30:00-05:00,2016-02-19 13:45:00-05:00,val
SPY,double_bottom,1,confirmed_breakout,52585,52586.0,2016-02-19 16:00:00-05:00,long,191.73953802958013,0.13098149260460445,191.5086692491386,194.6309814926046,52506,52585,2016-02-16 15:45:00-05:00,2016-02-19 16:00:00-05:00,val
SPY,double_bottom,0,near_miss,52619,,2016-02-23 11:30:00-05:00,long,194.55279224851833,1.4316723891305685,191.7084438248125,194.11167238913058,52540,52619,2016-02-18 11:15:00-05:00,2016-02-23 11:30:00-05:00,val
SPY,double_bottom,0,near_miss,52657,,2016-02-24 14:30:00-05:00,long,194.57900144225695,2.0199674859113657,190.58427201872817,194.41996748591137,52578,52657,2016-02-19 14:15:00-05:00,2016-02-24 14:30:00-05:00,val
SPY,double_bottom,1,confirmed_breakout,52749,52750.0,2016-03-01 11:30:00-05:00,long,195.62249407973735,0.7513778751657014,194.5975067381663,197.3913778751657,52670,52749,2016-02-25 11:15:00-05:00,2016-03-01 11:30:00-05:00,val
SPY,double_bottom,1,confirmed_breakout,52789,52793.0,2016-03-02 15:00:00-05:00,long,197.98636377073763,1.7223485059673749,194.5975067381663,200.72234850596737,52710,52789,2016-02-26 14:45:00-05:00,2016-03-02 15:00:00-05:00,val
SPY,double_bottom,0,near_miss,52812,,2016-03-03 14:15:00-05:00,long,198.53604973314268,0.32672673017302145,197.9305237913742,199.41672673017302,52733,52812,2016-02-29 14:00:00-05:00,2016-03-03 14:15:00-05:00,val
SPY,double_bottom,0,near_miss,52861,,2016-03-07 13:30:00-05:00,long,200.75370012135141,1.4705971385924954,198.48812221456512,201.9805971385925,52782,52861,2016-03-02 13:15:00-05:00,2016-03-07 13:30:00-05:00,val
SPY,double_bottom,0,failed_breakout,52879,,2016-03-08 11:30:00-05:00,long,200.54461033495193,0.3936024844213648,200.07808375095271,199.42360248442137,52800,52879,2016-03-03 11:15:00-05:00,2016-03-08 11:30:00-05:00,val
SPY,double_bottom,0,near_miss,52891,,2016-03-08 14:30:00-05:00,long,200.2513459861258,0.5836776410181415,199.11140474010696,199.92367764101814,52812,52891,2016-03-03 14:15:00-05:00,2016-03-08 14:30:00-05:00,val
SPY,double_bottom,0,failed_breakout,52914,,2016-03-09 13:45:00-05:00,long,199.46860567556672,0.40507126223181444,199.01566408656285,199.42507126223182,52835,52914,2016-03-04 13:30:00-05:00,2016-03-09 13:45:00-05:00,val
SPY,double_bottom,1,confirmed_breakout,52924,52925.0,2016-03-10 09:45:00-05:00,long,199.30424654350054,0.186356347396611,199.01566408656285,200.9763563473966,52845,52924,2016-03-04 16:00:00-05:00,2016-03-10 09:45:00-05:00,val
SPY,double_bottom,0,near_miss,52931,,2016-03-10 11:30:00-05:00,long,199.2675976319987,0.04935202009815498,199.21637491815605,198.52935202009814,52852,52931,2016-03-07 11:15:00-05:00,2016-03-10 11:30:00-05:00,val
SPY,double_bottom,0,near_miss,52953,,2016-03-11 10:30:00-05:00,long,199.76970058491915,1.0468102617944908,198.22940572809324,202.5168102617945,52874,52953,2016-03-08 10:15:00-05:00,2016-03-11 10:30:00-05:00,val
SPY,double_bottom,0,failed_breakout,52995,,2016-03-14 14:30:00-04:00,long,202.32822520621744,2.103933286040103,198.22940572809324,204.7539332860401,52916,52995,2016-03-09 14:15:00-05:00,2016-03-14 14:30:00-04:00,val
SPY,double_bottom,0,near_miss,53026,,2016-03-15 15:45:00-04:00,long,202.7008880516622,0.8034064902944351,201.5757850104741,202.69340649029442,52947,53026,2016-03-10 15:30:00-05:00,2016-03-15 15:45:00-04:00,val
SPY,double_bottom,1,confirmed_breakout,53047,53048.0,2016-03-16 14:30:00-04:00,long,202.27578406357048,0.48318490600257746,201.5757850104741,204.04318490600258,52968,53047,2016-03-11 14:15:00-05:00,2016-03-16 14:30:00-04:00,val
SPY,double_bottom,0,near_miss,53111,,2016-03-21 11:00:00-04:00,long,204.7759267320002,1.664062484639146,202.0094133046617,205.59406248463915,53032,53111,2016-03-16 10:45:00-04:00,2016-03-21 11:00:00-04:00,val
SPY,double_bottom,0,near_miss,53122,,2016-03-21 13:45:00-04:00,long,204.3970248639032,0.1810721665569872,204.21431519006038,204.87107216655698,53043,53122,2016-03-16 13:30:00-04:00,2016-03-21 13:45:00-04:00,val
SPY,double_bottom,0,near_miss,53147,,2016-03-22 13:30:00-04:00,long,204.68538325031957,0.33814978099027826,204.21759020463205,205.48814978099028,53068,53147,2016-03-17 13:15:00-04:00,2016-03-22 13:30:00-04:00,val
SPY,double_bottom,0,near_miss,53152,,2016-03-22 14:45:00-04:00,long,204.50848444562632,0.02687591732453143,204.47687673402658,205.13687591732455,53073,53152,2016-03-17 14:30:00-04:00,2016-03-22 14:45:00-04:00,val
SPY,double_bottom,0,near_miss,53208,,2016-03-24 15:45:00-04:00,long,204.9517938110385,1.5535110859451038,202.31022512760975,204.60351108594512,53129,53208,2016-03-21 15:30:00-04:00,2016-03-24 15:45:00-04:00,val
SPY,double_bottom,1,confirmed_breakout,53253,53254.0,2016-03-29 14:00:00-04:00,long,203.47456285992936,0.7972951758002864,202.31022512760975,205.4172951758003,53174,53253,2016-03-23 13:45:00-04:00,2016-03-29 14:00:00-04:00,val
SPY,double_bottom,0,failed_breakout,53359,,2016-04-04 14:30:00-04:00,long,206.73419793433573,0.7893352707126269,205.31402227125884,206.91933527071262,53280,53359,2016-03-30 14:15:00-04:00,2016-04-04 14:30:00-04:00,val
SPY,double_bottom,0,near_miss,53394,,2016-04-06 10:15:00-04:00,long,206.62449174401084,1.0802062430547892,204.51286794592474,205.4102062430548,53315,53394,2016-04-01 10:00:00-04:00,2016-04-06 10:15:00-04:00,val
SPY,double_bottom,1,confirmed_breakout,53405,53406.0,2016-04-06 13:00:00-04:00,long,204.61364843947467,0.1514449098103512,204.4115391134039,205.97144490981034,53326,53405,2016-04-01 12:45:00-04:00,2016-04-06 13:00:00-04:00,val
SPY,double_bottom,0,near_miss,53422,,2016-04-07 10:45:00-04:00,long,205.5266617351144,0.5716376575354616,204.4115391134039,205.12163765753547,53343,53422,2016-04-04 10:30:00-04:00,2016-04-07 10:45:00-04:00,val
SPY,double_bottom,0,near_miss,53453,,2016-04-08 12:00:00-04:00,long,205.7910647476729,1.1399517116682603,203.8037170302553,205.88995171166826,53374,53453,2016-04-05 11:45:00-04:00,2016-04-08 12:00:00-04:00,val
SPY,double_bottom,1,confirmed_breakout,53470,53472.0,2016-04-11 09:45:00-04:00,long,204.95018712923695,0.6781470780632617,203.8037170302553,206.65814707806325,53391,53470,2016-04-05 16:00:00-04:00,2016-04-11 09:45:00-04:00,val
SPY,double_bottom,0,near_miss,53479,,2016-04-11 12:00:00-04:00,long,204.77288408509514,0.14771814241808556,204.50996881326202,205.1677181424181,53400,53479,2016-04-06 11:45:00-04:00,2016-04-11 12:00:00-04:00,val
SPY,double_bottom,0,failed_breakout,53510,,2016-04-12 13:15:00-04:00,long,205.17671709489122,0.7144901397093975,204.41448509710162,206.1644901397094,53431,53510,2016-04-07 13:00:00-04:00,2016-04-12 13:15:00-04:00,val
SPY,double_bottom,0,near_miss,53652,,2016-04-20 09:45:00-04:00,long,209.73424791075078,1.1481728883242965,207.70145595218784,210.9081728883243,53573,53652,2016-04-14 16:00:00-04:00,2016-04-20 09:45:00-04:00,val
SPY,double_bottom,0,failed_breakout,53752,,2016-04-25 15:15:00-04:00,long,208.78175017917013,0.6867904251447783,207.90983167874973,208.7667904251448,53673,53752,2016-04-20 15:00:00-04:00,2016-04-25 15:15:00-04:00,val
SPY,double_bottom,0,failed_breakout,53789,,2016-04-27 11:30:00-04:00,long,208.84248859219917,0.542172036755801,207.90983167874973,209.0921720367558,53710,53789,2016-04-22 11:15:00-04:00,2016-04-27 11:30:00-04:00,val
SPY,double_bottom,0,near_miss,53799,,2016-04-27 14:00:00-04:00,long,208.75485547896884,0.14042406632142956,208.53806139315776,208.68042406632142,53720,53799,2016-04-22 13:45:00-04:00,2016-04-27 14:00:00-04:00,val
SPY,double_bottom,0,failed_breakout,53909,,2016-05-03 15:30:00-04:00,long,207.74412431807926,2.0144236595109533,205.53377901418,208.11442365951095,53830,53909,2016-04-28 15:15:00-04:00,2016-05-03 15:30:00-04:00,val
SPY,double_bottom,0,failed_breakout,53943,,2016-05-05 11:00:00-04:00,long,206.23187264633407,0.8438696260933511,204.85038373752485,206.32386962609334,53864,53943,2016-05-02 10:45:00-04:00,2016-05-05 11:00:00-04:00,val
SPY,double_bottom,0,failed_breakout,53986,,2016-05-06 15:15:00-04:00,long,205.43693977579542,0.7747735515610543,204.4739487109439,206.30477355156106,53907,53986,2016-05-03 15:00:00-04:00,2016-05-06 15:15:00-04:00,val
SPY,double_bottom,0,near_miss,54007,,2016-05-09 14:00:00-04:00,long,205.75448206448556,0.6570754789589728,204.4739487109439,206.53707547895897,53928,54007,2016-05-04 13:45:00-04:00,2016-05-09 14:00:00-04:00,val
SPY,double_bottom,0,failed_breakout,54129,,2016-05-16 12:00:00-04:00,long,206.60911589082076,1.1299556433613986,205.0263577947119,207.7599556433614,54050,54129,2016-05-11 11:45:00-04:00,2016-05-16 12:00:00-04:00,val
SPY,double_bottom,0,failed_breakout,54183,,2016-05-18 12:30:00-04:00,long,206.91762967975157,1.9455637366005192,204.91777409159016,207.22556373660052,54104,54183,2016-05-13 12:15:00-04:00,2016-05-18 12:30:00-04:00,val
SPY,double_bottom,0,failed_breakout,54221,,2016-05-19 15:30:00-04:00,long,205.66845362723083,1.5527439710006377,203.31364522087023,205.70274397100064,54142,54221,2016-05-16 15:15:00-04:00,2016-05-19 15:30:00-04:00,val
SPY,double_bottom,0,failed_breakout,54261,,2016-05-23 12:30:00-04:00,long,205.7160735663435,1.3361817513482492,203.31364522087023,206.75618175134824,54182,54261,2016-05-18 12:15:00-04:00,2016-05-23 12:30:00-04:00,val
SPY,double_bottom,0,near_miss,54271,,2016-05-23 15:00:00-04:00,long,205.49367116582832,0.05250037670396068,205.42493053580748,205.58250037670396,54192,54271,2016-05-18 14:45:00-04:00,2016-05-23 15:00:00-04:00,val
SPY,double_bottom,0,near_miss,54285,,2016-05-24 12:00:00-04:00,long,205.5470551564869,0.10689136012084077,205.42493053580748,207.90689136012085,54206,54285,2016-05-19 11:45:00-04:00,2016-05-24 12:00:00-04:00,val
SPY,double_bottom,0,near_miss,54334,,2016-05-26 11:15:00-04:00,long,209.4520356116957,2.0140089700831254,205.4553970569246,211.17400897008312,54255,54334,2016-05-23 11:00:00-04:00,2016-05-26 11:15:00-04:00,val
SPY,double_bottom,0,near_miss,54352,,2016-05-26 15:45:00-04:00,long,209.46298061765026,0.1382302857775244,209.2288444374449,209.5882302857775,54273,54352,2016-05-23 15:30:00-04:00,2016-05-26 15:45:00-04:00,val
SPY,double_bottom,0,near_miss,54385,,2016-05-31 11:00:00-04:00,long,209.91081596341132,0.372549988380797,209.2288444374449,210.6425499883808,54306,54385,2016-05-25 10:45:00-04:00,2016-05-31 11:00:00-04:00,val
SPY,double_bottom,0,near_miss,54413,,2016-06-01 11:30:00-04:00,long,210.21846682451246,0.49530107144886415,209.5986439935111,210.29530107144888,54334,54413,2016-05-26 11:15:00-04:00,2016-06-01 11:30:00-04:00,val
SPY,double_bottom,0,failed_breakout,54420,,2016-06-01 13:15:00-04:00,long,209.64359282218902,0.1107248287584639,209.46709199335,210.07072482875847,54341,54420,2016-05-26 13:00:00-04:00,2016-06-01 13:15:00-04:00,val
SPY,double_bottom,0,near_miss,54449,,2016-06-02 14:00:00-04:00,long,210.18496240941545,0.5026888664425258,209.46709199335,210.8926888664425,54370,54449,2016-05-27 13:45:00-04:00,2016-06-02 14:00:00-04:00,val
SPY,double_bottom,0,near_miss,54476,,2016-06-03 14:15:00-04:00,long,210.50958231858525,0.6685933555299073,209.7656922091292,210.7385933555299,54397,54476,2016-05-31 14:00:00-04:00,2016-06-03 14:15:00-04:00,val
SPY,double_bottom,0,near_miss,54553,,2016-06-08 14:00:00-04:00,long,212.05565560167025,0.054450414547261516,211.99344523655546,212.19445041454725,54474,54553,2016-06-03 13:45:00-04:00,2016-06-08 14:00:00-04:00,val
SPY,double_bottom,0,near_miss,54584,,2016-06-09 15:15:00-04:00,long,212.29026637296502,0.5330061406932884,211.52107522798804,212.5230061406933,54505,54584,2016-06-06 15:00:00-04:00,2016-06-09 15:15:00-04:00,val
SPY,double_bottom,0,failed_breakout,54690,,2016-06-15 15:45:00-04:00,long,208.59760598682146,0.5738940126693706,207.467341216046,208.52389401266936,54611,54690,2016-06-10 15:30:00-04:00,2016-06-15 15:45:00-04:00,val
SPY,double_bottom,0,near_miss,54712,,2016-06-16 14:45:00-04:00,long,208.6975736554285,1.122373049171017,206.5703184802568,208.912373049171,54633,54712,2016-06-13 14:30:00-04:00,2016-06-16 14:45:00-04:00,val
SPY,double_bottom,1,confirmed_breakout,54743,54744.0,2016-06-17 16:00:00-04:00,long,207.84471340254845,1.3567784210052878,206.40555148282954,210.6267784210053,54664,54743,2016-06-14 15:45:00-04:00,2016-06-17 16:00:00-04:00,val
SPY,double_bottom,0,failed_breakout,54790,,2016-06-21 14:45:00-04:00,long,208.89742405698033,1.568207200520618,206.40555148282954,210.25820720052062,54711,54790,2016-06-16 14:30:00-04:00,2016-06-21 14:45:00-04:00,val
SPY,double_bottom,0,near_miss,54796,,2016-06-22 09:45:00-04:00,long,208.2942731520862,0.030534024135675963,208.25288223008985,208.8305340241357,54717,54796,2016-06-16 16:00:00-04:00,2016-06-22 09:45:00-04:00,val
SPY,double_bottom,0,near_miss,54831,,2016-06-23 12:00:00-04:00,long,209.04252843787887,0.7101059032502235,208.27459602581118,210.89010590325023,54752,54831,2016-06-20 11:45:00-04:00,2016-06-23 12:00:00-04:00,val
SPY,double_bottom,0,near_miss,55036,,2016-07-06 11:15:00-04:00,long,209.86165133765178,0.9189995268984035,208.06280022893293,209.3289995268984,54957,55036,2016-06-30 11:00:00-04:00,2016-07-06 11:15:00-04:00,val
SPY,double_bottom,0,near_miss,55044,,2016-07-06 13:15:00-04:00,long,208.17173080047272,0.2003122750298587,207.88003682195276,209.43031227502985,54965,55044,2016-06-30 13:00:00-04:00,2016-07-06 13:15:00-04:00,val
SPY,double_bottom,0,near_miss,55089,,2016-07-08 11:30:00-04:00,long,209.99299434114997,1.495763791528418,207.88003682195276,213.67576379152842,55010,55089,2016-07-05 11:15:00-04:00,2016-07-08 11:30:00-04:00,val
SPY,double_bottom,1,confirmed_breakout,55133,55134.0,2016-07-11 16:00:00-04:00,long,213.823158504104,2.3910527005168944,209.11442427729034,217.2910527005169,55054,55133,2016-07-06 15:45:00-04:00,2016-07-11 16:00:00-04:00,val
SPY,double_bottom,0,near_miss,55187,,2016-07-14 10:00:00-04:00,long,215.10859948709881,0.8562339146257614,213.74978732988382,217.11623391462575,55108,55187,2016-07-11 09:45:00-04:00,2016-07-14 10:00:00-04:00,val
SPY,double_bottom,0,near_miss,55214,,2016-07-15 10:15:00-04:00,long,216.15708664976862,0.7769324919588598,214.7549438150623,216.96693249195886,55135,55214,2016-07-12 10:00:00-04:00,2016-07-15 10:15:00-04:00,val
SPY,double_bottom,0,near_miss,55242,,2016-07-18 10:45:00-04:00,long,216.23153576681344,0.3883749479461187,215.68095713717744,216.8383749479461,55163,55242,2016-07-13 10:30:00-04:00,2016-07-18 10:45:00-04:00,val
SPY,double_bottom,0,failed_breakout,55293,,2016-07-20 10:30:00-04:00,long,216.44105176303373,0.6774008573643471,215.68095713717744,217.47740085736436,55214,55293,2016-07-15 10:15:00-04:00,2016-07-20 10:30:00-04:00,val
SPY,double_bottom,0,failed_breakout,55352,,2016-07-22 12:15:00-04:00,long,217.20010821983576,1.2116942289813153,215.84634467416132,218.14169422898132,55273,55352,2016-07-19 12:00:00-04:00,2016-07-22 12:15:00-04:00,val
SPY,double_bottom,0,failed_breakout,55392,,2016-07-25 15:45:00-04:00,long,217.11895815797226,0.9507849096774521,216.13048330754756,217.40078490967744,55313,55392,2016-07-20 15:30:00-04:00,2016-07-25 15:45:00-04:00,val
SPY,double_bottom,0,failed_breakout,55414,,2016-07-26 14:45:00-04:00,long,216.64559979383586,0.3307167101044115,216.20586318904208,216.8407167101044,55335,55414,2016-07-21 14:30:00-04:00,2016-07-26 14:45:00-04:00,val
SPY,double_bottom,0,near_miss,55448,,2016-07-28 10:15:00-04:00,long,216.64953446913827,0.3517687395676887,216.17162848072036,216.39176873956768,55369,55448,2016-07-25 10:00:00-04:00,2016-07-28 10:15:00-04:00,val
SPY,double_bottom,0,failed_breakout,55469,,2016-07-28 15:30:00-04:00,long,216.49621019547243,0.34924275799102134,216.12230639424246,217.20924275799103,55390,55469,2016-07-25 15:15:00-04:00,2016-07-28 15:30:00-04:00,val
SPY,double_bottom,0,near_miss,55485,,2016-07-29 13:00:00-04:00,long,216.69517280786386,0.30918017456383495,216.12230639424246,217.41918017456385,55406,55485,2016-07-26 12:45:00-04:00,2016-07-29 13:00:00-04:00,val
SPY,double_bottom,0,near_miss,55510,,2016-08-01 12:45:00-04:00,long,217.22880059091997,0.35312581883323446,216.6496788723576,217.05312581883322,55431,55510,2016-07-27 12:30:00-04:00,2016-08-01 12:45:00-04:00,val
SPY,double_bottom,0,near_miss,55552,,2016-08-03 10:15:00-04:00,long,217.2523620651233,1.18136346826725,215.04032652189622,217.04136346826726,55473,55552,2016-07-29 10:00:00-04:00,2016-08-03 10:15:00-04:00,val
SPY,double_bottom,0,failed_breakout,55582,,2016-08-04 11:15:00-04:00,long,215.88423676948148,0.44899191204083877,215.04032652189622,216.84899191204084,55503,55582,2016-08-01 11:00:00-04:00,2016-08-04 11:15:00-04:00,val
SPY,double_bottom,0,near_miss,55609,,2016-08-05 11:30:00-04:00,long,216.44722985943056,0.3719574705353068,215.83016319298505,218.4019574705353,55530,55609,2016-08-02 11:15:00-04:00,2016-08-05 11:30:00-04:00,val
SPY,double_bottom,0,near_miss,55633,,2016-08-08 11:00:00-04:00,long,218.05680205556268,0.875483797946913,216.3203815848055,218.95548379794693,55554,55633,2016-08-03 10:45:00-04:00,2016-08-08 11:00:00-04:00,val
SPY,double_bottom,0,near_miss,55644,,2016-08-08 13:45:00-04:00,long,218.14360905065539,0.05830231963656729,218.04225493042605,218.03830231963656,55565,55644,2016-08-03 13:30:00-04:00,2016-08-08 13:45:00-04:00,val
SPY,double_bottom,0,near_miss,55662,,2016-08-09 11:45:00-04:00,long,218.13405430049752,0.11497392440222143,217.90980222057902,218.70497392440222,55583,55662,2016-08-04 11:30:00-04:00,2016-08-09 11:45:00-04:00,val
SPY,double_bottom,0,near_miss,55714,,2016-08-11 11:45:00-04:00,long,218.4895263922812,0.7813945545250363,217.5064614549333,219.54139455452503,55635,55714,2016-08-08 11:30:00-04:00,2016-08-11 11:45:00-04:00,val
SPY,double_bottom,0,failed_breakout,55763,,2016-08-15 11:00:00-04:00,long,218.74753156531744,0.8492475183346642,217.5064614549333,220.23924751833465,55684,55763,2016-08-10 10:45:00-04:00,2016-08-15 11:00:00-04:00,val
SPY,double_bottom,0,near_miss,55787,,2016-08-16 10:30:00-04:00,long,219.38252387713908,0.5517073507363079,218.2901066390323,218.9717073507363,55708,55787,2016-08-11 10:15:00-04:00,2016-08-16 10:30:00-04:00,val
SPY,double_bottom,0,near_miss,55832,,2016-08-17 15:15:00-04:00,long,219.37327810209334,1.0016177753871318,217.37179423963917,219.07161777538712,55753,55832,2016-08-12 15:00:00-04:00,2016-08-17 15:15:00-04:00,val
SPY,double_bottom,0,failed_breakout,55861,,2016-08-18 16:00:00-04:00,long,218.58370811508115,0.6340012808651352,217.37179423963917,219.50400128086514,55782,55861,2016-08-15 15:45:00-04:00,2016-08-18 16:00:00-04:00,val
SPY,double_bottom,0,near_miss,55889,,2016-08-22 10:00:00-04:00,long,218.6758325168582,0.24192041514382367,218.3402047746359,218.34192041514382,55810,55889,2016-08-17 09:45:00-04:00,2016-08-22 10:00:00-04:00,val
SPY,double_bottom,0,failed_breakout,55900,,2016-08-22 12:45:00-04:00,long,218.49807567029626,0.1381685018914709,218.3402047746359,218.62816850189148,55821,55900,2016-08-17 12:30:00-04:00,2016-08-22 12:45:00-04:00,val
SPY,double_bottom,0,near_miss,55908,,2016-08-22 14:45:00-04:00,long,218.46060152038973,0.10859660154841322,218.32440027550896,218.5585966015484,55829,55908,2016-08-17 14:30:00-04:00,2016-08-22 14:45:00-04:00,val
SPY,double_bottom,0,near_miss,55914,,2016-08-23 09:45:00-04:00,long,218.38701440015927,0.04446415090853861,218.32440027550896,219.50446415090855,55835,55914,2016-08-17 16:00:00-04:00,2016-08-23 09:45:00-04:00,val
SPY,double_bottom,0,near_miss,55962,,2016-08-24 15:15:00-04:00,long,219.2558522363424,0.7770893191834887,218.3607002229925,218.62708931918348,55883,55962,2016-08-19 15:00:00-04:00,2016-08-24 15:15:00-04:00,val
SPY,double_bottom,0,failed_breakout,55981,,2016-08-25 13:30:00-04:00,long,218.6032531115055,0.3764666778355945,217.8567472560145,218.3164666778356,55902,55981,2016-08-22 13:15:00-04:00,2016-08-25 13:30:00-04:00,val
SPY,double_bottom,0,near_miss,55987,,2016-08-25 15:00:00-04:00,long,217.8910675736966,0.026583917291759462,217.8567472560145,217.36658391729176,55908,55987,2016-08-22 14:45:00-04:00,2016-08-25 15:00:00-04:00,val
SPY,double_bottom,0,failed_breakout,56001,,2016-08-26 12:00:00-04:00,long,217.89184313342122,0.17437101878653039,217.56272417247425,217.75437101878654,55922,56001,2016-08-23 11:45:00-04:00,2016-08-26 12:00:00-04:00,val
SPY,double_bottom,0,near_miss,56024,,2016-08-29 11:15:00-04:00,long,218.33333462080014,1.1065288368478718,216.8908873954303,219.33652883684786,55945,56024,2016-08-24 11:00:00-04:00,2016-08-29 11:15:00-04:00,val
SPY,double_bottom,0,failed_breakout,56077,,2016-08-31 11:30:00-04:00,long,218.49126301158665,1.1891032989273924,216.8908873954303,218.41910329892738,55998,56077,2016-08-26 11:15:00-04:00,2016-08-31 11:30:00-04:00,val
SPY,double_bottom,0,near_miss,56097,,2016-09-01 10:00:00-04:00,long,217.74873211432663,0.4401200850115856,216.90379202874186,217.67012008501158,56018,56097,2016-08-29 09:45:00-04:00,2016-09-01 10:00:00-04:00,val
SPY,double_bottom,1,confirmed_breakout,56116,56122.0,2016-09-01 14:45:00-04:00,long,217.2441773694736,0.45274278251508804,216.67907714517514,219.0627427825151,56037,56116,2016-08-29 14:30:00-04:00,2016-09-01 14:45:00-04:00,val
SPY,double_bottom,0,near_miss,56151,,2016-09-06 10:30:00-04:00,long,218.2175179737778,0.8482929746885759,216.67907714517514,218.88829297468857,56072,56151,2016-08-31 10:15:00-04:00,2016-09-06 10:30:00-04:00,val
SPY,double_bottom,0,near_miss,56164,,2016-09-06 13:45:00-04:00,long,218.29281589599412,0.14375275635393336,218.0593728530033,218.85375275635394,56085,56164,2016-08-31 13:30:00-04:00,2016-09-06 13:45:00-04:00,val
SPY,double_bottom,0,near_miss,56199,,2016-09-07 16:00:00-04:00,long,218.90109553060418,0.45158009188580195,218.2387534262771,219.5115800918858,56120,56199,2016-09-01 15:45:00-04:00,2016-09-07 16:00:00-04:00,val
SPY,double_bottom,0,near_miss,56215,,2016-09-08 13:30:00-04:00,long,218.86829709250728,0.2066720077699813,218.66027745115966,218.65667200776997,56136,56215,2016-09-02 13:15:00-04:00,2016-09-08 13:30:00-04:00,val
SPY,double_bottom,0,near_miss,56229,,2016-09-09 10:30:00-04:00,long,218.6774254963501,0.08697899663428643,218.51792028111672,216.4469789966343,56150,56229,2016-09-06 10:15:00-04:00,2016-09-09 10:30:00-04:00,val
SPY,double_bottom,0,failed_breakout,56268,,2016-09-12 13:45:00-04:00,long,218.5725241279667,2.3654275217025997,213.89627293141143,217.0954275217026,56189,56268,2016-09-07 13:30:00-04:00,2016-09-12 13:45:00-04:00,val
SPY,double_bottom,0,failed_breakout,56313,,2016-09-14 12:00:00-04:00,long,215.97019290908227,2.4310186222195966,213.18207564231392,216.4610186222196,56234,56313,2016-09-09 11:45:00-04:00,2016-09-14 12:00:00-04:00,val
SPY,double_bottom,0,near_miss,56340,,2016-09-15 12:15:00-04:00,long,213.88364006693982,0.6974762330998203,213.18207564231392,215.46747623309983,56261,56340,2016-09-12 12:00:00-04:00,2016-09-15 12:15:00-04:00,val
SPY,double_bottom,0,failed_breakout,56443,,2016-09-21 12:00:00-04:00,long,213.99550255432035,0.2193089930552503,213.72249802650848,214.35930899305524,56364,56443,2016-09-16 11:45:00-04:00,2016-09-21 12:00:00-04:00,val
SPY,double_bottom,0,near_miss,56461,,2016-09-22 10:00:00-04:00,long,214.21687095558968,0.35861728450100827,213.82988909602173,217.65861728450102,56382,56461,2016-09-19 09:45:00-04:00,2016-09-22 10:00:00-04:00,val
SPY,double_bottom,0,near_miss,56490,,2016-09-23 10:45:00-04:00,long,217.15096661138946,1.6641649489678514,213.88661824615565,218.44416494896785,56411,56490,2016-09-20 10:30:00-04:00,2016-09-23 10:45:00-04:00,val
SPY,double_bottom,0,near_miss,56548,,2016-09-27 12:15:00-04:00,long,217.16116945503538,1.4733117942639353,214.28873024285525,216.33331179426395,56469,56548,2016-09-22 12:00:00-04:00,2016-09-27 12:15:00-04:00,val
SPY,double_bottom,0,near_miss,56588,,2016-09-28 15:45:00-04:00,long,215.54293613713375,0.7876280862932674,214.28873024285525,217.26762808629326,56509,56588,2016-09-23 15:30:00-04:00,2016-09-28 15:45:00-04:00,val
SPY,double_bottom,0,near_miss,56609,,2016-09-29 14:30:00-04:00,long,216.39939749520462,0.6136761800179329,215.2218858588257,216.00367618001792,56530,56609,2016-09-26 14:15:00-04:00,2016-09-29 14:30:00-04:00,val
SPY,double_bottom,0,near_miss,56625,,2016-09-30 12:00:00-04:00,long,216.36413572762882,0.6319953231608793,215.11472403738816,217.05199532316087,56546,56625,2016-09-27 11:45:00-04:00,2016-09-30 12:00:00-04:00,val
SPY,double_bottom,0,failed_breakout,56669,,2016-10-04 10:00:00-04:00,long,216.78944991213694,1.5051081341816541,215.11472403738816,217.52510813418166,56590,56669,2016-09-29 09:45:00-04:00,2016-10-04 10:00:00-04:00,val
SPY,double_bottom,0,failed_breakout,56681,,2016-10-04 13:00:00-04:00,long,215.6601931535089,0.11591479696599549,215.45395951852242,215.175914796966,56602,56681,2016-09-29 12:45:00-04:00,2016-10-04 13:00:00-04:00,val
SPY,double_bottom,0,near_miss,56738,,2016-10-06 14:15:00-04:00,long,215.89431504539255,0.44825714096805314,215.2575186142856,216.34825714096806,56659,56738,2016-10-03 14:00:00-04:00,2016-10-06 14:15:00-04:00,val
SPY,double_bottom,0,failed_breakout,56771,,2016-10-07 16:00:00-04:00,long,215.8014504589937,0.7945902865746746,214.75620173055248,215.8445902865747,56692,56771,2016-10-04 15:45:00-04:00,2016-10-07 16:00:00-04:00,val
SPY,double_bottom,0,failed_breakout,56795,,2016-10-10 15:30:00-04:00,long,216.34076412328233,0.7964904248714788,214.75620173055248,216.98649042487148,56716,56795,2016-10-05 15:15:00-04:00,2016-10-10 15:30:00-04:00,val
SPY,double_bottom,0,near_miss,56966,,2016-10-19 12:45:00-04:00,long,214.03159124110837,0.8428635732021803,212.49006528319788,215.2028635732022,56887,56966,2016-10-14 12:30:00-04:00,2016-10-19 12:45:00-04:00,val
SPY,double_bottom,0,near_miss,56999,,2016-10-20 14:30:00-04:00,long,214.4580443241091,0.6176917556329045,213.7933150843379,214.5976917556329,56920,56999,2016-10-17 14:15:00-04:00,2016-10-20 14:30:00-04:00,val
SPY,double_bottom,0,failed_breakout,57024,,2016-10-21 14:15:00-04:00,long,214.05142711581507,0.4226039903890353,213.4643311665142,214.16260399038904,56945,57024,2016-10-18 14:00:00-04:00,2016-10-21 14:15:00-04:00,val
SPY,double_bottom,0,failed_breakout,57058,,2016-10-25 09:45:00-04:00,long,214.7900668704027,0.6733402415443663,213.4643311665142,215.38334024154437,56979,57058,2016-10-19 16:00:00-04:00,2016-10-25 09:45:00-04:00,val
SPY,double_bottom,0,near_miss,57084,,2016-10-26 09:45:00-04:00,long,214.84323755172204,0.31221136664518667,214.29293027895122,213.6122113666452,57005,57084,2016-10-20 16:00:00-04:00,2016-10-26 09:45:00-04:00,val
SPY,double_bottom,0,failed_breakout,57098,,2016-10-26 13:15:00-04:00,long,214.31114770545454,0.2844446992823748,213.76047573339315,214.04444469928237,57019,57098,2016-10-21 13:00:00-04:00,2016-10-26 13:15:00-04:00,val
SPY,double_bottom,0,near_miss,57116,,2016-10-27 11:15:00-04:00,long,214.01140823597677,0.2680953351801918,213.72615006819998,213.7280953351802,57037,57116,2016-10-24 11:00:00-04:00,2016-10-27 11:15:00-04:00,val
SPY,double_bottom,0,near_miss,57128,,2016-10-27 14:15:00-04:00,long,213.8031881718248,0.14478150460371353,213.5906632662422,214.01478150460372,57049,57128,2016-10-24 14:00:00-04:00,2016-10-27 14:15:00-04:00,val
SPY,double_bottom,0,near_miss,57134,,2016-10-27 15:45:00-04:00,long,213.68201511466435,0.053948252102600236,213.5906632662422,213.2439482521026,57055,57134,2016-10-24 15:30:00-04:00,2016-10-27 15:45:00-04:00,val
SPY,double_bottom,0,near_miss,57149,,2016-10-28 13:00:00-04:00,long,213.7146516959515,0.20315194641324297,213.35752904019517,214.01315194641325,57070,57149,2016-10-25 12:45:00-04:00,2016-10-28 13:00:00-04:00,val
SPY,double_bottom,0,failed_breakout,57173,,2016-10-31 12:30:00-04:00,long,213.649979778272,0.6468371309686916,212.6487562544115,213.6168371309687,57094,57173,2016-10-26 12:15:00-04:00,2016-10-31 12:30:00-04:00,val
SPY,double_bottom,0,failed_breakout,57222,,2016-11-02 11:45:00-04:00,long,212.90630719687644,1.287039847611112,210.58977844411916,211.6970398476111,57143,57222,2016-10-28 11:30:00-04:00,2016-11-02 11:45:00-04:00,val
SPY,double_bottom,0,failed_breakout,57246,,2016-11-03 11:15:00-04:00,long,210.67445339517988,0.340302900360399,210.07852254551977,210.3903029003604,57167,57246,2016-10-31 11:00:00-04:00,2016-11-03 11:15:00-04:00,val
SPY,double_bottom,0,failed_breakout,57278,,2016-11-04 12:45:00-04:00,long,210.0990690392657,0.5931751497043365,208.93326523360292,210.27317514970434,57199,57278,2016-11-01 12:30:00-04:00,2016-11-04 12:45:00-04:00,val
SPY,double_bottom,1,confirmed_breakout,57291,57292.0,2016-11-04 16:00:00-04:00,long,209.6632751474113,0.5685124080833077,208.93326523360292,212.3485124080833,57212,57291,2016-11-01 15:45:00-04:00,2016-11-04 16:00:00-04:00,val
SPY,double_bottom,0,near_miss,57330,,2016-11-08 12:45:00-05:00,long,212.72452926480747,1.7615212190726197,209.25626024505306,216.2415212190726,57251,57330,2016-11-03 12:30:00-04:00,2016-11-08 12:45:00-05:00,val
SPY,double_bottom,0,near_miss,57350,,2016-11-09 11:15:00-05:00,long,214.21846194888064,0.8126978611425102,212.66975584641662,215.42269786114252,57271,57350,2016-11-04 11:00:00-04:00,2016-11-09 11:15:00-05:00,val
SPY,double_bottom,0,near_miss,57359,,2016-11-09 13:30:00-05:00,long,214.1719021681242,0.15964070770010608,213.88275059178852,215.5596407077001,57280,57359,2016-11-04 13:15:00-04:00,2016-11-09 13:30:00-05:00,val
SPY,double_bottom,0,failed_breakout,57416,,2016-11-11 14:45:00-05:00,long,217.2502523799073,2.2884135562308643,213.88275059178852,218.35841355623086,57337,57416,2016-11-08 14:30:00-05:00,2016-11-11 14:45:00-05:00,val
SPY,double_bottom,0,near_miss,57427,,2016-11-14 11:00:00-05:00,long,216.17687075423265,0.09101224574840217,216.04092705556437,216.2810122457484,57348,57427,2016-11-09 10:45:00-05:00,2016-11-14 11:00:00-05:00,val
SPY,double_bottom,0,near_miss,57445,,2016-11-14 15:30:00-05:00,long,216.47000116324455,0.29355638116643945,216.13078996140413,217.06355638116645,57366,57445,2016-11-09 15:15:00-05:00,2016-11-14 15:30:00-05:00,val
SPY,double_bottom,0,near_miss,57471,,2016-11-15 15:30:00-05:00,long,217.1742281300764,0.4800884854745391,216.22209960275208,218.57008848547454,57392,57471,2016-11-10 15:15:00-05:00,2016-11-15 15:30:00-05:00,val
SPY,double_bottom,0,near_miss,57501,,2016-11-17 10:00:00-05:00,long,217.8836454436875,0.450609862650424,217.1661796864516,219.03060986265044,57422,57501,2016-11-14 09:45:00-05:00,2016-11-17 10:00:00-05:00,val
SPY,double_bottom,0,near_miss,57531,,2016-11-18 11:00:00-05:00,long,218.78296262259246,0.5510641441016162,217.69989147562254,218.9910641441016,57452,57531,2016-11-15 10:45:00-05:00,2016-11-18 11:00:00-05:00,val
SPY,double_bottom,0,near_miss,57550,,2016-11-18 15:45:00-05:00,long,218.84601060249952,0.1947981954997715,218.5385193326403,218.92479819549976,57471,57550,2016-11-15 15:30:00-05:00,2016-11-18 15:45:00-05:00,val
SPY,double_bottom,0,near_miss,57601,,2016-11-22 15:30:00-05:00,long,220.20254791362427,0.9117449383284963,218.5385193326403,221.33174493832848,57522,57601,2016-11-17 15:15:00-05:00,2016-11-22 15:30:00-05:00,val
SPY,double_bottom,0,near_miss,57622,,2016-11-23 14:15:00-05:00,long,220.3149894716917,0.20469878348885118,220.04308661795127,220.70469878348885,57543,57622,2016-11-18 14:00:00-05:00,2016-11-23 14:15:00-05:00,val
SPY,double_bottom,0,near_miss,57664,,2016-11-28 14:45:00-05:00,long,221.2931711273312,0.7052240981339253,220.17749475845437,221.66522409813393,57585,57664,2016-11-22 11:30:00-05:00,2016-11-28 14:45:00-05:00,val
SPY,double_bottom,0,near_miss,57683,,2016-11-29 13:00:00-05:00,long,221.0746758038234,0.23980802141159074,220.67133626488342,221.5098080214116,57604,57683,2016-11-23 09:45:00-05:00,2016-11-29 13:00:00-05:00,val
SPY,double_bottom,0,near_miss,57705,,2016-11-30 12:00:00-05:00,long,221.22849833780134,0.34201962062718394,220.67133626488342,221.41201962062718,57626,57705,2016-11-23 15:15:00-05:00,2016-11-30 12:00:00-05:00,val
SPY,double_bottom,0,near_miss,57719,,2016-11-30 15:30:00-05:00,long,221.24309791523683,0.12175570657763046,221.10162116946486,221.11175570657764,57640,57719,2016-11-25 12:15:00-05:00,2016-11-30 15:30:00-05:00,val
SPY,double_bottom,0,near_miss,57757,,2016-12-02 12:00:00-05:00,long,221.14461495345813,0.8234326107183279,219.50130143762607,220.74343261071832,57678,57757,2016-11-29 11:45:00-05:00,2016-12-02 12:00:00-05:00,val
SPY,double_bottom,1,confirmed_breakout,57774,57775.0,2016-12-05 09:45:00-05:00,long,219.87686345301032,0.37065183400997626,219.50130143762607,221.47065183400997,57695,57774,2016-11-29 16:00:00-05:00,2016-12-05 09:45:00-05:00,val
SPY,double_bottom,0,near_miss,57806,,2016-12-06 11:15:00-05:00,long,220.9444558148602,0.7873306749935978,219.51112180037464,221.70733067499359,57727,57806,2016-12-01 11:00:00-05:00,2016-12-06 11:15:00-05:00,val
SPY,double_bottom,0,near_miss,57813,,2016-12-06 13:00:00-05:00,long,220.82457997391228,0.02656630312523589,220.79289886221554,221.33656630312524,57734,57813,2016-12-01 12:45:00-05:00,2016-12-06 13:00:00-05:00,val
SPY,double_bottom,0,near_miss,57976,,2016-12-14 14:45:00-05:00,long,227.8602944051152,1.1392931069432848,226.03467663002618,228.26929310694328,57897,57976,2016-12-09 14:30:00-05:00,2016-12-14 14:45:00-05:00,val
SPY,double_bottom,0,failed_breakout,57992,,2016-12-15 12:15:00-05:00,long,227.56274068558855,0.5581142804012984,226.6019268440568,227.8481142804013,57913,57992,2016-12-12 12:00:00-05:00,2016-12-15 12:15:00-05:00,val
SPY,double_bottom,0,failed_breakout,58042,,2016-12-19 11:45:00-05:00,long,227.265599964629,1.4773595009395706,224.97455408332203,226.88735950093957,57963,58042,2016-12-14 11:30:00-05:00,2016-12-19 11:45:00-05:00,val
SPY,double_bottom,0,failed_breakout,58069,,2016-12-20 12:00:00-05:00,long,225.64240644681593,0.3861629152406749,224.97455408332203,226.50616291524068,57990,58069,2016-12-15 11:45:00-05:00,2016-12-20 12:00:00-05:00,val
SPY,double_bottom,0,near_miss,58105,,2016-12-21 14:30:00-05:00,long,226.25401990154853,0.4280692811493054,225.5379329798285,226.5880692811493,58026,58105,2016-12-16 14:15:00-05:00,2016-12-21 14:30:00-05:00,val
SPY,double_bottom,0,near_miss,58137,,2016-12-22 16:00:00-05:00,long,226.1425814081263,0.4829158125417905,225.20536293019904,225.9229158125418,58058,58137,2016-12-19 15:45:00-05:00,2016-12-22 16:00:00-05:00,val
SPY,double_bottom,0,near_miss,58146,,2016-12-23 11:45:00-05:00,long,225.32100786026066,0.0714410299767394,225.20536293019904,225.42144102997673,58067,58146,2016-12-20 11:30:00-05:00,2016-12-23 11:45:00-05:00,val
SPY,double_bottom,0,near_miss,58162,,2016-12-23 15:45:00-05:00,long,225.40691988827993,0.06246150042048271,225.29377073036878,225.66246150042048,58083,58162,2016-12-20 15:30:00-05:00,2016-12-23 15:45:00-05:00,val
SPY,double_bottom,0,near_miss,58276,,2017-01-03 11:45:00-05:00,long,224.25195110177438,0.5103385698458283,223.31432647208237,224.48033856984583,58197,58276,2016-12-28 11:30:00-05:00,2017-01-03 11:45:00-05:00,val
SPY,double_bottom,0,near_miss,58298,,2017-01-04 10:45:00-05:00,long,224.49924290380133,0.7402878161680064,223.31432647208237,226.70028781616801,58219,58298,2016-12-29 10:30:00-05:00,2017-01-04 10:45:00-05:00,val
SPY,double_bottom,0,failed_breakout,58331,,2017-01-05 12:30:00-05:00,long,226.51582245506907,1.1645272456609916,224.20358370318428,227.05452724566098,58252,58331,2016-12-30 12:15:00-05:00,2017-01-05 12:30:00-05:00,val
SPY,double_bottom,0,near_miss,58346,,2017-01-06 09:45:00-05:00,long,226.50532065690211,0.2850555768266929,225.94152344451902,226.42505557682668,58267,58346,2016-12-30 16:00:00-05:00,2017-01-06 09:45:00-05:00,val
SPY,double_bottom,0,near_miss,58436,,2017-01-11 12:45:00-05:00,long,227.0954380692874,0.49879830453176055,226.5079343754101,226.60879830453177,58357,58436,2017-01-06 12:30:00-05:00,2017-01-11 12:45:00-05:00,val
SPY,double_bottom,0,failed_breakout,58451,,2017-01-12 10:00:00-05:00,long,226.72018993297687,0.22993977375571717,226.2951551643411,226.24993977375573,58372,58451,2017-01-09 09:45:00-05:00,2017-01-12 10:00:00-05:00,val
SPY,double_bottom,0,near_miss,58471,,2017-01-12 15:00:00-05:00,long,226.5793548197681,0.6147072746837239,225.63413992582764,227.20470727468373,58392,58471,2017-01-09 14:45:00-05:00,2017-01-12 15:00:00-05:00,val
SPY,double_bottom,0,failed_breakout,58509,,2017-01-17 11:30:00-05:00,long,227.10321051615983,0.8055610781198084,225.63413992582764,227.26556107811982,58430,58509,2017-01-11 11:15:00-05:00,2017-01-17 11:30:00-05:00,val
SPY,double_bottom,0,near_miss,58525,,2017-01-17 15:30:00-05:00,long,226.97865193063492,0.22728169151571365,226.54158152798604,226.18728169151572,58446,58525,2017-01-11 15:15:00-05:00,2017-01-17 15:30:00-05:00,val
SPY,double_bottom,0,near_miss,58538,,2017-01-18 12:15:00-05:00,long,226.57221107485802,0.1746402612057807,226.25356009931846,226.59464026120577,58459,58538,2017-01-12 12:00:00-05:00,2017-01-18 12:15:00-05:00,val
SPY,double_bottom,0,near_miss,58589,,2017-01-20 12:00:00-05:00,long,226.58213322909404,0.4829575420686467,225.94479127473232,227.45295754206865,58510,58589,2017-01-17 11:45:00-05:00,2017-01-20 12:00:00-05:00,val
SPY,double_bottom,0,failed_breakout,58614,,2017-01-23 11:45:00-05:00,long,226.79119156246358,0.6064305892345772,225.94479127473232,226.23643058923457,58535,58614,2017-01-18 11:30:00-05:00,2017-01-23 11:45:00-05:00,val
SPY,double_bottom,0,failed_breakout,58631,,2017-01-23 16:00:00-05:00,long,226.46321448982965,0.38435491583840076,225.7329884762568,226.5643549158384,58552,58631,2017-01-18 15:45:00-05:00,2017-01-23 16:00:00-05:00,val
SPY,double_bottom,0,near_miss,58763,,2017-01-31 10:00:00-05:00,long,229.3335617604682,1.2024780576308842,226.96097244112332,228.09247805763087,58684,58763,2017-01-26 09:45:00-05:00,2017-01-31 10:00:00-05:00,val
SPY,double_bottom,1,confirmed_breakout,58783,58788.0,2017-01-31 15:00:00-05:00,long,227.1797011595856,0.3287849307984061,226.74086001645105,228.7687849307984,58704,58783,2017-01-26 14:45:00-05:00,2017-01-31 15:00:00-05:00,val
SPY,double_bottom,0,near_miss,58790,,2017-02-01 10:15:00-05:00,long,226.75056452226406,0.03655583276753305,226.687157362542,227.79655583276752,58711,58790,2017-01-27 10:00:00-05:00,2017-02-01 10:15:00-05:00,val
SPY,double_bottom,0,failed_breakout,58819,,2017-02-02 11:00:00-05:00,long,227.5437257570741,0.47494029511813096,226.687157362542,228.46494029511814,58740,58819,2017-01-30 10:45:00-05:00,2017-02-02 11:00:00-05:00,val
SPY,double_bottom,0,failed_breakout,58835,,2017-02-02 15:00:00-05:00,long,227.64959673242194,0.14085232273791348,227.45041356136994,227.50085232273793,58756,58835,2017-01-30 14:45:00-05:00,2017-02-02 15:00:00-05:00,val
SPY,double_bottom,0,near_miss,58846,,2017-02-03 11:15:00-05:00,long,227.62691178318025,0.07766672870221214,227.53141485095793,229.4976667287022,58767,58846,2017-01-31 11:00:00-05:00,2017-02-03 11:15:00-05:00,val
SPY,double_bottom,0,near_miss,58899,,2017-02-07 11:30:00-05:00,long,229.34891486028926,1.1921114536781943,227.53141485095793,230.3421114536782,58820,58899,2017-02-02 11:15:00-05:00,2017-02-07 11:30:00-05:00,val
SPY,double_bottom,0,near_miss,58931,,2017-02-08 13:00:00-05:00,long,229.30386790392564,0.4904047561261109,228.78219196226422,229.4304047561261,58852,58931,2017-02-03 12:45:00-05:00,2017-02-08 13:00:00-05:00,val
SPY,double_bottom,0,near_miss,59111,,2017-02-17 12:30:00-05:00,long,234.43736125900372,0.05448710009878255,234.35468553338592,234.4244871000988,59032,59111,2017-02-14 12:15:00-05:00,2017-02-17 12:30:00-05:00,val
SPY,double_bottom,0,near_miss,59120,,2017-02-17 14:45:00-05:00,long,234.41484501384687,0.06123578657812345,234.29615567011356,234.69123578657812,59041,59120,2017-02-14 14:30:00-05:00,2017-02-17 14:45:00-05:00,val
SPY,double_bottom,0,near_miss,59153,,2017-02-22 10:00:00-05:00,long,236.12941170933016,0.9227962186986929,234.29615567011356,236.9127962186987,59074,59153,2017-02-16 09:45:00-05:00,2017-02-22 10:00:00-05:00,val
SPY,double_bottom,0,near_miss,59164,,2017-02-22 12:45:00-05:00,long,236.34150108872421,0.14604700232308687,236.1170753111494,236.4460470023231,59085,59164,2017-02-16 12:30:00-05:00,2017-02-22 12:45:00-05:00,val
SPY,double_bottom,0,near_miss,59173,,2017-02-22 15:00:00-05:00,long,236.29325231049384,0.04140899245552987,236.22985377442376,236.22140899245554,59094,59173,2017-02-16 14:45:00-05:00,2017-02-22 15:00:00-05:00,val
SPY,double_bottom,0,near_miss,59187,,2017-02-23 12:00:00-05:00,long,236.32963368853316,0.062452750683945624,236.22985377442376,236.10245275068394,59108,59187,2017-02-17 11:45:00-05:00,2017-02-23 12:00:00-05:00,val
SPY,double_bottom,0,near_miss,59198,,2017-02-23 14:45:00-05:00,long,236.37601177787818,0.17612373470936404,236.09526798506295,236.71612373470936,59119,59198,2017-02-17 14:30:00-05:00,2017-02-23 14:45:00-05:00,val
SPY,double_bottom,0,near_miss,59223,,2017-02-24 14:30:00-05:00,long,236.44802679527697,0.40089389526619357,235.9989978149586,236.44089389526619,59144,59223,2017-02-21 14:15:00-05:00,2017-02-24 14:30:00-05:00,val
SPY,double_bottom,0,near_miss,59229,,2017-02-24 16:00:00-05:00,long,236.02910501332983,0.025811345285433163,235.9989978149586,236.80581134528543,59150,59229,2017-02-21 15:45:00-05:00,2017-02-24 16:00:00-05:00,val
SPY,double_bottom,0,near_miss,59236,,2017-02-27 11:15:00-05:00,long,236.017245352044,0.007098382840268869,236.00758952113017,236.86709838284028,59157,59236,2017-02-22 11:00:00-05:00,2017-02-27 11:15:00-05:00,val
SPY,double_bottom,0,near_miss,59290,,2017-03-01 11:45:00-05:00,long,237.0858801600681,0.8535733879526219,236.0127044172773,240.35357338795262,59211,59290,2017-02-24 11:30:00-05:00,2017-03-01 11:45:00-05:00,val
SPY,double_bottom,0,near_miss,59336,,2017-03-03 10:15:00-05:00,long,240.01366222442908,2.3597723595033813,236.45190912695367,240.60977235950338,59257,59336,2017-02-28 10:00:00-05:00,2017-03-03 10:15:00-05:00,val
SPY,double_bottom,0,failed_breakout,59355,,2017-03-03 15:00:00-05:00,long,238.87553108077557,0.41008589834032705,238.07501976197278,238.77008589834034,59276,59355,2017-02-28 14:45:00-05:00,2017-03-03 15:00:00-05:00,val
SPY,double_bottom,0,failed_breakout,59382,,2017-03-06 15:15:00-05:00,long,238.31709585230698,0.5947337510059469,237.36970444062928,238.50473375100594,59303,59382,2017-03-01 15:00:00-05:00,2017-03-06 15:15:00-05:00,val
SPY,double_bottom,0,failed_breakout,59409,,2017-03-07 15:30:00-05:00,long,237.80710691994287,0.466343083760961,237.3118232317345,237.67634308376097,59330,59409,2017-03-02 15:15:00-05:00,2017-03-07 15:30:00-05:00,val
SPY,double_bottom,0,near_miss,59416,,2017-03-08 10:45:00-05:00,long,237.32084310790594,0.020610089877976634,237.28864280432143,237.40061008987797,59337,59416,2017-03-03 10:30:00-05:00,2017-03-08 10:45:00-05:00,val
SPY,double_bottom,0,near_miss,59421,,2017-03-08 12:00:00-05:00,long,237.3103107563887,0.05204365901312258,237.22789139042973,237.09204365901311,59342,59421,2017-03-03 11:45:00-05:00,2017-03-08 12:00:00-05:00,val
SPY,double_bottom,0,near_miss,59435,,2017-03-08 15:30:00-05:00,long,237.30380561911855,0.09033365329540288,237.1990525412166,236.9803336532954,59356,59435,2017-03-03 15:15:00-05:00,2017-03-08 15:30:00-05:00,val
SPY,double_bottom,0,near_miss,59453,,2017-03-09 13:30:00-05:00,long,237.26185269235205,0.21073260159559482,236.90318764029632,236.9307326015956,59374,59453,2017-03-06 13:15:00-05:00,2017-03-09 13:30:00-05:00,val
SPY,double_bottom,0,near_miss,59470,,2017-03-10 11:15:00-05:00,long,236.92267608948418,0.22725419003191405,236.48765615860822,237.3672541900319,59391,59470,2017-03-07 11:00:00-05:00,2017-03-10 11:15:00-05:00,val
SPY,double_bottom,0,failed_breakout,59492,,2017-03-13 10:15:00-04:00,long,237.32653863328773,0.5204225464562455,236.48765615860822,238.11042254645625,59413,59492,2017-03-08 10:00:00-05:00,2017-03-13 10:15:00-04:00,val
SPY,double_bottom,0,near_miss,59518,,2017-03-14 10:15:00-04:00,long,237.495368411928,0.18948998367221748,237.12457601505477,236.9194899836722,59439,59518,2017-03-09 10:00:00-05:00,2017-03-14 10:15:00-04:00,val
SPY,double_bottom,0,near_miss,59540,,2017-03-14 15:45:00-04:00,long,237.6092149751932,0.5187970221814453,236.69365506456666,237.44879702218145,59461,59540,2017-03-09 15:30:00-05:00,2017-03-14 15:45:00-04:00,val
SPY,double_bottom,0,failed_breakout,59594,,2017-03-17 09:45:00-04:00,long,238.82033321860504,1.1937304776890016,236.69365506456666,238.813730477689,59515,59594,2017-03-13 16:00:00-04:00,2017-03-17 09:45:00-04:00,val
SPY,double_bottom,0,failed_breakout,59617,,2017-03-17 15:30:00-04:00,long,238.58069462717984,0.5541768986367686,237.49348503982077,238.06417689863676,59538,59617,2017-03-14 15:15:00-04:00,2017-03-17 15:30:00-04:00,val
SPY,double_bottom,0,failed_breakout,59734,,2017-03-24 12:15:00-04:00,long,234.959835547358,0.8574765106970972,233.77760471822734,235.3474765106971,59655,59734,2017-03-21 12:00:00-04:00,2017-03-24 12:15:00-04:00,val
SPY,double_bottom,0,failed_breakout,59767,,2017-03-27 14:00:00-04:00,long,234.65992347950018,0.9807540203313181,232.9312255632433,234.2707540203313,59688,59767,2017-03-22 13:45:00-04:00,2017-03-27 14:00:00-04:00,val
SPY,double_bottom,0,failed_breakout,59815,,2017-03-29 13:00:00-04:00,long,235.39521510851714,1.2644345309515188,232.9312255632433,236.4944345309515,59736,59815,2017-03-24 12:45:00-04:00,2017-03-29 13:00:00-04:00,val
SPY,double_bottom,0,near_miss,59821,,2017-03-29 14:30:00-04:00,long,235.39246459177494,0.04053944203451465,235.33033559188794,235.7305394420345,59742,59821,2017-03-24 14:15:00-04:00,2017-03-29 14:30:00-04:00,val
SPY,double_bottom,0,near_miss,59851,,2017-03-30 15:30:00-04:00,long,236.0969988646686,0.37625860424327584,235.3735147075929,236.71625860424328,59772,59851,2017-03-27 15:15:00-04:00,2017-03-30 15:30:00-04:00,val
SPY,double_bottom,0,near_miss,59908,,2017-04-04 10:15:00-04:00,long,236.28788598773312,0.8971889520535115,234.7134282581015,235.63718895205352,59829,59908,2017-03-30 10:00:00-04:00,2017-04-04 10:15:00-04:00,val
SPY,double_bottom,0,failed_breakout,59921,,2017-04-04 13:30:00-04:00,long,235.1255377386235,0.2484233841439618,234.7134282581015,235.41842338414395,59842,59921,2017-03-30 13:15:00-04:00,2017-04-04 13:30:00-04:00,val
SPY,double_bottom,0,near_miss,59981,,2017-04-06 15:30:00-04:00,long,237.0428290747341,1.808277574388086,235.0408004508576,237.0482775743881,59902,59981,2017-04-03 15:15:00-04:00,2017-04-06 15:30:00-04:00,val
SPY,double_bottom,0,failed_breakout,60002,,2017-04-07 14:15:00-04:00,long,235.5746941216256,0.24756677917054049,235.22595213507566,236.07756677917055,59923,60002,2017-04-04 14:00:00-04:00,2017-04-07 14:15:00-04:00,val
SPY,double_bottom,0,near_miss,60019,,2017-04-10 12:00:00-04:00,long,235.5833210672901,0.22641712972554728,235.22595213507566,235.50641712972555,59940,60019,2017-04-05 11:45:00-04:00,2017-04-10 12:00:00-04:00,val
SPY,double_bottom,0,near_miss,60032,,2017-04-10 15:15:00-04:00,long,235.78722795374438,0.3116506233379255,235.46329892075948,236.08165062333794,59953,60032,2017-04-05 15:00:00-04:00,2017-04-10 15:15:00-04:00,val
SPY,double_bottom,0,near_miss,60056,,2017-04-11 14:45:00-04:00,long,235.6364056367507,0.8310105383098971,234.14749127612214,235.4010105383099,59977,60056,2017-04-06 14:30:00-04:00,2017-04-11 14:45:00-04:00,val
SPY,double_bottom,0,failed_breakout,60087,,2017-04-12 16:00:00-04:00,long,234.6352826685457,0.47815403799160094,234.14749127612214,234.5781540379916,60008,60087,2017-04-07 15:45:00-04:00,2017-04-12 16:00:00-04:00,val
SPY,double_bottom,0,failed_breakout,60125,,2017-04-17 12:30:00-04:00,long,234.2707501447107,0.6103638194375662,233.15400666556013,234.42036381943757,60046,60125,2017-04-11 12:15:00-04:00,2017-04-17 12:30:00-04:00,val
SPY,double_bottom,0,failed_breakout,60165,,2017-04-18 16:00:00-04:00,long,234.15672985336352,0.7646711166291311,233.15400666556013,234.62467111662914,60086,60165,2017-04-12 15:45:00-04:00,2017-04-18 16:00:00-04:00,val
SPY,double_bottom,0,near_miss,60201,,2017-04-20 12:00:00-04:00,long,234.4955528317778,0.8182747819416534,233.63011080790864,235.71827478194166,60122,60201,2017-04-17 11:45:00-04:00,2017-04-20 12:00:00-04:00,val
SPY,double_bottom,1,confirmed_breakout,60243,60244.0,2017-04-21 16:00:00-04:00,long,235.49622379578094,1.2911142236756348,233.72444529176363,238.29111422367563,60164,60243,2017-04-18 15:45:00-04:00,2017-04-21 16:00:00-04:00,val
SPY,double_bottom,0,failed_breakout,60306,,2017-04-26 12:15:00-04:00,long,238.68762942356759,2.0088474810894468,234.68577385244694,241.18884748108945,60227,60306,2017-04-21 12:00:00-04:00,2017-04-26 12:15:00-04:00,val
SPY,double_bottom,0,near_miss,60344,,2017-04-27 15:15:00-04:00,long,239.1657426277235,0.6544487188694461,238.35079778519875,239.24444871886945,60265,60344,2017-04-24 15:00:00-04:00,2017-04-27 15:15:00-04:00,val
SPY,double_bottom,0,failed_breakout,60383,,2017-05-01 12:00:00-04:00,long,238.64293906545308,0.41338313742093646,238.10831407086556,239.15338313742095,60304,60383,2017-04-26 11:45:00-04:00,2017-05-01 12:00:00-04:00,val
SPY,double_bottom,0,near_miss,60419,,2017-05-02 14:30:00-04:00,long,238.92466833200592,0.5829359657952864,238.10831407086556,239.24293596579528,60340,60419,2017-04-27 14:15:00-04:00,2017-05-02 14:30:00-04:00,val
SPY,double_bottom,0,near_miss,60478,,2017-05-05 09:45:00-04:00,long,238.71824114318508,0.2278405427224186,238.40565053936965,239.15784054272243,60399,60478,2017-05-01 16:00:00-04:00,2017-05-05 09:45:00-04:00,val
SPY,double_bottom,0,near_miss,60521,,2017-05-08 14:00:00-04:00,long,239.42553863883876,0.5199654001323779,238.40565053936965,240.2299654001324,60442,60521,2017-05-03 13:45:00-04:00,2017-05-08 14:00:00-04:00,val
SPY,double_bottom,0,near_miss,60571,,2017-05-10 13:30:00-04:00,long,239.89744119221547,0.47346697155964534,239.41104665995343,240.23346697155964,60492,60571,2017-05-05 13:15:00-04:00,2017-05-10 13:30:00-04:00,val
SPY,double_bottom,0,near_miss,60602,,2017-05-11 14:45:00-04:00,long,239.7346246568397,0.6129696640966245,238.80640820412796,239.99296966409662,60523,60602,2017-05-08 14:30:00-04:00,2017-05-11 14:45:00-04:00,val
SPY,double_bottom,0,failed_breakout,60637,,2017-05-15 10:30:00-04:00,long,239.29041648532154,0.4208278056300969,238.80640820412796,240.56082780563008,60558,60637,2017-05-10 10:15:00-04:00,2017-05-15 10:30:00-04:00,val
SPY,double_bottom,0,near_miss,60668,,2017-05-16 11:45:00-04:00,long,240.20152351557496,0.686015606949212,238.9293140478859,240.7160156069492,60589,60668,2017-05-11 11:30:00-04:00,2017-05-16 11:45:00-04:00,val
SPY,double_bottom,0,near_miss,60678,,2017-05-16 14:15:00-04:00,long,240.18751920974137,0.1060664755581513,240.06120369900083,240.11606647555814,60599,60678,2017-05-11 14:00:00-04:00,2017-05-16 14:15:00-04:00,val
SPY,double_bottom,0,near_miss,60692,,2017-05-17 11:15:00-04:00,long,240.11652702836264,0.07796156780972296,240.015927222105,237.4979615678097,60613,60692,2017-05-12 11:00:00-04:00,2017-05-17 11:15:00-04:00,val
SPY,double_bottom,0,near_miss,60724,,2017-05-18 12:45:00-04:00,long,240.03199526247755,1.848548131120026,236.35096704061002,238.20854813112004,60645,60724,2017-05-15 12:30:00-04:00,2017-05-18 12:45:00-04:00,val
SPY,double_bottom,0,near_miss,60737,,2017-05-18 16:00:00-04:00,long,236.44838160452346,0.10586223430075847,236.33407169983542,236.77586223430075,60658,60737,2017-05-15 15:45:00-04:00,2017-05-18 16:00:00-04:00,val
SPY,double_bottom,0,near_miss,60773,,2017-05-22 12:00:00-04:00,long,238.76883318639048,1.313770322801048,236.33407169983542,240.58377032280106,60694,60773,2017-05-17 11:45:00-04:00,2017-05-22 12:00:00-04:00,val
SPY,double_bottom,0,near_miss,60819,,2017-05-24 10:30:00-04:00,long,239.98696228164425,0.7097098230472056,238.57605402734342,240.94970982304721,60740,60819,2017-05-19 10:15:00-04:00,2017-05-24 10:30:00-04:00,val
SPY,double_bottom,0,near_miss,60913,,2017-05-30 14:30:00-04:00,long,241.74361820545462,0.14103724543275575,241.52553395309369,241.74103724543275,60834,60913,2017-05-24 14:15:00-04:00,2017-05-30 14:30:00-04:00,val
SPY,double_bottom,0,near_miss,60948,,2017-06-01 10:15:00-04:00,long,241.6364082366039,0.34285982528942327,241.06156286953527,242.27285982528943,60869,60948,2017-05-26 10:00:00-04:00,2017-06-01 10:15:00-04:00,val
SPY,double_bottom,0,near_miss,61051,,2017-06-07 10:00:00-04:00,long,244.13125303047622,0.30741074359696086,243.57436465775757,244.04741074359697,60972,61051,2017-06-02 09:45:00-04:00,2017-06-07 10:00:00-04:00,val
SPY,double_bottom,0,near_miss,61059,,2017-06-07 12:00:00-04:00,long,243.65588188013467,0.0824817152299886,243.5724356720518,243.52248171523,60980,61059,2017-06-02 11:45:00-04:00,2017-06-07 12:00:00-04:00,val
SPY,double_bottom,0,near_miss,61076,,2017-06-08 09:45:00-04:00,long,243.61253920700307,0.16355961696140753,243.32552350803152,244.0635596169614,60997,61076,2017-06-02 16:00:00-04:00,2017-06-08 09:45:00-04:00,val
SPY,double_bottom,0,near_miss,61091,,2017-06-08 13:30:00-04:00,long,243.63533235919013,0.17601880323340424,243.32552350803152,243.8860188032334,61012,61091,2017-06-05 13:15:00-04:00,2017-06-08 13:30:00-04:00,val
SPY,double_bottom,0,near_miss,61110,,2017-06-09 11:45:00-04:00,long,243.88444592454096,0.26739991969623134,243.5931036038819,245.03739991969624,61031,61110,2017-06-06 11:30:00-04:00,2017-06-09 11:45:00-04:00,val
SPY,double_bottom,0,near_miss,61157,,2017-06-13 10:30:00-04:00,long,244.59364829383833,1.3997676023384713,242.74677297719217,245.44976760233848,61078,61157,2017-06-08 10:15:00-04:00,2017-06-13 10:30:00-04:00,val
SPY,double_bottom,0,failed_breakout,61201,,2017-06-14 15:00:00-04:00,long,244.42928431949136,0.9162625881797339,242.74677297719217,244.62626258817974,61122,61201,2017-06-09 14:45:00-04:00,2017-06-14 15:00:00-04:00,val
SPY,double_bottom,0,near_miss,61227,,2017-06-15 15:00:00-04:00,long,244.35174294998737,0.6284642236811635,243.16728696718135,244.26846422368115,61148,61227,2017-06-12 14:45:00-04:00,2017-06-15 15:00:00-04:00,val
SPY,double_bottom,0,failed_breakout,61257,,2017-06-16 16:00:00-04:00,long,243.57987092012985,0.877271409102832,242.2379120548727,243.50727140910283,61178,61257,2017-06-13 15:45:00-04:00,2017-06-16 16:00:00-04:00,val
SPY,double_bottom,0,failed_breakout,61290,,2017-06-20 11:15:00-04:00,long,244.38311670640374,1.0799287571271918,242.2379120548727,244.96992875712718,61211,61290,2017-06-15 11:00:00-04:00,2017-06-20 11:15:00-04:00,val
SPY,double_bottom,0,near_miss,61339,,2017-06-22 10:30:00-04:00,long,244.41882791930288,0.8402197208249618,242.78875255327546,243.66021972082495,61260,61339,2017-06-19 10:15:00-04:00,2017-06-22 10:30:00-04:00,val
SPY,double_bottom,0,near_miss,61375,,2017-06-23 13:00:00-04:00,long,243.36172090828728,0.4463327579633187,242.78875255327546,243.7663327579633,61296,61375,2017-06-20 12:45:00-04:00,2017-06-23 13:00:00-04:00,val
SPY,double_bottom,0,near_miss,61397,,2017-06-26 12:00:00-04:00,long,243.318062620379,0.2252902149257352,243.0420237473725,243.89529021492572,61318,61397,2017-06-21 11:45:00-04:00,2017-06-26 12:00:00-04:00,val
SPY,double_bottom,0,near_miss,61405,,2017-06-26 14:00:00-04:00,long,243.59576293276618,0.23394621313545372,243.14352106353405,243.81394621313547,61326,61405,2017-06-21 13:45:00-04:00,2017-06-26 14:00:00-04:00,val
SPY,double_bottom,0,near_miss,61417,,2017-06-27 10:30:00-04:00,long,243.61395658684984,0.03108680237437511,243.57705552046596,242.81108680237438,61338,61417,2017-06-22 10:15:00-04:00,2017-06-27 10:30:00-04:00,val
SPY,double_bottom,0,near_miss,61431,,2017-06-27 14:00:00-04:00,long,243.59233673915006,0.22245038552577512,243.16271718678257,242.35245038552577,61352,61431,2017-06-22 13:45:00-04:00,2017-06-27 14:00:00-04:00,val
SPY,double_bottom,0,failed_breakout,61449,,2017-06-28 12:00:00-04:00,long,243.1748416223762,0.5393299107340397,242.10830623650176,243.83932991073405,61370,61449,2017-06-23 11:45:00-04:00,2017-06-28 12:00:00-04:00,val
SPY,double_bottom,0,failed_breakout,61495,,2017-06-30 10:30:00-04:00,long,243.5084479106717,1.8641100187684856,241.18036954730462,243.78411001876847,61416,61495,2017-06-27 10:15:00-04:00,2017-06-30 10:30:00-04:00,val
SPY,double_bottom,0,failed_breakout,61547,,2017-07-05 13:30:00-04:00,long,242.99367395603244,1.1922997785308667,241.18036954730462,243.96229977853088,61468,61547,2017-06-29 10:15:00-04:00,2017-07-05 13:30:00-04:00,val
SPY,double_bottom,0,failed_breakout,61594,,2017-07-07 12:15:00-04:00,long,242.737931571031,1.0238543257178492,241.00126141577894,243.20385432571786,61515,61594,2017-06-30 15:30:00-04:00,2017-07-07 12:15:00-04:00,val
SPY,double_bottom,0,near_miss,61622,,2017-07-10 12:45:00-04:00,long,242.11600421546342,0.5745584547387352,241.00126141577894,243.17455845473873,61543,61622,2017-07-05 12:30:00-04:00,2017-07-10 12:45:00-04:00,val
SPY,double_bottom,0,near_miss,61661,,2017-07-11 16:00:00-04:00,long,242.61596080507925,0.6635795080601383,241.82313248836778,242.82357950806013,61582,61661,2017-07-06 15:45:00-04:00,2017-07-11 16:00:00-04:00,val
SPY,double_bottom,0,failed_breakout,61703,,2017-07-13 13:30:00-04:00,long,244.09246328461316,1.151712919032974,241.82313248836778,245.55171291903298,61624,61703,2017-07-10 13:15:00-04:00,2017-07-13 13:30:00-04:00,val
SPY,double_bottom,0,near_miss,61759,,2017-07-17 14:30:00-04:00,long,245.70013459938883,0.8244420860773971,244.0583682427926,246.4744420860774,61680,61759,2017-07-12 14:15:00-04:00,2017-07-17 14:30:00-04:00,val
SPY,double_bottom,0,near_miss,61865,,2017-07-21 15:00:00-04:00,long,247.23077681724146,0.44687736656226207,246.5996072021132,247.12687736656227,61786,61865,2017-07-18 14:45:00-04:00,2017-07-21 15:00:00-04:00,val
SPY,double_bottom,0,failed_breakout,61889,,2017-07-24 14:30:00-04:00,long,246.7028967448407,0.14455056775580033,246.51708515205664,246.9045505677558,61810,61889,2017-07-19 14:15:00-04:00,2017-07-24 14:30:00-04:00,val
SPY,double_bottom,0,near_miss,61932,,2017-07-26 12:15:00-04:00,long,247.6440083797278,0.6164138082918669,246.51708515205664,248.24641380829186,61853,61932,2017-07-21 12:00:00-04:00,2017-07-26 12:15:00-04:00,val
SPY,double_bottom,0,near_miss,61950,,2017-07-27 10:15:00-04:00,long,247.57293171942862,0.04936629385875335,247.5090268603245,247.76936629385875,61871,61950,2017-07-24 10:00:00-04:00,2017-07-27 10:15:00-04:00,val
SPY,double_bottom,0,near_miss,61957,,2017-07-27 12:00:00-04:00,long,247.53007291373936,0.03590294852259035,247.47931307010901,247.95590294852258,61878,61957,2017-07-24 11:45:00-04:00,2017-07-27 12:00:00-04:00,val
SPY,double_bottom,0,near_miss,61982,,2017-07-28 11:45:00-04:00,long,247.80966570711516,0.7543767876826166,246.63126476875607,247.27437678768263,61903,61982,2017-07-25 11:30:00-04:00,2017-07-28 11:45:00-04:00,val
SPY,double_bottom,0,near_miss,61992,,2017-07-28 14:15:00-04:00,long,246.69235876307425,0.1111882236145334,246.5310763101634,246.71118822361453,61913,61992,2017-07-25 14:00:00-04:00,2017-07-28 14:15:00-04:00,val
SPY,double_bottom,0,near_miss,62016,,2017-07-31 13:45:00-04:00,long,246.88796694006007,0.1949463151063071,246.5310763101634,247.1349463151063,61937,62016,2017-07-26 13:30:00-04:00,2017-07-31 13:45:00-04:00,val
SPY,double_bottom,0,near_miss,62032,,2017-08-01 11:15:00-04:00,long,246.98680467753036,0.07334145583584473,246.8549649397441,247.02334145583583,61953,62032,2017-07-27 11:00:00-04:00,2017-08-01 11:15:00-04:00,val
SPY,double_bottom,0,near_miss,62043,,2017-08-01 14:00:00-04:00,long,247.06986690654895,0.06079411614587116,246.97196150364493,247.39079411614588,61964,62043,2017-07-27 13:45:00-04:00,2017-08-01 14:00:00-04:00,val
SPY,double_bottom,0,near_miss,62076,,2017-08-02 15:45:00-04:00,long,247.3027760637091,0.3826779670046392,246.7940121162477,247.62267796700465,61997,62076,2017-07-28 15:30:00-04:00,2017-08-02 15:45:00-04:00,val
SPY,double_bottom,0,failed_breakout,62090,,2017-08-03 12:45:00-04:00,long,247.21221620431592,0.2259651472554367,246.7940121162477,247.26596514725543,62011,62090,2017-07-31 12:30:00-04:00,2017-08-03 12:45:00-04:00,val
SPY,double_bottom,0,near_miss,62104,,2017-08-04 09:45:00-04:00,long,247.19564633895354,0.09231681568638805,247.02816904866103,247.7123168156864,62025,62104,2017-07-31 16:00:00-04:00,2017-08-04 09:45:00-04:00,val
SPY,double_bottom,0,near_miss,62113,,2017-08-04 12:00:00-04:00,long,247.07579005680964,0.037514594864831,247.02816904866103,247.46751459486484,62034,62113,2017-08-01 11:45:00-04:00,2017-08-04 12:00:00-04:00,val
SPY,double_bottom,0,near_miss,62129,,2017-08-04 16:00:00-04:00,long,247.34367291806626,0.15253868893174172,247.0483818752286,247.55253868893175,62050,62129,2017-08-01 15:45:00-04:00,2017-08-04 16:00:00-04:00,val
SPY,double_bottom,0,near_miss,62138,,2017-08-07 11:45:00-04:00,long,247.34844864106998,0.04396183269855669,247.27508703370242,247.63396183269856,62059,62138,2017-08-02 11:30:00-04:00,2017-08-07 11:45:00-04:00,val
SPY,double_bottom,0,near_miss,62168,,2017-08-08 12:45:00-04:00,long,247.7474566156075,0.2574627091708237,247.27508703370242,248.80746270917084,62089,62168,2017-08-03 12:30:00-04:00,2017-08-08 12:45:00-04:00,val
SPY,double_bottom,0,near_miss,62200,,2017-08-09 14:15:00-04:00,long,248.3730569831434,1.1015941566875824,246.8380248737407,247.66159415668758,62121,62200,2017-08-04 14:00:00-04:00,2017-08-09 14:15:00-04:00,val
SPY,double_bottom,0,near_miss,62214,,2017-08-10 11:15:00-04:00,long,246.86374082040794,0.08143822141877877,246.72658032423763,245.55143822141878,62135,62214,2017-08-07 11:00:00-04:00,2017-08-10 11:15:00-04:00,val
SPY,double_bottom,0,near_miss,62247,,2017-08-11 13:00:00-04:00,long,246.80216702109067,1.2241819170321833,244.42938988387934,245.5641819170322,62168,62247,2017-08-08 12:45:00-04:00,2017-08-11 13:00:00-04:00,val
SPY,double_bottom,0,near_miss,62260,,2017-08-14 09:45:00-04:00,long,244.45098339031549,0.04858950082481783,244.37539789510203,246.13858950082482,62181,62260,2017-08-08 16:00:00-04:00,2017-08-14 09:45:00-04:00,val
SPY,double_bottom,0,near_miss,62269,,2017-08-14 12:00:00-04:00,long,244.41151920524712,0.1164516259862296,244.21473726341978,246.73645162598623,62190,62269,2017-08-09 11:45:00-04:00,2017-08-14 12:00:00-04:00,val
SPY,double_bottom,0,near_miss,62295,,2017-08-15 12:00:00-04:00,long,246.5694936260829,1.1904769874889212,244.21473726341978,247.57047698748892,62216,62295,2017-08-10 11:45:00-04:00,2017-08-15 12:00:00-04:00,val
SPY,double_bottom,0,near_miss,62302,,2017-08-15 13:45:00-04:00,long,246.57159329519882,0.04063884334016166,246.51861288994914,246.41063884334017,62223,62302,2017-08-10 13:30:00-04:00,2017-08-15 13:45:00-04:00,val
SPY,double_bottom,0,near_miss,62313,,2017-08-16 10:00:00-04:00,long,246.52979833277539,0.03745376684659618,246.4737282484417,247.1974537668466,62234,62313,2017-08-11 09:45:00-04:00,2017-08-16 10:00:00-04:00,val
SPY,double_bottom,0,failed_breakout,62407,,2017-08-21 14:00:00-04:00,long,243.40607144978463,0.5927718023390867,242.63442089126616,243.22277180233908,62328,62407,2017-08-16 13:45:00-04:00,2017-08-21 14:00:00-04:00,val
SPY,double_bottom,1,confirmed_breakout,62415,62416.0,2017-08-21 16:00:00-04:00,long,242.8373249846559,0.15538876274149516,242.63442089126616,244.4153887627415,62336,62415,2017-08-16 15:45:00-04:00,2017-08-21 16:00:00-04:00,val
SPY,double_bottom,0,near_miss,62472,,2017-08-24 10:45:00-04:00,long,245.2231877657208,1.5019293850141935,242.72945155256267,246.26192938501418,62393,62472,2017-08-21 10:30:00-04:00,2017-08-24 10:45:00-04:00,val
SPY,double_bottom,0,near_miss,62481,,2017-08-24 13:00:00-04:00,long,244.74815810036787,0.09534822506648766,244.59255454175218,244.3453482250665,62402,62481,2017-08-21 12:45:00-04:00,2017-08-24 13:00:00-04:00,val
SPY,double_bottom,0,near_miss,62491,,2017-08-24 15:30:00-04:00,long,244.6045338672763,0.14648410095441022,244.3235449908916,244.4664841009544,62412,62491,2017-08-21 15:15:00-04:00,2017-08-24 15:30:00-04:00,val
SPY,double_bottom,0,near_miss,62503,,2017-08-25 12:00:00-04:00,long,244.35723143514244,0.08027809847658318,244.2303616824401,244.6702780984766,62424,62503,2017-08-22 11:45:00-04:00,2017-08-25 12:00:00-04:00,val
SPY,double_bottom,0,near_miss,62552,,2017-08-29 11:15:00-04:00,long,244.95884348271224,0.6535195430370209,244.2303616824401,245.03351954303702,62473,62552,2017-08-24 11:00:00-04:00,2017-08-29 11:15:00-04:00,val
SPY,double_bottom,0,near_miss,62561,,2017-08-29 13:30:00-04:00,long,244.41771161883466,0.16840140770648304,244.11833422534602,244.86840140770647,62482,62561,2017-08-24 13:15:00-04:00,2017-08-29 13:30:00-04:00,val
SPY,double_bottom,0,failed_breakout,62716,,2017-09-07 13:15:00-04:00,long,247.02702756887484,0.6739279807131595,245.80637753967952,247.47392798071317,62637,62716,2017-09-01 13:00:00-04:00,2017-09-07 13:15:00-04:00,val
SPY,double_bottom,0,near_miss,62727,,2017-09-07 16:00:00-04:00,long,246.90668247217505,0.08971238648425128,246.73411853473775,246.97971238648424,62648,62727,2017-09-01 15:45:00-04:00,2017-09-07 16:00:00-04:00,val
SPY,double_bottom,0,near_miss,62742,,2017-09-08 13:15:00-04:00,long,246.79584294556096,0.05765751672660713,246.73411853473775,246.8476575167266,62663,62742,2017-09-05 13:00:00-04:00,2017-09-08 13:15:00-04:00,val
SPY,double_bottom,0,near_miss,62755,,2017-09-11 10:00:00-04:00,long,246.7860118930016,0.028166352567922104,246.742252322931,248.55816635256792,62676,62755,2017-09-06 09:45:00-04:00,2017-09-11 10:00:00-04:00,val
SPY,double_bottom,0,near_miss,62763,,2017-09-11 12:00:00-04:00,long,246.7821472290082,0.05238141382625372,246.68609287242757,248.95238141382626,62684,62763,2017-09-06 11:45:00-04:00,2017-09-11 12:00:00-04:00,val
SPY,double_bottom,0,near_miss,62813,,2017-09-13 11:30:00-04:00,long,249.82548015136064,1.5839556091285942,246.68609287242757,251.56395560912858,62734,62813,2017-09-08 11:15:00-04:00,2017-09-13 11:30:00-04:00,val
SPY,double_bottom,0,near_miss,62826,,2017-09-13 14:45:00-04:00,long,249.93699867144684,0.07473031636058636,249.79695621203652,250.0947303163606,62747,62826,2017-09-08 14:30:00-04:00,2017-09-13 14:45:00-04:00,val
SPY,double_bottom,0,near_miss,62845,,2017-09-14 13:00:00-04:00,long,250.01824958527484,0.0676289529049825,249.927580498136,250.25762895290498,62766,62845,2017-09-11 12:45:00-04:00,2017-09-14 13:00:00-04:00,val
SPY,double_bottom,0,near_miss,62887,,2017-09-18 10:30:00-04:00,long,250.10572276361222,0.6231042183387387,248.99157632394324,250.55310421833875,62808,62887,2017-09-13 10:15:00-04:00,2017-09-18 10:30:00-04:00,val
SPY,double_bottom,0,failed_breakout,62920,,2017-09-19 12:15:00-04:00,long,249.87479224641208,0.5515818589175865,248.99157632394324,250.53158185891758,62841,62920,2017-09-14 12:00:00-04:00,2017-09-19 12:15:00-04:00,val
SPY,double_bottom,0,near_miss,62942,,2017-09-20 11:15:00-04:00,long,249.95447300434068,0.15075751076545885,249.65484445104573,249.98075751076547,62863,62942,2017-09-15 11:00:00-04:00,2017-09-20 11:15:00-04:00,val
SPY,double_bottom,0,near_miss,62953,,2017-09-20 14:00:00-04:00,long,249.99005846444228,0.04281909809984086,249.9418921965801,249.93281909809983,62874,62953,2017-09-15 13:45:00-04:00,2017-09-20 14:00:00-04:00,val
SPY,double_bottom,0,near_miss,62977,,2017-09-21 13:30:00-04:00,long,250.01341725364395,0.2568128015784623,249.57131670755086,250.03681280157846,62898,62977,2017-09-18 13:15:00-04:00,2017-09-21 13:30:00-04:00,val
SPY,double_bottom,0,failed_breakout,63071,,2017-09-27 11:00:00-04:00,long,249.26950531563386,0.3162482341847692,248.64267378650104,249.42624823418478,62992,63071,2017-09-22 10:45:00-04:00,2017-09-27 11:00:00-04:00,val
SPY,double_bottom,0,near_miss,63088,,2017-09-27 15:15:00-04:00,long,249.43357124361853,0.13649511611612297,249.2553181609464,250.46649511611614,63009,63088,2017-09-22 15:00:00-04:00,2017-09-27 15:15:00-04:00,val
SPY,double_bottom,0,near_miss,63108,,2017-09-28 13:45:00-04:00,long,250.02901740357012,0.35234071978337056,249.33883409405846,250.66234071978337,63029,63108,2017-09-25 13:30:00-04:00,2017-09-28 13:45:00-04:00,val
SPY,double_bottom,0,near_miss,63126,,2017-09-29 11:45:00-04:00,long,250.2754671323835,0.13474912246559256,250.01451927351505,250.9447491224656,63047,63126,2017-09-26 11:30:00-04:00,2017-09-29 11:45:00-04:00,val
SPY,double_bottom,0,near_miss,63275,,2017-10-09 10:00:00-04:00,long,254.5191232661124,0.9187483311211508,253.1261535636523,255.17874833112114,63196,63275,2017-10-04 09:45:00-04:00,2017-10-09 10:00:00-04:00,val
SPY,double_bottom,0,near_miss,63290,,2017-10-09 13:45:00-04:00,long,254.24512014615277,0.08634562266769308,254.07459630633016,254.3563456226677,63211,63290,2017-10-04 13:30:00-04:00,2017-10-09 13:45:00-04:00,val
SPY,double_bottom,0,near_miss,63297,,2017-10-09 15:30:00-04:00,long,254.28502029689807,0.026555413761371938,254.24295274063996,253.93655541376137,63218,63297,2017-10-04 15:15:00-04:00,2017-10-09 15:30:00-04:00,val
SPY,double_bottom,0,near_miss,63309,,2017-10-10 12:00:00-04:00,long,254.276926444552,0.11787526921702352,254.04412532503648,254.27787526921702,63230,63309,2017-10-05 11:45:00-04:00,2017-10-10 12:00:00-04:00,val
SPY,double_bottom,0,near_miss,63321,,2017-10-10 15:00:00-04:00,long,254.3056901824659,0.15304254469299394,254.04412532503648,254.473042544693,63242,63321,2017-10-05 14:45:00-04:00,2017-10-10 15:00:00-04:00,val
SPY,double_bottom,0,near_miss,63364,,2017-10-12 12:45:00-04:00,long,254.79252225349182,0.28509123527553015,254.26116995050933,255.15509123527553,63285,63364,2017-10-09 12:30:00-04:00,2017-10-12 12:45:00-04:00,val
SPY,double_bottom,0,near_miss,63388,,2017-10-13 12:15:00-04:00,long,254.92923936720516,0.15396439342461576,254.75369208592326,255.24396439342462,63309,63388,2017-10-10 12:00:00-04:00,2017-10-13 12:15:00-04:00,val
SPY,double_bottom,0,near_miss,63413,,2017-10-16 12:00:00-04:00,long,255.15870032161646,0.2280321043137974,254.7968578616378,255.2880321043138,63334,63413,2017-10-11 11:45:00-04:00,2017-10-16 12:00:00-04:00,val
SPY,double_bottom,0,near_miss,63420,,2017-10-16 13:45:00-04:00,long,255.1476246540475,0.05561053301886432,255.06447857296754,255.21561053301886,63341,63420,2017-10-11 13:30:00-04:00,2017-10-16 13:45:00-04:00,val
SPY,double_bottom,0,near_miss,63428,,2017-10-16 15:45:00-04:00,long,255.1292166621839,0.0464595885723611,255.04596447813336,255.27645958857235,63349,63428,2017-10-11 15:30:00-04:00,2017-10-16 15:45:00-04:00,val
SPY,double_bottom,0,near_miss,63445,,2017-10-17 13:30:00-04:00,long,255.207726116418,0.08876493146084385,255.04596447813336,255.17876493146085,63366,63445,2017-10-12 13:15:00-04:00,2017-10-17 13:30:00-04:00,val
SPY,double_bottom,0,near_miss,63458,,2017-10-18 10:15:00-04:00,long,255.22055665289852,0.04486478366357005,255.15942584668895,255.60486478366357,63379,63458,2017-10-13 10:00:00-04:00,2017-10-18 10:15:00-04:00,val
SPY,double_bottom,0,near_miss,63502,,2017-10-19 14:45:00-04:00,long,255.83661163761008,0.7091916807892176,255.09541406695277,256.31919168078923,63423,63502,2017-10-16 14:30:00-04:00,2017-10-19 14:45:00-04:00,val
SPY,double_bottom,0,failed_breakout,63612,,2017-10-26 09:45:00-04:00,long,256.64374640880953,1.0635743996031124,254.75625509687328,257.2435743996031,63533,63612,2017-10-20 16:00:00-04:00,2017-10-26 09:45:00-04:00,val
SPY,double_bottom,0,failed_breakout,63635,,2017-10-26 15:30:00-04:00,long,255.92478788705333,0.5940581212108782,254.75625509687328,256.36405812121086,63556,63635,2017-10-23 15:15:00-04:00,2017-10-26 15:30:00-04:00,val
SPY,double_bottom,0,near_miss,63647,,2017-10-27 12:00:00-04:00,long,255.95883761790105,0.08354848712133389,255.84537382674782,257.5335484871213,63568,63647,2017-10-24 11:45:00-04:00,2017-10-27 12:00:00-04:00,val
SPY,double_bottom,0,near_miss,63745,,2017-11-02 10:30:00-04:00,long,257.8354029817023,0.4382243745928349,257.26154598481577,257.06822437459283,63666,63745,2017-10-30 10:15:00-04:00,2017-11-02 10:30:00-04:00,val
SPY,double_bottom,0,near_miss,63761,,2017-11-02 14:30:00-04:00,long,257.58287376129306,0.2937599143737657,257.04541646443545,257.7137599143738,63682,63761,2017-10-30 14:15:00-04:00,2017-11-02 14:30:00-04:00,val
SPY,double_bottom,0,near_miss,63898,,2017-11-10 09:45:00-05:00,long,259.01684418403056,1.1415892332209978,257.3269185996001,259.001589233221,63819,63898,2017-11-06 16:00:00-05:00,2017-11-10 09:45:00-05:00,val
SPY,double_bottom,0,failed_breakout,63916,,2017-11-10 14:15:00-05:00,long,257.7932743051486,0.2592151104135496,257.3269185996001,258.3592151104136,63837,63916,2017-11-07 14:00:00-05:00,2017-11-10 14:15:00-05:00,val
SPY,double_bottom,0,near_miss,63935,,2017-11-13 12:30:00-05:00,long,258.0244853041176,0.17214438888328232,257.74119978987005,258.37214438888327,63856,63935,2017-11-08 12:15:00-05:00,2017-11-13 12:30:00-05:00,val
SPY,double_bottom,0,near_miss,63970,,2017-11-14 14:45:00-05:00,long,258.33269720609087,0.537028440973188,257.6278554896368,258.1970284409732,63891,63970,2017-11-09 14:30:00-05:00,2017-11-14 14:45:00-05:00,val
SPY,double_bottom,0,near_miss,63977,,2017-11-15 10:00:00-05:00,long,257.63417196369096,0.04858861829728767,257.5433112011506,255.96858861829728,63898,63977,2017-11-10 09:45:00-05:00,2017-11-15 10:00:00-05:00,val
SPY,double_bottom,0,failed_breakout,63993,,2017-11-15 14:00:00-05:00,long,257.61300060604856,0.41941853378466476,256.84385294337727,257.04941853378466,63914,63993,2017-11-10 13:45:00-05:00,2017-11-15 14:00:00-05:00,val
SPY,double_bottom,0,near_miss,64011,,2017-11-16 12:00:00-05:00,long,256.87313311717696,0.09584484188388842,256.7107236072089,258.5958448418839,63932,64011,2017-11-13 11:45:00-05:00,2017-11-16 12:00:00-05:00,val
SPY,double_bottom,0,near_miss,64068,,2017-11-20 13:15:00-05:00,long,258.7780364510215,1.387025754092008,256.7107236072089,259.707025754092,63989,64068,2017-11-15 13:00:00-05:00,2017-11-20 13:15:00-05:00,val
SPY,double_bottom,0,near_miss,64089,,2017-11-21 12:00:00-05:00,long,258.3856822811505,0.17814502759961215,258.07129778665,260.1781450275996,64010,64089,2017-11-16 11:45:00-05:00,2017-11-21 12:00:00-05:00,val
SPY,double_bottom,0,near_miss,64133,,2017-11-24 10:00:00-05:00,long,259.9929373997928,0.9366549030247597,258.34377672045173,261.20665490302474,64054,64133,2017-11-20 09:45:00-05:00,2017-11-24 10:00:00-05:00,val
SPY,double_bottom,0,near_miss,64232,,2017-11-30 11:45:00-05:00,long,262.6479548390815,0.027848190891916147,262.5954675648246,264.49784819089194,64153,64232,2017-11-27 11:30:00-05:00,2017-11-30 11:45:00-05:00,val
SPY,double_bottom,0,failed_breakout,64262,,2017-12-01 12:45:00-05:00,long,265.14485279505914,1.4118428252327249,262.5954675648246,264.84184282523273,64183,64262,2017-11-28 12:30:00-05:00,2017-12-01 12:45:00-05:00,val
SPY,double_bottom,0,near_miss,64274,,2017-12-01 15:45:00-05:00,long,264.91510830585435,0.6780953806352272,263.6034734756099,265.14809538063525,64195,64274,2017-11-28 15:30:00-05:00,2017-12-01 15:45:00-05:00,val
SPY,double_bottom,0,failed_breakout,64317,,2017-12-05 13:30:00-05:00,long,265.8426364043157,1.7281111748292801,263.6034734756099,266.12811117482926,64238,64317,2017-11-30 13:15:00-05:00,2017-12-05 13:30:00-05:00,val
SPY,double_bottom,0,failed_breakout,64353,,2017-12-06 16:00:00-05:00,long,264.7150560084384,0.7968871470285421,263.21076073945676,264.01688714702857,64274,64353,2017-12-01 15:45:00-05:00,2017-12-06 16:00:00-05:00,val
SPY,double_bottom,0,near_miss,64364,,2017-12-07 12:15:00-05:00,long,263.4078691605242,0.10974337066897988,263.21076073945676,264.329743370669,64285,64364,2017-12-04 12:00:00-05:00,2017-12-07 12:15:00-05:00,val
SPY,double_bottom,0,near_miss,64389,,2017-12-08 12:00:00-05:00,long,264.1422718458201,0.4492253935682129,263.38549084025374,265.5292253935682,64310,64389,2017-12-05 11:45:00-05:00,2017-12-08 12:00:00-05:00,val
SPY,double_bottom,0,near_miss,64414,,2017-12-11 11:45:00-05:00,long,265.2787494466842,0.665863471518719,264.00060206425,266.5458634715187,64335,64414,2017-12-06 11:30:00-05:00,2017-12-11 11:45:00-05:00,val
SPY,double_bottom,0,near_miss,64440,,2017-12-12 11:45:00-05:00,long,266.10924648482245,0.4534542880292065,265.22516988608083,267.61345428802923,64361,64440,2017-12-07 11:30:00-05:00,2017-12-12 11:45:00-05:00,val
SPY,double_bottom,0,near_miss,64467,,2017-12-13 12:00:00-05:00,long,267.1399203753548,0.5539827178711221,266.08641450750565,268.0539827178711,64388,64467,2017-12-08 11:45:00-05:00,2017-12-13 12:00:00-05:00,val
SPY,double_bottom,0,near_miss,64486,,2017-12-14 10:15:00-05:00,long,267.34184843886055,0.22935600102823628,267.08546080746163,267.3793560010282,64407,64486,2017-12-11 10:00:00-05:00,2017-12-14 10:15:00-05:00,val
SPY,double_bottom,0,near_miss,64522,,2017-12-15 12:45:00-05:00,long,267.21010544784247,0.7114037304454541,265.8578793665911,267.29140373044544,64443,64522,2017-12-12 12:30:00-05:00,2017-12-15 12:45:00-05:00,val
SPY,double_bottom,0,failed_breakout,64566,,2017-12-19 10:45:00-05:00,long,268.3520878465442,1.26885309578347,265.8578793665911,268.8888530957835,64487,64566,2017-12-14 10:30:00-05:00,2017-12-19 10:45:00-05:00,val
SPY,double_bottom,0,failed_breakout,64700,,2017-12-27 11:45:00-05:00,long,267.3521677939389,0.2113264021997452,267.0824230946645,267.6113264021997,64621,64700,2017-12-21 11:30:00-05:00,2017-12-27 11:45:00-05:00,val
SPY,double_bottom,0,near_miss,64726,,2017-12-28 11:45:00-05:00,long,267.44358547736965,0.2935110229246902,267.0824230946645,267.94351102292467,64647,64726,2017-12-22 11:30:00-05:00,2017-12-28 11:45:00-05:00,val
SPY,double_bottom,0,near_miss,64748,,2017-12-29 10:45:00-05:00,long,267.6077786114927,0.2174352857022086,267.2177258142255,268.0374352857022,64669,64748,2017-12-26 10:30:00-05:00,2017-12-29 10:45:00-05:00,val
SPY,double_bottom,0,near_miss,64779,,2018-01-02 12:00:00-05:00,long,267.7883792086496,0.2743866358007949,267.46502430834227,268.4243866358008,64700,64779,2017-12-27 11:45:00-05:00,2018-01-02 12:00:00-05:00,val
SPY,double_bottom,0,near_miss,64959,,2018-01-11 11:30:00-05:00,long,274.09364359260223,0.13588107115003822,273.9543950569952,275.19588107115004,64880,64959,2018-01-08 11:15:00-05:00,2018-01-11 11:30:00-05:00,val
SPY,double_bottom,0,failed_breakout,65082,,2018-01-19 09:45:00-05:00,long,279.533139455461,1.257458906187992,277.3726233173177,281.117458906188,65003,65082,2018-01-12 16:00:00-05:00,2018-01-19 09:45:00-05:00,val
SPY,double_bottom,0,failed_breakout,65091,,2018-01-19 12:00:00-05:00,long,279.4607962566701,0.16241055550614192,279.17873778122845,279.58241055550616,65012,65091,2018-01-16 11:45:00-05:00,2018-01-19 12:00:00-05:00,val
SPY,double_bottom,0,near_miss,65102,,2018-01-19 14:45:00-05:00,long,279.5871064886824,0.09819939859386295,279.4180336210994,280.0881993985939,65023,65102,2018-01-16 14:30:00-05:00,2018-01-19 14:45:00-05:00,val
SPY,double_bottom,0,near_miss,65199,,2018-01-25 13:00:00-05:00,long,283.26652224687814,0.1685572075351729,282.9758228306415,283.81855720753515,65120,65199,2018-01-22 12:45:00-05:00,2018-01-25 13:00:00-05:00,val
SPY,double_bottom,0,near_miss,65221,,2018-01-26 12:00:00-05:00,long,283.68569678916424,0.45860811136066104,283.22010724804437,285.13860811136067,65142,65221,2018-01-23 11:45:00-05:00,2018-01-26 12:00:00-05:00,val
SPY,double_bottom,0,near_miss,65260,,2018-01-29 15:15:00-05:00,long,285.93413346522027,1.527130996115602,283.2340701075628,287.0871309961156,65181,65260,2018-01-24 15:00:00-05:00,2018-01-29 15:15:00-05:00,val
SPY,double_bottom,0,near_miss,65296,,2018-01-31 11:15:00-05:00,long,285.7162121075184,1.95585745414229,281.9407744761056,284.1158574541423,65217,65296,2018-01-26 11:00:00-05:00,2018-01-31 11:15:00-05:00,val
SPY,double_bottom,0,near_miss,65313,,2018-01-31 15:30:00-05:00,long,282.3543697526121,0.28969993074656486,281.9407744761056,281.73969993074655,65234,65313,2018-01-26 15:15:00-05:00,2018-01-31 15:30:00-05:00,val
SPY,double_bottom,0,near_miss,65331,,2018-02-01 13:30:00-05:00,long,282.2514116451496,0.36145257663150687,281.5913529694106,283.2814525766315,65252,65331,2018-01-29 13:15:00-05:00,2018-02-01 13:30:00-05:00,val
SPY,double_bottom,1,confirmed_breakout,65414,65415.0,2018-02-06 14:45:00-05:00,long,264.3330899154452,0.35523204278734966,263.89542626821736,267.12523204278733,65335,65414,2018-02-01 14:30:00-05:00,2018-02-06 14:45:00-05:00,val
SPY,double_bottom,0,near_miss,65452,,2018-02-08 11:15:00-05:00,long,270.88948201377247,4.025583420787257,263.89542626821736,268.5055834207873,65373,65452,2018-02-05 11:00:00-05:00,2018-02-08 11:15:00-05:00,val
SPY,double_bottom,0,failed_breakout,65499,,2018-02-12 10:00:00-05:00,long,269.8480231384553,7.049807742438759,255.76405987427998,270.7198077424388,65420,65499,2018-02-07 09:45:00-05:00,2018-02-12 10:00:00-05:00,val
SPY,double_bottom,0,failed_breakout,65547,,2018-02-13 15:30:00-05:00,long,265.93417637019303,5.710533092452977,255.76405987427998,271.97053309245297,65468,65547,2018-02-08 15:15:00-05:00,2018-02-13 15:30:00-05:00,val
SPY,double_bottom,1,confirmed_breakout,65555,65556.0,2018-02-14 11:00:00-05:00,long,265.88280771956516,0.6608078549779179,264.6832266812001,267.9008078549779,65476,65555,2018-02-09 10:45:00-05:00,2018-02-14 11:00:00-05:00,val
SPY,double_bottom,0,failed_breakout,65663,,2018-02-21 12:00:00-05:00,long,273.0208259206736,0.7110315816638604,271.9415111569307,273.8110315816639,65584,65663,2018-02-15 11:45:00-05:00,2018-02-21 12:00:00-05:00,val
SPY,double_bottom,0,near_miss,65695,,2018-02-22 13:30:00-05:00,long,273.40788260352093,1.5244220963404018,271.8254098574303,273.0944220963404,65616,65695,2018-02-16 13:15:00-05:00,2018-02-22 13:30:00-05:00,val
SPY,double_bottom,0,failed_breakout,65715,,2018-02-23 12:00:00-05:00,long,272.2698807967368,0.8550504583459428,271.0042508193514,273.65505045834595,65636,65715,2018-02-20 11:45:00-05:00,2018-02-23 12:00:00-05:00,val
SPY,double_bottom,0,failed_breakout,65909,,2018-03-06 15:00:00-05:00,long,272.3689621045858,3.1447736530898283,266.3882646134314,276.07477365308984,65830,65909,2018-03-01 14:45:00-05:00,2018-03-06 15:00:00-05:00,val
SPY,double_bottom,0,near_miss,65941,,2018-03-08 10:00:00-05:00,long,272.6807711711788,1.0515855684668622,271.1982589158633,274.36158556846686,65862,65941,2018-03-05 09:45:00-05:00,2018-03-08 10:00:00-05:00,val
SPY,double_bottom,1,confirmed_breakout,65965,65966.0,2018-03-08 16:00:00-05:00,long,273.1210884206817,1.0668705293475682,271.1982589158633,276.58687052934755,65886,65965,2018-03-05 15:45:00-05:00,2018-03-08 16:00:00-05:00,val
SPY,double_bottom,0,near_miss,66015,,2018-03-12 15:30:00-04:00,long,278.8526126970242,3.0118832191665774,272.91017686680505,281.77188321916657,65936,66015,2018-03-07 15:15:00-05:00,2018-03-12 15:30:00-04:00,val
SPY,double_bottom,0,near_miss,66024,,2018-03-13 11:15:00-04:00,long,278.7886094341309,0.10850258902598853,278.58893160129946,278.748502589026,65945,66024,2018-03-08 11:00:00-05:00,2018-03-13 11:15:00-04:00,val
SPY,double_bottom,0,failed_breakout,66070,,2018-03-15 09:45:00-04:00,long,279.24241343125146,2.112455881135247,275.67098349893297,277.42245588113525,65991,66070,2018-03-09 16:00:00-05:00,2018-03-15 09:45:00-04:00,val
SPY,double_bottom,0,failed_breakout,66081,,2018-03-15 12:30:00-04:00,long,275.7063081745072,0.21763379051429865,275.3063652690529,275.9376337905143,66002,66081,2018-03-12 12:15:00-04:00,2018-03-15 12:30:00-04:00,val
SPY,double_bottom,0,failed_breakout,66128,,2018-03-19 11:15:00-04:00,long,275.7841398929536,0.8332597292487662,274.59539505835676,272.22325972924875,66049,66128,2018-03-14 11:00:00-04:00,2018-03-19 11:15:00-04:00,val
SPY,double_bottom,0,near_miss,66156,,2018-03-20 11:45:00-04:00,long,274.6248851974806,2.4866529150484666,269.68106950650747,273.26665291504844,66077,66156,2018-03-15 11:30:00-04:00,2018-03-20 11:45:00-04:00,val
SPY,double_bottom,0,failed_breakout,66176,,2018-03-21 10:15:00-04:00,long,270.8753205045156,0.6863054049452444,269.68106950650747,271.69630540494524,66097,66176,2018-03-16 10:00:00-04:00,2018-03-21 10:15:00-04:00,val
SPY,double_bottom,0,near_miss,66224,,2018-03-22 15:45:00-04:00,long,271.9140004381969,3.096955371718252,266.937129440324,267.58695537171826,66145,66224,2018-03-19 15:30:00-04:00,2018-03-22 15:45:00-04:00,val
SPY,double_bottom,0,failed_breakout,66261,,2018-03-26 12:00:00-04:00,long,267.20764658329335,3.2220567114479763,261.0340503033667,264.222056711448,66182,66261,2018-03-21 11:45:00-04:00,2018-03-26 12:00:00-04:00,val
SPY,double_bottom,1,confirmed_breakout,66269,66270.0,2018-03-26 14:00:00-04:00,long,261.2569757344099,0.24375224673690354,260.99239667197924,263.0837522467369,66190,66269,2018-03-21 13:45:00-04:00,2018-03-26 14:00:00-04:00,val
SPY,double_bottom,0,failed_breakout,66323,,2018-03-28 14:30:00-04:00,long,265.8416273886737,5.1283341577474175,260.43418978987336,265.42833415774743,66244,66323,2018-03-23 14:15:00-04:00,2018-03-28 14:30:00-04:00,val
SPY,double_bottom,1,confirmed_breakout,66403,66404.0,2018-04-03 15:00:00-04:00,long,258.6121361248915,1.3008992803498245,256.1678819741484,261.5808992803498,66324,66403,2018-03-28 14:45:00-04:00,2018-04-03 15:00:00-04:00,val
SPY,double_bottom,0,near_miss,66463,,2018-04-06 10:30:00-04:00,long,265.8232378784608,3.86834774989228,258.4545917149349,267.9983477498923,66384,66463,2018-04-03 10:15:00-04:00,2018-04-06 10:30:00-04:00,val
SPY,double_bottom,0,near_miss,66495,,2018-04-09 12:00:00-04:00,long,265.73330364029584,2.945897086569289,260.119624565251,266.9258970865693,66416,66495,2018-04-04 11:45:00-04:00,2018-04-09 12:00:00-04:00,val
SPY,double_bottom,0,failed_breakout,66523,,2018-04-10 12:30:00-04:00,long,264.0392414918299,2.3587988683055414,260.119624565251,266.0087988683055,66444,66523,2018-04-05 12:15:00-04:00,2018-04-10 12:30:00-04:00,val
SPY,double_bottom,0,near_miss,66556,,2018-04-11 14:15:00-04:00,long,265.152366767705,1.2308095239993122,263.2412606817977,265.5508095239993,66477,66556,2018-04-06 14:00:00-04:00,2018-04-11 14:15:00-04:00,val
SPY,double_bottom,0,near_miss,66573,,2018-04-12 12:00:00-04:00,long,264.77962833898806,0.3626700854569549,264.2320627014484,266.38267008545694,66494,66573,2018-04-09 11:45:00-04:00,2018-04-12 12:00:00-04:00,val
SPY,double_bottom,0,near_miss,66591,,2018-04-13 10:00:00-04:00,long,266.1639378036129,1.034914440543787,264.2320627014484,267.6049144405438,66512,66591,2018-04-10 09:45:00-04:00,2018-04-13 10:00:00-04:00,val
SPY,double_bottom,0,near_miss,66613,,2018-04-13 15:30:00-04:00,long,266.4232502195004,0.569289476069514,265.68193746217196,264.9392894760695,66534,66613,2018-04-10 15:15:00-04:00,2018-04-13 15:30:00-04:00,val
SPY,double_bottom,1,confirmed_breakout,66625,66626.0,2018-04-16 12:00:00-04:00,long,265.8584628673565,0.32449831321514466,265.3859916461107,267.6044983132151,66546,66625,2018-04-11 11:45:00-04:00,2018-04-16 12:00:00-04:00,val
SPY,double_bottom,0,near_miss,66723,,2018-04-20 10:30:00-04:00,long,270.8971026218404,1.335809182954847,268.26638663135117,269.65580918295484,66644,66723,2018-04-17 10:15:00-04:00,2018-04-20 10:30:00-04:00,val
SPY,double_bottom,0,failed_breakout,66755,,2018-04-23 12:00:00-04:00,long,268.46836150594254,1.065628250309942,266.539079879914,268.48562825030996,66676,66755,2018-04-18 11:45:00-04:00,2018-04-23 12:00:00-04:00,val
SPY,double_bottom,0,failed_breakout,66780,,2018-04-24 11:45:00-04:00,long,267.18015118145223,0.7459161345970529,266.32939021379633,267.38591613459704,66701,66780,2018-04-19 11:30:00-04:00,2018-04-24 11:45:00-04:00,val
SPY,double_bottom,0,near_miss,66811,,2018-04-25 13:00:00-04:00,long,266.69732987267935,2.4660021611100547,262.13326520934226,265.02600216111006,66732,66811,2018-04-20 12:45:00-04:00,2018-04-25 13:00:00-04:00,val
SPY,double_bottom,1,confirmed_breakout,66818,66819.0,2018-04-25 14:45:00-04:00,long,262.3588058648895,0.14385963748281938,262.13326520934226,264.18385963748284,66739,66818,2018-04-20 14:30:00-04:00,2018-04-25 14:45:00-04:00,val
SPY,double_bottom,0,near_miss,66872,,2018-04-27 15:15:00-04:00,long,266.6440159444254,2.3073610982769424,262.2966272454711,269.04736109827695,66793,66872,2018-04-24 15:00:00-04:00,2018-04-27 15:15:00-04:00,val
SPY,double_bottom,0,near_miss,66885,,2018-04-30 12:00:00-04:00,long,266.65333497148316,0.15226276845066877,266.3766824468259,266.41226276845066,66806,66885,2018-04-25 11:45:00-04:00,2018-04-30 12:00:00-04:00,val
SPY,double_bottom,0,near_miss,66928,,2018-05-02 09:45:00-04:00,long,267.21072541930744,2.459650745610986,262.8766873881538,267.029650745611,66849,66928,2018-04-26 16:00:00-04:00,2018-05-02 09:45:00-04:00,val
SPY,double_bottom,0,failed_breakout,66948,,2018-05-02 14:45:00-04:00,long,264.42708860852946,0.7928589410891504,262.8766873881538,265.6928589410891,66869,66948,2018-04-27 14:30:00-04:00,2018-05-02 14:45:00-04:00,val
SPY,double_bottom,0,near_miss,66975,,2018-05-03 15:00:00-04:00,long,264.80719674733683,2.301036011888982,260.6205495241689,264.721036011889,66896,66975,2018-04-30 14:45:00-04:00,2018-05-03 15:00:00-04:00,val
SPY,double_bottom,1,confirmed_breakout,67063,67069.0,2018-05-09 11:00:00-04:00,long,266.60825196508216,0.27325790650178305,266.07654461431486,268.7832579065018,66984,67063,2018-05-04 10:45:00-04:00,2018-05-09 11:00:00-04:00,val
SPY,double_bottom,0,near_miss,67196,,2018-05-16 11:45:00-04:00,long,273.4610319424111,2.1225051843420033,270.5145688639661,273.682505184342,67117,67196,2018-05-11 11:30:00-04:00,2018-05-16 11:45:00-04:00,val
SPY,double_bottom,0,failed_breakout,67225,,2018-05-17 12:30:00-04:00,long,272.37880826943325,1.0277431787784508,270.5145688639661,273.7477431787785,67146,67225,2018-05-14 12:15:00-04:00,2018-05-17 12:30:00-04:00,val
SPY,double_bottom,0,near_miss,67257,,2018-05-18 14:00:00-04:00,long,272.65878049965875,0.7255469321047485,271.6789058177645,272.15554693210476,67178,67257,2018-05-15 13:45:00-04:00,2018-05-18 14:00:00-04:00,val
SPY,double_bottom,0,near_miss,67275,,2018-05-21 12:00:00-04:00,long,271.71514481617976,0.1284123896880942,271.49455903521886,273.2484123896881,67196,67275,2018-05-16 11:45:00-04:00,2018-05-21 12:00:00-04:00,val
SPY,double_bottom,0,near_miss,67300,,2018-05-22 11:45:00-04:00,long,273.4097628048611,1.0278404453795247,271.49455903521886,274.70784044537953,67221,67300,2018-05-17 11:30:00-04:00,2018-05-22 11:45:00-04:00,val
SPY,double_bottom,0,failed_breakout,67319,,2018-05-23 10:00:00-04:00,long,273.679520307855,0.23404482047982356,273.26928568374433,271.83404482047985,67240,67319,2018-05-18 09:45:00-04:00,2018-05-23 10:00:00-04:00,val
SPY,double_bottom,0,near_miss,67344,,2018-05-24 09:45:00-04:00,long,273.6260377897124,0.9924946413678981,271.6454210056831,273.6324946413679,67265,67344,2018-05-18 16:00:00-04:00,2018-05-24 09:45:00-04:00,val
SPY,double_bottom,0,failed_breakout,67362,,2018-05-24 14:15:00-04:00,long,272.55806170601863,0.7440884402055303,271.6454210056831,273.53408844020555,67283,67362,2018-05-21 14:00:00-04:00,2018-05-24 14:15:00-04:00,val
SPY,double_bottom,0,failed_breakout,67483,,2018-06-01 12:00:00-04:00,long,272.70208881652405,2.9814687736270002,268.3920176545089,276.371468773627,67404,67483,2018-05-29 11:45:00-04:00,2018-06-01 12:00:00-04:00,val
SPY,double_bottom,0,near_miss,67508,,2018-06-04 11:45:00-04:00,long,273.56746248066975,1.295097015363467,271.0492224312852,275.9550970153635,67429,67508,2018-05-30 11:30:00-04:00,2018-06-04 11:45:00-04:00,val
SPY,double_bottom,0,near_miss,67549,,2018-06-05 15:30:00-04:00,long,275.08123557506474,0.9520839596015094,273.4955084993274,275.9620839596015,67470,67549,2018-05-31 15:15:00-04:00,2018-06-05 15:30:00-04:00,val
SPY,double_bottom,0,near_miss,67618,,2018-06-08 13:15:00-04:00,long,277.1270078827753,0.05633287986597679,277.05877699988196,277.786332879866,67539,67618,2018-06-05 13:00:00-04:00,2018-06-08 13:15:00-04:00,val
SPY,double_bottom,0,near_miss,67661,,2018-06-12 11:00:00-04:00,long,279.0990597979347,1.0128874437587,277.08257300593664,279.9228874437587,67582,67661,2018-06-07 10:45:00-04:00,2018-06-12 11:00:00-04:00,val
SPY,double_bottom,0,near_miss,67673,,2018-06-12 14:00:00-04:00,long,279.107121151839,0.1362285409601327,278.8520135193425,279.2162285409601,67594,67673,2018-06-07 13:45:00-04:00,2018-06-12 14:00:00-04:00,val
SPY,double_bottom,0,near_miss,67690,,2018-06-13 11:45:00-04:00,long,278.99667873402376,0.21292879658682295,278.71548635553137,279.6129287965868,67611,67690,2018-06-08 11:30:00-04:00,2018-06-13 11:45:00-04:00,val
SPY,double_bottom,0,near_miss,67719,,2018-06-14 12:30:00-04:00,long,279.225823662502,0.5303587810481076,278.67544340737646,279.1203587810481,67640,67719,2018-06-11 12:15:00-04:00,2018-06-14 12:30:00-04:00,val
SPY,double_bottom,0,near_miss,67725,,2018-06-14 14:00:00-04:00,long,278.7640978420974,0.09365788411685116,278.66543650858455,278.79365788411684,67646,67725,2018-06-11 13:45:00-04:00,2018-06-14 14:00:00-04:00,val
SPY,double_bottom,0,near_miss,67732,,2018-06-14 15:45:00-04:00,long,278.6875652532167,0.03666388453484615,278.6363662287791,278.94666388453487,67653,67732,2018-06-11 15:30:00-04:00,2018-06-14 15:45:00-04:00,val
SPY,double_bottom,0,near_miss,67740,,2018-06-15 11:15:00-04:00,long,278.6878730265836,0.05298814734260304,278.63340352970283,276.4329881473426,67661,67740,2018-06-12 11:00:00-04:00,2018-06-15 11:15:00-04:00,val
SPY,double_bottom,0,failed_breakout,67758,,2018-06-15 15:45:00-04:00,long,278.6699909940567,1.1651011619479732,276.37637613451466,278.19510116194795,67679,67758,2018-06-12 15:30:00-04:00,2018-06-15 15:45:00-04:00,val
SPY,double_bottom,0,failed_breakout,67782,,2018-06-18 15:15:00-04:00,long,276.8993339142084,0.6519781204520427,276.1183354529981,276.94197812045206,67703,67782,2018-06-13 15:00:00-04:00,2018-06-18 15:15:00-04:00,val
SPY,double_bottom,0,failed_breakout,67873,,2018-06-22 12:00:00-04:00,long,274.74056365958455,0.15467464995055025,274.4636603158231,275.47467464995054,67794,67873,2018-06-19 11:45:00-04:00,2018-06-22 12:00:00-04:00,val
SPY,double_bottom,0,near_miss,67923,,2018-06-26 11:30:00-04:00,long,275.4203179700145,3.089449221990151,270.19807718022554,274.52944922199015,67844,67923,2018-06-21 11:15:00-04:00,2018-06-26 11:30:00-04:00,val
SPY,double_bottom,1,confirmed_breakout,67945,67946.0,2018-06-27 10:30:00-04:00,long,272.169630106,1.0367983586976948,270.19807718022554,274.7067983586977,67866,67945,2018-06-22 10:15:00-04:00,2018-06-27 10:30:00-04:00,val
SPY,double_bottom,0,near_miss,67960,,2018-06-27 14:15:00-04:00,long,272.78883772239544,0.37184110241253165,272.06758631437907,270.91184110241255,67881,67960,2018-06-22 14:00:00-04:00,2018-06-27 14:15:00-04:00,val
SPY,double_bottom,0,near_miss,67984,,2018-06-28 13:45:00-04:00,long,272.81800615083137,1.5913455302546708,269.6869143155665,271.78134553025467,67905,67984,2018-06-25 13:30:00-04:00,2018-06-28 13:45:00-04:00,val
SPY,double_bottom,0,near_miss,67990,,2018-06-28 15:15:00-04:00,long,269.79676129301913,0.09027676864769774,269.6869143155665,271.8002767686477,67911,67990,2018-06-25 15:00:00-04:00,2018-06-28 15:15:00-04:00,val
SPY,double_bottom,0,failed_breakout,68046,,2018-07-03 09:45:00-04:00,long,273.0782848974682,3.173271710966617,269.72605473317634,275.8232717109666,67967,68046,2018-06-27 16:00:00-04:00,2018-07-03 09:45:00-04:00,val
SPY,double_bottom,0,failed_breakout,68077,,2018-07-05 14:00:00-04:00,long,272.2427604049791,1.3821576569400804,270.0839716398268,273.9421576569401,67998,68077,2018-06-29 10:45:00-04:00,2018-07-05 14:00:00-04:00,val
SPY,double_bottom,1,confirmed_breakout,68111,68112.0,2018-07-06 16:00:00-04:00,long,275.4875322648772,1.941364650453636,271.63723385625116,278.9013646504536,68032,68111,2018-07-02 12:45:00-04:00,2018-07-06 16:00:00-04:00,val
SPY,double_bottom,0,near_miss,68168,,2018-07-11 10:45:00-04:00,long,278.6692397061179,1.6622538618287308,275.45510137259595,279.34225386182874,68089,68168,2018-07-06 10:30:00-04:00,2018-07-11 10:45:00-04:00,val
SPY,double_bottom,0,near_miss,68193,,2018-07-12 10:30:00-04:00,long,278.6449587567446,0.82045798100296,277.09013123550096,279.480457981003,68114,68193,2018-07-09 10:15:00-04:00,2018-07-12 10:30:00-04:00,val
SPY,double_bottom,0,near_miss,68199,,2018-07-12 12:00:00-04:00,long,277.10311535083895,0.031721317265123616,277.05265683164663,278.9217213172651,68120,68199,2018-07-09 11:45:00-04:00,2018-07-12 12:00:00-04:00,val
SPY,double_bottom,0,near_miss,68281,,2018-07-17 13:00:00-04:00,long,279.37861580395224,0.18428415101243445,279.13753046017894,280.6942841510124,68202,68281,2018-07-12 12:45:00-04:00,2018-07-17 13:00:00-04:00,val
SPY,double_bottom,0,near_miss,68309,,2018-07-18 13:30:00-04:00,long,280.5750418157669,0.7723200186779309,279.13753046017894,281.74232001867796,68230,68309,2018-07-13 13:15:00-04:00,2018-07-18 13:30:00-04:00,val
SPY,double_bottom,0,near_miss,68344,,2018-07-19 15:45:00-04:00,long,280.9664294842679,0.6352200773447407,280.19450567984734,280.79522007734477,68265,68344,2018-07-16 15:30:00-04:00,2018-07-19 15:45:00-04:00,val
SPY,double_bottom,0,failed_breakout,68361,,2018-07-20 13:30:00-04:00,long,280.359023291378,0.20627944221132566,280.110982018486,280.06627944221134,68282,68361,2018-07-17 13:15:00-04:00,2018-07-20 13:30:00-04:00,val
SPY,double_bottom,0,near_miss,68388,,2018-07-23 13:45:00-04:00,long,280.1729050368266,0.3215594482686015,279.59170915862995,280.4915594482686,68309,68388,2018-07-18 13:30:00-04:00,2018-07-23 13:45:00-04:00,val
SPY,double_bottom,0,failed_breakout,68432,,2018-07-25 11:45:00-04:00,long,281.87844892253776,1.484570745928636,279.59170915862995,283.4945707459286,68353,68432,2018-07-20 11:30:00-04:00,2018-07-25 11:45:00-04:00,val
SPY,double_bottom,0,near_miss,68537,,2018-07-31 12:00:00-04:00,long,280.1866418362904,0.09847137400322481,280.02665634197,281.69847137400325,68458,68537,2018-07-26 11:45:00-04:00,2018-07-31 12:00:00-04:00,val
SPY,double_bottom,0,failed_breakout,68563,,2018-08-01 12:00:00-04:00,long,281.57951997594995,0.8285532156718887,280.02665634197,281.78855321567187,68484,68563,2018-07-27 11:45:00-04:00,2018-08-01 12:00:00-04:00,val
SPY,double_bottom,0,near_miss,68584,,2018-08-02 10:45:00-04:00,long,281.6614997299319,0.5361748214808131,280.7753726383161,281.0961748214808,68505,68584,2018-07-30 10:30:00-04:00,2018-08-02 10:45:00-04:00,val
SPY,double_bottom,1,confirmed_breakout,68596,68597.0,2018-08-02 13:45:00-04:00,long,280.88068876221485,0.23797789646789624,280.51004909317777,282.6079778964679,68517,68596,2018-07-30 13:30:00-04:00,2018-08-02 13:45:00-04:00,val
SPY,double_bottom,0,near_miss,68721,,2018-08-09 12:30:00-04:00,long,285.6624637419192,0.12855153087963345,285.44502188163796,285.62855153087963,68642,68721,2018-08-06 12:15:00-04:00,2018-08-09 12:30:00-04:00,val
SPY,double_bottom,0,near_miss,68732,,2018-08-09 15:15:00-04:00,long,285.70165828461165,0.0834012269433515,285.61371157489526,285.63340122694336,68653,68732,2018-08-06 15:00:00-04:00,2018-08-09 15:15:00-04:00,val
SPY,double_bottom,0,near_miss,68771,,2018-08-13 12:00:00-04:00,long,285.6806044512412,1.3777398622941632,282.9920176029989,283.7977398622942,68692,68771,2018-08-08 11:45:00-04:00,2018-08-13 12:00:00-04:00,val
SPY,double_bottom,0,failed_breakout,68790,,2018-08-14 10:15:00-04:00,long,283.5442824204642,0.7474732088945188,282.6016008201405,283.7374732088945,68711,68790,2018-08-09 10:00:00-04:00,2018-08-14 10:15:00-04:00,val
SPY,double_bottom,0,near_miss,68797,,2018-08-14 12:00:00-04:00,long,282.64396804119144,0.08139983002826057,282.52353560218586,283.66139983002824,68718,68797,2018-08-09 11:45:00-04:00,2018-08-14 12:00:00-04:00,val
SPY,double_bottom,0,failed_breakout,68844,,2018-08-16 10:45:00-04:00,long,283.93465251430746,2.159316139072871,281.0271371482834,286.22931613907286,68765,68844,2018-08-13 10:30:00-04:00,2018-08-16 10:45:00-04:00,val
SPY,double_bottom,0,failed_breakout,68882,,2018-08-17 13:45:00-04:00,long,284.5144201476094,2.032666267150489,281.0271371482834,286.2626662671505,68803,68882,2018-08-14 13:30:00-04:00,2018-08-17 13:45:00-04:00,val
SPY,double_bottom,0,near_miss,68980,,2018-08-23 12:15:00-04:00,long,286.438837496842,0.1300507629877643,286.2901962220602,285.8600507629878,68901,68980,2018-08-20 12:00:00-04:00,2018-08-23 12:15:00-04:00,val
SPY,double_bottom,0,near_miss,68998,,2018-08-24 10:15:00-04:00,long,286.4605091164804,0.3461973597050587,285.9012462679025,286.87619735970503,68919,68998,2018-08-21 10:00:00-04:00,2018-08-24 10:15:00-04:00,val
SPY,double_bottom,0,near_miss,69005,,2018-08-24 12:00:00-04:00,long,285.95620415178354,0.05251065351018269,285.9012462679025,287.64251065351016,68926,69005,2018-08-21 11:45:00-04:00,2018-08-24 12:00:00-04:00,val
SPY,double_bottom,0,near_miss,69056,,2018-08-28 11:45:00-04:00,long,289.6950859531518,1.901575591825008,285.9061407286442,291.541575591825,68977,69056,2018-08-23 11:30:00-04:00,2018-08-28 11:45:00-04:00,val
SPY,double_bottom,0,near_miss,69073,,2018-08-28 16:00:00-04:00,long,289.93778467075657,0.20784885666734,289.68087999400944,290.08784885666734,68994,69073,2018-08-23 15:45:00-04:00,2018-08-28 16:00:00-04:00,val
SPY,double_bottom,0,near_miss,69122,,2018-08-30 15:15:00-04:00,long,291.4351470969757,1.0947498199315078,289.77899163416896,290.9047498199315,69043,69122,2018-08-27 15:00:00-04:00,2018-08-30 15:15:00-04:00,val
SPY,double_bottom,0,near_miss,69178,,2018-09-05 09:45:00-04:00,long,291.0565563661565,0.9375767093817444,289.33615639363006,290.31757670938174,69099,69178,2018-08-29 16:00:00-04:00,2018-09-05 09:45:00-04:00,val
SPY,double_bottom,0,near_miss,69198,,2018-09-05 14:45:00-04:00,long,289.6590335245921,0.6370275669873422,288.70785552157946,289.83702756698733,69119,69198,2018-08-30 14:30:00-04:00,2018-09-05 14:45:00-04:00,val
SPY,double_bottom,0,near_miss,69241,,2018-09-07 12:30:00-04:00,long,289.08245122313167,0.749877558589219,287.95729180750544,287.8798775585892,69162,69241,2018-09-04 12:15:00-04:00,2018-09-07 12:30:00-04:00,val
SPY,double_bottom,0,near_miss,69258,,2018-09-10 10:15:00-04:00,long,288.1686064511541,0.43479787150704396,287.51032535178877,288.59479787150707,69179,69258,2018-09-05 10:00:00-04:00,2018-09-10 10:15:00-04:00,val
SPY,double_bottom,0,near_miss,69265,,2018-09-10 12:00:00-04:00,long,287.6315520404271,0.07040888747587815,287.51032535178877,288.5004088874759,69186,69265,2018-09-05 11:45:00-04:00,2018-09-10 12:00:00-04:00,val
SPY,double_bottom,0,failed_breakout,69282,,2018-09-11 09:45:00-04:00,long,288.30250903109163,0.4000812014853068,287.61196095411367,287.8400812014853,69203,69282,2018-09-05 16:00:00-04:00,2018-09-11 09:45:00-04:00,val
SPY,double_bottom,0,near_miss,69297,,2018-09-11 13:30:00-04:00,long,288.28063224869175,0.13442135497859908,288.0995270823273,289.3344213549786,69218,69297,2018-09-06 13:15:00-04:00,2018-09-11 13:30:00-04:00,val
SPY,double_bottom,0,near_miss,69323,,2018-09-12 13:30:00-04:00,long,289.24351438405387,0.7195085526140019,288.0995270823273,289.879508552614,69244,69323,2018-09-07 13:15:00-04:00,2018-09-12 13:30:00-04:00,val
SPY,double_bottom,0,near_miss,69329,,2018-09-12 15:00:00-04:00,long,289.02134287944773,0.07594828911840068,288.94230460010624,288.8959482891184,69250,69329,2018-09-07 14:45:00-04:00,2018-09-12 15:00:00-04:00,val
SPY,double_bottom,0,near_miss,69339,,2018-09-13 11:00:00-04:00,long,289.00260912417025,0.08370524542681324,288.8955031573807,290.3237052454268,69260,69339,2018-09-10 10:45:00-04:00,2018-09-13 11:00:00-04:00,val
SPY,double_bottom,0,near_miss,69368,,2018-09-14 11:45:00-04:00,long,290.68333267994734,0.9047979223510652,288.8955031573807,292.05479792235104,69289,69368,2018-09-11 11:30:00-04:00,2018-09-14 11:45:00-04:00,val
SPY,double_bottom,0,near_miss,69389,,2018-09-17 10:30:00-04:00,long,290.9754648392176,0.3520152699956043,290.5853327806322,290.6820152699956,69310,69389,2018-09-12 10:15:00-04:00,2018-09-17 10:30:00-04:00,val
SPY,double_bottom,0,near_miss,69421,,2018-09-18 12:00:00-04:00,long,290.7051516988419,0.55930130493158,289.70636800718853,291.7493013049316,69342,69421,2018-09-13 11:45:00-04:00,2018-09-18 12:00:00-04:00,val
SPY,double_bottom,0,near_miss,69471,,2018-09-20 11:30:00-04:00,long,291.3001969296024,0.832043710950245,289.70636800718853,294.0420437109502,69392,69471,2018-09-17 11:15:00-04:00,2018-09-20 11:30:00-04:00,val
SPY,double_bottom,0,failed_breakout,69577,,2018-09-26 12:00:00-04:00,long,291.25317974981476,0.4342402596690249,290.79713241995006,291.84424025966905,69498,69577,2018-09-21 11:45:00-04:00,2018-09-26 12:00:00-04:00,val
SPY,double_bottom,0,near_miss,69607,,2018-09-27 13:00:00-04:00,long,291.55466850365013,0.6463526174806589,290.8407465603414,292.39635261748066,69528,69607,2018-09-24 12:45:00-04:00,2018-09-27 13:00:00-04:00,unused
SPY,double_bottom,0,near_miss,69634,,2018-09-28 13:15:00-04:00,long,291.5406870383414,0.7076883265995662,290.69011221148617,291.3676883265996,69555,69634,2018-09-25 13:00:00-04:00,2018-09-28 13:15:00-04:00,unused
SPY,double_bottom,0,near_miss,69644,,2018-09-28 15:45:00-04:00,long,290.84688603727125,0.09040746056621174,290.69011221148617,290.5104074605662,69565,69644,2018-09-25 15:30:00-04:00,2018-09-28 15:45:00-04:00,unused
SPY,double_bottom,0,near_miss,69655,,2018-10-01 12:00:00-04:00,long,290.8480767999459,0.09951711663381957,290.6742744247002,292.6195171166338,69576,69655,2018-09-26 11:45:00-04:00,2018-10-01 12:00:00-04:00,unused
SPY,double_bottom,0,near_miss,69687,,2018-10-02 13:30:00-04:00,long,292.3642802733341,1.2291518669211996,290.6742744247002,293.3291518669212,69608,69687,2018-09-27 13:15:00-04:00,2018-10-02 13:30:00-04:00,unused
SPY,double_bottom,0,near_miss,69707,,2018-10-03 12:00:00-04:00,long,292.1127880014267,0.40198268719984753,291.5959823881256,293.27198268719985,69628,69707,2018-09-28 11:45:00-04:00,2018-10-03 12:00:00-04:00,test
SPY,double_bottom,0,near_miss,69754,,2018-10-05 10:45:00-04:00,long,292.7673052238245,2.5642228259446256,288.58053655543176,291.93422282594463,69675,69754,2018-10-02 10:30:00-04:00,2018-10-05 10:45:00-04:00,test
SPY,double_bottom,0,failed_breakout,69778,,2018-10-08 10:15:00-04:00,long,289.2204107461534,1.313004537311258,287.2342758622525,289.4830045373113,69699,69778,2018-10-03 10:00:00-04:00,2018-10-08 10:15:00-04:00,test
SPY,double_bottom,0,failed_breakout,69803,,2018-10-09 10:00:00-04:00,long,287.786540701583,0.9849541074690933,286.3688973259753,288.82495410746907,69724,69803,2018-10-04 09:45:00-04:00,2018-10-09 10:00:00-04:00,test
SPY,double_bottom,0,failed_breakout,69832,,2018-10-10 10:45:00-04:00,long,288.123314110353,1.058680615592948,286.3688973259753,285.48868061559295,69753,69832,2018-10-05 10:30:00-04:00,2018-10-10 10:45:00-04:00,test
SPY,double_bottom,0,near_miss,69889,,2018-10-12 12:00:00-04:00,long,287.8032916495073,6.8379512521301535,274.1703111312094,281.70795125213016,69810,69889,2018-10-09 11:45:00-04:00,2018-10-12 12:00:00-04:00,test
SPY,double_bottom,0,failed_breakout,69910,,2018-10-15 10:45:00-04:00,long,275.34578180681785,1.3403308912131706,273.8405906999999,276.5703308912132,69831,69910,2018-10-10 10:30:00-04:00,2018-10-15 10:45:00-04:00,test
SPY,double_bottom,1,confirmed_breakout,69935,69936.0,2018-10-16 10:30:00-04:00,long,276.0304791380591,1.210705264560545,273.8405906999999,278.83070526456055,69856,69935,2018-10-11 10:15:00-04:00,2018-10-16 10:30:00-04:00,test
SPY,double_bottom,0,near_miss,69975,,2018-10-17 14:00:00-04:00,long,279.76306032408604,2.3102040767355447,275.79895704699726,283.07020407673554,69896,69975,2018-10-12 13:45:00-04:00,2018-10-17 14:00:00-04:00,test
SPY,double_bottom,0,near_miss,70018,,2018-10-19 11:45:00-04:00,long,280.4248772566176,2.7366605538293243,276.26967795787283,280.28666055382934,69939,70018,2018-10-16 11:30:00-04:00,2018-10-19 11:45:00-04:00,test
SPY,double_bottom,0,failed_breakout,70066,,2018-10-23 10:45:00-04:00,long,277.9682984164915,2.1802988910678778,275.30632109297443,271.75029889106787,69987,70066,2018-10-18 10:30:00-04:00,2018-10-23 10:45:00-04:00,test
SPY,double_bottom,0,failed_breakout,70083,,2018-10-23 15:00:00-04:00,long,275.4448193683004,2.3982545282576666,270.78680858711107,276.72825452825765,70004,70083,2018-10-18 14:45:00-04:00,2018-10-23 15:00:00-04:00,test
SPY,double_bottom,0,failed_breakout,70127,,2018-10-25 13:00:00-04:00,long,273.3493451563685,3.859311605783091,268.19325851405966,273.4393116057831,70048,70127,2018-10-22 12:45:00-04:00,2018-10-25 13:00:00-04:00,test
SPY,double_bottom,0,failed_breakout,70160,,2018-10-26 14:45:00-04:00,long,270.5404180157532,3.7502941611626284,265.38698919512143,269.8902941611626,70081,70160,2018-10-23 14:30:00-04:00,2018-10-26 14:45:00-04:00,test
SPY,double_bottom,1,confirmed_breakout,70165,70166.0,2018-10-26 16:00:00-04:00,long,266.6149053748094,1.096941710954411,265.38698919512143,269.88694171095443,70086,70165,2018-10-23 15:45:00-04:00,2018-10-26 16:00:00-04:00,test
SPY,double_bottom,0,near_miss,70202,,2018-10-30 12:15:00-04:00,long,268.14993443992853,3.108758174782565,264.43341439770336,268.6487581747826,70123,70202,2018-10-25 12:00:00-04:00,2018-10-30 12:15:00-04:00,test
SPY,double_bottom,1,confirmed_breakout,70208,70213.0,2018-10-30 13:45:00-04:00,long,264.7739567448237,0.20997007525198796,264.43341439770336,266.499970075252,70129,70208,2018-10-25 13:30:00-04:00,2018-10-30 13:45:00-04:00,test
SPY,double_bottom,1,confirmed_breakout,70214,70215.0,2018-10-30 15:15:00-04:00,long,265.3183218671195,0.5197673890934311,264.69455894144005,267.62976738909344,70135,70214,2018-10-25 15:00:00-04:00,2018-10-30 15:15:00-04:00,test
SPY,double_bottom,0,near_miss,70257,,2018-11-01 13:00:00-04:00,long,272.4966250897186,4.068038535998085,264.902550014612,277.1080385359981,70178,70257,2018-10-29 12:45:00-04:00,2018-11-01 13:00:00-04:00,test
SPY,double_bottom,0,near_miss,70298,,2018-11-05 10:15:00-05:00,long,273.5902582730047,2.0473307626018595,271.1312319279766,273.61733076260185,70219,70298,2018-10-31 10:00:00-04:00,2018-11-05 10:15:00-05:00,test
SPY,double_bottom,1,confirmed_breakout,70347,70348.0,2018-11-06 16:00:00-05:00,long,274.5957027944228,1.8851403155661046,271.1312319279766,279.79514031556613,70268,70347,2018-11-01 15:45:00-04:00,2018-11-06 16:00:00-05:00,test
SPY,double_bottom,0,failed_breakout,70467,,2018-11-13 13:30:00-05:00,long,277.50374706638513,2.3796465595221434,273.20709116716205,275.2796465595221,70388,70467,2018-11-08 13:15:00-05:00,2018-11-13 13:30:00-05:00,test
SPY,double_bottom,0,failed_breakout,70487,,2018-11-14 12:00:00-05:00,long,273.79661713845906,1.0021731830610747,272.3817967436339,272.3721731830611,70408,70487,2018-11-09 11:45:00-05:00,2018-11-14 12:00:00-05:00,test
SPY,double_bottom,0,failed_breakout,70508,,2018-11-15 10:45:00-05:00,long,272.8369723043652,1.5804457592437302,270.13125634660895,269.2804457592437,70429,70508,2018-11-12 10:30:00-05:00,2018-11-15 10:45:00-05:00,test
SPY,double_bottom,1,confirmed_breakout,70519,70520.0,2018-11-15 13:30:00-05:00,long,270.5169475880925,0.8123685238455778,269.2779017818848,272.89236852384556,70440,70519,2018-11-12 13:15:00-05:00,2018-11-15 13:30:00-05:00,test
SPY,double_bottom,0,failed_breakout,70557,,2018-11-19 10:00:00-05:00,long,272.9846741159781,1.8636596479263972,269.2779017818848,274.4136596479264,70478,70557,2018-11-14 09:45:00-05:00,2018-11-19 10:00:00-05:00,test
SPY,double_bottom,0,near_miss,70587,,2018-11-20 11:00:00-05:00,long,273.5502459351888,2.461735361111778,269.2128939939354,269.0717353611118,70508,70587,2018-11-15 10:45:00-05:00,2018-11-20 11:00:00-05:00,test
SPY,double_bottom,0,failed_breakout,70617,,2018-11-21 12:00:00-05:00,long,269.2950579720548,2.4343541757984326,264.50851359857734,269.2043541757984,70538,70617,2018-11-16 11:45:00-05:00,2018-11-21 12:00:00-05:00,test
SPY,double_bottom,0,failed_breakout,70657,,2018-11-26 12:00:00-05:00,long,266.6287835198223,2.3389945641670806,264.0710643127332,268.73899456416706,70578,70657,2018-11-19 15:15:00-05:00,2018-11-26 12:00:00-05:00,test
SPY,double_bottom,0,failed_breakout,70674,,2018-11-27 09:45:00-05:00,long,266.3235712271844,1.195636491029461,264.0710643127332,267.31563649102947,70595,70674,2018-11-20 13:00:00-05:00,2018-11-27 09:45:00-05:00,test
SPY,double_bottom,0,near_miss,70685,,2018-11-27 12:30:00-05:00,long,266.9157422986248,0.3982136224443025,266.1848051595767,267.1482136224443,70606,70685,2018-11-20 15:45:00-05:00,2018-11-27 12:30:00-05:00,test
SPY,double_bottom,0,near_miss,70699,,2018-11-27 16:00:00-05:00,long,267.2550836489325,0.25534235300204955,266.8502521927844,268.595342353002,70620,70699,2018-11-21 12:45:00-05:00,2018-11-27 16:00:00-05:00,test
SPY,double_bottom,0,near_miss,70742,,2018-11-29 13:45:00-05:00,long,273.493055602249,3.2543607738062974,267.14923039907643,277.28436077380627,70663,70742,2018-11-26 13:30:00-05:00,2018-11-29 13:45:00-05:00,test
SPY,double_bottom,0,near_miss,70777,,2018-11-30 16:00:00-05:00,long,274.66829351379585,0.8764609311660365,273.328159257809,276.62646093116604,70698,70777,2018-11-27 15:45:00-05:00,2018-11-30 16:00:00-05:00,test
SPY,double_bottom,0,failed_breakout,70903,,2018-12-10 15:00:00-05:00,long,268.46134015721435,5.28687322210402,261.0018572858821,268.58687322210403,70824,70903,2018-12-04 14:45:00-05:00,2018-12-10 15:00:00-05:00,test
SPY,double_bottom,1,confirmed_breakout,70935,70936.0,2018-12-12 10:00:00-05:00,long,265.9027353760388,3.3590821310580736,261.0018572858821,271.19908213105805,70856,70935,2018-12-07 09:45:00-05:00,2018-12-12 10:00:00-05:00,test
SPY,double_bottom,0,near_miss,70993,,2018-12-14 11:30:00-05:00,long,268.31194070190656,3.804373429068164,264.0854492040793,266.0443734290682,70914,70993,2018-12-11 11:15:00-05:00,2018-12-14 11:30:00-05:00,test
SPY,double_bottom,0,failed_breakout,71027,,2018-12-17 13:30:00-05:00,long,265.05312662156115,2.786961925882622,259.6026440497596,260.2369619258826,70948,71027,2018-12-12 13:15:00-05:00,2018-12-17 13:30:00-05:00,test
SPY,double_bottom,0,failed_breakout,71047,,2018-12-18 12:00:00-05:00,long,259.7041716856051,1.8788003713378316,256.04809857877495,258.2588003713378,70968,71047,2018-12-13 11:45:00-05:00,2018-12-18 12:00:00-05:00,test
SPY,double_bottom,0,failed_breakout,71057,,2018-12-18 14:30:00-05:00,long,256.5130056042826,0.2510285183847145,256.04809857877495,256.3910285183847,70978,71057,2018-12-13 14:15:00-05:00,2018-12-18 14:30:00-05:00,test
SPY,double_bottom,0,failed_breakout,71073,,2018-12-19 12:00:00-05:00,long,256.90472205757476,0.9952993528735874,255.34298981638153,258.6052993528736,70994,71073,2018-12-14 11:45:00-05:00,2018-12-19 12:00:00-05:00,test
SPY,double_bottom,0,failed_breakout,71127,,2018-12-21 12:30:00-05:00,long,257.65465522781807,6.28441776074601,247.3974851177626,249.814417760746,71048,71127,2018-12-18 12:15:00-05:00,2018-12-21 12:30:00-05:00,test
SPY,double_bottom,0,failed_breakout,71172,,2018-12-26 13:45:00-05:00,long,247.60606035892602,6.168804769766297,235.47702606055682,245.9888047697663,71093,71172,2018-12-20 10:30:00-05:00,2018-12-26 13:45:00-05:00,test
SPY,double_bottom,1,confirmed_breakout,71204,71205.0,2018-12-27 15:15:00-05:00,long,242.2142082517189,3.9962704605301553,235.47702606055682,248.75627046053015,71125,71204,2018-12-21 12:00:00-05:00,2018-12-27 15:15:00-05:00,test
SPY,double_bottom,1,confirmed_breakout,71225,71226.0,2018-12-28 14:00:00-05:00,long,248.30101181219106,3.6921589637683496,240.95884952182067,253.66215896376835,71146,71225,2018-12-24 10:45:00-05:00,2018-12-28 14:00:00-05:00,test
SPY,double_bottom,0,near_miss,71243,,2018-12-31 12:00:00-05:00,long,249.2940682999144,0.7282593195055256,248.2588561750248,249.44825931950552,71164,71243,2018-12-26 11:45:00-05:00,2018-12-31 12:00:00-05:00,test
SPY,double_bottom,0,near_miss,71254,,2018-12-31 14:45:00-05:00,long,249.00462907254496,0.2533422239851859,248.62981191132664,248.8033422239852,71175,71254,2018-12-26 14:30:00-05:00,2018-12-31 14:45:00-05:00,test
SPY,double_bottom,0,near_miss,71267,,2019-01-02 11:30:00-05:00,long,249.11189682976462,0.35634410490379764,248.62981191132664,249.8763441049038,71188,71267,2018-12-27 11:15:00-05:00,2019-01-02 11:30:00-05:00,test
SPY,double_bottom,0,near_miss,71274,,2019-01-02 13:15:00-05:00,long,249.04635059991224,0.3860638905986491,248.43927988023216,251.00606389059865,71195,71274,2018-12-27 13:00:00-05:00,2019-01-02 13:15:00-05:00,test
SPY,double_bottom,0,near_miss,71321,,2019-01-04 12:00:00-05:00,long,250.1430205150763,3.3217914040885432,245.20317834174335,254.52179140408853,71242,71321,2018-12-31 11:45:00-05:00,2019-01-04 12:00:00-05:00,test
SPY,double_bottom,0,near_miss,71373,,2019-01-08 12:00:00-05:00,long,255.09014666589064,5.099298948710015,245.20317834174335,260.38929894871,71294,71373,2019-01-03 11:45:00-05:00,2019-01-08 12:00:00-05:00,test
SPY,double_bottom,0,near_miss,71382,,2019-01-08 14:15:00-05:00,long,255.25958214977922,0.3566713065812337,254.7785170926179,256.79667130658123,71303,71382,2019-01-03 14:00:00-05:00,2019-01-08 14:15:00-05:00,test
SPY,double_bottom,0,failed_breakout,71431,,2019-01-10 13:30:00-05:00,long,258.2498772413642,2.0964859840084955,255.02730459377807,259.5564859840085,71352,71431,2019-01-07 13:15:00-05:00,2019-01-10 13:30:00-05:00,test
SPY,double_bottom,0,failed_breakout,71443,,2019-01-11 10:00:00-05:00,long,257.7357333521003,0.29715004557783686,257.2794779209333,257.83715004557786,71364,71443,2019-01-08 09:45:00-05:00,2019-01-11 10:00:00-05:00,test
SPY,double_bottom,0,failed_breakout,71459,,2019-01-11 14:00:00-05:00,long,258.3154362320455,0.541949003792638,257.5976886921116,258.8719490037926,71380,71459,2019-01-08 13:45:00-05:00,2019-01-11 14:00:00-05:00,test
SPY,double_bottom,0,near_miss,71488,,2019-01-14 14:45:00-05:00,long,258.5021319421007,0.6431801558852044,257.7686178080369,258.5131801558852,71409,71488,2019-01-09 14:30:00-05:00,2019-01-14 14:45:00-05:00,test
SPY,double_bottom,0,near_miss,71498,,2019-01-15 10:45:00-05:00,long,257.92129854752676,0.09035403415185783,257.7686178080369,259.43035403415183,71419,71498,2019-01-10 10:30:00-05:00,2019-01-15 10:45:00-05:00,test
SPY,double_bottom,0,near_miss,71503,,2019-01-15 12:00:00-05:00,long,257.92416419233354,0.048347587453065444,257.85836199104807,260.2083475874531,71424,71503,2019-01-10 11:45:00-05:00,2019-01-15 12:00:00-05:00,test
SPY,double_bottom,0,near_miss,71525,,2019-01-16 11:00:00-05:00,long,260.01719977070076,1.161800600160916,257.85836199104807,262.3718006001609,71446,71525,2019-01-11 10:45:00-05:00,2019-01-16 11:00:00-05:00,test
SPY,double_bottom,0,near_miss,71561,,2019-01-17 13:30:00-05:00,long,261.4890651908471,0.9792298068396121,259.85243635003155,262.82922980683963,71482,71561,2019-01-14 13:15:00-05:00,2019-01-17 13:30:00-05:00,test
SPY,double_bottom,0,failed_breakout,71649,,2019-01-23 16:00:00-05:00,long,263.06152374913245,0.9923472468748287,262.048988052136,264.30234724687483,71570,71649,2019-01-17 15:45:00-05:00,2019-01-23 16:00:00-05:00,test
SPY,double_bottom,0,near_miss,71679,,2019-01-25 10:30:00-05:00,long,263.3807723737303,0.9038202441010412,262.0893649523792,267.02382024410105,71600,71679,2019-01-22 10:15:00-05:00,2019-01-25 10:30:00-05:00,test
SPY,double_bottom,0,near_miss,71727,,2019-01-28 16:00:00-05:00,long,266.15579124786706,3.3535515665863045,262.73994005568215,267.1335515665863,71648,71727,2019-01-23 15:45:00-05:00,2019-01-28 16:00:00-05:00,test
SPY,double_bottom,0,failed_breakout,71747,,2019-01-29 14:30:00-05:00,long,263.64744433283977,0.5625042669859113,262.73994005568215,263.9525042669859,71668,71747,2019-01-24 14:15:00-05:00,2019-01-29 14:30:00-05:00,test
SPY,double_bottom,0,near_miss,71763,,2019-01-30 12:00:00-05:00,long,263.5793111873641,0.15868892429705284,263.41130445010856,265.97868892429705,71684,71763,2019-01-25 11:45:00-05:00,2019-01-30 12:00:00-05:00,test
SPY,double_bottom,0,near_miss,71814,,2019-02-01 11:45:00-05:00,long,269.5461502103939,3.115249871388528,263.41130445010856,273.85524987138854,71735,71814,2019-01-29 11:30:00-05:00,2019-02-01 11:45:00-05:00,test
SPY,double_bottom,0,near_miss,71898,,2019-02-06 13:15:00-05:00,long,272.9245654156337,0.2904086856083836,272.4952151571225,273.19040868560836,71819,71898,2019-02-01 13:00:00-05:00,2019-02-06 13:15:00-05:00,test
SPY,double_bottom,0,near_miss,71938,,2019-02-08 10:15:00-05:00,long,272.80227046226594,1.8155148030306236,269.2004130155425,270.23551480303064,71859,71938,2019-02-05 10:00:00-05:00,2019-02-08 10:15:00-05:00,test
SPY,double_bottom,1,confirmed_breakout,71957,71962.0,2019-02-08 15:00:00-05:00,long,269.42870729141595,0.5319417022951143,268.5931181626991,271.5319417022951,71878,71957,2019-02-05 14:45:00-05:00,2019-02-08 15:00:00-05:00,test
SPY,double_bottom,0,near_miss,72041,,2019-02-14 10:00:00-05:00,long,275.14074595105217,0.5479210802384955,274.2037428628774,274.3379210802385,71962,72041,2019-02-11 09:45:00-05:00,2019-02-14 10:00:00-05:00,test
SPY,double_bottom,0,near_miss,72059,,2019-02-14 14:30:00-05:00,long,275.22196419216675,0.6366464014797657,274.1887287026241,275.78664640147974,71980,72059,2019-02-11 14:15:00-05:00,2019-02-14 14:30:00-05:00,test
SPY,double_bottom,0,failed_breakout,72093,,2019-02-19 10:00:00-05:00,long,276.56211903923395,1.2030097382449867,274.1887287026241,278.523009738245,72014,72093,2019-02-13 09:45:00-05:00,2019-02-19 10:00:00-05:00,test
SPY,double_bottom,0,near_miss,72130,,2019-02-20 12:45:00-05:00,long,278.2131711070285,0.897715515449363,276.5294898993539,278.70771551544937,72051,72130,2019-02-14 12:30:00-05:00,2019-02-20 12:45:00-05:00,test
SPY,double_bottom,0,near_miss,72142,,2019-02-20 15:45:00-05:00,long,278.1887242700984,0.11961305731574612,278.036801141761,278.62961305731574,72063,72142,2019-02-14 15:30:00-05:00,2019-02-20 15:45:00-05:00,test
SPY,double_bottom,0,near_miss,72178,,2019-02-22 11:45:00-05:00,long,278.2745535681303,0.6642948498709984,277.18371629475763,279.724294849871,72099,72178,2019-02-19 11:30:00-05:00,2019-02-22 11:45:00-05:00,test
SPY,double_bottom,0,near_miss,72202,,2019-02-25 11:15:00-05:00,long,278.90064601851884,0.9494316788006358,277.18371629475763,282.01943167880063,72123,72202,2019-02-20 11:00:00-05:00,2019-02-25 11:15:00-05:00,test
SPY,double_bottom,0,near_miss,72237,,2019-02-26 13:30:00-05:00,long,280.69031030942165,1.5081650706706569,278.7187123846788,280.9881650706707,72158,72237,2019-02-21 13:15:00-05:00,2019-02-26 13:30:00-05:00,test
SPY,double_bottom,0,near_miss,72251,,2019-02-27 10:30:00-05:00,long,279.6758248847743,0.09759670474443283,279.5108782672364,277.9275967047444,72172,72251,2019-02-22 10:15:00-05:00,2019-02-27 10:30:00-05:00,test
SPY,double_bottom,0,near_miss,72267,,2019-02-27 14:30:00-05:00,long,279.6902793368404,0.6346566565981675,278.60036709324794,279.8746566565982,72188,72267,2019-02-22 14:15:00-05:00,2019-02-27 14:30:00-05:00,test
SPY,double_bottom,0,failed_breakout,72291,,2019-02-28 14:00:00-05:00,long,279.1942211767541,0.4332944549578315,278.60036709324794,279.59329445495786,72212,72291,2019-02-25 13:45:00-05:00,2019-02-28 14:00:00-05:00,test
SPY,double_bottom,0,near_miss,72309,,2019-03-01 12:00:00-05:00,long,279.15279706625046,0.21546172927065754,278.9214863503446,279.3154617292707,72230,72309,2019-02-26 11:45:00-05:00,2019-03-01 12:00:00-05:00,test
SPY,double_bottom,0,near_miss,72322,,2019-03-01 15:15:00-05:00,long,279.6532009471301,0.41459971856005495,278.95318432361506,280.60459971856005,72243,72322,2019-02-26 15:00:00-05:00,2019-03-01 15:15:00-05:00,test
SPY,double_bottom,0,near_miss,72354,,2019-03-05 10:15:00-05:00,long,280.8977710690708,2.0173693298725084,278.23678534487163,280.9773693298725,72275,72354,2019-02-28 10:00:00-05:00,2019-03-05 10:15:00-05:00,test
SPY,double_bottom,0,failed_breakout,72379,,2019-03-06 10:00:00-05:00,long,279.23421567888226,0.5199060458857048,278.23678534487163,279.0899060458857,72300,72379,2019-03-01 09:45:00-05:00,2019-03-06 10:00:00-05:00,test
SPY,double_bottom,0,near_miss,72425,,2019-03-07 15:00:00-05:00,long,279.34779316749405,1.9601202725985445,275.58351186866946,276.37012027259857,72346,72425,2019-03-04 14:45:00-05:00,2019-03-07 15:00:00-05:00,test
SPY,double_bottom,1,confirmed_breakout,72458,72461.0,2019-03-11 10:15:00-04:00,long,275.72553780870777,1.4276063512784276,273.0123510461892,278.6776063512784,72379,72458,2019-03-06 10:00:00-05:00,2019-03-11 10:15:00-04:00,test
SPY,double_bottom,1,confirmed_breakout,72512,72513.0,2019-03-13 10:45:00-04:00,long,279.736838138828,3.411917257327275,273.0123510461892,284.74191725732726,72433,72512,2019-03-08 10:30:00-05:00,2019-03-13 10:45:00-04:00,test
SPY,double_bottom,0,near_miss,72551,,2019-03-14 14:00:00-04:00,long,281.8808055589566,1.41372458708787,279.6374907168121,282.4537245870879,72472,72551,2019-03-11 13:45:00-04:00,2019-03-14 14:00:00-04:00,test
SPY,double_bottom,0,near_miss,72576,,2019-03-15 13:45:00-04:00,long,281.42625724175207,0.3276313137315583,280.90058062911567,282.1876313137316,72497,72576,2019-03-12 13:30:00-04:00,2019-03-15 13:45:00-04:00,test
SPY,double_bottom,0,failed_breakout,72595,,2019-03-18 12:00:00-04:00,long,281.64055627132507,0.42296199156197645,280.90058062911567,282.01296199156195,72516,72595,2019-03-13 11:45:00-04:00,2019-03-18 12:00:00-04:00,test
SPY,double_bottom,0,near_miss,72609,,2019-03-18 15:30:00-04:00,long,282.01513019339114,0.322755192583827,281.5346079304105,282.2627551925838,72530,72609,2019-03-13 15:15:00-04:00,2019-03-18 15:30:00-04:00,test
SPY,double_bottom,0,near_miss,72665,,2019-03-21 10:00:00-04:00,long,283.63085520630256,2.156199092079248,281.09917015724244,284.28619909207924,72586,72665,2019-03-18 09:45:00-04:00,2019-03-21 10:00:00-04:00,test
SPY,double_bottom,1,confirmed_breakout,72671,72672.0,2019-03-21 11:30:00-04:00,long,282.17130682073656,0.5598040725608939,281.09917015724244,284.2198040725609,72592,72671,2019-03-18 11:15:00-04:00,2019-03-21 11:30:00-04:00,test
SPY,double_bottom,0,near_miss,72718,,2019-03-25 10:15:00-04:00,long,284.5074626740716,3.2782386659827694,280.3346126770688,281.0782386659828,72639,72718,2019-03-20 10:00:00-04:00,2019-03-25 10:15:00-04:00,test
SPY,double_bottom,1,confirmed_breakout,72742,72743.0,2019-03-26 09:45:00-04:00,long,280.51451697154397,1.0249797373510887,278.64446179131704,282.9949797373511,72663,72742,2019-03-20 16:00:00-04:00,2019-03-26 09:45:00-04:00,test
SPY,double_bottom,0,near_miss,72776,,2019-03-27 11:45:00-04:00,long,281.23145706667117,1.778262426064316,278.64446179131704,279.7882624260643,72697,72776,2019-03-22 11:30:00-04:00,2019-03-27 11:45:00-04:00,test
SPY,double_bottom,0,failed_breakout,72792,,2019-03-27 15:45:00-04:00,long,280.6380830086235,0.8722910347885886,279.26965645777307,280.9922910347886,72713,72792,2019-03-22 15:30:00-04:00,2019-03-27 15:45:00-04:00,test
SPY,double_bottom,1,confirmed_breakout,72817,72820.0,2019-03-28 15:30:00-04:00,long,280.3503630794977,0.7800591433800719,279.26965645777307,282.79005914338006,72738,72817,2019-03-25 15:15:00-04:00,2019-03-28 15:30:00-04:00,test
SPY,double_bottom,0,near_miss,72895,,2019-04-02 15:30:00-04:00,long,285.6909659327396,0.020570770284280115,285.664342180468,286.0805707702843,72816,72895,2019-03-28 15:15:00-04:00,2019-04-02 15:30:00-04:00,test
SPY,double_bottom,0,near_miss,72933,,2019-04-04 12:00:00-04:00,long,287.36438248870434,1.2531953350624576,285.664342180468,287.7931953350625,72854,72933,2019-04-01 11:45:00-04:00,2019-04-04 12:00:00-04:00,test
SPY,double_bottom,1,confirmed_breakout,72950,72952.0,2019-04-05 09:45:00-04:00,long,286.8071518749942,0.24393197026444113,286.55803212681576,288.6339319702644,72871,72950,2019-04-01 16:00:00-04:00,2019-04-05 09:45:00-04:00,test
SPY,double_bottom,0,near_miss,72997,,2019-04-08 15:00:00-04:00,long,288.33143293900025,1.0413155316417715,286.5684076826437,289.5213155316418,72918,72997,2019-04-03 14:45:00-04:00,2019-04-08 15:00:00-04:00,test
SPY,double_bottom,0,near_miss,73021,,2019-04-09 14:30:00-04:00,long,288.4519557581819,0.6009151707406204,287.69025404280916,287.7809151707406,72942,73021,2019-04-04 14:15:00-04:00,2019-04-09 14:30:00-04:00,test
SPY,double_bottom,0,near_miss,73037,,2019-04-10 12:00:00-04:00,long,287.7306416850652,0.2669479112354338,287.2371335048504,288.12694791123545,72958,73037,2019-04-05 11:45:00-04:00,2019-04-10 12:00:00-04:00,test
SPY,double_bottom,0,near_miss,73087,,2019-04-12 11:30:00-04:00,long,288.44039268701016,0.8807007005254377,287.2371335048504,290.42070070052546,73008,73087,2019-04-09 11:15:00-04:00,2019-04-12 11:30:00-04:00,test
SPY,double_bottom,0,failed_breakout,73129,,2019-04-15 15:30:00-04:00,long,289.95260790605266,1.2793651555514316,287.88225046811897,291.26936515555144,73050,73129,2019-04-10 15:15:00-04:00,2019-04-15 15:30:00-04:00,test
SPY,double_bottom,0,near_miss,73162,,2019-04-17 10:45:00-04:00,long,290.383086267517,0.49852558586439955,289.4642350328835,290.5885255858644,73083,73162,2019-04-12 10:30:00-04:00,2019-04-17 10:45:00-04:00,test
SPY,double_bottom,0,near_miss,73243,,2019-04-23 11:30:00-04:00,long,290.0641255447808,0.0863604546252077,289.9022081394352,292.3863604546252,73164,73243,2019-04-17 11:15:00-04:00,2019-04-23 11:30:00-04:00,test
SPY,double_bottom,0,near_miss,73292,,2019-04-25 10:45:00-04:00,long,292.86865549705846,1.57249565700198,290.0533220408759,292.922495657002,73213,73292,2019-04-22 10:30:00-04:00,2019-04-25 10:45:00-04:00,test
SPY,double_bottom,0,near_miss,73304,,2019-04-25 13:45:00-04:00,long,292.61997110920737,0.42677840828781655,291.847387762602,292.9567784082878,73225,73304,2019-04-22 13:30:00-04:00,2019-04-25 13:45:00-04:00,test
SPY,double_bottom,0,failed_breakout,73329,,2019-04-26 13:30:00-04:00,long,292.54060637960293,0.559475596869845,291.847387762602,293.00947559686983,73250,73329,2019-04-23 13:15:00-04:00,2019-04-26 13:30:00-04:00,test
SPY,double_bottom,0,near_miss,73386,,2019-04-30 14:45:00-04:00,long,294.18353804711694,1.6085033804192221,292.1148738028642,295.4385033804192,73307,73386,2019-04-25 14:30:00-04:00,2019-04-30 14:45:00-04:00,test
SPY,double_bottom,0,failed_breakout,73418,,2019-05-02 09:45:00-04:00,long,294.3987687787149,0.7540836968246936,293.0351955305312,292.8140836968247,73339,73418,2019-04-26 16:00:00-04:00,2019-05-02 09:45:00-04:00,test
SPY,double_bottom,0,near_miss,73444,,2019-05-03 09:45:00-04:00,long,294.3245536515737,1.805376489423054,290.7841796910522,294.60537648942307,73365,73444,2019-04-29 16:00:00-04:00,2019-05-03 09:45:00-04:00,test
SPY,double_bottom,0,failed_breakout,73494,,2019-05-06 15:45:00-04:00,long,294.00973239039934,2.9035825840849157,290.7841796910522,295.8435825840849,73415,73494,2019-05-01 15:30:00-04:00,2019-05-06 15:45:00-04:00,test
SPY,double_bottom,0,failed_breakout,73530,,2019-05-08 11:45:00-04:00,long,292.3844120425031,3.108263313503244,287.12417753642313,291.09826331350325,73451,73530,2019-05-03 11:30:00-04:00,2019-05-08 11:45:00-04:00,test
SPY,double_bottom,0,failed_breakout,73569,,2019-05-09 15:00:00-04:00,long,288.75383618185583,2.8399759007919556,284.7035430257047,289.069975900792,73490,73569,2019-05-06 14:45:00-04:00,2019-05-09 15:00:00-04:00,test
SPY,double_bottom,1,confirmed_breakout,73594,73597.0,2019-05-10 14:45:00-04:00,long,286.4415278521248,2.0991362632094592,283.981240152126,290.77913626320947,73515,73594,2019-05-07 14:30:00-04:00,2019-05-10 14:45:00-04:00,test
SPY,double_bottom,0,failed_breakout,73628,,2019-05-14 10:15:00-04:00,long,286.93217787927114,4.527628303681524,280.82785899905315,287.4776283036815,73549,73628,2019-05-09 10:00:00-04:00,2019-05-14 10:15:00-04:00,test
SPY,double_bottom,0,near_miss,73634,,2019-05-14 11:45:00-04:00,long,281.01668590652736,0.11997128151170955,280.82785899905315,284.4799712815117,73555,73634,2019-05-09 11:30:00-04:00,2019-05-14 11:45:00-04:00,test
SPY,double_bottom,0,failed_breakout,73666,,2019-05-15 13:15:00-04:00,long,284.6258464530146,2.284570106045578,280.96557025097815,287.2245701060456,73587,73666,2019-05-10 13:00:00-04:00,2019-05-15 13:15:00-04:00,test
SPY,double_bottom,0,failed_breakout,73706,,2019-05-17 10:15:00-04:00,long,288.531597523062,2.440642278667667,283.71698244295993,288.20064227866766,73627,73706,2019-05-14 10:00:00-04:00,2019-05-17 10:15:00-04:00,test
SPY,double_bottom,0,near_miss,73718,,2019-05-17 13:15:00-04:00,long,288.48039490191127,0.6594835656174496,287.1768946267589,288.29948356561744,73639,73718,2019-05-14 13:00:00-04:00,2019-05-17 13:15:00-04:00,test
SPY,double_bottom,0,failed_breakout,73725,,2019-05-17 15:00:00-04:00,long,287.42438347641064,0.16769946638362399,287.1768946267589,287.63769946638365,73646,73725,2019-05-14 14:45:00-04:00,2019-05-17 15:00:00-04:00,test
SPY,double_bottom,0,failed_breakout,73765,,2019-05-21 12:00:00-04:00,long,287.44448790956636,1.7555841974444206,284.0413340309487,287.8455841974444,73686,73765,2019-05-16 11:45:00-04:00,2019-05-21 12:00:00-04:00,test
SPY,double_bottom,0,failed_breakout,73808,,2019-05-23 09:45:00-04:00,long,286.62132202439017,1.785253942014947,284.0413340309487,283.88525394201497,73729,73808,2019-05-17 16:00:00-04:00,2019-05-23 09:45:00-04:00,test
SPY,double_bottom,0,failed_breakout,73840,,2019-05-24 11:15:00-04:00,long,285.89441190700023,2.524652166286103,281.10871734762645,284.8446521662861,73761,73840,2019-05-21 11:00:00-04:00,2019-05-24 11:15:00-04:00,test
SPY,double_bottom,0,failed_breakout,73869,,2019-05-28 12:00:00-04:00,long,283.02693202405896,0.975267751422848,281.10871734762645,283.98526775142284,73790,73869,2019-05-22 11:45:00-04:00,2019-05-28 12:00:00-04:00,test
SPY,double_bottom,0,near_miss,73911,,2019-05-29 16:00:00-04:00,long,283.2627411024111,2.79357060890635,277.9437297893638,281.1335706089063,73832,73911,2019-05-23 15:45:00-04:00,2019-05-29 16:00:00-04:00,test
SPY,double_bottom,0,near_miss,73919,,2019-05-30 11:30:00-04:00,long,277.999744024348,0.11758574950840739,277.8205867603154,279.0575857495084,73840,73919,2019-05-24 11:15:00-04:00,2019-05-30 11:30:00-04:00,test
SPY,double_bottom,0,failed_breakout,73933,,2019-05-30 15:00:00-04:00,long,279.0387802160567,0.6523444814927188,277.8205867603154,279.32234448149273,73854,73933,2019-05-24 14:45:00-04:00,2019-05-30 15:00:00-04:00,test
SPY,double_bottom,0,near_miss,73945,,2019-05-31 11:30:00-04:00,long,279.0354546291279,0.24066487215031884,278.6372948051425,277.3206648721503,73866,73945,2019-05-28 11:15:00-04:00,2019-05-31 11:30:00-04:00,test
SPY,double_bottom,0,failed_breakout,73976,,2019-06-03 12:45:00-04:00,long,278.6959754282248,1.5717380176933489,275.61118001592035,275.7217380176933,73897,73976,2019-05-29 12:30:00-04:00,2019-06-03 12:45:00-04:00,test
SPY,double_bottom,1,confirmed_breakout,73991,73992.0,2019-06-04 10:00:00-04:00,long,275.7746745132719,0.8038422519944675,274.3304845066345,277.9638422519945,73912,73991,2019-05-30 09:45:00-04:00,2019-06-04 10:00:00-04:00,test
SPY,double_bottom,0,failed_breakout,74129,,2019-06-11 12:00:00-04:00,long,290.0916483514071,1.315782326402541,288.06268918033146,290.50578232640254,74050,74129,2019-06-06 11:45:00-04:00,2019-06-11 12:00:00-04:00,test
SPY,double_bottom,0,near_miss,74147,,2019-06-12 10:00:00-04:00,long,289.8934386763803,0.6929413086975842,288.91195186568774,289.53294130869756,74068,74147,2019-06-07 09:45:00-04:00,2019-06-12 10:00:00-04:00,test
SPY,double_bottom,0,near_miss,74153,,2019-06-12 11:30:00-04:00,long,288.9447240237196,0.06335780666927349,288.8507805684128,288.39335780666926,74074,74153,2019-06-07 11:15:00-04:00,2019-06-12 11:30:00-04:00,test
SPY,double_bottom,0,failed_breakout,74175,,2019-06-13 10:30:00-04:00,long,288.8665897785474,0.3159968929061847,288.25040520286956,289.8159968929062,74096,74175,2019-06-10 10:15:00-04:00,2019-06-13 10:30:00-04:00,test
SPY,double_bottom,0,near_miss,74180,,2019-06-13 11:45:00-04:00,long,288.2999824066318,0.037832220692394,288.25040520286956,289.2478322206924,74101,74180,2019-06-10 11:30:00-04:00,2019-06-13 11:45:00-04:00,test
SPY,double_bottom,0,near_miss,74219,,2019-06-14 15:00:00-04:00,long,289.41416010388525,0.8422670793055431,288.2738951690092,290.01226707930556,74140,74219,2019-06-11 14:45:00-04:00,2019-06-14 15:00:00-04:00,test
SPY,double_bottom,0,near_miss,74225,,2019-06-17 10:00:00-04:00,long,288.87841078512923,0.01563097972251626,288.85566873066324,289.7756309797225,74146,74225,2019-06-12 09:45:00-04:00,2019-06-17 10:00:00-04:00,test
SPY,double_bottom,0,near_miss,74259,,2019-06-18 12:00:00-04:00,long,289.83349582116927,0.5294415413973752,288.85566873066324,292.85944154139736,74180,74259,2019-06-13 11:45:00-04:00,2019-06-18 12:00:00-04:00,test
SPY,double_bottom,0,near_miss,74277,,2019-06-19 10:00:00-04:00,long,292.56695613634577,1.448934282939831,289.7524398288806,294.0289342829398,74198,74277,2019-06-14 09:45:00-04:00,2019-06-19 10:00:00-04:00,test
SPY,double_bottom,0,near_miss,74293,,2019-06-19 14:00:00-04:00,long,292.5217468693805,0.11478557645153842,292.3303187079267,292.29478557645155,74214,74293,2019-06-14 13:45:00-04:00,2019-06-19 14:00:00-04:00,test
SPY,double_bottom,0,near_miss,74303,,2019-06-20 10:00:00-04:00,long,292.33482995209283,0.08151020922861107,292.1763207778017,295.9215102092286,74224,74303,2019-06-17 09:45:00-04:00,2019-06-20 10:00:00-04:00,test
SPY,double_bottom,0,near_miss,74325,,2019-06-20 15:30:00-04:00,long,294.81218378377855,1.3641042247348878,292.1763207778017,297.0341042247349,74246,74325,2019-06-17 15:15:00-04:00,2019-06-20 15:30:00-04:00,test
SPY,double_bottom,0,near_miss,74358,,2019-06-24 10:45:00-04:00,long,295.3849196096717,0.8079417819836294,294.4341173150905,295.1879417819836,74279,74358,2019-06-19 10:30:00-04:00,2019-06-24 10:45:00-04:00,test
SPY,double_bottom,0,near_miss,74365,,2019-06-24 12:30:00-04:00,long,294.5313171530075,0.11347810169132799,294.4015607875418,294.3034781016913,74286,74365,2019-06-19 12:15:00-04:00,2019-06-24 12:30:00-04:00,test
SPY,double_bottom,1,confirmed_breakout,74483,74484.0,2019-06-28 16:00:00-04:00,long,292.6891086437239,0.9895806956540127,290.85898628457664,297.669580695654,74404,74483,2019-06-25 15:45:00-04:00,2019-06-28 16:00:00-04:00,test
SPY,double_bottom,0,near_miss,74515,,2019-07-02 11:00:00-04:00,long,295.34128012083465,1.6779447829780452,292.5400696115631,297.55794478297804,74436,74515,2019-06-27 10:45:00-04:00,2019-07-02 11:00:00-04:00,test
SPY,double_bottom,1,confirmed_breakout,74535,74536.0,2019-07-02 16:00:00-04:00,long,295.5258766477403,0.46973091276146306,294.7866010641501,297.73973091276144,74456,74535,2019-06-27 15:45:00-04:00,2019-07-02 16:00:00-04:00,test
SPY,double_bottom,0,near_miss,74570,,2019-07-05 14:45:00-04:00,long,298.04829572534845,1.8668172936148721,295.32569040580756,300.30681729361487,74491,74570,2019-07-01 11:30:00-04:00,2019-07-05 14:45:00-04:00,test
SPY,double_bottom,0,failed_breakout,74607,,2019-07-09 11:00:00-04:00,long,298.1444394236072,1.3356032314677577,296.5804059266193,297.8156032314678,74528,74607,2019-07-02 14:15:00-04:00,2019-07-09 11:00:00-04:00,test
SPY,double_bottom,0,near_miss,74635,,2019-07-10 11:30:00-04:00,long,296.77949064245263,0.10641260589972035,296.5804059266193,298.1364126058997,74556,74635,2019-07-05 11:15:00-04:00,2019-07-10 11:30:00-04:00,test
SPY,double_bottom,0,near_miss,74663,,2019-07-11 12:00:00-04:00,long,298.6942799024541,1.005467736787125,296.76575014648654,300.4454677367871,74584,74663,2019-07-08 11:45:00-04:00,2019-07-11 12:00:00-04:00,test
SPY,double_bottom,0,near_miss,74687,,2019-07-12 11:30:00-04:00,long,299.21605311127007,0.5194695242754506,298.61187418484747,300.50946952427546,74608,74687,2019-07-09 11:15:00-04:00,2019-07-12 11:30:00-04:00,test
SPY,double_bottom,0,near_miss,74733,,2019-07-16 10:00:00-04:00,long,300.5501662620794,0.955983889105255,298.7812929891417,301.6159838891053,74654,74733,2019-07-11 09:45:00-04:00,2019-07-16 10:00:00-04:00,test
SPY,double_bottom,0,failed_breakout,74829,,2019-07-19 14:30:00-04:00,long,299.15777199060943,0.8998863074666019,297.42982582634653,299.1098863074666,74750,74829,2019-07-16 14:15:00-04:00,2019-07-19 14:30:00-04:00,test
SPY,double_bottom,0,near_miss,74856,,2019-07-22 14:45:00-04:00,long,299.14000169387884,0.8245557723544152,297.54494630310967,298.5945557723544,74777,74856,2019-07-17 14:30:00-04:00,2019-07-22 14:45:00-04:00,test
SPY,double_bottom,0,near_miss,74948,,2019-07-26 11:45:00-04:00,long,299.9024323947465,0.05317618913329625,299.820852158452,301.6031761891333,74869,74948,2019-07-23 11:30:00-04:00,2019-07-26 11:45:00-04:00,test
SPY,double_bottom,0,failed_breakout,74988,,2019-07-29 15:15:00-04:00,long,301.91068792755954,1.2855722113291108,299.820852158452,302.7255722113291,74909,74988,2019-07-24 15:00:00-04:00,2019-07-29 15:15:00-04:00,test
SPY,double_bottom,0,near_miss,75018,,2019-07-31 09:45:00-04:00,long,301.5032157086876,0.5086240412042571,300.55980406095784,301.4786240412043,74939,75018,2019-07-25 16:00:00-04:00,2019-07-31 09:45:00-04:00,test
SPY,double_bottom,0,near_miss,75026,,2019-07-31 11:45:00-04:00,long,300.74903255077777,0.11567225266566084,300.55980406095784,301.10567225266567,74947,75026,2019-07-26 11:30:00-04:00,2019-07-31 11:45:00-04:00,test
SPY,double_bottom,0,near_miss,75033,,2019-07-31 13:30:00-04:00,long,300.7807978012742,0.0693050659942287,300.7069165352664,301.0093050659942,74954,75033,2019-07-26 13:15:00-04:00,2019-07-31 13:30:00-04:00,test
SPY,double_bottom,0,near_miss,75056,,2019-08-01 12:45:00-04:00,long,300.93647811223224,1.1295600002276274,298.8977672887156,301.60956000022765,74977,75056,2019-07-29 12:30:00-04:00,2019-08-01 12:45:00-04:00,test
SPY,double_bottom,0,failed_breakout,75097,,2019-08-05 10:00:00-04:00,long,300.19722731638694,4.79739784046626,291.9018916631258,292.10739784046626,75018,75097,2019-07-31 09:45:00-04:00,2019-08-05 10:00:00-04:00,test
SPY,double_bottom,0,failed_breakout,75131,,2019-08-06 12:00:00-04:00,long,292.3071266901783,4.400029287276084,283.91230314267864,289.93002928727606,75052,75131,2019-08-01 11:45:00-04:00,2019-08-06 12:00:00-04:00,test
SPY,double_bottom,1,confirmed_breakout,75169,75174.0,2019-08-07 15:00:00-04:00,long,286.9924646484153,2.4136731958054725,283.91230314267864,292.0936731958055,75090,75169,2019-08-02 14:45:00-04:00,2019-08-07 15:00:00-04:00,test
SPY,double_bottom,0,failed_breakout,75223,,2019-08-09 15:30:00-04:00,long,292.7517840047258,4.770613293889539,285.24527976254103,297.24061329388957,75144,75223,2019-08-06 15:15:00-04:00,2019-08-09 15:30:00-04:00,test
SPY,double_bottom,1,confirmed_breakout,75254,75255.0,2019-08-13 10:15:00-04:00,long,292.0134690618334,2.5649791262846406,288.179918211966,296.3449791262846,75175,75254,2019-08-08 10:00:00-04:00,2019-08-13 10:15:00-04:00,test
SPY,double_bottom,0,failed_breakout,75314,,2019-08-15 12:15:00-04:00,long,292.8085515737401,6.371860964813266,284.69346300588757,291.52186096481324,75235,75314,2019-08-12 12:00:00-04:00,2019-08-15 12:15:00-04:00,test
SPY,double_bottom,0,near_miss,75322,,2019-08-15 14:15:00-04:00,long,284.7486935722145,0.11579158938832279,284.5723409597648,283.8057915893883,75243,75322,2019-08-12 14:00:00-04:00,2019-08-15 14:15:00-04:00,test
SPY,double_bottom,0,near_miss,75335,,2019-08-16 11:00:00-04:00,long,284.6618487223168,0.3347151111585731,284.08192626255163,289.3047151111586,75256,75335,2019-08-13 10:45:00-04:00,2019-08-16 11:00:00-04:00,test
SPY,double_bottom,0,failed_breakout,75417,,2019-08-21 12:00:00-04:00,long,291.6862212242179,0.4018392212227013,290.89005887141104,293.1518392212227,75338,75417,2019-08-16 11:45:00-04:00,2019-08-21 12:00:00-04:00,test
SPY,double_bottom,0,failed_breakout,75442,,2019-08-22 11:45:00-04:00,long,292.4916622423756,0.8857102502419139,290.89005887141104,292.5957102502419,75363,75442,2019-08-19 11:30:00-04:00,2019-08-22 11:45:00-04:00,test
SPY,double_bottom,0,near_miss,75455,,2019-08-22 15:00:00-04:00,long,292.6363163953233,0.5648713941599226,291.82104488947044,293.42487139415994,75376,75455,2019-08-19 14:45:00-04:00,2019-08-22 15:00:00-04:00,test
SPY,double_bottom,0,near_miss,75495,,2019-08-26 12:00:00-04:00,long,292.5090962962538,3.6948888379066602,285.80737002722384,290.6148888379067,75416,75495,2019-08-21 11:45:00-04:00,2019-08-26 12:00:00-04:00,test
SPY,double_bottom,1,confirmed_breakout,75511,75512.0,2019-08-26 16:00:00-04:00,long,287.15490722706664,0.7681368545491978,285.80737002722384,290.0281368545492,75432,75511,2019-08-21 15:45:00-04:00,2019-08-26 16:00:00-04:00,test
SPY,double_bottom,0,near_miss,75542,,2019-08-28 10:45:00-04:00,long,288.2202410202706,1.185661588917128,286.96617071781105,289.15566158891716,75463,75542,2019-08-23 10:30:00-04:00,2019-08-28 10:45:00-04:00,test
SPY,double_bottom,0,near_miss,75548,,2019-08-28 12:15:00-04:00,long,287.178767490367,0.10233310704074938,287.04988062175676,288.47233310704075,75469,75548,2019-08-23 12:00:00-04:00,2019-08-28 12:15:00-04:00,test
SPY,double_bottom,0,failed_breakout,75599,,2019-08-30 12:00:00-04:00,long,292.74672589464325,2.8869689320886778,287.04988062175676,295.27696893208866,75520,75599,2019-08-27 11:45:00-04:00,2019-08-30 12:00:00-04:00,test
SPY,double_bottom,0,near_miss,75617,,2019-09-03 10:00:00-04:00,long,293.1166061670216,0.5069517511133768,292.5496755284641,291.8569517511134,75538,75617,2019-08-28 09:45:00-04:00,2019-09-03 10:00:00-04:00,test
SPY,double_bottom,0,near_miss,75648,,2019-09-04 11:15:00-04:00,long,292.56428420509974,1.2124124624843375,290.1540679567667,293.9224124624843,75569,75648,2019-08-29 11:00:00-04:00,2019-09-04 11:15:00-04:00,test
SPY,double_bottom,0,near_miss,75698,,2019-09-06 10:45:00-04:00,long,297.8077312137156,3.831837968753632,290.1540679567667,302.3418379687536,75619,75698,2019-09-03 10:30:00-04:00,2019-09-06 10:45:00-04:00,test
SPY,double_bottom,0,near_miss,75704,,2019-09-06 12:15:00-04:00,long,297.914623919328,0.07718037246138465,297.79771853315725,298.3771803724614,75625,75704,2019-09-03 12:00:00-04:00,2019-09-06 12:15:00-04:00,test
SPY,double_bottom,0,near_miss,75751,,2019-09-10 11:00:00-04:00,long,298.5914023949503,0.7691644740304469,297.7673072812637,297.00916447403046,75672,75751,2019-09-05 10:45:00-04:00,2019-09-10 11:00:00-04:00,test
SPY,double_bottom,0,near_miss,75765,,2019-09-10 14:30:00-04:00,long,297.84506121465245,0.6179109251319232,296.6869932977773,297.3779109251319,75686,75765,2019-09-05 14:15:00-04:00,2019-09-10 14:30:00-04:00,test
SPY,double_bottom,1,confirmed_breakout,75773,75774.0,2019-09-11 10:00:00-04:00,long,297.093467012877,0.27467807915923004,296.6869932977773,299.24467807915926,75694,75773,2019-09-06 09:45:00-04:00,2019-09-11 10:00:00-04:00,test
SPY,double_bottom,0,near_miss,75901,,2019-09-17 16:00:00-04:00,long,300.187253935799,0.12735879810998085,299.98287360273787,301.06735879811,75822,75901,2019-09-12 15:45:00-04:00,2019-09-17 16:00:00-04:00,test
SPY,double_bottom,0,near_miss,75914,,2019-09-18 12:45:00-04:00,long,300.39016847129705,0.13954723967475502,300.13691667264015,300.26954723967475,75835,75914,2019-09-13 12:30:00-04:00,2019-09-18 12:45:00-04:00,test
SPY,double_bottom,0,near_miss,75934,,2019-09-19 11:15:00-04:00,long,300.3926323037402,0.44721369746594064,299.52651142194406,302.62721369746595,75855,75934,2019-09-16 11:00:00-04:00,2019-09-19 11:15:00-04:00,test
SPY,double_bottom,0,failed_breakout,76046,,2019-09-25 13:15:00-04:00,long,298.9614489064947,2.093772547789456,295.6086735876469,298.87377254778943,75967,76046,2019-09-20 13:00:00-04:00,2019-09-25 13:15:00-04:00,test
SPY,double_bottom,0,failed_breakout,76083,,2019-09-26 16:00:00-04:00,long,297.3041061846461,1.302084304527682,295.6086735876469,298.2720843045277,76004,76083,2019-09-23 15:45:00-04:00,2019-09-26 16:00:00-04:00,test
SPY,double_bottom,0,failed_breakout,76097,,2019-09-27 13:00:00-04:00,long,297.0876981639331,0.37263904819741356,296.39537017259,295.29263904819743,76018,76097,2019-09-24 12:45:00-04:00,2019-09-27 13:00:00-04:00,test
SPY,double_bottom,0,near_miss,76118,,2019-09-30 11:45:00-04:00,long,297.2216686800331,1.313645257546625,294.78129878609144,298.3336452575466,76039,76118,2019-09-25 11:30:00-04:00,2019-09-30 11:45:00-04:00,test
SPY,double_bottom,0,failed_breakout,76145,,2019-10-01 12:00:00-04:00,long,297.2538986378136,1.28898622274653,294.78129878609144,296.01898622274655,76066,76145,2019-09-26 11:45:00-04:00,2019-10-01 12:00:00-04:00,test
SPY,double_bottom,0,near_miss,76191,,2019-10-03 10:30:00-04:00,long,297.3568727893724,4.9531467650268155,287.65892600464844,292.0231467650268,76112,76191,2019-09-30 10:15:00-04:00,2019-10-03 10:30:00-04:00,test
SPY,double_bottom,1,confirmed_breakout,76203,76204.0,2019-10-03 13:30:00-04:00,long,288.0959416060268,0.47922923575276855,287.5744987358997,290.37922923575275,76124,76203,2019-09-30 13:15:00-04:00,2019-10-03 13:30:00-04:00,test
SPY,double_bottom,0,near_miss,76251,,2019-10-07 12:30:00-04:00,long,293.55605143813966,3.0078335075698988,287.5744987358997,297.3178335075699,76172,76251,2019-10-02 12:15:00-04:00,2019-10-07 12:30:00-04:00,test
SPY,double_bottom,0,near_miss,76265,,2019-10-07 16:00:00-04:00,long,294.28805562765893,0.3951056764787495,293.5219371252398,293.50510567647876,76186,76265,2019-10-02 15:45:00-04:00,2019-10-07 16:00:00-04:00,test
SPY,double_bottom,0,near_miss,76290,,2019-10-08 15:45:00-04:00,long,294.45292376108,2.3174286998961406,290.0070273452471,291.69742869989614,76211,76290,2019-10-03 15:30:00-04:00,2019-10-08 15:45:00-04:00,test
SPY,double_bottom,0,failed_breakout,76301,,2019-10-09 12:00:00-04:00,long,290.47269025262415,0.39479640520596604,290.0070273452471,291.33479640520596,76222,76301,2019-10-04 11:45:00-04:00,2019-10-09 12:00:00-04:00,test
SPY,double_bottom,0,near_miss,76327,,2019-10-10 12:00:00-04:00,long,291.5358528693061,0.7023819398212368,290.1487603495892,294.69238193982125,76248,76327,2019-10-07 11:45:00-04:00,2019-10-10 12:00:00-04:00,test
SPY,double_bottom,0,near_miss,76405,,2019-10-15 12:00:00-04:00,long,296.2807247556118,0.060862507178171654,296.20156550508415,299.2808625071782,76326,76405,2019-10-10 11:45:00-04:00,2019-10-15 12:00:00-04:00,test
SPY,double_bottom,0,near_miss,76451,,2019-10-17 10:30:00-04:00,long,299.3360468952167,2.0645709716616807,296.20156550508415,301.9845709716617,76372,76451,2019-10-14 10:15:00-04:00,2019-10-17 10:30:00-04:00,test
SPY,double_bottom,0,near_miss,76456,,2019-10-17 11:45:00-04:00,long,298.37463310956576,0.034070998685308496,298.33973787973486,299.1640709986853,76377,76456,2019-10-14 11:30:00-04:00,2019-10-17 11:45:00-04:00,test
SPY,double_bottom,0,near_miss,76473,,2019-10-17 16:00:00-04:00,long,299.32229222446836,0.559761281471765,298.33973787973486,299.7997612814718,76394,76473,2019-10-14 15:45:00-04:00,2019-10-17 16:00:00-04:00,test
SPY,double_bottom,0,near_miss,76500,,2019-10-21 09:45:00-04:00,long,299.36306643600466,0.6788415669620917,298.1831257318268,300.1288415669621,76421,76500,2019-10-15 16:00:00-04:00,2019-10-21 09:45:00-04:00,test
SPY,double_bottom,0,near_miss,76584,,2019-10-24 11:15:00-04:00,long,299.418878276271,0.1372810311438002,299.16482316263796,300.3372810311438,76505,76584,2019-10-21 11:00:00-04:00,2019-10-24 11:15:00-04:00,test
SPY,double_bottom,0,near_miss,76607,,2019-10-25 10:30:00-04:00,long,300.1131102154896,0.5293284097846254,299.16482316263796,301.4193284097846,76528,76607,2019-10-22 10:15:00-04:00,2019-10-25 10:30:00-04:00,test
SPY,double_bottom,0,near_miss,76702,,2019-10-30 14:45:00-04:00,long,303.75051590302894,0.5844814184451934,302.88963215042435,303.5944814184452,76623,76702,2019-10-25 14:30:00-04:00,2019-10-30 14:45:00-04:00,test
SPY,double_bottom,0,near_miss,76709,,2019-10-31 10:00:00-04:00,long,302.9180956273267,0.04023630728090666,302.86608648966717,303.3202363072809,76630,76709,2019-10-28 09:45:00-04:00,2019-10-31 10:00:00-04:00,test
SPY,double_bottom,0,near_miss,76739,,2019-11-01 11:00:00-04:00,long,303.49846978543616,0.885171683030876,302.3605097151434,306.51517168303087,76660,76739,2019-10-29 10:45:00-04:00,2019-11-01 11:00:00-04:00,test
SPY,double_bottom,0,near_miss,76836,,2019-11-06 15:45:00-05:00,long,307.2867751626106,0.4618645404827362,306.6238904547832,307.3618645404827,76757,76836,2019-11-01 15:30:00-04:00,2019-11-06 15:45:00-05:00,test
SPY,double_bottom,0,failed_breakout,76881,,2019-11-08 14:00:00-05:00,long,308.97690508247274,1.6529642192933238,306.6238904547832,309.75296421929335,76802,76881,2019-11-05 13:45:00-05:00,2019-11-08 14:00:00-05:00,test
SPY,double_bottom,0,near_miss,76893,,2019-11-11 10:30:00-05:00,long,308.22048239598416,0.11060428118457821,308.02399127157565,308.2306042811846,76814,76893,2019-11-06 10:15:00-05:00,2019-11-11 10:30:00-05:00,test
SPY,double_bottom,0,near_miss,76910,,2019-11-11 14:45:00-05:00,long,308.39379305278834,0.2598160723863998,308.07218900278036,308.6498160723864,76831,76910,2019-11-06 14:30:00-05:00,2019-11-11 14:45:00-05:00,test
SPY,double_bottom,0,near_miss,76955,,2019-11-13 13:00:00-05:00,long,309.43519600248675,1.07746874252922,308.07218900278036,310.42746874252924,76876,76955,2019-11-08 12:45:00-05:00,2019-11-13 13:00:00-05:00,test
SPY,double_bottom,0,failed_breakout,76972,,2019-11-14 10:45:00-05:00,long,309.1494238606563,0.3170462786295616,308.64326551713475,309.46704627862954,76893,76972,2019-11-11 10:30:00-05:00,2019-11-14 10:45:00-05:00,test
SPY,double_bottom,0,near_miss,76989,,2019-11-14 15:00:00-05:00,long,309.1449584139602,0.19924167165021345,308.86994383770116,309.4792416716502,76910,76989,2019-11-11 14:45:00-05:00,2019-11-14 15:00:00-05:00,test
SPY,double_bottom,0,near_miss,77063,,2019-11-19 14:00:00-05:00,long,312.0438693742688,0.09878477162914123,311.8637651421496,312.02878477162915,76984,77063,2019-11-14 13:45:00-05:00,2019-11-19 14:00:00-05:00,test
SPY,double_bottom,0,near_miss,77117,,2019-11-21 14:30:00-05:00,long,312.10028963439004,1.1209187694647653,310.0949765877009,311.8009187694648,77038,77117,2019-11-18 14:15:00-05:00,2019-11-21 14:30:00-05:00,test
SPY,double_bottom,0,near_miss,77133,,2019-11-22 12:00:00-05:00,long,310.5236908089972,0.2286853209567994,310.0949765877009,310.7586853209568,77054,77133,2019-11-19 11:45:00-05:00,2019-11-22 12:00:00-05:00,test
SPY,double_bottom,0,near_miss,77143,,2019-11-22 14:30:00-05:00,long,310.6280700556324,0.13374474112117696,310.4936162406427,310.9337447411212,77064,77143,2019-11-19 14:15:00-05:00,2019-11-22 14:30:00-05:00,test
SPY,double_bottom,0,near_miss,77269,,2019-12-03 10:00:00-05:00,long,315.31225355571434,2.4721460365220196,311.9245459429803,310.622146036522,77190,77269,2019-11-26 13:15:00-05:00,2019-12-03 10:00:00-05:00,test
SPY,double_bottom,0,failed_breakout,77291,,2019-12-03 15:30:00-05:00,long,312.10565997122035,1.9431471565312677,308.40047968639794,311.50314715653127,77212,77291,2019-11-27 12:15:00-05:00,2019-12-03 15:30:00-05:00,test
SPY,double_bottom,1,confirmed_breakout,77343,77346.0,2019-12-05 15:30:00-05:00,long,311.7903143178584,1.9379287764036235,308.40047968639794,316.4979287764036,77264,77343,2019-12-02 15:15:00-05:00,2019-12-05 15:30:00-05:00,test
SPY,double_bottom,0,near_miss,77450,,2019-12-12 09:45:00-05:00,long,314.0074091485624,0.19579958446462342,313.8084704541149,316.3157995844646,77371,77450,2019-12-06 16:00:00-05:00,2019-12-12 09:45:00-05:00,test
SPY,double_bottom,0,near_miss,77479,,2019-12-13 10:30:00-05:00,long,316.4066937520131,1.4163394239122908,313.8084704541149,319.0863394239123,77400,77479,2019-12-10 10:15:00-05:00,2019-12-13 10:30:00-05:00,test
SPY,double_bottom,0,near_miss,77494,,2019-12-13 14:15:00-05:00,long,317.0734884261716,0.5322011730456779,316.1722382020867,317.9122011730457,77415,77494,2019-12-10 14:00:00-05:00,2019-12-13 14:15:00-05:00,test
SPY,double_bottom,0,near_miss,77539,,2019-12-17 12:30:00-05:00,long,319.94434616960547,1.6218314246429486,316.9103363041651,321.591831424643,77460,77539,2019-12-12 12:15:00-05:00,2019-12-17 12:30:00-05:00,test
SPY,double_bottom,0,near_miss,77545,,2019-12-17 14:00:00-05:00,long,319.7802223381664,0.02880099575776285,319.7346931857599,319.91880099575775,77466,77545,2019-12-12 13:45:00-05:00,2019-12-17 14:00:00-05:00,test
SPY,double_bottom,0,near_miss,77568,,2019-12-18 13:15:00-05:00,long,319.88030011142763,0.10304688459046929,319.7681494990574,320.04304688459047,77489,77568,2019-12-13 13:00:00-05:00,2019-12-18 13:15:00-05:00,test
SPY,double_bottom,0,near_miss,77618,,2019-12-20 12:45:00-05:00,long,320.7580538370634,0.5123299651203865,319.78635695461696,321.72232996512037,77539,77618,2019-12-17 12:30:00-05:00,2019-12-20 12:45:00-05:00,test
SPY,double_bottom,0,near_miss,77635,,2019-12-23 10:30:00-05:00,long,321.114480389598,0.20686148943201488,320.70509078926915,321.576861489432,77556,77635,2019-12-18 10:15:00-05:00,2019-12-23 10:30:00-05:00,test
SPY,double_bottom,0,near_miss,77641,,2019-12-23 12:00:00-05:00,long,321.1559156730171,0.03872676216332138,321.11014701106274,321.5487267621633,77562,77641,2019-12-18 11:45:00-05:00,2019-12-23 12:00:00-05:00,test
SPY,double_bottom,0,near_miss,77655,,2019-12-23 15:30:00-05:00,long,321.4191716527404,0.14926119283188655,321.1242308106448,321.5392611928319,77576,77655,2019-12-18 15:15:00-05:00,2019-12-23 15:30:00-05:00,test
SPY,double_bottom,0,near_miss,77680,,2019-12-26 11:45:00-05:00,long,321.4288107293415,0.13423731634662772,321.1706187561052,322.44423731634663,77601,77680,2019-12-19 15:00:00-05:00,2019-12-26 11:45:00-05:00,test
SPY,double_bottom,0,near_miss,77705,,2019-12-27 11:30:00-05:00,long,322.26942870663464,0.5583731505009268,321.1706187561052,323.8983731505009,77626,77705,2019-12-20 14:45:00-05:00,2019-12-27 11:30:00-05:00,test
SPY,double_bottom,0,near_miss,77727,,2019-12-30 10:30:00-05:00,long,323.16868391942523,0.4970763528233988,322.2514923561622,321.3970763528234,77648,77727,2019-12-23 13:45:00-05:00,2019-12-30 10:30:00-05:00,test
SPY,double_bottom,0,near_miss,77744,,2019-12-30 14:45:00-05:00,long,323.11571152385415,0.8101059572970257,321.5194883560727,322.04010595729704,77665,77744,2019-12-24 11:30:00-05:00,2019-12-30 14:45:00-05:00,test
SPY,double_bottom,0,near_miss,77832,,2020-01-06 10:45:00-05:00,long,323.1887330202813,0.1526290242535424,322.9991844816131,322.52262902425355,77753,77832,2019-12-31 10:30:00-05:00,2020-01-06 10:45:00-05:00,test
SPY,double_bottom,0,near_miss,77849,,2020-01-06 15:00:00-05:00,long,323.0952379702828,0.4285769978246208,322.260298434474,323.41857699782463,77770,77849,2019-12-31 14:45:00-05:00,2020-01-06 15:00:00-05:00,test
SPY,double_bottom,0,failed_breakout,77865,,2020-01-07 12:30:00-05:00,long,323.0183940077498,0.41777582439948446,322.260298434474,323.4077758243995,77786,77865,2020-01-02 12:15:00-05:00,2020-01-07 12:30:00-05:00,test
SPY,double_bottom,0,near_miss,77877,,2020-01-07 15:30:00-05:00,long,323.07976850944823,0.10542362062147959,322.9409379322266,323.3954236206215,77798,77877,2020-01-02 15:15:00-05:00,2020-01-07 15:30:00-05:00,test
SPY,double_bottom,0,near_miss,77885,,2020-01-08 11:00:00-05:00,long,323.0154186558498,0.03795709535620517,322.94717127556027,323.3379570953562,77806,77885,2020-01-03 10:45:00-05:00,2020-01-08 11:00:00-05:00,test
SPY,double_bottom,0,failed_breakout,78019,,2020-01-15 12:00:00-05:00,long,328.0391710888151,1.1555409393179161,326.15715150408505,329.7955409393179,77940,78019,2020-01-10 11:45:00-05:00,2020-01-15 12:00:00-05:00,test
SPY,double_bottom,0,near_miss,78038,,2020-01-16 10:15:00-05:00,long,328.5878436242214,0.5982923146154349,327.61010879490937,330.4282923146154,77959,78038,2020-01-13 10:00:00-05:00,2020-01-16 10:15:00-05:00,test
SPY,double_bottom,0,near_miss,78045,,2020-01-16 12:00:00-05:00,long,328.39441576074415,0.1370330459697584,328.1457716052461,329.97703304596973,77966,78045,2020-01-13 11:45:00-05:00,2020-01-16 12:00:00-05:00,test
SPY,double_bottom,0,failed_breakout,78103,,2020-01-21 13:30:00-05:00,long,331.66092019726426,1.8688906718591056,328.1457716052461,333.4088906718591,78024,78103,2020-01-15 13:15:00-05:00,2020-01-21 13:30:00-05:00,test
SPY,double_bottom,0,near_miss,78123,,2020-01-22 12:00:00-05:00,long,331.82243838725685,0.37144916687498153,331.4382874455642,332.411449166875,78044,78123,2020-01-16 11:45:00-05:00,2020-01-22 12:00:00-05:00,test
SPY,double_bottom,0,near_miss,78136,,2020-01-22 15:15:00-05:00,long,332.1603427896333,0.38838020905132,331.4636909951996,331.9583802090513,78057,78136,2020-01-16 15:00:00-05:00,2020-01-22 15:15:00-05:00,test
SPY,double_bottom,0,near_miss,78164,,2020-01-23 15:45:00-05:00,long,332.1443650549314,0.9347465682868688,330.33900280732473,332.56474656828686,78085,78164,2020-01-17 15:30:00-05:00,2020-01-23 15:45:00-05:00,test
SPY,double_bottom,0,failed_breakout,78216,,2020-01-27 15:45:00-05:00,long,331.6543835425324,4.206604433779546,324.556555410181,328.15660443377953,78137,78216,2020-01-22 15:30:00-05:00,2020-01-27 15:45:00-05:00,test
SPY,double_bottom,1,confirmed_breakout,78220,78221.0,2020-01-28 10:15:00-05:00,long,324.6624524666657,0.21490833242313556,324.33853285830406,326.57490833242315,78141,78220,2020-01-23 10:00:00-05:00,2020-01-28 10:15:00-05:00,test
SPY,double_bottom,0,near_miss,78257,,2020-01-29 13:00:00-05:00,long,327.39091915042656,1.5652915120573425,324.33853285830406,329.3952915120573,78178,78257,2020-01-24 12:45:00-05:00,2020-01-29 13:00:00-05:00,test
SPY,double_bottom,0,near_miss,78297,,2020-01-31 10:00:00-05:00,long,328.02265267887105,2.068388655193985,324.5958056289198,328.118388655194,78218,78297,2020-01-28 09:45:00-05:00,2020-01-31 10:00:00-05:00,test
SPY,double_bottom,0,failed_breakout,78331,,2020-02-03 12:00:00-05:00,long,325.911298783411,2.5245457095553547,322.17770051879154,326.79454570955534,78252,78331,2020-01-29 11:45:00-05:00,2020-02-03 12:00:00-05:00,test
SPY,double_bottom,1,confirmed_breakout,78347,78348.0,2020-02-03 16:00:00-05:00,long,324.59000322424197,1.2811682242758593,322.17770051879154,329.46116822427587,78268,78347,2020-01-29 15:45:00-05:00,2020-02-03 16:00:00-05:00,test
SPY,double_bottom,0,near_miss,78383,,2020-02-05 12:00:00-05:00,long,329.65821514708773,2.650521119020709,324.4399694811407,334.6305211190207,78304,78383,2020-01-31 11:45:00-05:00,2020-02-05 12:00:00-05:00,test
SPY,double_bottom,0,near_miss,78433,,2020-02-07 11:30:00-05:00,long,333.8707744549739,2.1682682463650735,329.57541857499336,335.49826824636506,78354,78433,2020-02-04 11:15:00-05:00,2020-02-07 11:30:00-05:00,test
SPY,double_bottom,0,near_miss,78445,,2020-02-07 14:30:00-05:00,long,333.844254677032,0.37786073343067983,333.10319404497835,332.3778607334307,78366,78445,2020-02-04 14:15:00-05:00,2020-02-07 14:30:00-05:00,test
SPY,double_bottom,0,near_miss,78462,,2020-02-10 12:15:00-05:00,long,333.1632134746334,0.4137000698816564,332.39583276452504,333.68370006988164,78383,78462,2020-02-05 12:00:00-05:00,2020-02-10 12:15:00-05:00,test
SPY,double_bottom,0,near_miss,78513,,2020-02-12 12:00:00-05:00,long,336.18235329198427,2.175011041111077,332.39583276452504,339.1650110411111,78434,78513,2020-02-07 11:45:00-05:00,2020-02-12 12:00:00-05:00,test
SPY,double_bottom,0,failed_breakout,78544,,2020-02-13 13:15:00-05:00,long,337.1185136164544,0.9283072232332188,335.6188517372214,338.0683072232332,78465,78544,2020-02-10 13:00:00-05:00,2020-02-13 13:15:00-05:00,test
SPY,double_bottom,0,near_miss,78570,,2020-02-14 13:15:00-05:00,long,337.59727075317426,0.5960553813513343,336.76156104922086,337.3660553813513,78491,78570,2020-02-11 13:00:00-05:00,2020-02-14 13:15:00-05:00,test
SPY,double_bottom,0,near_miss,78589,,2020-02-18 11:30:00-05:00,long,337.3214142918445,0.2825547313125867,336.83684942663893,335.7525547313126,78510,78589,2020-02-12 11:15:00-05:00,2020-02-18 11:30:00-05:00,test
SPY,double_bottom,0,near_miss,78605,,2020-02-18 15:30:00-05:00,long,336.9751835875299,0.5677141952228908,335.97808935797514,337.4177141952229,78526,78605,2020-02-12 15:15:00-05:00,2020-02-18 15:30:00-05:00,test
SPY,double_bottom,0,failed_breakout,78661,,2020-02-21 10:00:00-05:00,long,338.7575924306517,2.754650162988014,335.97808935797514,336.85465016298804,78582,78661,2020-02-18 09:45:00-05:00,2020-02-21 10:00:00-05:00,test
SPY,double_bottom,0,failed_breakout,78714,,2020-02-25 10:15:00-05:00,long,336.49360376992536,7.0214489568550675,322.91651444878835,329.54144895685505,78635,78714,2020-02-20 10:00:00-05:00,2020-02-25 10:15:00-05:00,test
SPY,double_bottom,0,failed_breakout,78747,,2020-02-26 12:00:00-05:00,long,323.41407120446667,4.79085190620458,314.3299241477358,320.2008519062046,78668,78747,2020-02-21 11:45:00-05:00,2020-02-26 12:00:00-05:00,test
SPY,double_bottom,0,failed_breakout,78783,,2020-02-27 14:30:00-05:00,long,316.0807868042609,5.914325061395743,306.0029993379945,311.0043250613957,78704,78783,2020-02-24 14:15:00-05:00,2020-02-27 14:30:00-05:00,test
SPY,double_bottom,0,failed_breakout,78810,,2020-02-28 14:45:00-05:00,long,307.0359041840969,8.2072694190515,291.6542701920963,302.0872694190515,78731,78810,2020-02-25 14:30:00-05:00,2020-02-28 14:45:00-05:00,test
SPY,double_bottom,1,confirmed_breakout,78814,78815.0,2020-02-28 15:45:00-05:00,long,292.23508545150594,1.0090530707898324,290.7977945693359,296.85905307078986,78735,78814,2020-02-25 15:30:00-05:00,2020-02-28 15:45:00-05:00,test
SPY,double_bottom,0,near_miss,78847,,2020-03-03 11:00:00-05:00,long,302.25052978176564,5.949387352244571,290.7977945693359,316.3693873522446,78768,78847,2020-02-27 10:45:00-05:00,2020-03-03 11:00:00-05:00,test
SPY,double_bottom,0,near_miss,78877,,2020-03-04 12:00:00-05:00,long,306.894187830497,5.048340764019542,301.8044902897062,310.02834076401956,78798,78877,2020-02-28 11:45:00-05:00,2020-03-04 12:00:00-05:00,test
SPY,double_bottom,0,failed_breakout,78995,,2020-03-10 15:30:00-04:00,long,293.56933984268596,7.913116032463108,278.23022877582093,292.1231160324631,78916,78995,2020-03-05 15:15:00-05:00,2020-03-10 15:30:00-04:00,test
SPY,double_bottom,0,near_miss,79046,,2020-03-12 15:15:00-04:00,long,282.0936939589619,15.331406788199104,255.2943455657047,268.24140678819913,78967,79046,2020-03-09 15:00:00-04:00,2020-03-12 15:15:00-04:00,test
SPY,double_bottom,1,confirmed_breakout,79049,79050.0,2020-03-12 16:00:00-04:00,long,255.89025842272065,1.7391078245628933,253.00795563061084,260.38910782456287,78970,79049,2020-03-09 15:45:00-04:00,2020-03-12 16:00:00-04:00,test
SPY,double_bottom,1,confirmed_breakout,79064,79065.0,2020-03-13 13:15:00-04:00,long,255.34650610160594,1.8495374495525425,253.00795563061084,260.4995374495525,78985,79064,2020-03-10 13:00:00-04:00,2020-03-13 13:15:00-04:00,test
SPY,double_bottom,0,failed_breakout,79117,,2020-03-17 13:30:00-04:00,long,259.0749483058894,10.200701946022264,243.76251104623833,257.0607019460223,79038,79117,2020-03-12 13:15:00-04:00,2020-03-17 13:30:00-04:00,test
SPY,double_bottom,1,confirmed_breakout,79119,79120.0,2020-03-17 14:00:00-04:00,long,248.4731922763815,2.4139265976095885,243.76251104623833,254.11392659760958,79040,79119,2020-03-12 13:45:00-04:00,2020-03-17 14:00:00-04:00,test
SPY,double_bottom,0,near_miss,79228,,2020-03-23 15:15:00-04:00,long,242.05710900001404,9.337537521939907,223.5270045891905,230.9075375219399,79149,79228,2020-03-18 15:00:00-04:00,2020-03-23 15:15:00-04:00,test
SPY,double_bottom,1,confirmed_breakout,79231,79232.0,2020-03-23 16:00:00-04:00,long,224.33328335530587,1.24730867027057,222.64494478088005,235.86730867027057,79152,79231,2020-03-18 15:45:00-04:00,2020-03-23 16:00:00-04:00,test
SPY,double_bottom,0,near_miss,79262,,2020-03-25 10:45:00-04:00,long,239.38472554136192,8.73341925003868,222.64494478088005,252.77341925003867,79183,79262,2020-03-20 10:30:00-04:00,2020-03-25 10:45:00-04:00,test
SPY,double_bottom,0,near_miss,79294,,2020-03-26 12:15:00-04:00,long,253.0287829562618,7.542784608665556,238.65766780176642,265.2127846086656,79215,79294,2020-03-23 12:00:00-04:00,2020-03-26 12:15:00-04:00,test
SPY,double_bottom,0,near_miss,79313,,2020-03-27 10:30:00-04:00,long,257.1776392719519,2.4904766706380883,252.31432889342608,255.37047667063808,79234,79313,2020-03-24 10:15:00-04:00,2020-03-27 10:30:00-04:00,test
SPY,double_bottom,0,near_miss,79331,,2020-03-27 15:00:00-04:00,long,257.9500805472421,2.478303776515446,253.88355723225186,260.07830377651544,79252,79331,2020-03-24 14:45:00-04:00,2020-03-27 15:00:00-04:00,test
SPY,double_bottom,1,confirmed_breakout,79339,79340.0,2020-03-30 10:30:00-04:00,long,256.41788851498313,1.4861913666472901,253.88355723225186,259.38619136664727,79260,79339,2020-03-25 10:15:00-04:00,2020-03-30 10:30:00-04:00,test
SPY,double_bottom,1,confirmed_breakout,79438,79439.0,2020-04-02 15:45:00-04:00,long,250.03658764788358,2.560638433412606,246.1374247604021,254.4606384334126,79359,79438,2020-03-30 15:30:00-04:00,2020-04-02 15:45:00-04:00,test
SPY,double_bottom,0,near_miss,79600,,2020-04-14 10:45:00-04:00,long,273.60754623975583,0.06599956568743437,273.5279982720131,282.69599956568743,79521,79600,2020-04-08 10:30:00-04:00,2020-04-14 10:45:00-04:00,test
SPY,double_bottom,0,failed_breakout,79645,,2020-04-15 15:30:00-04:00,long,283.4628151341662,8.191159541451213,273.5279982720131,286.2411595414512,79566,79645,2020-04-09 15:15:00-04:00,2020-04-15 15:30:00-04:00,test
SPY,double_bottom,1,confirmed_breakout,79656,79657.0,2020-04-16 11:45:00-04:00,long,278.1619803926452,0.7797485322993793,277.0153129134168,280.4997485322994,79577,79656,2020-04-13 11:30:00-04:00,2020-04-16 11:45:00-04:00,test
SPY,double_bottom,0,near_miss,79705,,2020-04-20 11:00:00-04:00,long,283.83861502722755,3.092642944404872,277.7491508072749,288.24264294440485,79626,79705,2020-04-15 10:45:00-04:00,2020-04-20 11:00:00-04:00,test
SPY,double_bottom,1,confirmed_breakout,79707,79708.0,2020-04-20 11:30:00-04:00,long,284.3616608108914,0.4299451764448463,283.7427933583705,286.43994517644484,79628,79707,2020-04-15 11:15:00-04:00,2020-04-20 11:30:00-04:00,test
SPY,double_bottom,0,near_miss,79757,,2020-04-22 11:00:00-04:00,long,285.1765956086175,6.1440138780099005,273.9445255506925,283.7340138780099,79678,79757,2020-04-17 10:45:00-04:00,2020-04-22 11:00:00-04:00,test
SPY,double_bottom,0,near_miss,79881,,2020-04-28 16:00:00-04:00,long,288.28246115360645,4.949547681432762,279.46245963574904,290.71954768143274,79802,79881,2020-04-23 15:45:00-04:00,2020-04-28 16:00:00-04:00,test
SPY,double_bottom,0,near_miss,79891,,2020-04-29 12:00:00-04:00,long,287.5231285252565,0.2720762231053868,287.2033673085984,293.1620762231054,79812,79891,2020-04-24 11:45:00-04:00,2020-04-29 12:00:00-04:00,test
SPY,double_bottom,0,near_miss,79940,,2020-05-01 11:15:00-04:00,long,293.9486648157989,5.457157084072946,287.2987372957038,290.32715708407295,79861,79940,2020-04-28 11:00:00-04:00,2020-05-01 11:15:00-04:00,test
SPY,double_bottom,0,failed_breakout,79965,,2020-05-04 11:00:00-04:00,long,289.8448331548359,3.8011471697114985,282.4030938025007,284.4911471697115,79886,79965,2020-04-29 10:45:00-04:00,2020-05-04 11:00:00-04:00,test
SPY,double_bottom,1,confirmed_breakout,79985,79986.0,2020-05-04 16:00:00-04:00,long,282.5098917738513,0.7200910105310072,281.1765077241398,287.930091010531,79906,79985,2020-04-29 15:45:00-04:00,2020-05-04 16:00:00-04:00,test
SPY,double_bottom,0,failed_breakout,80036,,2020-05-06 15:45:00-04:00,long,288.78408187936196,4.954938184144794,281.1765077241398,290.1949381841448,79957,80036,2020-05-01 15:30:00-04:00,2020-05-06 15:45:00-04:00,test
SPY,double_bottom,1,confirmed_breakout,80037,80038.0,2020-05-06 16:00:00-04:00,long,286.61134663552036,0.35068357822603957,286.0395464482941,288.82068357822607,79958,80037,2020-05-01 15:45:00-04:00,2020-05-06 16:00:00-04:00,test
SPY,double_bottom,1,confirmed_breakout,80063,80064.0,2020-05-07 16:00:00-04:00,long,288.9995945581367,1.8523449762813584,286.0395464482941,292.34234497628137,79984,80063,2020-05-04 15:45:00-04:00,2020-05-07 16:00:00-04:00,test
SPY,double_bottom,0,near_miss,80106,,2020-05-11 13:45:00-04:00,long,291.7717635990147,2.026996316507791,288.2549527154166,295.5969963165078,80027,80106,2020-05-06 13:30:00-04:00,2020-05-11 13:45:00-04:00,test
SPY,double_bottom,1,confirmed_breakout,80207,80208.0,2020-05-15 13:00:00-04:00,long,283.5938347062669,2.3437848653643414,279.15300176162464,287.4337848653643,80128,80207,2020-05-12 12:45:00-04:00,2020-05-15 13:00:00-04:00,test
SPY,double_bottom,0,near_miss,80262,,2020-05-19 13:45:00-04:00,long,295.6470729319397,6.393234000319296,283.3470979201804,302.0432340003193,80183,80262,2020-05-14 13:30:00-04:00,2020-05-19 13:45:00-04:00,test
SPY,double_bottom,0,near_miss,80269,,2020-05-19 15:30:00-04:00,long,295.281357837288,0.07276805748068682,295.1605799430604,294.8827680574807,80190,80269,2020-05-14 15:15:00-04:00,2020-05-19 15:30:00-04:00,test
SPY,double_bottom,0,near_miss,80281,,2020-05-20 12:00:00-04:00,long,295.5066887796889,0.5063427114841375,294.74409251985526,298.0863427114841,80202,80281,2020-05-15 11:45:00-04:00,2020-05-20 12:00:00-04:00,test
SPY,double_bottom,0,near_miss,80325,,2020-05-22 10:00:00-04:00,long,296.9938498129159,1.9629362553638998,294.74409251985526,296.2429362553639,80246,80325,2020-05-19 09:45:00-04:00,2020-05-22 10:00:00-04:00,test
SPY,double_bottom,1,confirmed_breakout,80345,80350.0,2020-05-22 15:00:00-04:00,long,295.3586542346454,0.7067819538002595,293.98600996644143,302.33678195380025,80266,80345,2020-05-19 14:45:00-04:00,2020-05-22 15:00:00-04:00,test
SPY,double_bottom,1,confirmed_breakout,80395,80400.0,2020-05-27 14:30:00-04:00,long,301.01421833073834,4.369397513334832,293.98600996644143,307.0193975133348,80316,80395,2020-05-21 14:15:00-04:00,2020-05-27 14:30:00-04:00,test
SPY,double_bottom,0,failed_breakout,80455,,2020-06-01 10:00:00-04:00,long,306.1059713552505,5.772923472896082,299.3036316683656,309.98292347289606,80376,80455,2020-05-27 09:45:00-04:00,2020-06-01 10:00:00-04:00,test
SPY,double_bottom,1,confirmed_breakout,80505,80506.0,2020-06-02 16:00:00-04:00,long,306.6800011911599,2.677578040688161,301.3624640963432,313.25757804068814,80426,80505,2020-05-28 15:45:00-04:00,2020-06-02 16:00:00-04:00,test
SPY,double_bottom,1,confirmed_breakout,80557,80558.0,2020-06-04 16:00:00-04:00,long,311.2689112422342,0.2968505007884801,310.7068884062369,318.7268505007885,80478,80557,2020-06-01 15:45:00-04:00,2020-06-04 16:00:00-04:00,test
SPY,double_bottom,0,near_miss,80559,,2020-06-05 10:00:00-04:00,long,312.266181157861,3.3263735172336624,306.64238220460015,320.97637351723364,80480,80559,2020-06-02 09:45:00-04:00,2020-06-05 10:00:00-04:00,test
SPY,double_bottom,0,failed_breakout,80593,,2020-06-08 12:00:00-04:00,long,320.08381666569,4.8195282913255255,310.7068884062369,325.66952829132555,80514,80593,2020-06-03 11:45:00-04:00,2020-06-08 12:00:00-04:00,test
SPY,double_bottom,0,near_miss,80631,,2020-06-09 15:00:00-04:00,long,321.95260319064,1.5893210624000176,319.82168834249205,323.2993210624,80552,80631,2020-06-04 14:45:00-04:00,2020-06-09 15:00:00-04:00,test
SPY,double_bottom,0,failed_breakout,80656,,2020-06-10 14:45:00-04:00,long,321.6466410269058,1.2780249255048943,319.8323562888139,322.2780249255049,80577,80656,2020-06-05 14:30:00-04:00,2020-06-10 14:45:00-04:00,test
SPY,double_bottom,0,failed_breakout,80697,,2020-06-12 12:00:00-04:00,long,320.6782697417623,9.341012399580563,302.84215839554946,314.5610123995806,80618,80697,2020-06-09 11:45:00-04:00,2020-06-12 12:00:00-04:00,test
SPY,double_bottom,0,failed_breakout,80706,,2020-06-12 14:15:00-04:00,long,304.5838038644672,1.1479840571979594,302.84215839554946,301.817984057198,80627,80706,2020-06-09 14:00:00-04:00,2020-06-12 14:15:00-04:00,test
SPY,double_bottom,1,confirmed_breakout,80729,80732.0,2020-06-15 13:30:00-04:00,long,304.23760749563934,1.6757174201712246,301.0942989319472,308.85571742017123,80650,80729,2020-06-10 13:15:00-04:00,2020-06-15 13:30:00-04:00,test
SPY,double_bottom,0,failed_breakout,80783,,2020-06-17 14:00:00-04:00,long,313.2104626046638,6.374682305303793,301.0942989319472,320.0546823053038,80704,80783,2020-06-12 13:45:00-04:00,2020-06-17 14:00:00-04:00,test
SPY,double_bottom,0,failed_breakout,80816,,2020-06-18 15:45:00-04:00,long,313.5860859967619,1.6113592257225378,311.3721918753059,312.5713592257225,80737,80816,2020-06-15 15:30:00-04:00,2020-06-18 15:45:00-04:00,test
SPY,double_bottom,1,confirmed_breakout,80817,80818.0,2020-06-18 16:00:00-04:00,long,311.47326582478684,0.26916634752205937,311.03600707922374,313.6291663475221,80738,80817,2020-06-15 15:45:00-04:00,2020-06-18 16:00:00-04:00,test
SPY,double_bottom,0,near_miss,80850,,2020-06-22 11:15:00-04:00,long,312.2856913929757,2.1958880062235835,309.14359969428057,310.9358880062236,80771,80850,2020-06-17 11:00:00-04:00,2020-06-22 11:15:00-04:00,test
SPY,double_bottom,0,failed_breakout,80855,,2020-06-22 12:30:00-04:00,long,309.2544518604257,0.2256852897175463,308.91393344713583,310.47568528971755,80776,80855,2020-06-17 12:15:00-04:00,2020-06-22 12:30:00-04:00,test
SPY,double_bottom,0,near_miss,80860,,2020-06-22 13:45:00-04:00,long,309.00038561885117,0.10604058598312349,308.87475661860026,310.4460405859831,80781,80860,2020-06-17 13:30:00-04:00,2020-06-22 13:45:00-04:00,test
SPY,double_bottom,0,failed_breakout,80933,,2020-06-25 12:30:00-04:00,long,304.36826050837425,0.3099432907249593,303.9807062248639,304.849943290725,80854,80933,2020-06-22 12:15:00-04:00,2020-06-25 12:30:00-04:00,test
SPY,double_bottom,0,near_miss,80941,,2020-06-25 14:30:00-04:00,long,304.0591271312557,0.13698394606336706,303.8635801455207,304.3069839460634,80862,80941,2020-06-22 14:15:00-04:00,2020-06-25 14:30:00-04:00,test
SPY,double_bottom,0,near_miss,80953,,2020-06-26 11:00:00-04:00,long,304.42293452454936,0.29891183383409725,303.8635801455207,301.8089118338341,80874,80953,2020-06-23 10:45:00-04:00,2020-06-26 11:00:00-04:00,test
SPY,double_bottom,0,near_miss,80985,,2020-06-29 12:30:00-04:00,long,305.3483132061189,2.8242441574546433,300.6636728614187,306.36424415745466,80906,80985,2020-06-24 12:15:00-04:00,2020-06-29 12:30:00-04:00,test
SPY,double_bottom,1,confirmed_breakout,81001,81002.0,2020-06-30 10:00:00-04:00,long,303.3463055042794,1.4466517111710573,300.6636728614187,306.83665171117104,80922,81001,2020-06-25 09:45:00-04:00,2020-06-30 10:00:00-04:00,test
SPY,double_bottom,0,near_miss,81111,,2020-07-07 11:30:00-04:00,long,316.47402326254996,1.6408003982079435,313.4497894926682,318.90080039820793,81032,81111,2020-07-01 11:15:00-04:00,2020-07-07 11:30:00-04:00,test
SPY,double_bottom,0,failed_breakout,81140,,2020-07-08 12:15:00-04:00,long,316.6731423699226,0.9127686466114824,315.3005971433037,315.1727686466115,81061,81140,2020-07-02 12:00:00-04:00,2020-07-08 12:15:00-04:00,test
SPY,double_bottom,0,failed_breakout,81160,,2020-07-09 10:45:00-04:00,long,315.37510047480777,0.6031255707818559,314.24335266474816,313.99312557078184,81081,81160,2020-07-06 10:30:00-04:00,2020-07-09 10:45:00-04:00,test
SPY,double_bottom,0,failed_breakout,81179,,2020-07-09 15:30:00-04:00,long,315.27358389889275,1.6055802060619158,313.0926547209135,315.5355802060619,81100,81179,2020-07-06 15:15:00-04:00,2020-07-09 15:30:00-04:00,test
SPY,double_bottom,0,failed_breakout,81292,,2020-07-16 11:15:00-04:00,long,321.2984461987538,2.9660974424261894,315.44941540927425,322.5960974424262,81213,81292,2020-07-13 11:00:00-04:00,2020-07-16 11:15:00-04:00,test
SPY,double_bottom,0,near_miss,81309,,2020-07-16 15:30:00-04:00,long,321.41184220205946,0.8556245843471402,319.89715313204357,321.66562458434714,81230,81309,2020-07-13 15:15:00-04:00,2020-07-16 15:30:00-04:00,test
SPY,double_bottom,0,failed_breakout,81318,,2020-07-17 11:15:00-04:00,long,320.1497725544899,0.18152528023347259,319.89715313204357,321.4115252802335,81239,81318,2020-07-14 11:00:00-04:00,2020-07-17 11:15:00-04:00,test
SPY,double_bottom,0,near_miss,81326,,2020-07-17 13:15:00-04:00,long,320.56957647498524,0.28479164694914516,320.03934141646926,321.6247916469491,81247,81326,2020-07-14 13:00:00-04:00,2020-07-17 13:15:00-04:00,test
SPY,double_bottom,0,near_miss,81349,,2020-07-20 12:30:00-04:00,long,321.8108319180497,0.6999974310293737,320.530228239603,323.4399974310294,81270,81349,2020-07-15 12:15:00-04:00,2020-07-20 12:30:00-04:00,test
SPY,double_bottom,0,near_miss,81407,,2020-07-22 14:00:00-04:00,long,326.35584740031373,2.814003301985963,321.69144073443766,327.58400330198594,81328,81407,2020-07-17 13:45:00-04:00,2020-07-22 14:00:00-04:00,test
SPY,double_bottom,0,failed_breakout,81419,,2020-07-23 10:30:00-04:00,long,325.6947920935603,0.2183357088796356,325.3922474622179,326.6183357088796,81340,81419,2020-07-20 10:15:00-04:00,2020-07-23 10:30:00-04:00,test
SPY,double_bottom,0,near_miss,81469,,2020-07-27 10:00:00-04:00,long,326.5228880961662,3.45445391397692,320.57620305723503,326.0744539139769,81390,81469,2020-07-22 09:45:00-04:00,2020-07-27 10:00:00-04:00,test
SPY,double_bottom,0,near_miss,81476,,2020-07-27 11:45:00-04:00,long,320.7326267629853,0.11578875324812543,320.57620305723503,321.7557887532481,81397,81476,2020-07-22 11:30:00-04:00,2020-07-27 11:45:00-04:00,test
SPY,double_bottom,0,near_miss,81531,,2020-07-29 12:30:00-04:00,long,323.10213514224057,1.5146916183925327,320.6574729622394,325.25469161839254,81452,81531,2020-07-24 12:15:00-04:00,2020-07-29 12:30:00-04:00,test
SPY,double_bottom,0,near_miss,81564,,2020-07-30 14:15:00-04:00,long,324.6437627119094,2.3011358535343334,322.16783963129353,325.73113585353434,81485,81564,2020-07-27 14:00:00-04:00,2020-07-30 14:15:00-04:00,test
SPY,double_bottom,1,confirmed_breakout,81596,81597.0,2020-07-31 15:45:00-04:00,long,323.99582166174406,1.6184040968579438,322.16783963129353,328.1484040968579,81517,81596,2020-07-28 15:30:00-04:00,2020-07-31 15:45:00-04:00,test
SPY,double_bottom,1,confirmed_breakout,81647,81650.0,2020-08-04 15:30:00-04:00,long,329.21692745871707,3.344208128260618,322.5869954984787,334.8642081282606,81568,81647,2020-07-30 15:15:00-04:00,2020-08-04 15:30:00-04:00,test
SPY,double_bottom,0,near_miss,81657,,2020-08-05 11:30:00-04:00,long,329.19789551712216,0.10765904211649513,329.022029787577,332.13765904211647,81578,81657,2020-07-31 11:15:00-04:00,2020-08-05 11:30:00-04:00,test
SPY,double_bottom,0,near_miss,81695,,2020-08-06 14:30:00-04:00,long,331.99872008775935,1.5925524234010595,329.022029787577,335.22255242340105,81616,81695,2020-08-03 14:15:00-04:00,2020-08-06 14:30:00-04:00,test
SPY,double_bottom,0,near_miss,81722,,2020-08-07 14:45:00-04:00,long,333.98716028993096,1.1189425655715013,331.79030554113956,334.1589425655715,81643,81722,2020-08-04 14:30:00-04:00,2020-08-07 14:45:00-04:00,test
SPY,double_bottom,0,near_miss,81735,,2020-08-10 11:30:00-04:00,long,334.0379817035973,0.40937016331389486,333.3110931729875,334.7693701633139,81656,81735,2020-08-05 11:15:00-04:00,2020-08-10 11:30:00-04:00,test
SPY,double_bottom,0,near_miss,81744,,2020-08-10 13:45:00-04:00,long,334.4124762412687,0.5920233418660246,333.3110931729875,335.672023341866,81665,81744,2020-08-05 13:30:00-04:00,2020-08-10 13:45:00-04:00,test
SPY,double_bottom,0,near_miss,81790,,2020-08-12 12:15:00-04:00,long,337.0072941148635,2.056818377212892,334.32981262581774,339.5968183772129,81711,81790,2020-08-07 12:00:00-04:00,2020-08-12 12:15:00-04:00,test
SPY,double_bottom,0,failed_breakout,81825,,2020-08-13 14:30:00-04:00,long,337.76448237001426,1.1062908136023566,335.5711388494835,337.98629081360235,81746,81825,2020-08-10 14:15:00-04:00,2020-08-13 14:30:00-04:00,test
SPY,double_bottom,0,near_miss,81848,,2020-08-14 13:45:00-04:00,long,337.8725225960552,0.6590227120476015,336.6817555046748,337.8090227120476,81769,81848,2020-08-11 13:30:00-04:00,2020-08-14 13:45:00-04:00,test
SPY,double_bottom,0,failed_breakout,81867,,2020-08-17 12:00:00-04:00,long,337.10150032358973,0.4033523642269756,336.6817555046748,338.41335236422697,81788,81867,2020-08-12 11:45:00-04:00,2020-08-17 12:00:00-04:00,test
SPY,double_bottom,0,near_miss,81900,,2020-08-18 13:45:00-04:00,long,338.0935103494336,0.8360750607134833,336.7145404140507,339.6560750607135,81821,81900,2020-08-13 13:30:00-04:00,2020-08-18 13:45:00-04:00,test
SPY,double_bottom,0,near_miss,81954,,2020-08-20 14:15:00-04:00,long,339.2881377660272,1.773664876455257,337.22861561575434,339.52366487645526,81875,81954,2020-08-17 14:00:00-04:00,2020-08-20 14:15:00-04:00,test
SPY,double_bottom,0,failed_breakout,81981,,2020-08-21 14:30:00-04:00,long,338.36419042898757,0.5923119160045758,337.22861561575434,339.6423119160046,81902,81981,2020-08-18 14:15:00-04:00,2020-08-21 14:30:00-04:00,test
SPY,double_bottom,0,near_miss,82020,,2020-08-25 11:15:00-04:00,long,341.76520123488143,1.7739307863412819,338.3151414102116,345.10393078634127,81941,82020,2020-08-20 11:00:00-04:00,2020-08-25 11:15:00-04:00,test
SPY,double_bottom,0,near_miss,82108,,2020-08-28 13:45:00-04:00,long,348.97259323975294,0.3320034780422816,348.39899265161057,349.42200347804226,82029,82108,2020-08-25 13:30:00-04:00,2020-08-28 13:45:00-04:00,test
SPY,double_bottom,0,near_miss,82118,,2020-08-31 09:45:00-04:00,long,349.17777643737196,0.1616903239598173,348.8821868718108,350.6216903239598,82039,82118,2020-08-25 16:00:00-04:00,2020-08-31 09:45:00-04:00,test
SPY,double_bottom,0,near_miss,82137,,2020-08-31 14:30:00-04:00,long,350.2469904335368,0.5844086765787324,349.1499853550135,350.9644086765787,82058,82137,2020-08-26 14:15:00-04:00,2020-08-31 14:30:00-04:00,test
SPY,double_bottom,0,near_miss,82156,,2020-09-01 12:45:00-04:00,long,350.56123411821557,0.27208363422971615,350.17517815890255,351.2320836342297,82077,82156,2020-08-27 12:30:00-04:00,2020-09-01 12:45:00-04:00,test
SPY,double_bottom,0,failed_breakout,82273,,2020-09-08 16:00:00-04:00,long,342.1668171955256,4.201446424565233,336.49270568822186,337.45144642456523,82194,82273,2020-09-02 15:45:00-04:00,2020-09-08 16:00:00-04:00,test
SPY,double_bottom,1,confirmed_breakout,82275,82276.0,2020-09-09 10:00:00-04:00,long,336.6275820414696,0.8201066287821845,335.122245137153,339.2601066287822,82196,82275,2020-09-03 09:45:00-04:00,2020-09-09 10:00:00-04:00,test
SPY,double_bottom,0,failed_breakout,82309,,2020-09-10 12:00:00-04:00,long,341.4552323661609,3.250010423120898,335.122245137153,342.6800104231209,82230,82309,2020-09-04 11:45:00-04:00,2020-09-10 12:00:00-04:00,test
SPY,double_bottom,0,near_miss,82339,,2020-09-11 13:00:00-04:00,long,341.47485958140766,3.2555603956096206,335.1503996226691,336.3955603956096,82260,82339,2020-09-08 12:45:00-04:00,2020-09-11 13:00:00-04:00,test
SPY,double_bottom,1,confirmed_breakout,82351,82352.0,2020-09-11 16:00:00-04:00,long,335.3735870216522,1.2330581712746493,333.13065807808607,339.49305817127464,82272,82351,2020-09-08 15:45:00-04:00,2020-09-11 16:00:00-04:00,test
SPY,double_bottom,0,failed_breakout,82414,,2020-09-16 12:15:00-04:00,long,341.5115160776116,4.6593585391782995,333.13065807808607,346.2193585391783,82335,82414,2020-09-11 12:00:00-04:00,2020-09-16 12:15:00-04:00,test
SPY,double_bottom,0,failed_breakout,82431,,2020-09-17 10:00:00-04:00,long,341.43288987397784,0.5205647394159882,340.57365699878045,335.680564739416,82352,82431,2020-09-14 09:45:00-04:00,2020-09-17 10:00:00-04:00,test
SPY,double_bottom,0,near_miss,82463,,2020-09-18 11:30:00-04:00,long,341.54533058046366,3.7730587689043773,334.2935503527753,336.5830587689044,82384,82463,2020-09-15 11:15:00-04:00,2020-09-18 11:30:00-04:00,test
SPY,double_bottom,0,failed_breakout,82488,,2020-09-21 11:15:00-04:00,long,334.5130630094855,2.147618657333112,330.43733835152943,325.1376186573331,82409,82488,2020-09-16 11:00:00-04:00,2020-09-21 11:15:00-04:00,test
SPY,double_bottom,1,confirmed_breakout,82505,82506.0,2020-09-21 15:30:00-04:00,long,323.7296270591385,0.16536103217231357,323.4548882413954,325.5953610321723,82426,82505,2020-09-16 15:15:00-04:00,2020-09-21 15:30:00-04:00,test
SPY,double_bottom,0,failed_breakout,82506,,2020-09-21 15:45:00-04:00,long,330.53707129838915,3.481580216355951,323.673643812537,328.91158021635596,82427,82506,2020-09-16 15:30:00-04:00,2020-09-21 15:45:00-04:00,test
SPY,double_bottom,1,confirmed_breakout,82599,82602.0,2020-09-25 13:00:00-04:00,long,325.17592495688086,1.8610947843101826,322.9889915735089,328.7210947843102,82520,82599,2020-09-22 12:45:00-04:00,2020-09-25 13:00:00-04:00,test
SPY,double_bottom,0,failed_breakout,82649,,2020-09-29 12:30:00-04:00,long,334.43768344344903,5.467199380270472,323.6406687716325,337.6471993802705,82570,82649,2020-09-24 12:15:00-04:00,2020-09-29 12:30:00-04:00,test
SPY,double_bottom,1,confirmed_breakout,82664,82665.0,2020-09-30 09:45:00-04:00,long,333.0460075570168,0.27740000275224475,332.5478966685772,335.34740000275224,82585,82664,2020-09-24 16:00:00-04:00,2020-09-30 09:45:00-04:00,test
SPY,double_bottom,0,near_miss,82699,,2020-10-01 12:00:00-04:00,long,336.987518879488,2.606646032406559,332.98931843995194,339.80664603240655,82620,82699,2020-09-28 11:45:00-04:00,2020-10-01 12:00:00-04:00,test
SPY,double_bottom,0,near_miss,82736,,2020-10-02 14:45:00-04:00,long,336.9912982887951,1.8504994629368525,334.50917039750556,336.85049946293685,82657,82736,2020-09-29 14:30:00-04:00,2020-10-02 14:45:00-04:00,test
SPY,double_bottom,1,confirmed_breakout,82741,82742.0,2020-10-02 16:00:00-04:00,long,334.83276811827807,0.19164448577782878,334.50917039750556,337.0816444857778,82662,82741,2020-09-29 15:45:00-04:00,2020-10-02 16:00:00-04:00,test
SPY,double_bottom,1,confirmed_breakout,82769,82770.0,2020-10-06 10:00:00-04:00,long,338.36341799073546,1.835373071782783,334.77307686749486,342.0153730717828,82690,82769,2020-10-01 09:45:00-04:00,2020-10-06 10:00:00-04:00,test
SPY,double_bottom,0,near_miss,82806,,2020-10-07 12:45:00-04:00,long,340.53097661610315,2.295638364503475,338.18766353278886,341.69563836450345,82727,82806,2020-10-02 12:30:00-04:00,2020-10-07 12:45:00-04:00,test
SPY,double_bottom,0,near_miss,82955,,2020-10-15 11:00:00-04:00,long,350.79463284405585,1.4565197602678381,348.1972123601401,346.20651976026784,82876,82955,2020-10-12 10:45:00-04:00,2020-10-15 11:00:00-04:00,test
SPY,double_bottom,0,failed_breakout,82972,,2020-10-15 15:15:00-04:00,long,348.36343364178293,1.5441741671586442,345.4413065891085,348.47417416715865,82893,82972,2020-10-12 15:00:00-04:00,2020-10-15 15:15:00-04:00,test
SPY,double_bottom,0,failed_breakout,83000,,2020-10-16 15:45:00-04:00,long,349.2421403762732,1.937823099931677,345.4413065891085,350.25782309993167,82921,83000,2020-10-13 15:30:00-04:00,2020-10-16 15:45:00-04:00,test
SPY,double_bottom,0,near_miss,83038,,2020-10-20 12:15:00-04:00,long,349.38004780311235,3.0377436142003944,343.51728041424934,347.3077436142004,82959,83038,2020-10-15 12:00:00-04:00,2020-10-20 12:15:00-04:00,test
SPY,double_bottom,0,near_miss,83045,,2020-10-20 14:00:00-04:00,long,343.7666499723666,0.1469932193126624,343.51728041424934,345.88699321931267,82966,83045,2020-10-15 13:45:00-04:00,2020-10-20 14:00:00-04:00,test
SPY,double_bottom,0,failed_breakout,83064,,2020-10-21 12:15:00-04:00,long,345.4458309616784,1.166207779754302,343.7220330918586,344.4662077797543,82985,83064,2020-10-16 12:00:00-04:00,2020-10-21 12:15:00-04:00,test
SPY,double_bottom,0,near_miss,83081,,2020-10-22 10:00:00-04:00,long,344.9039156577387,0.7442969638553905,343.48202411577705,344.1742969638554,83002,83081,2020-10-19 09:45:00-04:00,2020-10-22 10:00:00-04:00,test
SPY,double_bottom,0,failed_breakout,83102,,2020-10-22 15:15:00-04:00,long,344.03984887689677,0.994661156992322,342.6083513240318,345.17466115699233,83023,83102,2020-10-19 15:00:00-04:00,2020-10-22 15:15:00-04:00,test
SPY,double_bottom,0,failed_breakout,83132,,2020-10-26 09:45:00-04:00,long,344.8435145109798,1.4381925454828206,342.6083513240318,343.53819254548284,83053,83132,2020-10-20 16:00:00-04:00,2020-10-26 09:45:00-04:00,test
SPY,double_bottom,0,failed_breakout,83269,,2020-11-02 11:30:00-05:00,long,331.37047781012546,5.348333442074988,324.2034071735176,335.68833344207496,83190,83269,2020-10-28 11:15:00-04:00,2020-11-02 11:30:00-05:00,test
SPY,double_bottom,1,confirmed_breakout,83287,83288.0,2020-11-02 16:00:00-05:00,long,330.0366592347018,3.4567358394664325,324.2034071735176,337.45673583946643,83208,83287,2020-10-28 15:45:00-04:00,2020-11-02 16:00:00-05:00,test
SPY,double_bottom,0,near_miss,83320,,2020-11-04 11:15:00-05:00,long,336.63537542413957,4.068174661300475,328.95643961695316,348.7581746613005,83241,83320,2020-10-30 11:00:00-04:00,2020-11-04 11:15:00-05:00,test
SPY,double_bottom,0,near_miss,83349,,2020-11-05 12:00:00-05:00,long,346.1694907545891,5.559094021651731,336.1779619087251,355.8290940216517,83270,83349,2020-11-02 11:45:00-05:00,2020-11-05 12:00:00-05:00,test
SPY,double_bottom,0,failed_breakout,83383,,2020-11-06 14:00:00-05:00,long,351.0840922102741,3.6774766986025043,345.0428315571496,354.14747669860253,83304,83383,2020-11-03 13:45:00-05:00,2020-11-06 14:00:00-05:00,test
SPY,double_bottom,0,failed_breakout,83504,,2020-11-13 11:45:00-05:00,long,356.86239753570914,3.7252950609304776,352.57780510433196,359.6952950609305,83425,83504,2020-11-10 11:30:00-05:00,2020-11-13 11:45:00-05:00,test
SPY,double_bottom,0,failed_breakout,83555,,2020-11-17 11:30:00-05:00,long,361.31582662316475,4.613346972149088,352.57780510433196,365.3533469721491,83476,83555,2020-11-12 11:15:00-05:00,2020-11-17 11:30:00-05:00,test
SPY,double_bottom,0,near_miss,83563,,2020-11-17 13:30:00-05:00,long,361.04283114758925,0.5200832155331909,360.21834166641287,361.9300832155332,83484,83563,2020-11-12 13:15:00-05:00,2020-11-17 13:30:00-05:00,test
SPY,double_bottom,0,failed_breakout,83650,,2020-11-20 15:45:00-05:00,long,357.29567099399685,0.8661338675543675,355.87610811976805,357.36613386755437,83571,83650,2020-11-17 15:30:00-05:00,2020-11-20 15:45:00-05:00,test
SPY,double_bottom,0,failed_breakout,83661,,2020-11-23 12:00:00-05:00,long,357.0441789009912,0.26898392896077894,356.567423810944,356.04898392896075,83582,83661,2020-11-18 11:45:00-05:00,2020-11-23 12:00:00-05:00,test
SPY,double_bottom,0,near_miss,83674,,2020-11-23 15:15:00-05:00,long,356.8596863160244,0.5182397589265975,356.1154693032516,358.6482397589266,83595,83674,2020-11-18 15:00:00-05:00,2020-11-23 15:15:00-05:00,test
SPY,double_bottom,0,failed_breakout,83725,,2020-11-25 15:00:00-05:00,long,363.03105637591113,3.8707660021374295,356.1154693032516,366.3307660021374,83646,83725,2020-11-20 14:45:00-05:00,2020-11-25 15:00:00-05:00,test
SPY,double_bottom,0,near_miss,83810,,2020-12-03 10:15:00-05:00,long,366.0271045158949,0.1483118784418025,365.8135456080638,367.61831187844183,83731,83810,2020-11-30 10:00:00-05:00,2020-12-03 10:15:00-05:00,test
SPY,double_bottom,0,near_miss,83838,,2020-12-04 10:45:00-05:00,long,367.4132027315169,0.8756822236572361,365.94403966684246,370.00568222365723,83759,83838,2020-12-01 10:30:00-05:00,2020-12-04 10:45:00-05:00,test
SPY,double_bottom,0,near_miss,83843,,2020-12-04 12:00:00-05:00,long,367.3336208719545,0.17047340392582555,367.1310013488769,369.22047340392584,83764,83843,2020-12-01 11:45:00-05:00,2020-12-04 12:00:00-05:00,test
SPY,double_bottom,0,near_miss,83863,,2020-12-07 10:30:00-05:00,long,368.9271666676519,0.8923376644701762,367.1952935871805,370.29233766447015,83784,83863,2020-12-02 10:15:00-05:00,2020-12-07 10:30:00-05:00,test
SPY,double_bottom,0,near_miss,83970,,2020-12-11 11:15:00-05:00,long,366.9890881827763,0.24785362296893254,366.53226679119604,365.43785362296893,83891,83970,2020-12-08 11:00:00-05:00,2020-12-11 11:15:00-05:00,test
SPY,double_bottom,0,near_miss,83989,,2020-12-11 16:00:00-05:00,long,366.5991485531847,1.1242129232389857,364.4176044686954,367.40421292323896,83910,83989,2020-12-08 15:45:00-05:00,2020-12-11 16:00:00-05:00,test
SPY,double_bottom,0,failed_breakout,84025,,2020-12-15 12:00:00-05:00,long,368.04422862185965,2.7213062934608843,364.4176044686954,369.8813062934609,83946,84025,2020-12-10 11:45:00-05:00,2020-12-15 12:00:00-05:00,test
SPY,double_bottom,1,confirmed_breakout,84070,84071.0,2020-12-17 10:15:00-05:00,long,369.955033288438,1.948356782075848,366.2282401881021,373.8483567820758,83991,84070,2020-12-14 10:00:00-05:00,2020-12-17 10:15:00-05:00,test
SPY,double_bottom,0,failed_breakout,84169,,2020-12-22 15:30:00-05:00,long,367.7877720698598,1.6177122073200962,364.9229854020363,368.5977122073201,84090,84169,2020-12-17 15:15:00-05:00,2020-12-22 15:30:00-05:00,test
SPY,double_bottom,0,failed_breakout,84181,,2020-12-23 12:00:00-05:00,long,367.6701706426012,0.23876367395519082,367.4171343230431,369.3387636739552,84102,84181,2020-12-18 11:45:00-05:00,2020-12-23 12:00:00-05:00,test
SPY,double_bottom,0,near_miss,84207,,2020-12-28 12:00:00-05:00,long,369.2453783477895,1.0540144132305613,367.44567961424895,372.9040144132306,84128,84207,2020-12-21 11:45:00-05:00,2020-12-28 12:00:00-05:00,test
SPY,double_bottom,0,near_miss,84237,,2020-12-29 13:00:00-05:00,long,372.4410164169163,1.776094101616593,368.9370482548689,373.3260941016166,84158,84237,2020-12-22 12:45:00-05:00,2020-12-29 13:00:00-05:00,test
SPY,double_bottom,0,near_miss,84256,,2020-12-30 11:15:00-05:00,long,372.51892080191914,0.5774599162055551,371.4901253956966,373.13745991620556,84177,84256,2020-12-23 11:00:00-05:00,2020-12-30 11:15:00-05:00,test
SPY,double_bottom,0,near_miss,84296,,2020-12-31 14:45:00-05:00,long,372.44413322172164,0.8405398166556779,371.4901253956966,373.8305398166557,84217,84296,2020-12-28 14:30:00-05:00,2020-12-31 14:45:00-05:00,test
SPY,double_bottom,0,near_miss,84303,,2021-01-04 10:00:00-05:00,long,371.77937327818984,0.03723361606085973,371.7170614144353,373.54723361606085,84224,84303,2020-12-29 09:45:00-05:00,2021-01-04 10:00:00-05:00,test
SPY,double_bottom,0,near_miss,84332,,2021-01-05 10:45:00-05:00,long,373.06510112715864,3.4006794743278306,367.5616253958389,371.90067947432783,84253,84332,2020-12-30 10:30:00-05:00,2021-01-05 10:45:00-05:00,test
SPY,double_bottom,1,confirmed_breakout,84381,84382.0,2021-01-07 10:00:00-05:00,long,376.06004217374164,4.779914801066695,367.5616253958389,383.2199148010667,84302,84381,2021-01-04 09:45:00-05:00,2021-01-07 10:00:00-05:00,test
SPY,double_bottom,0,near_miss,84436,,2021-01-11 10:45:00-05:00,long,380.16007985272836,3.0391452927529485,374.99862934951096,382.65914529275295,84357,84436,2021-01-06 10:30:00-05:00,2021-01-11 10:45:00-05:00,test
SPY,double_bottom,0,failed_breakout,84448,,2021-01-11 13:45:00-05:00,long,379.87101314890714,0.4756981951389321,379.24323977043986,379.8056981951389,84369,84448,2021-01-06 13:30:00-05:00,2021-01-11 13:45:00-05:00,test
SPY,double_bottom,0,near_miss,84470,,2021-01-12 12:45:00-05:00,long,379.88238864801644,0.6658764222185027,378.88563431449944,378.4958764222185,84391,84470,2021-01-07 12:30:00-05:00,2021-01-12 12:45:00-05:00,test
SPY,double_bottom,0,failed_breakout,84483,,2021-01-12 16:00:00-05:00,long,379.02837622594706,0.4489135065384744,378.2732911243177,379.26891350653847,84404,84483,2021-01-07 15:45:00-05:00,2021-01-12 16:00:00-05:00,test
SPY,double_bottom,1,confirmed_breakout,84571,84574.0,2021-01-19 12:00:00-05:00,long,376.64512218338115,0.3057061947772013,376.22843046689366,378.9657061947772,84492,84571,2021-01-13 11:45:00-05:00,2021-01-19 12:00:00-05:00,test
SPY,double_bottom,0,near_miss,84625,,2021-01-21 12:30:00-05:00,long,384.00888872997274,3.793275880750855,376.4504015103143,387.43327588075084,84546,84625,2021-01-15 12:15:00-05:00,2021-01-21 12:30:00-05:00,test
SPY,double_bottom,0,near_miss,84639,,2021-01-21 16:00:00-05:00,long,384.3332063930167,0.31975855286810884,383.9808241881294,384.5097585528681,84560,84639,2021-01-15 15:45:00-05:00,2021-01-21 16:00:00-05:00,test
SPY,double_bottom,0,near_miss,84658,,2021-01-22 14:15:00-05:00,long,384.4893501246623,0.9172451295231099,383.09813849811064,384.1072451295231,84579,84658,2021-01-19 14:00:00-05:00,2021-01-22 14:15:00-05:00,test
SPY,double_bottom,0,failed_breakout,84688,,2021-01-25 15:15:00-05:00,long,383.85371715951703,1.1871128345683815,382.23507015178666,383.8771128345684,84609,84688,2021-01-20 15:00:00-05:00,2021-01-25 15:15:00-05:00,test
SPY,double_bottom,0,failed_breakout,84715,,2021-01-26 15:30:00-05:00,long,384.224821563663,1.0619511467298821,382.23507015178666,385.96195114672986,84636,84715,2021-01-21 15:15:00-05:00,2021-01-26 15:30:00-05:00,test
SPY,double_bottom,0,near_miss,84753,,2021-01-28 12:00:00-05:00,long,384.5367509138985,4.710496286616433,375.5618385724846,385.31049628661646,84674,84753,2021-01-25 11:45:00-05:00,2021-01-28 12:00:00-05:00,test
SPY,double_bottom,0,failed_breakout,84801,,2021-02-01 11:00:00-05:00,long,381.067969866687,7.859136936273671,370.855827288342,380.69913693627365,84722,84801,2021-01-27 10:45:00-05:00,2021-02-01 11:00:00-05:00,test
SPY,double_bottom,1,confirmed_breakout,84883,84888.0,2021-02-04 12:00:00-05:00,long,383.0572499716296,0.662329045484455,381.9313441021432,385.8223290454845,84804,84883,2021-02-01 11:45:00-05:00,2021-02-04 12:00:00-05:00,test
SPY,double_bottom,0,near_miss,84935,,2021-02-08 12:00:00-05:00,long,387.8507351087004,2.601353654991783,382.85849775014697,391.49135365499177,84856,84935,2021-02-03 11:45:00-05:00,2021-02-08 12:00:00-05:00,test
SPY,double_bottom,0,near_miss,84955,,2021-02-09 10:30:00-05:00,long,389.10009987610533,0.7518356731561653,387.6402651572703,390.96183567315614,84876,84955,2021-02-04 10:15:00-05:00,2021-02-09 10:30:00-05:00,test
SPY,double_bottom,0,near_miss,85002,,2021-02-10 15:45:00-05:00,long,390.8549198947432,1.540703294042828,389.0562632486281,390.95070329404285,84923,85002,2021-02-05 15:30:00-05:00,2021-02-10 15:45:00-05:00,test
SPY,double_bottom,0,failed_breakout,85034,,2021-02-12 10:45:00-05:00,long,390.6496960807893,1.0769744442068827,389.57216995277264,392.5169744442069,84955,85034,2021-02-09 10:30:00-05:00,2021-02-12 10:45:00-05:00,test
SPY,double_bottom,1,confirmed_breakout,85055,85056.0,2021-02-12 16:00:00-05:00,long,391.1509250790761,0.863049421170615,389.5732733203922,394.9230494211706,84976,85055,2021-02-09 15:45:00-05:00,2021-02-12 16:00:00-05:00,test
SPY,double_bottom,0,near_miss,85078,,2021-02-16 15:15:00-05:00,long,392.9252442865747,1.0315971746486525,391.0024779954188,393.73159717464864,84999,85078,2021-02-10 15:00:00-05:00,2021-02-16 15:15:00-05:00,test
SPY,double_bottom,0,near_miss,85083,,2021-02-17 10:00:00-05:00,long,392.79275308373457,0.021504994344979877,392.75767995034596,391.081504994345,85004,85083,2021-02-11 09:45:00-05:00,2021-02-17 10:00:00-05:00,test
SPY,double_bottom,0,near_miss,85103,,2021-02-17 15:00:00-05:00,long,392.8303796743696,1.0900744215481382,390.722930555297,392.9300744215481,85024,85103,2021-02-11 14:45:00-05:00,2021-02-17 15:00:00-05:00,test
SPY,double_bottom,0,failed_breakout,85132,,2021-02-18 15:45:00-05:00,long,391.7748020675511,1.8379014815429855,389.1508706167192,393.137901481543,85053,85132,2021-02-12 15:30:00-05:00,2021-02-18 15:45:00-05:00,test
SPY,double_bottom,0,failed_breakout,85181,,2021-02-22 15:00:00-05:00,long,391.7614539734533,3.1417396447467354,388.08855804069395,392.05173964474676,85102,85181,2021-02-17 14:45:00-05:00,2021-02-22 15:00:00-05:00,test
SPY,double_bottom,0,failed_breakout,85210,,2021-02-23 15:45:00-05:00,long,388.8691177173698,2.805721923101487,384.0382335478427,391.0457219231015,85131,85210,2021-02-18 15:30:00-05:00,2021-02-23 15:45:00-05:00,test
SPY,double_bottom,0,near_miss,85337,,2021-03-02 15:00:00-05:00,long,389.9605746365725,4.80977116410628,382.1622727109959,393.8597711641063,85258,85337,2021-02-25 14:45:00-05:00,2021-03-02 15:00:00-05:00,test
SPY,double_bottom,0,failed_breakout,85385,,2021-03-04 14:00:00-05:00,long,388.7551254538379,3.7844915879875884,381.80193349776397,375.7244915879876,85306,85385,2021-03-01 13:45:00-05:00,2021-03-04 14:00:00-05:00,test
SPY,double_bottom,0,failed_breakout,85403,,2021-03-05 12:00:00-05:00,long,382.01615672537895,2.996314403930512,376.23775114513296,378.8563144039305,85324,85403,2021-03-02 11:45:00-05:00,2021-03-05 12:00:00-05:00,test
SPY,double_bottom,1,confirmed_breakout,85405,85406.0,2021-03-05 12:30:00-05:00,long,376.571217597392,0.6839293283101142,375.53682539303077,379.7639293283101,85326,85405,2021-03-02 12:15:00-05:00,2021-03-05 12:30:00-05:00,test
SPY,double_bottom,0,near_miss,85455,,2021-03-09 12:00:00-05:00,long,386.493948746794,6.450038742202992,375.53682539303077,395.370038742203,85376,85455,2021-03-04 11:45:00-05:00,2021-03-09 12:00:00-05:00,test
SPY,double_bottom,0,failed_breakout,85481,,2021-03-10 12:00:00-05:00,long,389.38596336497415,2.6273020746442626,384.55099461615123,392.7373020746443,85402,85481,2021-03-05 11:45:00-05:00,2021-03-10 12:00:00-05:00,test
SPY,double_bottom,0,near_miss,85486,,2021-03-10 13:15:00-05:00,long,389.2040836651768,0.1593066547425792,388.96632796450854,390.61930665474256,85407,85486,2021-03-05 13:00:00-05:00,2021-03-10 13:15:00-05:00,test
SPY,double_bottom,0,near_miss,85507,,2021-03-11 12:00:00-05:00,long,390.22504995431916,0.5947940323884495,389.12322605636,395.41479403238844,85428,85507,2021-03-08 11:45:00-05:00,2021-03-11 12:00:00-05:00,test
SPY,double_bottom,0,near_miss,85544,,2021-03-12 14:45:00-05:00,long,394.78138661244896,3.46195034032354,390.1372857875014,396.87195034032356,85465,85544,2021-03-09 14:30:00-05:00,2021-03-12 14:45:00-05:00,test
SPY,double_bottom,1,confirmed_breakout,85571,85575.0,2021-03-15 15:00:00-04:00,long,393.7315639825753,0.7331556881724168,392.5015867567494,397.21315568817244,85492,85571,2021-03-10 14:45:00-05:00,2021-03-15 15:00:00-04:00,test
SPY,double_bottom,0,near_miss,85629,,2021-03-18 10:00:00-04:00,long,396.9645909383228,3.1464183606816505,393.49522983205645,398.3664183606817,85550,85629,2021-03-15 09:45:00-04:00,2021-03-18 10:00:00-04:00,test
SPY,double_bottom,0,failed_breakout,85646,,2021-03-18 14:15:00-04:00,long,396.22131507894926,1.3371172372264368,394.14111532322573,396.44711723722645,85567,85646,2021-03-15 14:00:00-04:00,2021-03-18 14:15:00-04:00,test
SPY,double_bottom,0,near_miss,85653,,2021-03-18 16:00:00-04:00,long,395.8043613786787,0.1936633923284603,395.5941156124806,391.62366339232847,85574,85653,2021-03-15 15:45:00-04:00,2021-03-18 16:00:00-04:00,test
SPY,double_bottom,0,failed_breakout,85673,,2021-03-19 14:30:00-04:00,long,395.6630162375199,2.92548437556178,389.8809481114356,393.7454843755618,85594,85673,2021-03-16 14:15:00-04:00,2021-03-19 14:30:00-04:00,test
SPY,double_bottom,1,confirmed_breakout,85690,85691.0,2021-03-22 12:15:00-04:00,long,390.90529210524346,0.5922657558765536,389.8809481114356,393.52226575587656,85611,85690,2021-03-17 12:00:00-04:00,2021-03-22 12:15:00-04:00,test
SPY,double_bottom,0,near_miss,85721,,2021-03-23 13:30:00-04:00,long,393.3206574445102,1.6209637413943483,390.7451045872982,394.60096374139437,85642,85721,2021-03-18 13:15:00-04:00,2021-03-23 13:30:00-04:00,test
SPY,double_bottom,0,near_miss,85728,,2021-03-23 15:15:00-04:00,long,392.71491217898335,0.06117704675125424,392.6531874455307,390.00117704675125,85649,85728,2021-03-18 15:00:00-04:00,2021-03-23 15:15:00-04:00,test
SPY,double_bottom,0,near_miss,85745,,2021-03-24 13:00:00-04:00,long,392.77955537605436,1.0684100073564196,390.7691032918652,392.41841000735644,85666,85745,2021-03-19 12:45:00-04:00,2021-03-24 13:00:00-04:00,test
SPY,double_bottom,0,failed_breakout,85778,,2021-03-25 14:45:00-04:00,long,391.70922535696474,3.1990761713618667,386.25119507934056,391.38907617136186,85699,85778,2021-03-22 14:30:00-04:00,2021-03-25 14:45:00-04:00,test
SPY,double_bottom,1,confirmed_breakout,85808,85809.0,2021-03-26 15:45:00-04:00,long,392.12306634564237,3.0538323160890855,386.25119507934056,399.0038323160891,85729,85808,2021-03-23 15:30:00-04:00,2021-03-26 15:45:00-04:00,test
SPY,double_bottom,0,near_miss,85864,,2021-03-31 10:15:00-04:00,long,395.7351089034338,2.734645792433753,391.887272979766,398.93464579243374,85785,85864,2021-03-26 10:00:00-04:00,2021-03-31 10:15:00-04:00,test
SPY,double_bottom,1,confirmed_breakout,85897,85898.0,2021-04-01 12:00:00-04:00,long,397.45940592835495,1.7881795935089713,394.113653242234,401.31817959350894,85818,85897,2021-03-29 11:45:00-04:00,2021-04-01 12:00:00-04:00,test
SPY,double_bottom,0,near_miss,85950,,2021-04-06 12:15:00-04:00,long,406.3405014336792,4.590684591728689,397.228799427458,411.6306845917287,85871,85950,2021-03-31 12:00:00-04:00,2021-04-06 12:15:00-04:00,test
SPY,double_bottom,0,near_miss,85978,,2021-04-07 12:45:00-04:00,long,406.8720351841566,0.5557242080754463,406.2708342564431,406.49572420807544,85899,85978,2021-04-01 12:30:00-04:00,2021-04-07 12:45:00-04:00,test
SPY,double_bottom,0,near_miss,85991,,2021-04-07 16:00:00-04:00,long,406.515484894373,0.2728741985420129,406.1234336959429,406.852874198542,85912,85991,2021-04-01 15:45:00-04:00,2021-04-07 16:00:00-04:00,test
SPY,double_bottom,0,near_miss,86117,,2021-04-14 15:00:00-04:00,long,413.31728511967185,1.1685328558058927,411.02719096781414,412.5185328558059,86038,86117,2021-04-09 14:45:00-04:00,2021-04-14 15:00:00-04:00,test
SPY,double_bottom,0,near_miss,86131,,2021-04-15 12:00:00-04:00,long,413.310705082594,0.6365719803437173,412.07795264458275,415.4565719803437,86052,86131,2021-04-12 11:45:00-04:00,2021-04-15 12:00:00-04:00,test
SPY,double_bottom,0,failed_breakout,86155,,2021-04-16 11:30:00-04:00,long,415.33841329481646,1.6507416224834515,412.07795264458275,417.96074162248345,86076,86155,2021-04-13 11:15:00-04:00,2021-04-16 11:30:00-04:00,test
SPY,double_bottom,0,near_miss,86207,,2021-04-20 11:30:00-04:00,long,417.1472875576442,2.145429232566187,414.7063259500727,413.72542923256617,86128,86207,2021-04-15 11:15:00-04:00,2021-04-20 11:30:00-04:00,test
SPY,double_bottom,0,failed_breakout,86232,,2021-04-21 11:15:00-04:00,long,414.7774660365147,1.6128978841344974,411.6228103546876,415.7928978841345,86153,86232,2021-04-16 11:00:00-04:00,2021-04-21 11:15:00-04:00,test
SPY,double_bottom,0,failed_breakout,86288,,2021-04-23 12:15:00-04:00,long,416.05584571625036,3.737769165712507,411.6228103546876,420.08776916571253,86209,86288,2021-04-20 12:00:00-04:00,2021-04-23 12:15:00-04:00,test
SPY,double_bottom,0,failed_breakout,86330,,2021-04-27 09:45:00-04:00,long,417.7503566360365,2.4369163295735916,413.0133427463881,419.4869163295736,86251,86330,2021-04-21 16:00:00-04:00,2021-04-27 09:45:00-04:00,test
SPY,double_bottom,0,near_miss,86348,,2021-04-27 14:15:00-04:00,long,417.7794570326252,0.34028129156473597,417.26481361558325,417.63028129156476,86269,86348,2021-04-22 14:00:00-04:00,2021-04-27 14:15:00-04:00,test
SPY,double_bottom,0,near_miss,86385,,2021-04-29 10:30:00-04:00,long,417.9628747559903,0.5070873163641636,417.26481361558325,419.4270873163642,86306,86385,2021-04-26 10:15:00-04:00,2021-04-29 10:30:00-04:00,test
SPY,double_bottom,0,near_miss,86406,,2021-04-29 15:45:00-04:00,long,418.59793635731086,0.7491800234875541,417.646761263669,420.66918002348757,86327,86406,2021-04-26 15:30:00-04:00,2021-04-29 15:45:00-04:00,test
SPY,double_bottom,0,near_miss,86443,,2021-05-03 12:00:00-04:00,long,419.39731553495983,1.778455909271429,417.1869678473992,420.58845590927143,86364,86443,2021-04-28 11:45:00-04:00,2021-05-03 12:00:00-04:00,test
SPY,double_bottom,0,near_miss,86461,,2021-05-04 10:00:00-04:00,long,418.6236796685688,0.7652144594061951,417.1869678473992,414.6452144594062,86382,86461,2021-04-29 09:45:00-04:00,2021-05-04 10:00:00-04:00,test
SPY,double_bottom,0,near_miss,86486,,2021-05-05 09:45:00-04:00,long,418.722524288689,2.8028875472074333,413.3093109120371,419.5128875472074,86407,86486,2021-04-29 16:00:00-04:00,2021-05-05 09:45:00-04:00,test
SPY,double_bottom,0,failed_breakout,86528,,2021-05-06 13:45:00-04:00,long,416.8715349470119,2.59933021841249,413.3093109120371,419.3193302184125,86449,86528,2021-05-03 13:30:00-04:00,2021-05-06 13:45:00-04:00,test
SPY,double_bottom,1,confirmed_breakout,86536,86537.0,2021-05-06 15:45:00-04:00,long,416.57691048767606,0.7530714120590574,415.23509854516175,419.83307141205904,86457,86536,2021-05-03 15:30:00-04:00,2021-05-06 15:45:00-04:00,test
