symbol,pattern,label,reason,anchor_idx,breakout_idx,ts_event,direction,neckline,pattern_height,stop_price,target_price,window_start_idx,window_end_idx,window_start_ts,window_end_ts,split
SPY,double_top,0,failed_breakout,92,,2008-01-25 13:15:00-05:00,short,128.47512744119118,4.6255534038186,135.29500314542128,129.5644465961814,13,92,2008-01-22 13:00:00-05:00,2008-01-25 13:15:00-05:00,train
SPY,double_top,0,failed_breakout,135,,2008-01-29 11:00:00-05:00,short,133.18474323201607,1.5851237404541791,135.29500314542128,134.1448762595458,56,135,2008-01-24 10:45:00-05:00,2008-01-29 11:00:00-05:00,train
SPY,double_top,0,failed_breakout,151,,2008-01-29 15:00:00-05:00,short,134.22152712100925,0.7585070402219287,135.71533752294314,135.09149295977807,72,151,2008-01-24 14:45:00-05:00,2008-01-29 15:00:00-05:00,train
SPY,double_top,0,failed_breakout,165,,2008-01-30 12:00:00-05:00,short,135.67169488161898,0.11394069834437914,135.85593363698354,135.5560593016556,86,165,2008-01-25 11:45:00-05:00,2008-01-30 12:00:00-05:00,train
SPY,double_top,0,near_miss,172,,2008-01-30 13:45:00-05:00,short,135.82324730292652,0.05648166369243768,135.90352429625437,135.63351833630756,93,172,2008-01-25 13:30:00-05:00,2008-01-30 13:45:00-05:00,train
SPY,double_top,1,confirmed_breakout,181,182.0,2008-01-30 16:00:00-05:00,short,135.76400238780454,0.07823840146733119,135.90352429625437,133.60176159853268,102,181,2008-01-25 15:45:00-05:00,2008-01-30 16:00:00-05:00,train
SPY,double_top,0,near_miss,189,,2008-01-31 11:30:00-05:00,short,135.7574025092183,0.49342578359500067,136.72069930333723,135.516574216405,110,189,2008-01-28 11:15:00-05:00,2008-01-31 11:30:00-05:00,train
SPY,double_top,0,failed_breakout,244,,2008-02-04 12:15:00-05:00,short,135.30893596784185,2.548667625686022,138.99450788371854,135.971332374314,165,244,2008-01-30 12:00:00-05:00,2008-02-04 12:15:00-05:00,train
SPY,double_top,0,near_miss,356,,2008-02-08 14:15:00-05:00,short,132.74749998195787,1.3966809113502165,134.62954801916908,131.16331908864979,277,356,2008-02-05 14:00:00-05:00,2008-02-08 14:15:00-05:00,train
SPY,double_top,0,failed_breakout,373,,2008-02-11 12:00:00-05:00,short,132.87693545345394,0.41976552670277556,133.6588137674471,132.42023447329723,294,373,2008-02-06 11:45:00-05:00,2008-02-11 12:00:00-05:00,train
SPY,double_top,0,near_miss,418,,2008-02-13 10:15:00-05:00,short,132.72176383687972,1.5849442538735445,135.6788279886402,134.55505574612644,339,418,2008-02-08 10:00:00-05:00,2008-02-13 10:15:00-05:00,train
SPY,double_top,0,failed_breakout,455,,2008-02-14 13:00:00-05:00,short,135.28910504865428,0.813354035846487,136.5260901803613,134.70664596415352,376,455,2008-02-11 12:45:00-05:00,2008-02-14 13:00:00-05:00,train
SPY,double_top,0,failed_breakout,560,,2008-02-21 13:15:00-05:00,short,134.43470913324558,1.6307880615942736,136.11666372790447,133.32921193840573,481,560,2008-02-15 13:00:00-05:00,2008-02-21 13:15:00-05:00,train
SPY,double_top,0,failed_breakout,656,,2008-02-27 11:15:00-05:00,short,135.71454699714508,1.3694108592798102,138.4013989198147,137.27058914072018,577,656,2008-02-22 11:00:00-05:00,2008-02-27 11:15:00-05:00,train
SPY,double_top,1,confirmed_breakout,675,676.0,2008-02-27 16:00:00-05:00,short,138.16175938320623,0.3994433667839985,138.72100658016572,136.790556633216,596,675,2008-02-22 15:45:00-05:00,2008-02-27 16:00:00-05:00,train
SPY,double_top,0,near_miss,708,,2008-02-29 11:15:00-05:00,short,136.9900938833788,0.9567106389682465,138.72100658016572,133.72328936103176,629,708,2008-02-26 11:00:00-05:00,2008-02-29 11:15:00-05:00,train
SPY,double_top,0,near_miss,753,,2008-03-03 16:00:00-05:00,short,133.15458257066396,2.084771325149319,137.17260246452835,131.32522867485068,674,753,2008-02-27 15:45:00-05:00,2008-03-03 16:00:00-05:00,train
SPY,double_top,0,near_miss,763,,2008-03-04 12:00:00-05:00,short,132.96943251306652,0.18609818665024136,133.30610532709824,131.36390181334977,684,763,2008-02-28 11:45:00-05:00,2008-03-04 12:00:00-05:00,train
SPY,double_top,0,near_miss,803,,2008-03-05 15:30:00-05:00,short,131.64454507831076,1.8140038280618285,133.9121417404099,131.46599617193817,724,803,2008-02-29 15:15:00-05:00,2008-03-05 15:30:00-05:00,train
SPY,double_top,0,near_miss,905,,2008-03-11 15:00:00-04:00,short,128.1939137962557,1.4570408045798047,129.68612360484065,129.8229591954202,826,905,2008-03-06 14:45:00-05:00,2008-03-11 15:00:00-04:00,train
SPY,double_top,0,failed_breakout,933,,2008-03-12 15:30:00-04:00,short,129.6335059857266,1.6378433242883546,132.85657501518926,130.21215667571164,854,933,2008-03-07 15:15:00-05:00,2008-03-12 15:30:00-04:00,train
SPY,double_top,1,confirmed_breakout,972,974.0,2008-03-14 12:15:00-04:00,short,130.02538736624572,2.4091767049103225,132.85657501518926,126.79082329508967,893,972,2008-03-11 12:00:00-04:00,2008-03-14 12:15:00-04:00,train
SPY,double_top,0,failed_breakout,1084,,2008-03-20 14:15:00-04:00,short,130.84484637049016,1.3865554090584453,133.58321979819186,130.18344459094155,1005,1084,2008-03-17 14:00:00-04:00,2008-03-20 14:15:00-04:00,train
SPY,double_top,0,near_miss,1122,,2008-03-25 10:45:00-04:00,short,130.75037982400514,2.392312568601909,135.40580102430874,131.9876874313981,1043,1122,2008-03-19 10:30:00-04:00,2008-03-25 10:45:00-04:00,train
SPY,double_top,1,confirmed_breakout,1147,1148.0,2008-03-26 10:30:00-04:00,short,134.59007410231462,0.7114955875537134,135.40580102430874,132.97850441244628,1068,1147,2008-03-20 10:15:00-04:00,2008-03-26 10:30:00-04:00,train
SPY,double_top,1,confirmed_breakout,1172,1173.0,2008-03-27 10:15:00-04:00,short,133.80787474958888,0.7440585554985546,135.19733835542792,132.33594144450146,1093,1172,2008-03-24 10:00:00-04:00,2008-03-27 10:15:00-04:00,train
SPY,double_top,0,near_miss,1302,,2008-04-03 10:15:00-04:00,short,137.11964500788517,0.04057461319058575,137.1683147624135,136.3794253868094,1223,1302,2008-03-31 10:00:00-04:00,2008-04-03 10:15:00-04:00,train
SPY,double_top,0,failed_breakout,1332,,2008-04-04 11:15:00-04:00,short,136.26364304006833,0.7959217732351647,137.152124479738,136.09407822676482,1253,1332,2008-04-01 11:00:00-04:00,2008-04-04 11:15:00-04:00,train
SPY,double_top,0,failed_breakout,1357,,2008-04-07 11:00:00-04:00,short,136.7330233796677,0.4972179375945416,137.49347748765553,137.15278206240546,1278,1357,2008-04-02 10:45:00-04:00,2008-04-07 11:00:00-04:00,train
SPY,double_top,1,confirmed_breakout,1377,1378.0,2008-04-07 16:00:00-04:00,short,137.2721301579709,0.4972166450804423,138.04521611844717,135.87278335491956,1298,1377,2008-04-02 15:45:00-04:00,2008-04-07 16:00:00-04:00,train
SPY,double_top,1,confirmed_breakout,1411,1412.0,2008-04-09 11:30:00-04:00,short,136.36987206426315,0.8506288182859976,138.04521611844717,134.589371181714,1332,1411,2008-04-04 11:15:00-04:00,2008-04-09 11:30:00-04:00,train
SPY,double_top,0,near_miss,1439,,2008-04-10 12:00:00-04:00,short,135.28560626516943,0.5636366347274873,136.39578564665112,135.9763633652725,1360,1439,2008-04-07 11:45:00-04:00,2008-04-10 12:00:00-04:00,train
SPY,double_top,0,near_miss,1458,,2008-04-11 10:15:00-04:00,short,135.27466558788038,0.5232945296388891,136.2932200818958,133.8667054703611,1379,1458,2008-04-08 10:00:00-04:00,2008-04-11 10:15:00-04:00,train
SPY,double_top,0,failed_breakout,1508,,2008-04-15 09:45:00-04:00,short,133.03667866613662,1.685734305259217,136.2932200818958,131.8042656947408,1429,1508,2008-04-09 16:00:00-04:00,2008-04-15 09:45:00-04:00,train
SPY,double_top,0,near_miss,1520,,2008-04-15 12:45:00-04:00,short,132.9093074619898,0.15938227719269094,133.1516058608959,132.52061772280732,1441,1520,2008-04-10 12:30:00-04:00,2008-04-15 12:45:00-04:00,train
SPY,double_top,0,near_miss,1576,,2008-04-17 13:45:00-04:00,short,132.68399588368675,1.8785985148984992,136.13941517970142,134.5014014851015,1497,1576,2008-04-14 13:30:00-04:00,2008-04-17 13:45:00-04:00,train
SPY,double_top,0,failed_breakout,1614,,2008-04-21 10:15:00-04:00,short,136.00819814022572,1.658902986955411,139.19478707466087,136.54109701304458,1535,1614,2008-04-16 10:00:00-04:00,2008-04-21 10:15:00-04:00,train
SPY,double_top,0,failed_breakout,1637,,2008-04-21 16:00:00-04:00,short,138.30122375234083,0.470775948628642,139.19478707466087,138.31922405137135,1558,1637,2008-04-16 15:45:00-04:00,2008-04-21 16:00:00-04:00,train
SPY,double_top,0,near_miss,1647,,2008-04-22 12:00:00-04:00,short,138.31469614330504,0.11809283366235945,138.5163656266567,137.38190716633764,1568,1647,2008-04-17 11:45:00-04:00,2008-04-22 12:00:00-04:00,train
SPY,double_top,0,failed_breakout,1684,,2008-04-23 14:45:00-04:00,short,137.2940180590906,1.0005603347021577,138.5163656266567,136.72943966529783,1605,1684,2008-04-18 14:30:00-04:00,2008-04-23 14:45:00-04:00,train
SPY,double_top,0,failed_breakout,1701,,2008-04-24 12:30:00-04:00,short,137.71438212411428,0.2264570694489123,138.07279116092883,138.66354293055107,1622,1701,2008-04-21 12:15:00-04:00,2008-04-24 12:30:00-04:00,train
SPY,double_top,0,near_miss,1723,,2008-04-25 11:30:00-04:00,short,137.61410802444556,0.9340417830024421,139.28741238869844,137.25595821699756,1644,1723,2008-04-22 11:15:00-04:00,2008-04-25 11:30:00-04:00,train
SPY,double_top,0,failed_breakout,1774,,2008-04-29 11:15:00-04:00,short,138.58904166639482,1.0832905410805154,140.05725202625226,137.7467094589195,1695,1774,2008-04-24 11:00:00-04:00,2008-04-29 11:15:00-04:00,train
SPY,double_top,0,near_miss,1814,,2008-04-30 14:45:00-04:00,short,139.0139396153898,0.8202398812815659,140.05725202625226,139.28976011871845,1735,1814,2008-04-25 14:30:00-04:00,2008-04-30 14:45:00-04:00,train
SPY,double_top,1,confirmed_breakout,1815,1816.0,2008-04-30 15:00:00-04:00,short,139.60077266514952,0.08649344361637645,139.76342525044134,138.40350655638363,1736,1815,2008-04-25 14:45:00-04:00,2008-04-30 15:00:00-04:00,train
SPY,double_top,0,near_miss,1865,,2008-05-02 14:30:00-04:00,short,138.961918477817,1.655121437206958,141.4706545796066,139.11487856279305,1786,1865,2008-04-29 14:15:00-04:00,2008-05-02 14:30:00-04:00,train
SPY,double_top,0,failed_breakout,1884,,2008-05-05 12:45:00-04:00,short,140.98964235958238,0.30100311911311906,141.4706545796066,140.48899688088687,1805,1884,2008-04-30 12:30:00-04:00,2008-05-05 12:45:00-04:00,train
SPY,double_top,0,near_miss,1905,,2008-05-06 11:30:00-04:00,short,140.68158249907657,0.22505374715015591,141.1106363777844,140.31494625284984,1826,1905,2008-05-01 11:15:00-04:00,2008-05-06 11:30:00-04:00,train
SPY,double_top,0,near_miss,1938,,2008-05-07 13:15:00-04:00,short,140.40692082985177,0.8125066593198369,141.7362188636742,139.97749334068016,1859,1938,2008-05-02 13:00:00-04:00,2008-05-07 13:15:00-04:00,train
SPY,double_top,0,failed_breakout,2085,,2008-05-15 11:00:00-04:00,short,140.1278698620112,0.9437245005081536,141.90531594585264,140.37627549949184,2006,2085,2008-05-12 10:45:00-04:00,2008-05-15 11:00:00-04:00,train
SPY,double_top,0,failed_breakout,2120,,2008-05-16 13:15:00-04:00,short,141.24528152685392,0.7934260622967315,142.1720992324487,141.45657393770327,2041,2120,2008-05-13 13:00:00-04:00,2008-05-16 13:15:00-04:00,train
SPY,double_top,0,failed_breakout,2158,,2008-05-20 09:45:00-04:00,short,141.99434681669507,1.0225818133382631,143.86175802761798,140.99741818666175,2079,2158,2008-05-14 16:00:00-04:00,2008-05-20 09:45:00-04:00,train
SPY,double_top,1,confirmed_breakout,2198,2202.0,2008-05-21 13:15:00-04:00,short,141.4184665209392,1.3056092382394695,143.86175802761798,138.91439076176053,2119,2198,2008-05-16 13:00:00-04:00,2008-05-21 13:15:00-04:00,train
SPY,double_top,0,near_miss,2207,,2008-05-21 15:30:00-04:00,short,141.42568404547936,0.09727928218606507,141.5863934907394,139.62272071781393,2128,2207,2008-05-16 15:15:00-04:00,2008-05-21 15:30:00-04:00,train
SPY,double_top,0,failed_breakout,2227,,2008-05-22 14:00:00-04:00,short,139.76417356364894,0.850292181847152,141.45953316459148,139.06970781815284,2148,2227,2008-05-19 13:45:00-04:00,2008-05-22 14:00:00-04:00,train
SPY,double_top,0,near_miss,2238,,2008-05-23 10:15:00-04:00,short,139.65187882696924,0.09125311414575776,139.76939832640068,138.50874688585424,2159,2238,2008-05-20 10:00:00-04:00,2008-05-23 10:15:00-04:00,train
SPY,double_top,0,failed_breakout,2277,,2008-05-27 13:30:00-04:00,short,137.90228032583377,1.0274993076318992,139.7168655558293,136.9625006923681,2198,2277,2008-05-21 13:15:00-04:00,2008-05-27 13:30:00-04:00,train
SPY,double_top,0,near_miss,2303,,2008-05-28 13:30:00-04:00,short,137.9578383515675,0.4555623925569421,138.6841077771468,138.35443760744306,2224,2303,2008-05-22 13:15:00-04:00,2008-05-28 13:30:00-04:00,train
SPY,double_top,0,failed_breakout,2345,,2008-05-30 11:00:00-04:00,short,138.5218571998874,1.0702554933695296,140.50011760936707,139.24974450663046,2266,2345,2008-05-27 10:45:00-04:00,2008-05-30 11:00:00-04:00,train
SPY,double_top,0,failed_breakout,2354,,2008-05-30 13:15:00-04:00,short,140.3078570812498,0.1193197413503242,140.50011760936707,140.25068025864968,2275,2354,2008-05-27 13:00:00-04:00,2008-05-30 13:15:00-04:00,train
SPY,double_top,0,near_miss,2373,,2008-06-02 11:30:00-04:00,short,140.3009218890181,0.12506704991690754,140.49774184203687,138.7549329500831,2294,2373,2008-05-28 11:15:00-04:00,2008-06-02 11:30:00-04:00,train
SPY,double_top,0,near_miss,2413,,2008-06-03 15:00:00-04:00,short,138.44909293759466,1.4268157617860027,140.49774184203687,136.343184238214,2334,2413,2008-05-29 14:45:00-04:00,2008-06-03 15:00:00-04:00,train
SPY,double_top,0,failed_breakout,2440,,2008-06-04 15:15:00-04:00,short,138.14146618469792,0.8308488081534904,139.25407555672444,136.87915119184652,2361,2440,2008-05-30 15:00:00-04:00,2008-06-04 15:15:00-04:00,train
SPY,double_top,0,near_miss,2445,,2008-06-05 10:00:00-04:00,short,138.68725996731249,0.017190093856640942,138.7183456933599,139.04280990614336,2366,2445,2008-06-02 09:45:00-04:00,2008-06-05 10:00:00-04:00,train
SPY,double_top,1,confirmed_breakout,2471,2472.0,2008-06-06 10:00:00-04:00,short,139.86581067126792,0.1588696029386938,140.15550253954416,138.6511303970613,2392,2471,2008-06-03 09:45:00-04:00,2008-06-06 10:00:00-04:00,train
SPY,double_top,0,failed_breakout,2472,,2008-06-06 10:15:00-04:00,short,138.15076673588658,1.1553351152279276,139.8938580088691,137.65466488477207,2393,2472,2008-06-03 10:00:00-04:00,2008-06-06 10:15:00-04:00,train
SPY,double_top,1,confirmed_breakout,2512,2513.0,2008-06-09 13:45:00-04:00,short,137.0203160209767,1.5758029937519211,140.15550253954416,134.4441970062481,2433,2512,2008-06-04 13:30:00-04:00,2008-06-09 13:45:00-04:00,train
SPY,double_top,0,near_miss,2531,,2008-06-10 12:00:00-04:00,short,136.17721069734714,0.45082341575832174,137.0367354899131,135.76917658424168,2452,2531,2008-06-05 11:45:00-04:00,2008-06-10 12:00:00-04:00,train
SPY,double_top,0,near_miss,2536,,2008-06-10 13:15:00-04:00,short,136.10485913357476,0.07239241723641499,136.21933273629782,136.9776075827636,2457,2536,2008-06-05 13:00:00-04:00,2008-06-10 13:15:00-04:00,train
SPY,double_top,0,near_miss,2549,,2008-06-11 10:00:00-04:00,short,136.0897450559452,0.25396980822105775,136.55225936300798,135.27603019177894,2470,2549,2008-06-06 09:45:00-04:00,2008-06-11 10:00:00-04:00,train
SPY,double_top,1,confirmed_breakout,2596,2597.0,2008-06-12 15:15:00-04:00,short,134.58321732772544,1.3525365707719743,136.55225936300798,132.37746342922802,2517,2596,2008-06-09 15:00:00-04:00,2008-06-12 15:15:00-04:00,train
SPY,double_top,0,failed_breakout,2622,,2008-06-13 15:15:00-04:00,short,134.5095355390325,0.9952809690421134,135.6903845821624,134.72471903095789,2543,2622,2008-06-10 15:00:00-04:00,2008-06-13 15:15:00-04:00,train
SPY,double_top,0,failed_breakout,2659,,2008-06-17 11:30:00-04:00,short,135.41519760526091,0.7154174130722026,136.57084545450385,135.4345825869278,2580,2659,2008-06-12 11:15:00-04:00,2008-06-17 11:30:00-04:00,train
SPY,double_top,0,near_miss,2664,,2008-06-17 12:45:00-04:00,short,136.55926532690472,0.018055820253891852,136.58379683981335,135.8719441797461,2585,2664,2008-06-12 12:30:00-04:00,2008-06-17 12:45:00-04:00,train
SPY,double_top,0,failed_breakout,2713,,2008-06-19 12:00:00-04:00,short,134.22167927423527,1.2179673992932578,136.58379683981335,132.60203260070674,2634,2713,2008-06-16 11:45:00-04:00,2008-06-19 12:00:00-04:00,train
SPY,double_top,0,near_miss,2739,,2008-06-20 12:00:00-04:00,short,134.0160461804726,0.4608125012747166,134.65822085625092,132.17918749872527,2660,2739,2008-06-17 11:45:00-04:00,2008-06-20 12:00:00-04:00,train
SPY,double_top,1,confirmed_breakout,2833,2834.0,2008-06-25 16:00:00-04:00,short,131.66761934029708,0.5822134604311202,132.56968110424185,129.94778653956888,2754,2833,2008-06-20 15:45:00-04:00,2008-06-25 16:00:00-04:00,train
SPY,double_top,1,confirmed_breakout,2911,2912.0,2008-06-30 16:00:00-04:00,short,128.36462521686153,0.09382623914544297,128.52221617769214,126.54617376085456,2832,2911,2008-06-25 15:45:00-04:00,2008-06-30 16:00:00-04:00,train
SPY,double_top,0,failed_breakout,2955,,2008-07-02 14:00:00-04:00,short,126.72393798734444,1.7257128844848637,128.50461500933687,126.57428711551515,2876,2955,2008-06-27 13:45:00-04:00,2008-07-02 14:00:00-04:00,train
SPY,double_top,0,failed_breakout,3002,,2008-07-08 12:45:00-04:00,short,124.70176007767353,2.077017356604216,128.50461500933687,123.55298264339578,2923,3002,2008-07-01 12:30:00-04:00,2008-07-08 12:45:00-04:00,train
SPY,double_top,0,near_miss,3015,,2008-07-08 16:00:00-04:00,short,124.97360630086807,0.2477181275712752,125.38970899766008,127.05228187242872,2936,3015,2008-07-01 15:45:00-04:00,2008-07-08 16:00:00-04:00,train
SPY,double_top,1,confirmed_breakout,3037,3040.0,2008-07-09 15:00:00-04:00,short,125.33660081094911,0.9773409787581784,127.2381745817545,123.60265902124182,2958,3037,2008-07-02 14:45:00-04:00,2008-07-09 15:00:00-04:00,train
SPY,double_top,1,confirmed_breakout,3061,3062.0,2008-07-10 14:30:00-04:00,short,124.63024184570749,1.484041006459151,127.2381745817545,122.49595899354085,2982,3061,2008-07-07 14:15:00-04:00,2008-07-10 14:30:00-04:00,train
SPY,double_top,0,failed_breakout,3109,,2008-07-14 13:30:00-04:00,short,123.21925048682216,1.3403618309843637,124.99039112257877,121.48963816901563,3030,3109,2008-07-09 13:15:00-04:00,2008-07-14 13:30:00-04:00,train
SPY,double_top,1,confirmed_breakout,3119,3120.0,2008-07-14 16:00:00-04:00,short,123.01063944940434,0.5888365670165854,124.12883351303428,121.05116343298342,3040,3119,2008-07-09 15:45:00-04:00,2008-07-14 16:00:00-04:00,train
SPY,double_top,0,near_miss,3153,,2008-07-16 11:30:00-04:00,short,121.57026219448741,1.2485672181293523,123.07011851980756,121.11143278187065,3074,3153,2008-07-11 11:15:00-04:00,2008-07-16 11:30:00-04:00,train
SPY,double_top,0,failed_breakout,3207,,2008-07-18 12:00:00-04:00,short,122.14314175559306,1.9475903033980302,125.61392381255622,123.76240969660196,3128,3207,2008-07-15 11:45:00-04:00,2008-07-18 12:00:00-04:00,train
SPY,double_top,0,failed_breakout,3217,,2008-07-18 14:30:00-04:00,short,125.59286661882533,0.10422780556586986,125.78026503622617,125.74577219443412,3138,3217,2008-07-15 14:15:00-04:00,2008-07-18 14:30:00-04:00,train
SPY,double_top,0,near_miss,3228,,2008-07-21 10:45:00-04:00,short,125.59930080296526,0.12100197179222505,125.78026503622617,126.26899802820778,3149,3228,2008-07-16 10:30:00-04:00,2008-07-21 10:45:00-04:00,train
SPY,double_top,0,near_miss,3241,,2008-07-21 14:00:00-04:00,short,125.64474139978657,0.296875306710362,126.22289289970506,125.77312469328963,3162,3241,2008-07-16 13:45:00-04:00,2008-07-21 14:00:00-04:00,train
SPY,double_top,0,failed_breakout,3299,,2008-07-23 15:30:00-04:00,short,126.06774964174862,1.1383680941489587,128.18934257209008,126.95163190585104,3220,3299,2008-07-18 15:15:00-04:00,2008-07-23 15:30:00-04:00,train
SPY,double_top,0,near_miss,3308,,2008-07-24 11:15:00-04:00,short,128.14518811259032,0.0505722665012911,128.2021781860931,126.80942773349871,3229,3308,2008-07-21 11:00:00-04:00,2008-07-24 11:15:00-04:00,train
SPY,double_top,0,near_miss,3346,,2008-07-25 14:15:00-04:00,short,125.84519921682448,1.214509065749354,128.2021781860931,124.41549093425064,3267,3346,2008-07-22 14:00:00-04:00,2008-07-25 14:15:00-04:00,train
SPY,double_top,0,near_miss,3351,,2008-07-25 15:30:00-04:00,short,125.89999080107687,0.013166488350364602,125.91723837905457,125.41683351164964,3272,3351,2008-07-22 15:15:00-04:00,2008-07-25 15:30:00-04:00,train
SPY,double_top,0,near_miss,3367,,2008-07-28 13:00:00-04:00,short,125.58013241355327,0.1998556513029115,125.90907619979991,124.15014434869708,3288,3367,2008-07-23 12:45:00-04:00,2008-07-28 13:00:00-04:00,train
SPY,double_top,0,near_miss,3427,,2008-07-30 15:00:00-04:00,short,124.06706780651353,2.442697678687921,127.36863104049044,125.00730232131208,3348,3427,2008-07-25 14:45:00-04:00,2008-07-30 15:00:00-04:00,train
SPY,double_top,0,failed_breakout,3449,,2008-07-31 14:00:00-04:00,short,127.05730221269673,0.6734524067381926,128.0928781983794,126.9365475932618,3370,3449,2008-07-28 13:45:00-04:00,2008-07-31 14:00:00-04:00,train
SPY,double_top,1,confirmed_breakout,3455,3456.0,2008-07-31 15:30:00-04:00,short,127.76231155581924,0.22249351378094673,128.0928781983794,126.87750648621905,3376,3455,2008-07-28 15:15:00-04:00,2008-07-31 15:30:00-04:00,train
SPY,double_top,0,near_miss,3485,,2008-08-04 10:00:00-04:00,short,126.07833782479544,0.9057153483262539,127.87673194082096,124.57428465167375,3406,3485,2008-07-30 09:45:00-04:00,2008-08-04 10:00:00-04:00,train
SPY,double_top,0,near_miss,3493,,2008-08-04 12:00:00-04:00,short,126.0595074092799,0.06066678932099023,126.14897399177934,125.539333210679,3414,3493,2008-07-30 11:45:00-04:00,2008-08-04 12:00:00-04:00,train
SPY,double_top,0,near_miss,3506,,2008-08-04 15:15:00-04:00,short,125.40926778169876,0.3837686555571196,126.14897399177934,125.35623134444288,3427,3506,2008-07-30 15:00:00-04:00,2008-08-04 15:15:00-04:00,train
SPY,double_top,0,near_miss,3516,,2008-08-05 11:15:00-04:00,short,125.40586550265783,0.11827963894387494,125.61119140047099,126.78172036105613,3437,3516,2008-07-31 11:00:00-04:00,2008-08-05 11:15:00-04:00,train
SPY,double_top,0,failed_breakout,3571,,2008-08-07 12:00:00-04:00,short,125.44659435304027,1.7844545263817793,128.8509063583731,126.09554547361822,3492,3571,2008-08-04 11:45:00-04:00,2008-08-07 12:00:00-04:00,train
SPY,double_top,1,confirmed_breakout,3582,3583.0,2008-08-07 14:45:00-04:00,short,128.07352717933077,0.4225661094748716,128.8509063583731,127.00743389052514,3503,3582,2008-08-04 14:30:00-04:00,2008-08-07 14:45:00-04:00,train
SPY,double_top,0,near_miss,3643,,2008-08-12 10:30:00-04:00,short,127.4039922605798,2.1209904743567165,130.90868525063482,127.62900952564328,3564,3643,2008-08-07 10:15:00-04:00,2008-08-12 10:30:00-04:00,train
SPY,double_top,0,failed_breakout,3701,,2008-08-14 12:00:00-04:00,short,128.10195895894307,1.7821696596408003,130.90868525063482,127.82783034035921,3622,3701,2008-08-11 11:45:00-04:00,2008-08-14 12:00:00-04:00,train
SPY,double_top,0,failed_breakout,3721,,2008-08-15 10:30:00-04:00,short,128.73358268284613,0.5567167098960795,129.72102679895147,129.13328329010392,3642,3721,2008-08-12 10:15:00-04:00,2008-08-15 10:30:00-04:00,train
SPY,double_top,0,failed_breakout,3737,,2008-08-15 14:30:00-04:00,short,129.53344678480596,0.29637557485042976,129.9386179203613,129.38362442514958,3658,3737,2008-08-12 14:15:00-04:00,2008-08-15 14:30:00-04:00,train
SPY,double_top,0,near_miss,3742,,2008-08-15 15:45:00-04:00,short,129.91988177767658,0.023733503388228883,129.94861264176834,130.03626649661177,3663,3742,2008-08-12 15:30:00-04:00,2008-08-15 15:45:00-04:00,train
SPY,double_top,1,confirmed_breakout,3752,3753.0,2008-08-18 11:45:00-04:00,short,129.8397876863359,0.08707740012886234,129.94861264176834,128.99292259987115,3673,3752,2008-08-13 11:30:00-04:00,2008-08-18 11:45:00-04:00,train
SPY,double_top,0,near_miss,3796,,2008-08-20 09:45:00-04:00,short,126.98866589548446,1.4787784349332895,129.90511753116124,125.2612215650667,3717,3796,2008-08-14 16:00:00-04:00,2008-08-20 09:45:00-04:00,train
SPY,double_top,0,near_miss,3815,,2008-08-20 14:30:00-04:00,short,126.85807633021824,0.27967753969178943,127.24573661014581,126.45032246030821,3736,3815,2008-08-15 14:15:00-04:00,2008-08-20 14:30:00-04:00,train
SPY,double_top,0,near_miss,3835,,2008-08-21 13:00:00-04:00,short,127.03645239567423,0.19715110670368574,127.24573661014581,127.22284889329632,3756,3835,2008-08-18 12:45:00-04:00,2008-08-21 13:00:00-04:00,train
SPY,double_top,0,near_miss,3867,,2008-08-22 14:30:00-04:00,short,127.1829644886527,0.9325581228275581,129.00957482835048,128.31744187717243,3788,3867,2008-08-19 14:15:00-04:00,2008-08-22 14:30:00-04:00,train
SPY,double_top,1,confirmed_breakout,3878,3879.0,2008-08-25 10:45:00-04:00,short,128.97913052375046,0.15025048711501654,129.24918719338044,127.96974951288499,3799,3878,2008-08-20 10:30:00-04:00,2008-08-25 10:45:00-04:00,train
SPY,double_top,0,failed_breakout,3988,,2008-08-29 12:15:00-04:00,short,128.42469373519612,0.8436727173324243,130.05133541794726,127.97632728266757,3909,3988,2008-08-26 12:00:00-04:00,2008-08-29 12:15:00-04:00,train
SPY,double_top,1,confirmed_breakout,4020,4021.0,2008-09-02 13:45:00-04:00,short,129.12271652714287,0.7923213672597171,130.05133541794726,127.58767863274028,3941,4020,2008-08-27 13:30:00-04:00,2008-09-02 13:45:00-04:00,train
SPY,double_top,1,confirmed_breakout,4059,4060.0,2008-09-04 10:30:00-04:00,short,127.35898713006833,1.2644882694924888,129.7787403708579,124.50551173050751,3980,4059,2008-08-29 10:15:00-04:00,2008-09-04 10:30:00-04:00,train
SPY,double_top,1,confirmed_breakout,4139,4140.0,2008-09-09 11:00:00-04:00,short,125.9500611805754,0.44777425879530597,126.57180554621188,124.7222257412047,4060,4139,2008-09-04 10:45:00-04:00,2008-09-09 11:00:00-04:00,train
SPY,double_top,1,confirmed_breakout,4185,4186.0,2008-09-10 16:00:00-04:00,short,123.41324928115482,1.9230140862764102,126.57180554621188,119.6969859137236,4106,4185,2008-09-05 15:45:00-04:00,2008-09-10 16:00:00-04:00,train
SPY,double_top,0,failed_breakout,4209,,2008-09-11 15:30:00-04:00,short,122.97023529400725,0.6983895543523317,124.10072118865057,122.94161044564767,4130,4209,2008-09-08 15:15:00-04:00,2008-09-11 15:30:00-04:00,train
SPY,double_top,0,near_miss,4234,,2008-09-12 15:15:00-04:00,short,123.21788105280683,0.9692400586141048,125.13771371477327,124.80075994138589,4155,4234,2008-09-09 15:00:00-04:00,2008-09-12 15:15:00-04:00,train
SPY,double_top,1,confirmed_breakout,4237,4238.0,2008-09-12 16:00:00-04:00,short,125.0752105040475,0.18702937733587532,125.3867660479935,122.35297062266413,4158,4237,2008-09-09 15:45:00-04:00,2008-09-12 16:00:00-04:00,train
SPY,double_top,1,confirmed_breakout,4281,4282.0,2008-09-16 14:00:00-04:00,short,119.57850297775825,3.0374540124195164,125.3867660479935,115.36254598758049,4202,4281,2008-09-11 13:45:00-04:00,2008-09-16 14:00:00-04:00,train
SPY,double_top,0,near_miss,4299,,2008-09-17 12:00:00-04:00,short,119.59464946423397,0.5751946668757171,120.49454032985734,117.19480533312428,4220,4299,2008-09-12 11:45:00-04:00,2008-09-17 12:00:00-04:00,train
SPY,double_top,1,confirmed_breakout,4314,4315.0,2008-09-17 15:45:00-04:00,short,117.59789644761727,1.705106311363778,120.49454032985734,114.59489368863622,4235,4314,2008-09-12 15:30:00-04:00,2008-09-17 15:45:00-04:00,train
SPY,double_top,0,near_miss,4329,,2008-09-18 13:00:00-04:00,short,117.88449879334719,0.17737818769657565,118.11146518810477,113.67262181230342,4250,4329,2008-09-15 12:45:00-04:00,2008-09-18 13:00:00-04:00,train
SPY,double_top,0,near_miss,4369,,2008-09-22 10:00:00-04:00,short,116.02575871770061,5.554700567635194,125.14862979668885,118.1052994323648,4290,4369,2008-09-17 09:45:00-04:00,2008-09-22 10:00:00-04:00,train
SPY,double_top,1,confirmed_breakout,4418,4419.0,2008-09-23 15:45:00-04:00,short,119.79255298433465,2.741734654664171,125.14862979668885,115.97826534533583,4339,4418,2008-09-18 15:30:00-04:00,2008-09-23 15:45:00-04:00,train
SPY,double_top,0,near_miss,4450,,2008-09-25 10:45:00-04:00,short,118.7057675560807,0.7312331896448825,119.91994548130877,119.64876681035511,4371,4450,2008-09-22 10:30:00-04:00,2008-09-25 10:45:00-04:00,train
SPY,double_top,0,near_miss,4474,,2008-09-26 10:15:00-04:00,short,118.83898002732145,1.2366162597446362,121.19713656398979,118.16338374025537,4395,4474,2008-09-23 10:00:00-04:00,2008-09-26 10:15:00-04:00,train
SPY,double_top,1,confirmed_breakout,4497,4498.0,2008-09-26 16:00:00-04:00,short,119.32718107955515,1.3769021938737467,121.19713656398979,117.06309780612625,4418,4497,2008-09-23 15:45:00-04:00,2008-09-26 16:00:00-04:00,train
SPY,double_top,0,failed_breakout,4561,,2008-10-01 12:30:00-04:00,short,113.44215494302516,4.4189659703380215,120.21102998286801,111.05103402966198,4482,4561,2008-09-26 12:15:00-04:00,2008-10-01 12:30:00-04:00,train
SPY,double_top,1,confirmed_breakout,4575,4576.0,2008-10-01 16:00:00-04:00,short,114.88137395585194,0.8324611194545497,115.91645830675465,113.30753888054545,4496,4575,2008-09-26 15:45:00-04:00,2008-10-01 16:00:00-04:00,train
SPY,double_top,1,confirmed_breakout,4620,4621.0,2008-10-03 14:15:00-04:00,short,112.04185398865077,3.009230631692219,115.91645830675465,108.37076936830778,4541,4620,2008-09-30 14:00:00-04:00,2008-10-03 14:15:00-04:00,train
SPY,double_top,0,near_miss,4673,,2008-10-07 14:30:00-04:00,short,102.90989054367965,6.854300665089639,114.18571093393133,96.26569933491037,4594,4673,2008-10-02 14:15:00-04:00,2008-10-07 14:30:00-04:00,train
SPY,double_top,1,confirmed_breakout,4708,4709.0,2008-10-09 10:15:00-04:00,short,98.52709632613242,4.404117280505076,105.34267148360723,93.47588271949492,4629,4708,2008-10-06 10:00:00-04:00,2008-10-09 10:15:00-04:00,train
SPY,double_top,1,confirmed_breakout,4809,4810.0,2008-10-14 16:00:00-04:00,short,99.52328872853639,0.6415673300637366,100.8024001514485,96.35843266993626,4730,4809,2008-10-09 15:45:00-04:00,2008-10-14 16:00:00-04:00,train
SPY,double_top,0,failed_breakout,4931,,2008-10-21 14:00:00-04:00,short,95.55278591762738,1.425208170609551,97.57129530044004,94.98479182939045,4852,4931,2008-10-16 13:45:00-04:00,2008-10-21 14:00:00-04:00,train
SPY,double_top,1,confirmed_breakout,4938,4939.0,2008-10-21 15:45:00-04:00,short,96.44209227140954,0.838601419774534,97.57129530044004,94.69139858022547,4859,4938,2008-10-16 15:30:00-04:00,2008-10-21 15:45:00-04:00,train
SPY,double_top,0,near_miss,4985,,2008-10-23 14:30:00-04:00,short,90.14091033775647,3.777573859029488,96.9900920819281,83.14242614097051,4906,4985,2008-10-20 14:15:00-04:00,2008-10-23 14:30:00-04:00,train
SPY,double_top,0,near_miss,5012,,2008-10-24 14:45:00-04:00,short,87.4128420152681,1.8506739318252414,90.8468763116438,85.89932606817476,4933,5012,2008-10-21 14:30:00-04:00,2008-10-24 14:45:00-04:00,train
SPY,double_top,0,near_miss,5046,,2008-10-28 10:15:00-04:00,short,87.17937860585027,0.7697518348623191,88.2181052988823,86.31024816513768,4967,5046,2008-10-23 10:00:00-04:00,2008-10-28 10:15:00-04:00,train
SPY,double_top,0,failed_breakout,5154,,2008-11-03 11:15:00-05:00,short,94.20254776190875,1.958786777421679,97.3043244697115,94.83121322257833,5075,5154,2008-10-29 11:00:00-04:00,2008-11-03 11:15:00-05:00,train
SPY,double_top,1,confirmed_breakout,5165,5166.0,2008-11-03 14:00:00-05:00,short,96.95970403064055,0.1782045388029303,97.21968705882483,96.17179546119706,5086,5165,2008-10-29 13:45:00-04:00,2008-11-03 14:00:00-05:00,train
SPY,double_top,1,confirmed_breakout,5199,5200.0,2008-11-04 16:00:00-05:00,short,99.79822012731415,0.18136506271579833,100.06888403159795,98.6686349372842,5120,5199,2008-10-30 15:45:00-04:00,2008-11-04 16:00:00-05:00,train
SPY,double_top,0,near_miss,5201,,2008-11-05 10:00:00-05:00,short,96.55815624792547,2.004350807904572,100.06888403159795,96.96564919209543,5122,5201,2008-10-31 09:45:00-04:00,2008-11-05 10:00:00-05:00,train
SPY,double_top,0,near_miss,5214,,2008-11-05 13:15:00-05:00,short,99.63067489363499,0.14457645388824858,99.89028634846196,97.72542354611176,5135,5214,2008-10-31 13:00:00-04:00,2008-11-05 13:15:00-05:00,train
SPY,double_top,1,confirmed_breakout,5290,5291.0,2008-11-10 12:45:00-05:00,short,92.29424527424169,0.832659449038843,93.73831997523456,90.97734055096116,5211,5290,2008-11-05 12:30:00-05:00,2008-11-10 12:45:00-05:00,train
SPY,double_top,1,confirmed_breakout,5329,5330.0,2008-11-11 16:00:00-05:00,short,89.28095759889672,2.6460988949145303,93.73831997523456,85.55390110508547,5250,5329,2008-11-06 15:45:00-05:00,2008-11-11 16:00:00-05:00,train
SPY,double_top,1,confirmed_breakout,5432,5433.0,2008-11-17 15:45:00-05:00,short,86.72582872832646,1.7998872478771943,89.79219264470721,83.5901127521228,5353,5432,2008-11-12 15:30:00-05:00,2008-11-17 15:45:00-05:00,train
SPY,double_top,1,confirmed_breakout,5445,5446.0,2008-11-18 12:30:00-05:00,short,86.16120328336959,0.5879983530002164,87.25923930770008,84.95200164699979,5366,5445,2008-11-13 12:15:00-05:00,2008-11-18 12:30:00-05:00,train
SPY,double_top,0,near_miss,5474,,2008-11-19 13:15:00-05:00,short,84.4514258286807,1.317179763872332,86.23916396503952,82.77282023612767,5395,5474,2008-11-14 13:00:00-05:00,2008-11-19 13:15:00-05:00,train
SPY,double_top,0,near_miss,5510,,2008-11-20 15:45:00-05:00,short,80.16510376078516,2.7348048062962818,85.29804722006652,73.17519519370371,5431,5510,2008-11-17 15:30:00-05:00,2008-11-20 15:45:00-05:00,train
SPY,double_top,0,near_miss,5536,,2008-11-21 15:45:00-05:00,short,76.07211659534394,2.2799514348296555,80.50176991409637,76.14004856517035,5457,5536,2008-11-18 15:30:00-05:00,2008-11-21 15:45:00-05:00,train
SPY,double_top,0,failed_breakout,5625,,2008-12-01 12:00:00-05:00,short,84.87678378255565,2.041135026483019,88.04892499842673,83.24886497351699,5546,5625,2008-11-24 11:45:00-05:00,2008-12-01 12:00:00-05:00,train
SPY,double_top,1,confirmed_breakout,5659,5660.0,2008-12-02 14:00:00-05:00,short,83.66813362838457,2.6222669486482744,88.04892499842673,80.47773305135172,5580,5659,2008-11-25 13:45:00-05:00,2008-12-02 14:00:00-05:00,train
SPY,double_top,0,near_miss,5692,,2008-12-03 15:45:00-05:00,short,83.79110517544103,1.4165953871353736,85.88352496951384,85.62340461286463,5613,5692,2008-11-26 15:30:00-05:00,2008-12-03 15:45:00-05:00,train
SPY,double_top,1,confirmed_breakout,5713,5716.0,2008-12-04 14:30:00-05:00,short,85.36079926419141,1.1511534248927973,87.14038040865456,83.6288465751072,5634,5713,2008-12-01 14:15:00-05:00,2008-12-04 14:30:00-05:00,train
SPY,double_top,0,failed_breakout,5770,,2008-12-08 15:45:00-05:00,short,83.39946820748288,5.478916138414419,90.61638828314005,86.13108386158558,5691,5770,2008-12-03 15:30:00-05:00,2008-12-08 15:45:00-05:00,train
SPY,double_top,0,failed_breakout,5781,,2008-12-09 12:00:00-05:00,short,90.56027826793506,0.39462103484883926,91.29341032242773,90.72537896515117,5702,5781,2008-12-04 11:45:00-05:00,2008-12-09 12:00:00-05:00,train
SPY,double_top,0,near_miss,5788,,2008-12-09 13:45:00-05:00,short,91.15000293279031,0.1568448366848969,91.32028521652268,89.9831551633151,5709,5788,2008-12-04 13:30:00-05:00,2008-12-09 13:45:00-05:00,train
SPY,double_top,0,failed_breakout,5823,,2008-12-10 16:00:00-05:00,short,89.79176230933349,1.1187970571652528,91.32028521652268,89.23120294283474,5744,5823,2008-12-05 15:45:00-05:00,2008-12-10 16:00:00-05:00,train
SPY,double_top,1,confirmed_breakout,5843,5844.0,2008-12-11 14:30:00-05:00,short,89.99906156006219,0.48446200494836944,90.5008335164748,88.72553799505162,5764,5843,2008-12-08 14:15:00-05:00,2008-12-11 14:30:00-05:00,train
SPY,double_top,0,failed_breakout,5887,,2008-12-15 12:30:00-05:00,short,87.12010365891805,2.101292552365024,90.4662136135463,85.80870744763497,5808,5887,2008-12-10 12:15:00-05:00,2008-12-15 12:30:00-05:00,train
SPY,double_top,1,confirmed_breakout,5969,5970.0,2008-12-18 13:30:00-05:00,short,91.29999374094734,0.1548305736589981,91.60804580400402,90.555169426341,5890,5969,2008-12-15 13:15:00-05:00,2008-12-18 13:30:00-05:00,train
SPY,double_top,0,near_miss,5996,,2008-12-19 13:45:00-05:00,short,89.45826097378438,1.004303960659513,91.30160282520866,88.33569603934049,5917,5996,2008-12-16 13:30:00-05:00,2008-12-19 13:45:00-05:00,train
SPY,double_top,0,near_miss,6050,,2008-12-23 14:15:00-05:00,short,86.50860282107647,1.8727773427375354,89.6235270436791,84.85722265726247,5971,6050,2008-12-18 14:00:00-05:00,2008-12-23 14:15:00-05:00,train
SPY,double_top,0,near_miss,6079,,2008-12-26 15:00:00-05:00,short,86.39836814149716,0.5664279279563402,87.1392332839489,86.39357207204365,6000,6079,2008-12-19 14:45:00-05:00,2008-12-26 15:00:00-05:00,train
SPY,double_top,0,near_miss,6095,,2008-12-29 12:30:00-05:00,short,86.70821140989423,0.17478905032133696,86.97564206547304,85.98521094967866,6016,6095,2008-12-22 12:15:00-05:00,2008-12-29 12:30:00-05:00,train
SPY,double_top,0,failed_breakout,6136,,2008-12-31 09:45:00-05:00,short,85.98428686548384,1.5147870212987726,88.02250570809218,87.87521297870123,6057,6136,2008-12-23 16:00:00-05:00,2008-12-31 09:45:00-05:00,train
SPY,double_top,0,near_miss,6197,,2009-01-05 12:00:00-05:00,short,88.02938294956532,2.3329194347450795,92.67457554340942,90.33708056525492,6118,6197,2008-12-30 11:45:00-05:00,2009-01-05 12:00:00-05:00,train
SPY,double_top,0,failed_breakout,6216,,2009-01-06 10:15:00-05:00,short,92.60404861520496,0.26036993883043635,93.05426156466137,93.19963006116956,6137,6216,2008-12-31 10:00:00-05:00,2009-01-06 10:15:00-05:00,train
SPY,double_top,0,near_miss,6229,,2009-01-06 13:30:00-05:00,short,92.77052072640792,0.3268428686424443,93.14046562543936,92.81315713135756,6150,6229,2008-12-31 13:15:00-05:00,2009-01-06 13:30:00-05:00,train
SPY,double_top,0,near_miss,6238,,2009-01-06 15:45:00-05:00,short,93.11694102213767,0.09427504682464871,93.28196651248527,93.31572495317535,6159,6238,2008-12-31 15:30:00-05:00,2009-01-06 15:45:00-05:00,train
SPY,double_top,1,confirmed_breakout,6239,6240.0,2009-01-06 16:00:00-05:00,short,93.26790390220894,0.14806450943186178,93.54997031079634,91.81193549056813,6160,6239,2008-12-31 15:45:00-05:00,2009-01-06 16:00:00-05:00,train
SPY,double_top,0,near_miss,6301,,2009-01-09 12:00:00-05:00,short,90.11748700022221,1.8871518039922393,93.54997031079634,87.68284819600775,6222,6301,2009-01-06 11:45:00-05:00,2009-01-09 12:00:00-05:00,train
SPY,double_top,0,near_miss,6325,,2009-01-12 11:30:00-05:00,short,89.51680208940036,0.5415204561213898,90.45930729763256,87.26847954387861,6246,6325,2009-01-07 11:15:00-05:00,2009-01-12 11:30:00-05:00,train
SPY,double_top,1,confirmed_breakout,6360,6361.0,2009-01-13 13:45:00-05:00,short,87.06406708150112,1.430311033483889,89.65733779341092,84.93968896651612,6281,6360,2009-01-08 13:30:00-05:00,2009-01-13 13:45:00-05:00,train
SPY,double_top,0,near_miss,6379,,2009-01-14 12:00:00-05:00,short,86.84139772604048,0.2792749564224266,87.33141843655912,84.12072504357758,6300,6379,2009-01-09 11:45:00-05:00,2009-01-14 12:00:00-05:00,train
SPY,double_top,0,near_miss,6401,,2009-01-15 11:00:00-05:00,short,84.30466444322697,1.3640812709453058,86.9099269283667,81.01591872905469,6322,6401,2009-01-12 10:45:00-05:00,2009-01-15 11:00:00-05:00,train
SPY,double_top,0,near_miss,6439,,2009-01-16 14:00:00-05:00,short,82.40528177628045,2.241114567431225,84.86522818744552,82.12888543256878,6360,6439,2009-01-13 13:45:00-05:00,2009-01-16 14:00:00-05:00,train
SPY,double_top,1,confirmed_breakout,6448,6449.0,2009-01-20 09:45:00-05:00,short,84.09548959246924,0.6421808529855326,84.86522818744552,82.20781914701446,6369,6448,2009-01-13 16:00:00-05:00,2009-01-20 09:45:00-05:00,train
SPY,double_top,0,near_miss,6486,,2009-01-21 12:45:00-05:00,short,81.52850897326618,1.5659119840164806,84.61011270346401,79.74408801598352,6407,6486,2009-01-15 12:30:00-05:00,2009-01-21 12:45:00-05:00,train
SPY,double_top,0,near_miss,6512,,2009-01-22 12:45:00-05:00,short,81.30019760287128,0.8654634337781602,82.75259286219757,80.88453656622184,6433,6512,2009-01-16 12:30:00-05:00,2009-01-22 12:45:00-05:00,train
SPY,double_top,1,confirmed_breakout,6525,6526.0,2009-01-22 16:00:00-05:00,short,81.8768148546565,0.8967835861397617,82.79460401939494,80.41321641386024,6446,6525,2009-01-16 15:45:00-05:00,2009-01-22 16:00:00-05:00,train
SPY,double_top,0,failed_breakout,6575,,2009-01-26 15:30:00-05:00,short,82.10454767126446,1.5749540907034856,84.56439950454096,82.58504590929651,6496,6575,2009-01-21 15:15:00-05:00,2009-01-26 15:30:00-05:00,train
SPY,double_top,0,failed_breakout,6604,,2009-01-28 09:45:00-05:00,short,83.79164927774934,0.8001302504378884,84.61915955183352,85.46986974956211,6525,6604,2009-01-22 16:00:00-05:00,2009-01-28 09:45:00-05:00,train
SPY,double_top,0,failed_breakout,6635,,2009-01-29 11:00:00-05:00,short,84.52940373314338,1.3689116298681512,87.17747117418956,84.88108837013185,6556,6635,2009-01-26 10:45:00-05:00,2009-01-29 11:00:00-05:00,train
SPY,double_top,0,near_miss,6730,,2009-02-03 15:15:00-05:00,short,82.22565331770441,0.4441769517668348,82.87346046990459,83.62582304823316,6651,6730,2009-01-29 15:00:00-05:00,2009-02-03 15:15:00-05:00,train
SPY,double_top,0,failed_breakout,6754,,2009-02-04 14:45:00-05:00,short,82.8467490448284,0.9718620978323287,84.76376181541688,82.44813790216767,6675,6754,2009-01-30 14:30:00-05:00,2009-02-04 14:45:00-05:00,train
SPY,double_top,1,confirmed_breakout,6837,6841.0,2009-02-09 16:00:00-05:00,short,86.81948857693722,0.22774320679526738,87.20963750166966,85.62225679320473,6758,6837,2009-02-04 15:45:00-05:00,2009-02-09 16:00:00-05:00,train
SPY,double_top,1,confirmed_breakout,6839,6840.0,2009-02-10 10:00:00-05:00,short,86.97691236983763,0.14131175907110105,87.20963750166966,86.2686882409289,6760,6839,2009-02-05 09:45:00-05:00,2009-02-10 10:00:00-05:00,train
SPY,double_top,0,near_miss,6886,,2009-02-11 15:15:00-05:00,short,83.19679092894089,2.0749872412129093,87.02681075614782,81.66501275878709,6807,6886,2009-02-06 15:00:00-05:00,2009-02-11 15:15:00-05:00,train
SPY,double_top,0,near_miss,6899,,2009-02-12 12:00:00-05:00,short,83.17464694225072,0.25145044050688625,83.51674558415975,82.05854955949312,6820,6899,2009-02-09 11:45:00-05:00,2009-02-12 12:00:00-05:00,train
SPY,double_top,0,near_miss,6914,,2009-02-12 15:45:00-05:00,short,82.31745502299151,0.5613042341873609,83.33544918135546,82.85869576581264,6835,6914,2009-02-09 15:30:00-05:00,2009-02-12 15:45:00-05:00,train
SPY,double_top,0,near_miss,6934,,2009-02-13 14:15:00-05:00,short,81.98580400896768,0.9412163610655568,83.43197140706415,82.78878363893445,6855,6934,2009-02-10 14:00:00-05:00,2009-02-13 14:15:00-05:00,train
SPY,double_top,1,confirmed_breakout,6940,6941.0,2009-02-13 15:45:00-05:00,short,83.26989591130938,0.16985510260995795,83.44753062077451,82.62014489739005,6861,6940,2009-02-10 15:30:00-05:00,2009-02-13 15:45:00-05:00,train
SPY,double_top,0,near_miss,6992,,2009-02-18 15:45:00-05:00,short,79.16652218619366,2.2425692763703324,83.44753062077451,76.95743072362967,6913,6992,2009-02-12 15:30:00-05:00,2009-02-18 15:45:00-05:00,train
SPY,double_top,0,near_miss,7011,,2009-02-19 14:00:00-05:00,short,79.08923215479604,0.3271760227473237,79.46216405073325,78.61282397725267,6932,7011,2009-02-13 13:45:00-05:00,2009-02-19 14:00:00-05:00,train
SPY,double_top,0,near_miss,7059,,2009-02-23 13:00:00-05:00,short,76.5694572525329,1.7708105237299492,79.46216405073325,73.58918947627005,6980,7059,2009-02-18 12:45:00-05:00,2009-02-23 13:00:00-05:00,train
SPY,double_top,0,failed_breakout,7090,,2009-02-24 14:15:00-05:00,short,75.31226981262527,1.0612374948757832,77.21837150179245,75.73876250512421,7011,7090,2009-02-19 14:00:00-05:00,2009-02-24 14:15:00-05:00,train
SPY,double_top,0,near_miss,7108,,2009-02-25 12:15:00-05:00,short,75.5041140816557,0.810772584751561,77.10113021960485,75.47922741524845,7029,7108,2009-02-20 12:00:00-05:00,2009-02-25 12:15:00-05:00,train
SPY,double_top,1,confirmed_breakout,7141,7146.0,2009-02-26 14:00:00-05:00,short,76.2387019587692,1.1857569613185177,77.74778762057059,74.55424303868148,7062,7141,2009-02-23 13:45:00-05:00,2009-02-26 14:00:00-05:00,train
SPY,double_top,0,near_miss,7234,,2009-03-04 11:15:00-05:00,short,70.26868086607821,0.558416160476412,71.0629755576842,71.05158383952359,7155,7234,2009-02-27 11:00:00-05:00,2009-03-04 11:15:00-05:00,train
SPY,double_top,0,near_miss,7263,,2009-03-05 12:00:00-05:00,short,70.47090251305974,0.8226702658482168,71.99592706239088,68.36732973415178,7184,7263,2009-03-02 11:45:00-05:00,2009-03-05 12:00:00-05:00,train
SPY,double_top,1,confirmed_breakout,7284,7285.0,2009-03-06 10:45:00-05:00,short,68.92363214410831,1.6447721026923716,71.99592706239088,66.44522789730763,7205,7284,2009-03-03 10:30:00-05:00,2009-03-06 10:45:00-05:00,train
SPY,double_top,0,near_miss,7327,,2009-03-09 15:00:00-04:00,short,67.64448381714128,1.4374115490775097,69.14088143121049,66.9925884509225,7248,7327,2009-03-04 14:45:00-05:00,2009-03-09 15:00:00-04:00,train
SPY,double_top,0,near_miss,7378,,2009-03-11 14:45:00-04:00,short,68.33176999258042,2.6481692570956596,72.93696919812507,69.84183074290434,7299,7378,2009-03-06 14:30:00-05:00,2009-03-11 14:45:00-04:00,train
SPY,double_top,0,failed_breakout,7393,,2009-03-12 12:00:00-04:00,short,72.47822891226981,0.31222790302084036,72.93696919812507,73.37777209697916,7314,7393,2009-03-09 11:45:00-04:00,2009-03-12 12:00:00-04:00,train
SPY,double_top,0,near_miss,7427,,2009-03-13 14:00:00-04:00,short,72.5941869305684,1.507737840346735,75.55990510937401,74.21226215965326,7348,7427,2009-03-10 13:45:00-04:00,2009-03-13 14:00:00-04:00,train
SPY,double_top,0,failed_breakout,7464,,2009-03-17 10:15:00-04:00,short,75.32809504288431,1.2087614871541916,77.51380795070301,74.80123851284581,7385,7464,2009-03-12 10:00:00-04:00,2009-03-17 10:15:00-04:00,train
SPY,double_top,1,confirmed_breakout,7538,7539.0,2009-03-19 15:45:00-04:00,short,79.31417313577967,0.25056838250878855,79.77158368910624,78.61943161749122,7459,7538,2009-03-16 15:30:00-04:00,2009-03-19 15:45:00-04:00,train
SPY,double_top,1,confirmed_breakout,7632,7633.0,2009-03-25 13:15:00-04:00,short,81.50985705825849,0.40926648821280764,82.01264060289029,80.59073351178719,7553,7632,2009-03-20 13:00:00-04:00,2009-03-25 13:15:00-04:00,train
SPY,double_top,0,failed_breakout,7674,,2009-03-27 10:45:00-04:00,short,80.34355648078083,1.9548796068573182,82.58423157238603,80.05512039314269,7595,7674,2009-03-24 10:30:00-04:00,2009-03-27 10:45:00-04:00,train
SPY,double_top,0,near_miss,7679,,2009-03-27 12:00:00-04:00,short,82.54360053951527,0.10535042270200279,82.7136703520485,82.164649577298,7600,7679,2009-03-24 11:45:00-04:00,2009-03-27 12:00:00-04:00,train
SPY,double_top,1,confirmed_breakout,7695,7696.0,2009-03-27 16:00:00-04:00,short,81.84442747424514,0.4369004635444611,82.7136703520485,78.73309953645554,7616,7695,2009-03-24 15:45:00-04:00,2009-03-27 16:00:00-04:00,train
SPY,double_top,0,near_miss,7755,,2009-04-01 11:30:00-04:00,short,78.44394394283002,2.7087215093911254,81.8489855235307,77.58127849060888,7676,7755,2009-03-27 11:15:00-04:00,2009-04-01 11:30:00-04:00,train
SPY,double_top,1,confirmed_breakout,7798,7799.0,2009-04-02 15:45:00-04:00,short,83.91553240053943,0.051215559794684395,83.98272390900443,83.35878444020531,7719,7798,2009-03-30 15:30:00-04:00,2009-04-02 15:45:00-04:00,train
SPY,double_top,0,failed_breakout,7799,,2009-04-02 16:00:00-04:00,short,79.85392249151138,2.349636204776317,83.95077201166382,81.06036379522368,7720,7799,2009-03-30 15:45:00-04:00,2009-04-02 16:00:00-04:00,train
SPY,double_top,1,confirmed_breakout,7831,7832.0,2009-04-06 11:00:00-04:00,short,83.20833935005022,0.6730306292525796,83.98272390900443,82.00696937074743,7752,7831,2009-04-01 10:45:00-04:00,2009-04-06 11:00:00-04:00,train
SPY,double_top,1,confirmed_breakout,7851,7852.0,2009-04-06 16:00:00-04:00,short,82.67980858136688,0.6913414779388347,83.78001604960117,81.13865852206116,7772,7851,2009-04-01 15:45:00-04:00,2009-04-06 16:00:00-04:00,train
SPY,double_top,0,near_miss,7905,,2009-04-09 10:00:00-04:00,short,81.95485028337703,0.7683281707435015,82.96228406901027,84.2816718292565,7826,7905,2009-04-06 09:45:00-04:00,2009-04-09 10:00:00-04:00,train
SPY,double_top,0,failed_breakout,7939,,2009-04-13 12:00:00-04:00,short,82.2687868660841,1.5711766310524666,85.19585415504234,83.40882336894754,7860,7939,2009-04-07 11:45:00-04:00,2009-04-13 12:00:00-04:00,train
SPY,double_top,1,confirmed_breakout,7965,7968.0,2009-04-14 12:00:00-04:00,short,85.08622327578014,0.39680550028197104,85.79077574141414,84.17319449971802,7886,7965,2009-04-08 11:45:00-04:00,2009-04-14 12:00:00-04:00,train
SPY,double_top,0,failed_breakout,8010,,2009-04-16 10:15:00-04:00,short,84.25291411413751,0.8528674325507097,85.79077574141414,84.28713256744929,7931,8010,2009-04-13 10:00:00-04:00,2009-04-16 10:15:00-04:00,train
SPY,double_top,0,near_miss,8048,,2009-04-17 13:15:00-04:00,short,84.29727556895583,1.1621265604141655,86.49801690677768,85.89787343958584,7969,8048,2009-04-14 13:00:00-04:00,2009-04-17 13:15:00-04:00,train
SPY,double_top,1,confirmed_breakout,8059,8060.0,2009-04-17 16:00:00-04:00,short,86.49243324315715,0.4036421008149773,87.29413378116658,84.73635789918502,7980,8059,2009-04-14 15:45:00-04:00,2009-04-17 16:00:00-04:00,train
SPY,double_top,1,confirmed_breakout,8136,8137.0,2009-04-22 15:45:00-04:00,short,85.55828535948318,0.1329339793986435,85.78961543715471,84.39706602060136,8057,8136,2009-04-17 15:30:00-04:00,2009-04-22 15:45:00-04:00,train
SPY,double_top,1,confirmed_breakout,8189,8190.0,2009-04-24 16:00:00-04:00,short,86.55739413569127,0.14792408414120928,86.78483662144374,85.87207591585879,8110,8189,2009-04-21 15:45:00-04:00,2009-04-24 16:00:00-04:00,train
SPY,double_top,0,near_miss,8191,,2009-04-27 10:00:00-04:00,short,84.15457901551433,2.053128612173637,86.62579981822121,84.12687138782637,8112,8191,2009-04-22 09:45:00-04:00,2009-04-27 10:00:00-04:00,train
SPY,double_top,1,confirmed_breakout,8204,8205.0,2009-04-27 13:15:00-04:00,short,86.51840457286384,0.2124071167737469,86.78483662144374,85.70759288322625,8125,8204,2009-04-22 13:00:00-04:00,2009-04-27 13:15:00-04:00,train
SPY,double_top,0,near_miss,8248,,2009-04-29 11:15:00-04:00,short,85.77457725165492,0.6130339432138356,86.67678675783145,86.68696605678616,8169,8248,2009-04-24 11:00:00-04:00,2009-04-29 11:15:00-04:00,train
SPY,double_top,0,failed_breakout,8274,,2009-04-30 11:15:00-04:00,short,85.99778562759849,0.8978054389245926,87.6927465011401,88.08219456107541,8195,8274,2009-04-27 11:00:00-04:00,2009-04-30 11:15:00-04:00,train
SPY,double_top,0,failed_breakout,8287,,2009-04-30 14:30:00-04:00,short,87.61394939187157,0.4852737591120331,88.5056998008271,87.41472624088797,8208,8287,2009-04-27 14:15:00-04:00,2009-04-30 14:30:00-04:00,train
SPY,double_top,0,failed_breakout,8325,,2009-05-04 11:00:00-04:00,short,87.28672694240569,0.8291138146839074,88.5056998008271,88.78088618531609,8246,8325,2009-04-29 10:45:00-04:00,2009-05-04 11:00:00-04:00,train
SPY,double_top,0,failed_breakout,8359,,2009-05-05 13:00:00-04:00,short,87.65146571894903,1.412441450755864,90.40183262605767,88.79755854924413,8280,8359,2009-04-30 12:45:00-04:00,2009-05-05 13:00:00-04:00,train
SPY,double_top,0,failed_breakout,8367,,2009-05-05 15:00:00-04:00,short,90.30895131536452,0.05310517952894145,90.40183262605767,90.00689482047106,8288,8367,2009-04-30 14:45:00-04:00,2009-05-05 15:00:00-04:00,train
SPY,double_top,0,failed_breakout,8410,,2009-05-07 12:45:00-04:00,short,90.14272991751899,1.00520079447152,91.97358106025175,90.69479920552848,8331,8410,2009-05-04 12:30:00-04:00,2009-05-07 12:45:00-04:00,train
SPY,double_top,0,failed_breakout,8459,,2009-05-11 12:00:00-04:00,short,90.79668879020981,1.5667626938864174,92.75332190794073,90.00323730611358,8380,8459,2009-05-06 11:45:00-04:00,2009-05-11 12:00:00-04:00,train
SPY,double_top,1,confirmed_breakout,8474,8475.0,2009-05-11 15:45:00-04:00,short,91.65618100110031,0.5671502162966675,92.75332190794073,90.62284978370333,8395,8474,2009-05-06 15:30:00-04:00,2009-05-11 15:45:00-04:00,train
SPY,double_top,0,near_miss,8511,,2009-05-13 12:00:00-04:00,short,90.25308616852763,0.9753378091403704,91.69334052685322,88.18466219085963,8432,8511,2009-05-08 11:45:00-04:00,2009-05-13 12:00:00-04:00,train
SPY,double_top,0,near_miss,8570,,2009-05-15 13:45:00-04:00,short,89.55804850011604,0.6235107435117442,90.7635074284828,87.95648925648825,8491,8570,2009-05-12 13:30:00-04:00,2009-05-15 13:45:00-04:00,train
SPY,double_top,0,near_miss,8650,,2009-05-20 14:15:00-04:00,short,91.5985581046913,0.3264668277567466,92.17517190641851,91.16353317224325,8571,8650,2009-05-15 14:00:00-04:00,2009-05-20 14:15:00-04:00,train
SPY,double_top,0,failed_breakout,8758,,2009-05-27 15:15:00-04:00,short,89.48881250665438,1.071377478156009,91.43073785328957,89.298622521844,8679,8758,2009-05-21 15:00:00-04:00,2009-05-27 15:15:00-04:00,train
SPY,double_top,0,near_miss,8804,,2009-05-29 13:45:00-04:00,short,89.94168270523627,1.345829872115928,91.43073785328957,90.06417012788407,8725,8804,2009-05-26 13:30:00-04:00,2009-05-29 13:45:00-04:00,train
SPY,double_top,0,failed_breakout,8817,,2009-06-01 10:30:00-04:00,short,91.12130109886647,0.06513446122119149,91.22858381876048,94.3748655387788,8738,8817,2009-05-27 10:15:00-04:00,2009-06-01 10:30:00-04:00,train
SPY,double_top,0,failed_breakout,8857,,2009-06-02 14:00:00-04:00,short,91.20037745928715,1.8460741032600794,94.86431930633398,93.08392589673993,8778,8857,2009-05-28 13:45:00-04:00,2009-06-02 14:00:00-04:00,train
SPY,double_top,1,confirmed_breakout,8865,8866.0,2009-06-02 16:00:00-04:00,short,94.69293656875821,0.2062708007168652,94.93409543261619,93.57372919928314,8786,8865,2009-05-28 15:45:00-04:00,2009-06-02 16:00:00-04:00,train
SPY,double_top,0,near_miss,8929,,2009-06-05 12:30:00-04:00,short,93.04373243829406,1.7012216957905366,94.93409543261619,93.27877830420947,8850,8929,2009-06-02 12:15:00-04:00,2009-06-05 12:30:00-04:00,train
SPY,double_top,1,confirmed_breakout,8943,8944.0,2009-06-05 16:00:00-04:00,short,94.49662613501584,0.19373107461501604,94.82490158370872,93.27626892538498,8864,8943,2009-06-02 15:45:00-04:00,2009-06-05 16:00:00-04:00,train
SPY,double_top,0,failed_breakout,9054,,2009-06-12 11:15:00-04:00,short,93.78237652143862,1.4641927548019567,95.64169917272828,93.06580724519804,8975,9054,2009-06-09 11:00:00-04:00,2009-06-12 11:15:00-04:00,train
SPY,double_top,1,confirmed_breakout,9073,9074.0,2009-06-12 16:00:00-04:00,short,94.50222815098503,0.7206613639014421,95.64169917272828,92.88933863609856,8994,9073,2009-06-09 15:45:00-04:00,2009-06-12 16:00:00-04:00,train
SPY,double_top,0,near_miss,9118,,2009-06-16 14:15:00-04:00,short,92.6548111539504,1.2453151172365295,94.80407985704466,90.64468488276347,9039,9118,2009-06-11 14:00:00-04:00,2009-06-16 14:15:00-04:00,train
SPY,double_top,0,failed_breakout,9158,,2009-06-18 11:15:00-04:00,short,91.43989420124973,1.032899779950668,92.99617268532921,91.15710022004933,9079,9158,2009-06-15 11:00:00-04:00,2009-06-18 11:15:00-04:00,train
SPY,double_top,0,failed_breakout,9189,,2009-06-19 12:30:00-04:00,short,91.82313001838102,0.3658386878487363,92.42852213538794,91.58416131215127,9110,9189,2009-06-16 12:15:00-04:00,2009-06-19 12:30:00-04:00,train
SPY,double_top,0,near_miss,9194,,2009-06-19 13:45:00-04:00,short,92.40225144095567,0.030974898920931082,92.43793054436527,92.00902510107908,9115,9194,2009-06-16 13:30:00-04:00,2009-06-19 13:45:00-04:00,train
SPY,double_top,0,near_miss,9213,,2009-06-22 12:00:00-04:00,short,91.88514876944643,0.3101200845588039,92.43793054436527,89.4198799154412,9134,9213,2009-06-17 11:45:00-04:00,2009-06-22 12:00:00-04:00,train
SPY,double_top,1,confirmed_breakout,9362,9363.0,2009-06-30 10:15:00-04:00,short,92.62303537166154,0.05432554666590761,92.70625415219766,91.85567445333409,9283,9362,2009-06-25 10:00:00-04:00,2009-06-30 10:15:00-04:00,train
SPY,double_top,0,near_miss,9413,,2009-07-02 10:00:00-04:00,short,91.60127340583641,1.1987597607917593,92.89381218105868,89.28124023920824,9334,9413,2009-06-29 09:45:00-04:00,2009-07-02 10:00:00-04:00,train
SPY,double_top,0,near_miss,9668,,2009-07-16 15:15:00-04:00,short,93.17430396127422,0.035969758841105204,93.21688285082953,94.0540302411589,9589,9668,2009-07-13 15:00:00-04:00,2009-07-16 15:15:00-04:00,train
SPY,double_top,0,failed_breakout,9686,,2009-07-17 13:15:00-04:00,short,93.19495651218784,0.38787743065989844,93.94878503486596,93.4621225693401,9607,9686,2009-07-14 13:00:00-04:00,2009-07-17 13:15:00-04:00,train
SPY,double_top,0,failed_breakout,9703,,2009-07-20 11:00:00-04:00,short,93.85898697977215,0.12832578933542038,94.02584050334917,94.24167421066458,9624,9703,2009-07-15 10:45:00-04:00,2009-07-20 11:00:00-04:00,train
SPY,double_top,0,failed_breakout,9741,,2009-07-21 14:00:00-04:00,short,94.01314537343374,0.6084982699882602,95.21744678349485,94.10150173001173,9662,9741,2009-07-16 13:45:00-04:00,2009-07-21 14:00:00-04:00,train
SPY,double_top,0,failed_breakout,9781,,2009-07-23 11:00:00-04:00,short,94.80480812144751,0.6745977189416124,95.74136489728338,96.48540228105838,9702,9781,2009-07-20 10:45:00-04:00,2009-07-23 11:00:00-04:00,train
SPY,double_top,0,near_miss,9810,,2009-07-24 11:45:00-04:00,short,95.63239034552883,1.165301995923599,97.85401978562149,96.0346980040764,9731,9810,2009-07-21 11:30:00-04:00,2009-07-24 11:45:00-04:00,train
SPY,double_top,0,failed_breakout,9839,,2009-07-28 12:30:00-04:00,short,97.22521688854586,0.6322201729202135,97.86085433731067,96.68777982707978,9760,9839,2009-07-22 12:15:00-04:00,2009-07-28 12:30:00-04:00,train
SPY,double_top,0,failed_breakout,9863,,2009-07-29 12:00:00-04:00,short,97.46263575803076,0.3684479966477312,97.86085433731067,97.06155200335228,9784,9863,2009-07-23 11:45:00-04:00,2009-07-29 12:00:00-04:00,train
SPY,double_top,0,near_miss,9877,,2009-07-29 15:30:00-04:00,short,97.49516511910068,0.15463167709029335,97.8013131720463,97.18536832290971,9798,9877,2009-07-23 15:15:00-04:00,2009-07-29 15:30:00-04:00,train
SPY,double_top,0,near_miss,9913,,2009-07-31 11:30:00-04:00,short,97.26164379190159,1.1933462103735764,99.4116995842147,97.68665378962642,9834,9913,2009-07-28 11:15:00-04:00,2009-07-31 11:30:00-04:00,train
SPY,double_top,0,near_miss,9935,,2009-08-03 10:30:00-04:00,short,98.96300867406765,0.272321103899543,99.4116995842147,99.79767889610045,9856,9935,2009-07-29 10:15:00-04:00,2009-08-03 10:30:00-04:00,train
SPY,double_top,0,near_miss,9967,,2009-08-04 12:00:00-04:00,short,99.05061916082471,0.6242883212945287,100.25723628419482,99.90571167870547,9888,9967,2009-07-30 11:45:00-04:00,2009-08-04 12:00:00-04:00,train
SPY,double_top,0,failed_breakout,9984,,2009-08-05 09:45:00-04:00,short,100.18765284150389,0.22687897651243816,100.57182735183784,100.48312102348756,9905,9984,2009-07-30 16:00:00-04:00,2009-08-05 09:45:00-04:00,train
SPY,double_top,1,confirmed_breakout,9985,9986.0,2009-08-05 10:00:00-04:00,short,100.41057294163984,0.10476066825914643,100.57182735183784,99.77523933174085,9906,9985,2009-07-31 09:45:00-04:00,2009-08-05 10:00:00-04:00,train
SPY,double_top,0,near_miss,10020,,2009-08-06 12:15:00-04:00,short,99.97053630540633,0.4684269827774159,100.45883986796015,99.37157301722259,9941,10020,2009-08-03 12:00:00-04:00,2009-08-06 12:15:00-04:00,train
SPY,double_top,0,failed_breakout,10067,,2009-08-10 11:00:00-04:00,short,99.77399244463005,1.2867673885911302,101.70243295803505,99.81323261140886,9988,10067,2009-08-05 10:45:00-04:00,2009-08-10 11:00:00-04:00,train
SPY,double_top,1,confirmed_breakout,10090,10091.0,2009-08-11 10:15:00-04:00,short,100.6159547211511,0.5658237188322914,101.70243295803505,99.2041762811677,10011,10090,2009-08-06 10:00:00-04:00,2009-08-11 10:15:00-04:00,train
SPY,double_top,1,confirmed_breakout,10140,10141.0,2009-08-13 09:45:00-04:00,short,100.92901425131122,0.11716704733281347,101.09496821603975,100.28283295266719,10061,10140,2009-08-07 16:00:00-04:00,2009-08-13 09:45:00-04:00,train
SPY,double_top,0,near_miss,10142,,2009-08-13 10:15:00-04:00,short,99.65780029969723,1.171458851892794,100.99739438124833,99.4585411481072,10063,10142,2009-08-10 10:00:00-04:00,2009-08-13 10:15:00-04:00,train
SPY,double_top,1,confirmed_breakout,10166,10168.0,2009-08-14 09:45:00-04:00,short,100.92347456265763,0.22510745321363856,101.2021958157028,99.86489254678636,10087,10166,2009-08-10 16:00:00-04:00,2009-08-14 09:45:00-04:00,train
SPY,double_top,0,near_miss,10175,,2009-08-14 12:00:00-04:00,short,101.11120280103006,0.09995013325965374,101.22011005287663,99.79004986674035,10096,10175,2009-08-11 11:45:00-04:00,2009-08-14 12:00:00-04:00,train
SPY,double_top,0,failed_breakout,10275,,2009-08-20 11:00:00-04:00,short,99.07399041570919,0.5367606694780278,99.99394478205288,100.25323933052198,10196,10275,2009-08-17 10:45:00-04:00,2009-08-20 11:00:00-04:00,train
SPY,double_top,0,failed_breakout,10372,,2009-08-25 15:45:00-04:00,short,102.98581656681367,0.658154150175406,103.65009420599677,102.55184584982459,10293,10372,2009-08-20 15:30:00-04:00,2009-08-25 15:45:00-04:00,train
SPY,double_top,0,failed_breakout,10389,,2009-08-26 13:30:00-04:00,short,103.18230398009233,0.25274878234070286,103.65009420599677,102.62725121765929,10310,10389,2009-08-21 13:15:00-04:00,2009-08-26 13:30:00-04:00,train
SPY,double_top,0,near_miss,10404,,2009-08-27 10:45:00-04:00,short,102.99625522534755,0.1377490909483896,103.22001131886931,102.14225090905161,10325,10404,2009-08-24 10:30:00-04:00,2009-08-27 10:45:00-04:00,train
SPY,double_top,0,failed_breakout,10441,,2009-08-28 13:30:00-04:00,short,102.42848499148691,0.8155095459853499,103.43999176122195,102.30449045401465,10362,10441,2009-08-25 13:15:00-04:00,2009-08-28 13:30:00-04:00,train
SPY,double_top,1,confirmed_breakout,10451,10452.0,2009-08-28 16:00:00-04:00,short,103.09927085606799,0.21317203025529352,103.43999176122195,102.1468279697447,10372,10451,2009-08-25 15:45:00-04:00,2009-08-28 16:00:00-04:00,train
SPY,double_top,0,near_miss,10492,,2009-09-01 13:15:00-04:00,short,102.07384747990494,0.7463440415426987,103.18489401142463,99.6236559584573,10413,10492,2009-08-27 13:00:00-04:00,2009-09-01 13:15:00-04:00,train
SPY,double_top,0,failed_breakout,10534,,2009-09-03 10:45:00-04:00,short,100.14482515109555,1.1820326305312392,102.45548903147065,98.86796736946876,10455,10534,2009-08-31 10:30:00-04:00,2009-09-03 10:45:00-04:00,train
SPY,double_top,0,near_miss,10541,,2009-09-03 12:30:00-04:00,short,100.14528555059704,0.046110253792392086,100.19822653178291,100.1638897462076,10462,10541,2009-08-31 12:15:00-04:00,2009-09-03 12:30:00-04:00,train
SPY,double_top,0,failed_breakout,10703,,2009-09-14 14:00:00-04:00,short,104.57447437471221,0.17792012945149338,104.89947169116857,104.6520798705485,10624,10703,2009-09-09 13:45:00-04:00,2009-09-14 14:00:00-04:00,train
SPY,double_top,1,confirmed_breakout,10798,10799.0,2009-09-18 11:45:00-04:00,short,107.03841798287148,0.26174690263995615,107.49425955552873,106.23825309736004,10719,10798,2009-09-15 11:30:00-04:00,2009-09-18 11:45:00-04:00,train
SPY,double_top,0,near_miss,10824,,2009-09-21 11:45:00-04:00,short,106.68219076184135,0.3328968697984749,107.10607021549414,106.16710313020153,10745,10824,2009-09-16 11:30:00-04:00,2009-09-21 11:45:00-04:00,train
SPY,double_top,0,near_miss,10878,,2009-09-23 12:15:00-04:00,short,106.29899254952853,0.7355587040345881,107.14499745934074,106.43444129596541,10799,10878,2009-09-18 12:00:00-04:00,2009-09-23 12:15:00-04:00,train
SPY,double_top,0,near_miss,10900,,2009-09-24 11:15:00-04:00,short,107.01169561481167,0.24512991319249977,107.3686535966676,105.0648700868075,10821,10900,2009-09-21 11:00:00-04:00,2009-09-24 11:15:00-04:00,train
SPY,double_top,1,confirmed_breakout,10930,10931.0,2009-09-25 12:15:00-04:00,short,104.9045704814864,1.303490821825605,107.3686535966676,102.96650917817439,10851,10930,2009-09-22 12:00:00-04:00,2009-09-25 12:15:00-04:00,train
SPY,double_top,0,near_miss,10953,,2009-09-28 11:30:00-04:00,short,104.50976975255207,0.32341175726011784,105.04746900995642,105.83658824273988,10874,10953,2009-09-23 11:15:00-04:00,2009-09-28 11:30:00-04:00,train
SPY,double_top,0,near_miss,10985,,2009-09-29 13:00:00-04:00,short,104.60358772856243,0.9127315678109937,106.4137445830789,105.407268432189,10906,10985,2009-09-24 12:45:00-04:00,2009-09-29 13:00:00-04:00,train
SPY,double_top,0,near_miss,11001,,2009-09-30 10:30:00-04:00,short,106.18023654285165,0.18397575378001818,106.4137445830789,104.65602424621999,10922,11001,2009-09-25 10:15:00-04:00,2009-09-30 10:30:00-04:00,train
SPY,double_top,0,near_miss,11029,,2009-10-01 11:00:00-04:00,short,105.2385649632664,0.8576899229901045,106.31468001018443,103.4723100770099,10950,11029,2009-09-28 10:45:00-04:00,2009-10-01 11:00:00-04:00,train
SPY,double_top,0,failed_breakout,11081,,2009-10-05 11:00:00-04:00,short,102.64817981569357,1.7027644790225054,105.87782976232856,101.89723552097749,11002,11081,2009-09-30 10:45:00-04:00,2009-10-05 11:00:00-04:00,train
SPY,double_top,0,failed_breakout,11127,,2009-10-06 16:00:00-04:00,short,102.76424976781234,1.4812949432168523,105.66703059495478,104.04870505678315,11048,11127,2009-10-01 15:45:00-04:00,2009-10-06 16:00:00-04:00,train
SPY,double_top,0,failed_breakout,11181,,2009-10-09 10:00:00-04:00,short,105.41740255340478,0.8568492872899327,106.88147308643467,106.03315071271007,11102,11181,2009-10-06 09:45:00-04:00,2009-10-09 10:00:00-04:00,train
SPY,double_top,0,failed_breakout,11199,,2009-10-09 14:30:00-04:00,short,106.73948149785035,0.12014271680688182,106.88147308643467,106.69985728319311,11120,11199,2009-10-06 14:15:00-04:00,2009-10-09 14:30:00-04:00,train
SPY,double_top,0,near_miss,11233,,2009-10-13 10:00:00-04:00,short,106.80116132521955,0.5777672037334725,107.92008171502626,106.45223279626653,11154,11233,2009-10-08 09:45:00-04:00,2009-10-13 10:00:00-04:00,train
SPY,double_top,1,confirmed_breakout,11311,11312.0,2009-10-16 10:00:00-04:00,short,109.0066737275794,0.1946869725206284,109.33899475192815,108.17531302747938,11232,11311,2009-10-13 09:45:00-04:00,2009-10-16 10:00:00-04:00,train
SPY,double_top,0,failed_breakout,11368,,2009-10-20 11:15:00-04:00,short,108.57464305827001,1.0772973127739505,109.96488599015977,108.39270268722605,11289,11368,2009-10-15 11:00:00-04:00,2009-10-20 11:15:00-04:00,train
SPY,double_top,1,confirmed_breakout,11411,11412.0,2009-10-21 15:30:00-04:00,short,109.03346512183404,0.8703952628709146,109.96488599015977,107.44960473712908,11332,11411,2009-10-16 15:15:00-04:00,2009-10-21 15:30:00-04:00,train
SPY,double_top,0,failed_breakout,11453,,2009-10-23 13:00:00-04:00,short,108.2870857392113,1.2270508743965252,109.84283477925014,107.24294912560347,11374,11453,2009-10-20 12:45:00-04:00,2009-10-23 13:00:00-04:00,train
SPY,double_top,1,confirmed_breakout,11473,11474.0,2009-10-26 11:30:00-04:00,short,108.11245261135413,0.8169692353502285,109.18543844796554,106.71303076464977,11394,11473,2009-10-21 11:15:00-04:00,2009-10-26 11:30:00-04:00,train
SPY,double_top,0,near_miss,11512,,2009-10-27 14:45:00-04:00,short,106.88348505320447,0.964510027378779,108.67340524544318,105.64548997262122,11433,11512,2009-10-22 14:30:00-04:00,2009-10-27 14:45:00-04:00,train
SPY,double_top,0,near_miss,11524,,2009-10-28 11:15:00-04:00,short,106.68139754339026,0.1769211786549647,107.02258491572333,105.25307882134504,11445,11524,2009-10-23 11:00:00-04:00,2009-10-28 11:15:00-04:00,train
SPY,double_top,0,near_miss,11580,,2009-10-30 12:15:00-04:00,short,104.88175782922097,1.7144895896541072,106.69405252836714,103.30551041034589,11501,11580,2009-10-27 12:00:00-04:00,2009-10-30 12:15:00-04:00,train
SPY,double_top,1,confirmed_breakout,11608,11609.0,2009-11-02 12:45:00-05:00,short,104.02231463159892,1.5848369952772288,106.49844230938302,101.58516300472277,11529,11608,2009-10-28 12:30:00-04:00,2009-11-02 12:45:00-05:00,train
SPY,double_top,0,failed_breakout,11638,,2009-11-03 13:45:00-05:00,short,103.87114903942515,0.5377906487124022,104.71586094436928,103.7622093512876,11559,11638,2009-10-29 13:30:00-04:00,2009-11-03 13:45:00-05:00,train
SPY,double_top,1,confirmed_breakout,11671,11672.0,2009-11-04 15:30:00-05:00,short,105.7020475988838,0.09155005508449676,105.81113383564924,104.9084499449155,11592,11671,2009-10-30 15:15:00-04:00,2009-11-04 15:30:00-05:00,train
SPY,double_top,0,near_miss,11672,,2009-11-04 15:45:00-05:00,short,104.0072287009676,0.9493474328099296,105.81113383564924,104.05065256719007,11593,11672,2009-10-30 15:30:00-04:00,2009-11-04 15:45:00-05:00,train
SPY,double_top,0,near_miss,11712,,2009-11-06 12:45:00-05:00,short,105.57410648645583,0.6876749601772332,106.7475014209788,106.31232503982277,11633,11712,2009-11-03 12:30:00-05:00,2009-11-06 12:45:00-05:00,train
SPY,double_top,0,failed_breakout,11730,,2009-11-09 10:45:00-05:00,short,106.71864741564475,0.15014022973610963,106.99007386978293,108.4398597702639,11651,11730,2009-11-04 10:30:00-05:00,2009-11-09 10:45:00-05:00,train
SPY,double_top,0,near_miss,11766,,2009-11-10 13:15:00-05:00,short,106.95860913919626,1.2901092848597528,109.50736297832908,107.89989071514024,11687,11766,2009-11-05 13:00:00-05:00,2009-11-10 13:15:00-05:00,train
SPY,double_top,0,failed_breakout,11796,,2009-11-11 14:15:00-05:00,short,109.2722921058524,0.5238714162143197,110.08496406580436,109.41612858378568,11717,11796,2009-11-06 14:00:00-05:00,2009-11-11 14:15:00-05:00,train
SPY,double_top,0,failed_breakout,11887,,2009-11-17 11:00:00-05:00,short,109.5873271931142,1.0332637556129924,111.44652439984806,109.74673624438701,11808,11887,2009-11-12 10:45:00-05:00,2009-11-17 11:00:00-05:00,train
SPY,double_top,0,failed_breakout,11918,,2009-11-18 12:15:00-05:00,short,110.87051466906055,0.4373952433313377,111.44652439984806,110.65260475666867,11839,11918,2009-11-13 12:00:00-05:00,2009-11-18 12:15:00-05:00,train
SPY,double_top,1,confirmed_breakout,11928,11934.0,2009-11-18 14:45:00-05:00,short,111.05038263001573,0.062350205555176785,111.16929542493573,109.76764979444482,11849,11928,2009-11-13 14:30:00-05:00,2009-11-18 14:45:00-05:00,train
SPY,double_top,0,near_miss,11937,,2009-11-19 10:30:00-05:00,short,110.9475693031491,0.05654318257863622,111.0561702462061,109.59345681742137,11858,11937,2009-11-16 10:15:00-05:00,2009-11-19 10:30:00-05:00,train
SPY,double_top,0,near_miss,11943,,2009-11-19 12:00:00-05:00,short,110.94322503667648,0.04545475071589067,111.02530484953537,109.4745452492841,11864,11943,2009-11-16 11:45:00-05:00,2009-11-19 12:00:00-05:00,train
SPY,double_top,0,failed_breakout,12028,,2009-11-24 13:45:00-05:00,short,110.67907843250495,0.20226933978520378,111.08129652074358,110.4977306602148,11949,12028,2009-11-19 13:30:00-05:00,2009-11-24 13:45:00-05:00,train
SPY,double_top,0,near_miss,12073,,2009-11-30 12:00:00-05:00,short,110.6016487387538,0.41017600370561524,111.34225046108207,108.72982399629439,11994,12073,2009-11-23 11:45:00-05:00,2009-11-30 12:00:00-05:00,train
SPY,double_top,0,near_miss,12122,,2009-12-02 11:15:00-05:00,short,109.3415781514241,2.0408638113906648,111.42263346454747,109.29913618860934,12043,12122,2009-11-25 11:00:00-05:00,2009-12-02 11:15:00-05:00,train
SPY,double_top,0,failed_breakout,12131,,2009-12-02 13:30:00-05:00,short,111.37986083243554,0.1114295776527996,111.55994735562922,111.0485704223472,12052,12131,2009-11-25 13:15:00-05:00,2009-12-02 13:30:00-05:00,train
SPY,double_top,0,failed_breakout,12159,,2009-12-03 14:00:00-05:00,short,111.19774059668904,0.2927606530455762,111.55994735562922,111.20723934695442,12080,12159,2009-11-30 13:45:00-05:00,2009-12-03 14:00:00-05:00,train
SPY,double_top,0,near_miss,12170,,2009-12-04 10:15:00-05:00,short,111.39038634597843,0.029751938786418464,111.42105514384002,111.93024806121358,12091,12170,2009-12-01 10:00:00-05:00,2009-12-04 10:15:00-05:00,train
SPY,double_top,0,near_miss,12184,,2009-12-04 13:45:00-05:00,short,111.16922362903927,0.3511702227617661,111.62156627791241,110.41882977723823,12105,12184,2009-12-01 13:30:00-05:00,2009-12-04 13:45:00-05:00,train
SPY,double_top,0,near_miss,12221,,2009-12-08 10:00:00-05:00,short,110.64986164875607,0.7941642766780745,111.62156627791241,108.89583572332192,12142,12221,2009-12-03 09:45:00-05:00,2009-12-08 10:00:00-05:00,train
SPY,double_top,0,failed_breakout,12265,,2009-12-09 14:30:00-05:00,short,109.54030271766825,0.9008940732848885,111.26648557295589,108.45910592671511,12186,12265,2009-12-04 14:15:00-05:00,2009-12-09 14:30:00-05:00,train
SPY,double_top,0,near_miss,12295,,2009-12-10 15:30:00-05:00,short,109.4155558326594,0.7714059511349376,110.75801555863826,109.76859404886507,12216,12295,2009-12-07 15:15:00-05:00,2009-12-10 15:30:00-05:00,train
SPY,double_top,0,near_miss,12303,,2009-12-11 11:00:00-05:00,short,110.74454357562651,0.038992884863802146,110.80905736234236,111.2110071151362,12224,12303,2009-12-08 10:45:00-05:00,2009-12-11 11:00:00-05:00,train
SPY,double_top,0,near_miss,12314,,2009-12-11 13:45:00-05:00,short,110.74622766408142,0.1600297540497735,111.00345747392002,110.89997024595023,12235,12314,2009-12-08 13:30:00-05:00,2009-12-11 13:45:00-05:00,train
SPY,double_top,0,failed_breakout,12359,,2009-12-15 12:00:00-05:00,short,110.93494964061375,0.47496334993013534,111.81636850716777,111.21503665006986,12280,12359,2009-12-10 11:45:00-05:00,2009-12-15 12:00:00-05:00,train
SPY,double_top,0,near_miss,12370,,2009-12-15 14:45:00-05:00,short,111.68592646346231,0.0761021285869532,111.81636850716777,111.46389787141305,12291,12370,2009-12-10 14:30:00-05:00,2009-12-15 14:45:00-05:00,train
SPY,double_top,0,near_miss,12401,,2009-12-16 16:00:00-05:00,short,111.42955442189594,0.3973860493309047,111.94619226552292,111.09261395066909,12322,12401,2009-12-11 15:45:00-05:00,2009-12-16 16:00:00-05:00,train
SPY,double_top,1,confirmed_breakout,12431,12432.0,2009-12-18 10:30:00-05:00,short,110.38496047181218,0.7876723045822018,111.94619226552292,109.03232769541779,12352,12431,2009-12-15 10:15:00-05:00,2009-12-18 10:30:00-05:00,train
SPY,double_top,0,near_miss,12483,,2009-12-22 10:30:00-05:00,short,109.71353419667084,1.206504575097341,111.44100425627053,110.68349542490266,12404,12483,2009-12-17 10:15:00-05:00,2009-12-22 10:30:00-05:00,train
SPY,double_top,0,failed_breakout,12510,,2009-12-23 10:45:00-05:00,short,111.36517553209713,0.22739715648874892,111.7441411209012,111.52260284351125,12431,12510,2009-12-18 10:30:00-05:00,2009-12-23 10:45:00-05:00,train
SPY,double_top,0,near_miss,12538,,2009-12-24 11:15:00-05:00,short,111.7164974558973,0.14541293953553236,111.97967966996445,112.24458706046447,12459,12538,2009-12-21 11:00:00-05:00,2009-12-24 11:15:00-05:00,train
SPY,double_top,0,near_miss,12565,,2009-12-28 14:30:00-05:00,short,111.97812436905349,0.34665822360491916,112.66988551535238,111.99334177639508,12486,12565,2009-12-22 11:15:00-05:00,2009-12-28 14:30:00-05:00,train
SPY,double_top,0,near_miss,12571,,2009-12-28 16:00:00-05:00,short,112.66748575524576,0.0041792854429871795,112.67344456602513,112.73582071455701,12492,12571,2009-12-22 12:45:00-05:00,2009-12-28 16:00:00-05:00,train
SPY,double_top,0,near_miss,12591,,2009-12-29 14:30:00-05:00,short,112.50555097547672,0.20654725464015655,112.75075189420863,112.54345274535984,12512,12591,2009-12-23 11:15:00-05:00,2009-12-29 14:30:00-05:00,train
SPY,double_top,0,near_miss,12605,,2009-12-30 11:30:00-05:00,short,112.71755119911359,0.03486620790278039,112.75408291982409,112.21513379209722,12526,12605,2009-12-23 14:45:00-05:00,2009-12-30 11:30:00-05:00,train
SPY,double_top,0,near_miss,12637,,2009-12-31 13:00:00-05:00,short,112.39021539159943,0.23301655183814773,112.75408291982409,112.04698344816185,12558,12637,2009-12-28 12:45:00-05:00,2009-12-31 13:00:00-05:00,train
SPY,double_top,0,near_miss,12682,,2010-01-05 11:15:00-05:00,short,112.13972295359576,0.7434094482470925,113.27388383663465,112.7465905517529,12603,12682,2009-12-30 11:00:00-05:00,2010-01-05 11:15:00-05:00,train
SPY,double_top,0,failed_breakout,12698,,2010-01-05 15:15:00-05:00,short,113.22718079893363,0.10782407579685582,113.39612591282632,113.30217592420314,12619,12698,2009-12-30 15:00:00-05:00,2010-01-05 15:15:00-05:00,train
SPY,double_top,0,near_miss,12721,,2010-01-06 14:30:00-05:00,short,113.28674885798799,0.24325882987935188,113.66388946290836,113.55674117012065,12642,12721,2009-12-31 14:15:00-05:00,2010-01-06 14:30:00-05:00,train
SPY,double_top,0,near_miss,12727,,2010-01-06 16:00:00-05:00,short,113.65547909081096,0.014945503830887219,113.67695972637533,113.72505449616911,12648,12727,2009-12-31 15:45:00-05:00,2010-01-06 16:00:00-05:00,train
SPY,double_top,0,near_miss,12737,,2010-01-07 12:00:00-05:00,short,113.67097056197966,0.05397230669889552,113.77292601098178,113.7260276933011,12658,12737,2010-01-04 11:45:00-05:00,2010-01-07 12:00:00-05:00,train
SPY,double_top,0,near_miss,12780,,2010-01-11 09:45:00-05:00,short,113.62496836861375,0.3254388736653908,114.1278884735765,114.45456112633461,12701,12780,2010-01-05 16:00:00-05:00,2010-01-11 09:45:00-05:00,train
SPY,double_top,0,near_miss,12795,,2010-01-11 13:30:00-05:00,short,114.1240468729024,0.173286799838408,114.4667788719051,114.2267132001616,12716,12795,2010-01-06 13:15:00-05:00,2010-01-11 13:30:00-05:00,train
SPY,double_top,0,near_miss,12801,,2010-01-11 15:00:00-05:00,short,114.45908411976089,0.018275036665528432,114.48793944094774,114.52172496333448,12722,12801,2010-01-06 14:45:00-05:00,2010-01-11 15:00:00-05:00,train
SPY,double_top,1,confirmed_breakout,12805,12806.0,2010-01-11 16:00:00-05:00,short,114.44699235821508,0.09373891948436608,114.59352311445117,113.76626108051563,12726,12805,2010-01-06 15:45:00-05:00,2010-01-11 16:00:00-05:00,train
SPY,double_top,0,failed_breakout,12945,,2010-01-20 12:00:00-05:00,short,113.43415871787882,1.4685778853893652,114.90467736944117,111.75142211461063,12866,12945,2010-01-14 11:45:00-05:00,2010-01-20 12:00:00-05:00,train
SPY,double_top,1,confirmed_breakout,12964,12965.0,2010-01-21 10:15:00-05:00,short,113.33459660410877,0.9814206734411499,114.90467736944117,111.73857932655885,12885,12964,2010-01-15 10:00:00-05:00,2010-01-21 10:15:00-05:00,train
SPY,double_top,1,confirmed_breakout,12987,12988.0,2010-01-21 16:00:00-05:00,short,111.99407542190318,0.8770833767480894,113.72735718565865,110.46291662325191,12908,12987,2010-01-15 15:45:00-05:00,2010-01-21 16:00:00-05:00,train
SPY,double_top,0,near_miss,13047,,2010-01-26 11:30:00-05:00,short,109.81554061351575,1.2528200092695698,112.01496041164387,108.76717999073043,12968,13047,2010-01-21 11:15:00-05:00,2010-01-26 11:30:00-05:00,train
SPY,double_top,0,near_miss,13068,,2010-01-27 10:15:00-05:00,short,109.82184011088319,0.36294787212267465,110.24781513208497,108.63705212787733,12989,13068,2010-01-22 10:00:00-05:00,2010-01-27 10:15:00-05:00,train
SPY,double_top,1,confirmed_breakout,13099,13100.0,2010-01-28 11:30:00-05:00,short,108.89163642520158,0.9451060604081647,110.24781513208497,107.21489393959183,13020,13099,2010-01-25 11:15:00-05:00,2010-01-28 11:30:00-05:00,train
SPY,double_top,1,confirmed_breakout,13134,13139.0,2010-01-29 13:45:00-05:00,short,108.56701457953015,0.7134693600716986,109.42566983913453,107.21653063992831,13055,13134,2010-01-26 13:30:00-05:00,2010-01-29 13:45:00-05:00,train
SPY,double_top,1,confirmed_breakout,13221,13222.0,2010-02-03 16:00:00-05:00,short,109.85011844112726,0.25404091608253054,110.30310922413977,108.39595908391748,13142,13221,2010-01-29 15:45:00-05:00,2010-02-03 16:00:00-05:00,train
SPY,double_top,0,near_miss,13230,,2010-02-04 11:45:00-05:00,short,109.88671782560989,0.02107340338741892,109.91037296771482,107.26892659661259,13151,13230,2010-02-01 11:30:00-05:00,2010-02-04 11:45:00-05:00,train
SPY,double_top,0,failed_breakout,13315,,2010-02-09 13:30:00-05:00,short,106.52023513630174,0.3433658306160936,106.965584777491,107.07663416938391,13236,13315,2010-02-04 13:15:00-05:00,2010-02-09 13:30:00-05:00,train
SPY,double_top,0,near_miss,13333,,2010-02-10 11:30:00-05:00,short,106.71091686945377,0.3848319807334235,107.42988054402974,106.46516801926657,13254,13333,2010-02-05 11:15:00-05:00,2010-02-10 11:30:00-05:00,train
SPY,double_top,0,failed_breakout,13359,,2010-02-11 11:30:00-05:00,short,106.78666913168881,0.5382336630267872,107.42988054402974,106.90176633697321,13280,13359,2010-02-08 11:15:00-05:00,2010-02-11 11:30:00-05:00,train
SPY,double_top,0,failed_breakout,13387,,2010-02-12 12:00:00-05:00,short,106.89786562396944,0.7242389401117038,108.02428408276083,106.40576105988829,13308,13387,2010-02-09 11:45:00-05:00,2010-02-12 12:00:00-05:00,train
SPY,double_top,0,failed_breakout,13492,,2010-02-19 12:15:00-05:00,short,110.36069026374774,0.21229662804584848,110.7831378669166,111.17770337195415,13413,13492,2010-02-16 12:00:00-05:00,2010-02-19 12:15:00-05:00,train
SPY,double_top,0,failed_breakout,13509,,2010-02-22 10:00:00-05:00,short,110.74225922383988,0.30654775634792486,111.31447609345902,110.93345224365207,13430,13509,2010-02-17 09:45:00-05:00,2010-02-22 10:00:00-05:00,train
SPY,double_top,1,confirmed_breakout,13535,13536.0,2010-02-23 10:00:00-05:00,short,111.0863917458415,0.20094239353858256,111.31447609345902,109.80905760646142,13456,13535,2010-02-18 09:45:00-05:00,2010-02-23 10:00:00-05:00,train
SPY,double_top,0,near_miss,13589,,2010-02-25 10:30:00-05:00,short,109.82906583228592,1.1669617248723796,111.26019218530114,108.27303827512762,13510,13589,2010-02-22 10:15:00-05:00,2010-02-25 10:30:00-05:00,train
SPY,double_top,0,near_miss,13595,,2010-02-25 12:00:00-05:00,short,110.68261012518062,0.03175641530651774,110.73186292901548,109.10824358469348,13516,13595,2010-02-22 11:45:00-05:00,2010-02-25 12:00:00-05:00,train
SPY,double_top,0,near_miss,13633,,2010-02-26 15:00:00-05:00,short,109.35886483206615,1.3518219227108403,110.72450335759518,109.64817807728916,13554,13633,2010-02-23 14:45:00-05:00,2010-02-26 15:00:00-05:00,train
SPY,double_top,0,failed_breakout,13692,,2010-03-03 10:15:00-05:00,short,110.70244758495707,0.9208935926152719,112.52217899754949,111.65910640738473,13613,13692,2010-02-26 10:00:00-05:00,2010-03-03 10:15:00-05:00,train
SPY,double_top,0,failed_breakout,13712,,2010-03-03 15:15:00-05:00,short,112.3344659261254,0.28458043346833506,112.715913721638,112.05541956653167,13633,13712,2010-02-26 15:00:00-05:00,2010-03-03 15:15:00-05:00,train
SPY,double_top,0,near_miss,13729,,2010-03-04 13:00:00-05:00,short,112.41013234591856,0.17847908632427334,112.715913721638,112.22152091367573,13650,13729,2010-03-01 12:45:00-05:00,2010-03-04 13:00:00-05:00,train
SPY,double_top,0,near_miss,13741,,2010-03-04 16:00:00-05:00,short,112.36906888200689,0.05031488472577905,112.46130914284767,112.59968511527423,13662,13741,2010-03-01 15:45:00-05:00,2010-03-04 16:00:00-05:00,train
SPY,double_top,0,near_miss,13824,,2010-03-10 10:45:00-05:00,short,114.28721972652083,0.2833670533933912,114.79468777953431,114.83663294660661,13745,13824,2010-03-05 10:30:00-05:00,2010-03-10 10:45:00-05:00,train
SPY,double_top,0,failed_breakout,13852,,2010-03-11 11:15:00-05:00,short,114.6151231889359,0.26117995293428464,114.95791850420605,114.62882004706572,13773,13852,2010-03-08 11:00:00-05:00,2010-03-11 11:15:00-05:00,train
SPY,double_top,0,near_miss,13865,,2010-03-11 14:30:00-05:00,short,114.82302078516943,0.07706211264712692,114.95791850420605,114.77293788735287,13786,13865,2010-03-08 14:15:00-05:00,2010-03-11 14:30:00-05:00,train
SPY,double_top,0,near_miss,13901,,2010-03-15 10:30:00-04:00,short,114.8046387814809,0.3438997024842223,115.45482967650315,114.89610029751577,13822,13901,2010-03-10 10:15:00-05:00,2010-03-15 10:30:00-04:00,train
SPY,double_top,0,near_miss,13907,,2010-03-15 12:00:00-04:00,short,115.41466934224938,0.021068290327249883,115.45482967650315,114.76893170967276,13828,13907,2010-03-10 11:45:00-05:00,2010-03-15 12:00:00-04:00,train
SPY,double_top,0,near_miss,13925,,2010-03-16 10:00:00-04:00,short,114.89411458712092,0.26484286283240976,115.41664558865011,115.45515713716759,13846,13925,2010-03-11 09:45:00-05:00,2010-03-16 10:00:00-04:00,train
SPY,double_top,0,near_miss,13980,,2010-03-18 10:45:00-04:00,short,114.89507448750551,1.1736110833392814,117.23610183043303,115.69638891666072,13901,13980,2010-03-15 10:30:00-04:00,2010-03-18 10:45:00-04:00,train
SPY,double_top,1,confirmed_breakout,14004,14005.0,2010-03-19 10:15:00-04:00,short,116.83332143281216,0.24427332476507502,117.23610183043303,115.88572667523492,13925,14004,2010-03-16 10:00:00-04:00,2010-03-19 10:15:00-04:00,train
SPY,double_top,0,failed_breakout,14131,,2010-03-25 16:00:00-04:00,short,117.03246190739515,0.46941441405681417,117.84944533575538,116.16058558594318,14052,14131,2010-03-22 15:45:00-04:00,2010-03-25 16:00:00-04:00,train
SPY,double_top,1,confirmed_breakout,14144,14145.0,2010-03-26 12:45:00-04:00,short,117.1523575941397,0.3535865759372854,117.84944533575538,116.16641342406271,14065,14144,2010-03-23 12:30:00-04:00,2010-03-26 12:45:00-04:00,train
SPY,double_top,0,near_miss,14183,,2010-03-29 16:00:00-04:00,short,116.59112237062982,0.6255844966734401,117.27097073020794,116.71441550332656,14104,14183,2010-03-24 15:45:00-04:00,2010-03-29 16:00:00-04:00,train
SPY,double_top,0,failed_breakout,14199,,2010-03-30 13:30:00-04:00,short,117.2431385975699,0.12473424776497666,117.46477496046181,117.04526575223503,14120,14199,2010-03-25 13:15:00-04:00,2010-03-30 13:30:00-04:00,train
SPY,double_top,0,near_miss,14219,,2010-03-31 12:00:00-04:00,short,117.26528772714485,0.14387186983911704,117.46477496046181,117.23612813016088,14140,14219,2010-03-26 11:45:00-04:00,2010-03-31 12:00:00-04:00,train
SPY,double_top,0,near_miss,14239,,2010-04-01 10:30:00-04:00,short,117.1608125751755,0.1960529409153935,117.36018679867567,117.7739470590846,14160,14239,2010-03-29 10:15:00-04:00,2010-04-01 10:30:00-04:00,train
SPY,double_top,0,near_miss,14261,,2010-04-01 16:00:00-04:00,short,117.1994374410966,0.41592266421729107,117.87053341195212,117.39407733578271,14182,14261,2010-03-29 15:45:00-04:00,2010-04-01 16:00:00-04:00,train
SPY,double_top,0,failed_breakout,14288,,2010-04-06 09:45:00-04:00,short,117.55592101215332,0.7255778061322502,118.69246422461902,117.76442219386774,14209,14288,2010-03-30 16:00:00-04:00,2010-04-06 09:45:00-04:00,train
SPY,double_top,0,near_miss,14295,,2010-04-06 11:30:00-04:00,short,118.68819989168622,0.010010792083150477,118.70395714291973,118.82998920791685,14216,14295,2010-03-31 11:15:00-04:00,2010-04-06 11:30:00-04:00,train
SPY,double_top,0,near_miss,14323,,2010-04-07 12:00:00-04:00,short,118.65008644634523,0.20212304361766087,119.00046183700603,118.53787695638233,14244,14323,2010-04-01 11:45:00-04:00,2010-04-07 12:00:00-04:00,train
SPY,double_top,1,confirmed_breakout,14335,14336.0,2010-04-07 15:00:00-04:00,short,118.733663556504,0.17506003060178443,119.00046183700603,117.73493996939821,14256,14335,2010-04-01 14:45:00-04:00,2010-04-07 15:00:00-04:00,train
SPY,double_top,0,near_miss,14424,,2010-04-13 11:15:00-04:00,short,119.86640976203046,0.012336468698094905,119.88988441644136,119.18766353130191,14345,14424,2010-04-08 11:00:00-04:00,2010-04-13 11:15:00-04:00,train
SPY,double_top,1,confirmed_breakout,14496,14497.0,2010-04-16 09:45:00-04:00,short,121.17890335197639,0.0932319498103169,121.34095765484982,120.44676805018969,14417,14496,2010-04-12 16:00:00-04:00,2010-04-16 09:45:00-04:00,train
SPY,double_top,0,near_miss,14530,,2010-04-19 11:45:00-04:00,short,119.38634910990424,1.0201760399993987,121.34095765484982,118.0298239600006,14451,14530,2010-04-14 11:30:00-04:00,2010-04-19 11:45:00-04:00,train
SPY,double_top,0,near_miss,14535,,2010-04-19 13:00:00-04:00,short,119.4436592019611,0.030258210559637178,119.475742180084,118.87974178944036,14456,14535,2010-04-14 12:45:00-04:00,2010-04-19 13:00:00-04:00,train
SPY,double_top,0,near_miss,14588,,2010-04-21 13:15:00-04:00,short,118.89057199468677,1.3123368939026108,120.93007559709477,119.31766310609738,14509,14588,2010-04-16 13:00:00-04:00,2010-04-21 13:15:00-04:00,train
SPY,double_top,0,near_miss,14609,,2010-04-22 12:00:00-04:00,short,120.49358087727039,0.22338384498850417,120.93007559709477,119.4266161550115,14530,14609,2010-04-19 11:45:00-04:00,2010-04-22 12:00:00-04:00,train
SPY,double_top,0,near_miss,14643,,2010-04-23 14:00:00-04:00,short,119.78241289305015,0.9549436623964027,120.97085926347012,120.3250563376036,14564,14643,2010-04-20 13:45:00-04:00,2010-04-23 14:00:00-04:00,train
SPY,double_top,0,failed_breakout,14672,,2010-04-26 14:45:00-04:00,short,120.96203474461184,0.44882504721138616,121.85086032017634,121.31117495278862,14593,14672,2010-04-21 14:30:00-04:00,2010-04-26 14:45:00-04:00,train
SPY,double_top,1,confirmed_breakout,14807,14808.0,2010-05-03 16:00:00-04:00,short,119.42495468332973,1.2318231113198834,120.90654283148584,117.06817688868011,14728,14807,2010-04-28 15:45:00-04:00,2010-05-03 16:00:00-04:00,train
SPY,double_top,1,confirmed_breakout,14853,14854.0,2010-05-05 14:30:00-04:00,short,117.10841221478327,1.7173673743436098,120.40701275781339,114.7926326256564,14774,14853,2010-04-30 14:15:00-04:00,2010-05-05 14:30:00-04:00,train
SPY,double_top,0,near_miss,14908,,2010-05-07 15:15:00-04:00,short,111.8858425000005,2.7645795893724454,117.24454642044039,108.10542041062756,14829,14908,2010-05-04 15:00:00-04:00,2010-05-07 15:15:00-04:00,train
SPY,double_top,0,near_miss,14913,,2010-05-10 10:00:00-04:00,short,111.96749915323204,0.06645205139723487,112.05629775830552,115.91354794860277,14834,14913,2010-05-05 09:45:00-04:00,2010-05-10 10:00:00-04:00,train
SPY,double_top,0,near_miss,14935,,2010-05-10 15:30:00-04:00,short,111.4731326727184,2.380797774549862,115.6962562435835,113.12920222545014,14856,14935,2010-05-05 15:15:00-04:00,2010-05-10 15:30:00-04:00,train
SPY,double_top,0,failed_breakout,14966,,2010-05-12 10:15:00-04:00,short,115.46248584099536,0.7419791112661613,116.71267366093953,116.09802088873384,14887,14966,2010-05-07 10:00:00-04:00,2010-05-12 10:15:00-04:00,train
SPY,double_top,0,failed_breakout,14999,,2010-05-13 12:00:00-04:00,short,116.3144897232236,0.668697638976397,117.25370106346048,116.23130236102361,14920,14999,2010-05-10 11:45:00-04:00,2010-05-13 12:00:00-04:00,train
SPY,double_top,0,near_miss,15005,,2010-05-13 13:30:00-04:00,short,117.23971947129321,0.0368109090920683,117.29935969731007,117.24318909090793,14926,15005,2010-05-10 13:15:00-04:00,2010-05-13 13:30:00-04:00,train
SPY,double_top,1,confirmed_breakout,15011,15012.0,2010-05-13 15:00:00-04:00,short,117.15695416441075,0.09214756812558278,117.29935969731007,116.33785243187442,14932,15011,2010-05-10 14:45:00-04:00,2010-05-13 15:00:00-04:00,train
SPY,double_top,0,near_miss,15056,,2010-05-17 13:15:00-04:00,short,113.38750645377118,2.0362265925954404,117.19884376776261,110.31377340740455,14977,15056,2010-05-12 13:00:00-04:00,2010-05-17 13:15:00-04:00,train
SPY,double_top,0,failed_breakout,15085,,2010-05-18 14:00:00-04:00,short,112.64969509705577,1.278763042707709,114.20829395455634,111.54123695729228,15006,15085,2010-05-13 13:45:00-04:00,2010-05-18 14:00:00-04:00,train
SPY,double_top,1,confirmed_breakout,15119,15120.0,2010-05-19 16:00:00-04:00,short,111.38800179581236,1.5971946592715085,114.20829395455634,107.6328053407285,15040,15119,2010-05-14 15:45:00-04:00,2010-05-19 16:00:00-04:00,train
SPY,double_top,0,failed_breakout,15251,,2010-05-27 10:00:00-04:00,short,105.77202469862848,3.1277952942486706,109.0099965219491,106.00220470575132,15172,15251,2010-05-24 09:45:00-04:00,2010-05-27 10:00:00-04:00,train
SPY,double_top,0,failed_breakout,15290,,2010-05-28 13:15:00-04:00,short,108.2025843545547,1.3100495704309054,110.23562438616601,108.23995042956909,15211,15290,2010-05-25 13:00:00-04:00,2010-05-28 13:15:00-04:00,train
SPY,double_top,1,confirmed_breakout,15301,15302.0,2010-05-28 16:00:00-04:00,short,109.57173819768796,0.42022076368276373,110.23562438616601,108.23977923631723,15222,15301,2010-05-25 15:45:00-04:00,2010-05-28 16:00:00-04:00,train
SPY,double_top,0,near_miss,15329,,2010-06-02 10:00:00-04:00,short,109.203321400878,0.31902204096306264,109.74829353657543,107.62097795903694,15250,15329,2010-05-27 09:45:00-04:00,2010-06-02 10:00:00-04:00,train
SPY,double_top,0,near_miss,15373,,2010-06-03 14:30:00-04:00,short,108.34316852478702,1.5087371163403276,110.407417935148,108.75126288365968,15294,15373,2010-05-28 14:15:00-04:00,2010-06-03 14:30:00-04:00,train
SPY,double_top,1,confirmed_breakout,15379,15380.0,2010-06-03 16:00:00-04:00,short,110.11715962808226,0.3161282124022904,110.4591577458211,108.5338717875977,15300,15379,2010-05-28 15:45:00-04:00,2010-06-03 16:00:00-04:00,train
SPY,double_top,0,near_miss,15462,,2010-06-09 10:45:00-04:00,short,105.56802241813455,0.09198531208416227,105.69948492025004,107.03801468791583,15383,15462,2010-06-04 10:30:00-04:00,2010-06-09 10:45:00-04:00,train
SPY,double_top,0,near_miss,15483,,2010-06-09 16:00:00-04:00,short,105.61646766346952,1.068665693841396,107.74973617443447,104.94133430615861,15404,15483,2010-06-04 15:45:00-04:00,2010-06-09 16:00:00-04:00,train
SPY,double_top,0,failed_breakout,15525,,2010-06-11 13:30:00-04:00,short,106.94186559831374,1.3746508657092704,108.88329675361155,107.65534913429073,15446,15525,2010-06-08 13:15:00-04:00,2010-06-11 13:30:00-04:00,train
SPY,double_top,0,failed_breakout,15536,,2010-06-14 09:45:00-04:00,short,108.83350643630061,0.06284534028438316,108.90940679955844,110.17715465971561,15457,15536,2010-06-08 16:00:00-04:00,2010-06-14 09:45:00-04:00,train
SPY,double_top,0,failed_breakout,15559,,2010-06-14 15:30:00-04:00,short,108.83496525971327,0.932984798203421,110.62649331627495,109.08701520179658,15480,15559,2010-06-09 15:15:00-04:00,2010-06-14 15:30:00-04:00,train
SPY,double_top,0,failed_breakout,15600,,2010-06-16 12:45:00-04:00,short,110.09006692041571,1.043070128996888,111.63978078255025,110.95692987100311,15521,15600,2010-06-11 12:30:00-04:00,2010-06-16 12:45:00-04:00,train
SPY,double_top,0,failed_breakout,15620,,2010-06-17 11:15:00-04:00,short,111.63190744460297,0.23751254194600335,112.0990591905477,111.25248745805399,15541,15620,2010-06-14 11:00:00-04:00,2010-06-17 11:15:00-04:00,train
SPY,double_top,0,failed_breakout,15643,,2010-06-18 10:30:00-04:00,short,111.5495448860123,0.32368519387348726,112.0990591905477,111.54631480612652,15564,15643,2010-06-15 10:15:00-04:00,2010-06-18 10:30:00-04:00,train
SPY,double_top,0,near_miss,15660,,2010-06-18 14:45:00-04:00,short,111.56215360508831,0.15547933929242674,111.78786491953761,111.56452066070757,15581,15660,2010-06-15 14:30:00-04:00,2010-06-18 14:45:00-04:00,train
SPY,double_top,0,near_miss,15686,,2010-06-21 14:45:00-04:00,short,111.70010116791525,0.46539572068145674,112.5431288576558,111.64460427931854,15607,15686,2010-06-16 14:30:00-04:00,2010-06-21 14:45:00-04:00,train
SPY,double_top,0,failed_breakout,15804,,2010-06-28 11:45:00-04:00,short,107.31734127051897,1.3189479233426482,109.25311783537555,106.88105207665735,15725,15804,2010-06-23 11:30:00-04:00,2010-06-28 11:45:00-04:00,train
SPY,double_top,1,confirmed_breakout,15819,15822.0,2010-06-28 15:30:00-04:00,short,107.78687533538509,0.1820168678387546,108.01946055234768,105.44798313216124,15740,15819,2010-06-23 15:15:00-04:00,2010-06-28 15:30:00-04:00,train
SPY,double_top,0,near_miss,15873,,2010-06-30 16:00:00-04:00,short,104.32395774131716,1.8987209447645625,107.91832385410001,101.20127905523543,15794,15873,2010-06-25 15:45:00-04:00,2010-06-30 16:00:00-04:00,train
SPY,double_top,0,near_miss,15914,,2010-07-02 13:15:00-04:00,short,102.07463288663125,1.578308530115919,104.52703351806343,100.36169146988408,15835,15914,2010-06-29 13:00:00-04:00,2010-07-02 13:15:00-04:00,train
SPY,double_top,0,failed_breakout,15947,,2010-07-06 15:00:00-04:00,short,102.06507306153281,1.1829716240127084,103.71724005566016,101.1570283759873,15868,15947,2010-06-30 14:45:00-04:00,2010-07-06 15:00:00-04:00,train
SPY,double_top,0,failed_breakout,15999,,2010-07-08 15:00:00-04:00,short,102.6297788409256,2.414411017056551,106.37113966030414,104.08558898294345,15920,15999,2010-07-02 14:45:00-04:00,2010-07-08 15:00:00-04:00,train
SPY,double_top,1,confirmed_breakout,16107,16110.0,2010-07-14 16:00:00-04:00,short,109.53835010392955,0.18898980223201534,109.7573034141219,108.32101019776799,16028,16107,2010-07-09 15:45:00-04:00,2010-07-14 16:00:00-04:00,train
SPY,double_top,0,near_miss,16143,,2010-07-16 12:00:00-04:00,short,108.68073137252749,0.7629661615439289,109.7573034141219,106.59703383845607,16064,16143,2010-07-13 11:45:00-04:00,2010-07-16 12:00:00-04:00,train
SPY,double_top,0,failed_breakout,16171,,2010-07-19 12:30:00-04:00,short,106.93373401614352,1.1146983095233622,109.13009165402093,105.79530169047663,16092,16171,2010-07-14 12:15:00-04:00,2010-07-19 12:30:00-04:00,train
SPY,double_top,0,near_miss,16185,,2010-07-19 16:00:00-04:00,short,106.72215652581068,0.1620291104686089,106.96677299731283,107.15797088953138,16106,16185,2010-07-14 15:45:00-04:00,2010-07-19 16:00:00-04:00,train
SPY,double_top,0,near_miss,16195,,2010-07-20 12:00:00-04:00,short,106.77856606754675,0.17293581182580908,107.10140548349935,106.49706418817419,16116,16195,2010-07-15 11:45:00-04:00,2010-07-20 12:00:00-04:00,train
SPY,double_top,0,failed_breakout,16228,,2010-07-21 13:45:00-04:00,short,106.66669399370524,1.042287411827985,108.31655732756711,107.37771258817202,16149,16228,2010-07-16 13:30:00-04:00,2010-07-21 13:45:00-04:00,train
SPY,double_top,0,near_miss,16239,,2010-07-22 10:00:00-04:00,short,108.3136652082079,0.048418836107330776,108.40761076106334,109.02158116389266,16160,16239,2010-07-19 09:45:00-04:00,2010-07-22 10:00:00-04:00,train
SPY,double_top,0,failed_breakout,16331,,2010-07-27 13:30:00-04:00,short,111.25345397105083,0.18430209275544485,111.56470513439082,111.08569790724455,16252,16331,2010-07-22 13:15:00-04:00,2010-07-27 13:30:00-04:00,train
SPY,double_top,0,near_miss,16338,,2010-07-27 15:15:00-04:00,short,111.52441898277367,0.04640820168843618,111.5769492345334,111.45359179831156,16259,16338,2010-07-22 15:00:00-04:00,2010-07-27 15:15:00-04:00,train
SPY,double_top,0,near_miss,16345,,2010-07-28 10:30:00-04:00,short,111.48614147646575,0.05253792627061671,111.5769492345334,111.11746207372938,16266,16345,2010-07-23 10:15:00-04:00,2010-07-28 10:30:00-04:00,train
SPY,double_top,0,near_miss,16351,,2010-07-28 12:00:00-04:00,short,111.49128775086002,0.022058902524349833,111.52628373582942,111.03794109747565,16272,16351,2010-07-23 11:45:00-04:00,2010-07-28 12:00:00-04:00,train
SPY,double_top,0,near_miss,16366,,2010-07-28 15:45:00-04:00,short,111.18174060292515,0.18863873998749625,111.52628373582942,110.7013612600125,16287,16366,2010-07-23 15:30:00-04:00,2010-07-28 15:45:00-04:00,train
SPY,double_top,0,near_miss,16383,,2010-07-29 13:30:00-04:00,short,110.92558838174422,0.21102658804285568,111.21447494999586,109.98897341195715,16304,16383,2010-07-26 13:15:00-04:00,2010-07-29 13:30:00-04:00,train
SPY,double_top,0,near_miss,16402,,2010-07-30 11:45:00-04:00,short,110.16356138560474,0.5969956424307981,111.0587549895783,109.5330043575692,16323,16402,2010-07-27 11:30:00-04:00,2010-07-30 11:45:00-04:00,train
SPY,double_top,0,near_miss,16410,,2010-07-30 13:45:00-04:00,short,110.21665695710395,0.13770384027293403,110.46235906649277,109.72229615972707,16331,16410,2010-07-27 13:30:00-04:00,2010-07-30 13:45:00-04:00,train
SPY,double_top,0,failed_breakout,16455,,2010-08-03 12:00:00-04:00,short,110.20612213764379,1.2573802751831096,112.68064229739281,111.31261972481688,16376,16455,2010-07-29 11:45:00-04:00,2010-08-03 12:00:00-04:00,train
SPY,double_top,0,failed_breakout,16466,,2010-08-03 14:45:00-04:00,short,112.41788510504598,0.1461988127125835,112.68064229739281,112.21380118728742,16387,16466,2010-07-29 14:30:00-04:00,2010-08-03 14:45:00-04:00,train
SPY,double_top,0,near_miss,16478,,2010-08-04 11:15:00-04:00,short,112.35836540295777,0.05242612905287558,112.44752553812432,112.46757387094712,16399,16478,2010-07-30 11:00:00-04:00,2010-08-04 11:15:00-04:00,train
SPY,double_top,0,failed_breakout,16507,,2010-08-05 12:00:00-04:00,short,112.32017757090331,0.28230349031113633,112.83090459653194,112.15769650968886,16428,16507,2010-08-02 11:45:00-04:00,2010-08-05 12:00:00-04:00,train
SPY,double_top,1,confirmed_breakout,16527,16528.0,2010-08-06 10:30:00-04:00,short,112.48147655450327,0.2690203423819071,112.83090459653194,111.44097965761809,16448,16527,2010-08-03 10:15:00-04:00,2010-08-06 10:30:00-04:00,train
SPY,double_top,0,failed_breakout,16585,,2010-08-10 12:00:00-04:00,short,111.29071655563241,1.5194310784950744,112.95020607101654,110.44056892150492,16506,16585,2010-08-05 11:45:00-04:00,2010-08-10 12:00:00-04:00,train
SPY,double_top,1,confirmed_breakout,16601,16602.0,2010-08-10 16:00:00-04:00,short,111.8390862943279,0.7873304347995145,112.95020607101654,109.39266956520049,16522,16601,2010-08-05 15:45:00-04:00,2010-08-10 16:00:00-04:00,train
SPY,double_top,0,failed_breakout,16652,,2010-08-12 15:45:00-04:00,short,108.7346031567783,1.801942400604915,112.30262738723829,106.83805759939509,16573,16652,2010-08-09 15:30:00-04:00,2010-08-12 15:45:00-04:00,train
SPY,double_top,0,near_miss,16661,,2010-08-13 11:30:00-04:00,short,108.62490002676417,0.09111972465358065,108.77046372752815,108.31888027534642,16582,16661,2010-08-10 11:15:00-04:00,2010-08-13 11:30:00-04:00,train
SPY,double_top,0,near_miss,16666,,2010-08-13 12:45:00-04:00,short,108.63094414433887,0.031096410114869855,108.66250533360012,108.57890358988513,16587,16666,2010-08-10 12:30:00-04:00,2010-08-13 12:45:00-04:00,train
SPY,double_top,0,near_miss,16684,,2010-08-16 10:45:00-04:00,short,108.53560734675793,0.12444321992492746,108.66250533360012,108.28555678007507,16605,16684,2010-08-11 10:30:00-04:00,2010-08-16 10:45:00-04:00,train
SPY,double_top,0,failed_breakout,16707,,2010-08-17 10:00:00-04:00,short,108.24521462196849,0.29149788505191054,108.65759579976557,108.78850211494809,16628,16707,2010-08-12 09:45:00-04:00,2010-08-17 10:00:00-04:00,train
SPY,double_top,0,near_miss,16737,,2010-08-18 11:00:00-04:00,short,108.2134505086588,1.0518411494747824,110.11475410199192,108.20815885052522,16658,16737,2010-08-13 10:45:00-04:00,2010-08-18 11:00:00-04:00,train
SPY,double_top,1,confirmed_breakout,16759,16760.0,2010-08-19 10:00:00-04:00,short,109.46256527000908,0.6171009890675379,110.11475410199192,107.83289901093246,16680,16759,2010-08-16 09:45:00-04:00,2010-08-19 10:00:00-04:00,train
SPY,double_top,1,confirmed_breakout,16783,16784.0,2010-08-19 16:00:00-04:00,short,107.80585681766469,1.1597971134296188,110.04457841616133,106.04020288657038,16704,16783,2010-08-16 15:45:00-04:00,2010-08-19 16:00:00-04:00,train
SPY,double_top,0,near_miss,16825,,2010-08-23 13:30:00-04:00,short,107.09484214962775,0.7293827260828749,107.88672944602729,106.94061727391713,16746,16825,2010-08-18 13:15:00-04:00,2010-08-23 13:30:00-04:00,train
SPY,double_top,1,confirmed_breakout,16835,16836.0,2010-08-23 16:00:00-04:00,short,107.60636126584221,0.11213783508713959,107.76172030539398,105.75786216491286,16756,16835,2010-08-18 15:45:00-04:00,2010-08-23 16:00:00-04:00,train
SPY,double_top,0,near_miss,16869,,2010-08-25 11:30:00-04:00,short,105.86274652972561,0.9211333208951515,107.67527789646472,104.45886667910484,16790,16869,2010-08-20 11:15:00-04:00,2010-08-25 11:30:00-04:00,train
SPY,double_top,0,failed_breakout,16903,,2010-08-26 13:30:00-04:00,short,105.13165977671078,0.8770004631888213,106.12483867502236,104.90299953681118,16824,16903,2010-08-23 13:15:00-04:00,2010-08-26 13:30:00-04:00,train
SPY,double_top,0,failed_breakout,16952,,2010-08-30 12:45:00-04:00,short,105.31202048754626,1.1067870276105083,106.7127763552912,105.16321297238949,16873,16952,2010-08-25 12:30:00-04:00,2010-08-30 12:45:00-04:00,train
SPY,double_top,1,confirmed_breakout,16985,16986.0,2010-08-31 14:30:00-04:00,short,105.54181459611783,0.6192335761862608,106.7127763552912,104.37076642381373,16906,16985,2010-08-26 14:15:00-04:00,2010-08-31 14:30:00-04:00,train
SPY,double_top,0,near_miss,16994,,2010-09-01 10:15:00-04:00,short,105.58616204204218,0.03507318003387638,105.6331504548351,108.05492681996613,16915,16994,2010-08-27 10:00:00-04:00,2010-09-01 10:15:00-04:00,train
SPY,double_top,0,near_miss,17041,,2010-09-02 15:30:00-04:00,short,105.30514976731928,1.9695427748383452,108.91623462948013,107.25045722516165,16962,17041,2010-08-30 15:15:00-04:00,2010-09-02 15:30:00-04:00,train
SPY,double_top,0,failed_breakout,17079,,2010-09-07 12:00:00-04:00,short,108.90208749598168,0.9013765832031027,110.69069352888943,109.2486234167969,17000,17079,2010-09-01 11:45:00-04:00,2010-09-07 12:00:00-04:00,train
SPY,double_top,0,failed_breakout,17099,,2010-09-08 10:30:00-04:00,short,110.02602612695809,0.3398550775222162,110.69069352888943,110.09014492247779,17020,17099,2010-09-02 10:15:00-04:00,2010-09-08 10:30:00-04:00,train
SPY,double_top,0,near_miss,17121,,2010-09-08 16:00:00-04:00,short,109.8896080779421,0.43511793366945994,110.60838314315195,109.96488206633055,17042,17121,2010-09-02 15:45:00-04:00,2010-09-08 16:00:00-04:00,train
SPY,double_top,0,failed_breakout,17144,,2010-09-09 15:15:00-04:00,short,110.44898168306335,0.4895562756208136,111.26869277421638,110.49044372437919,17065,17144,2010-09-03 15:00:00-04:00,2010-09-09 15:15:00-04:00,train
SPY,double_top,0,failed_breakout,17166,,2010-09-10 14:15:00-04:00,short,110.9186464640434,0.35078079755402314,111.2701617489785,111.00921920244598,17087,17166,2010-09-07 14:00:00-04:00,2010-09-10 14:15:00-04:00,train
SPY,double_top,0,failed_breakout,17194,,2010-09-13 14:45:00-04:00,short,111.24718274539269,0.6546622696501032,112.53352828110708,111.83533773034989,17115,17194,2010-09-08 14:30:00-04:00,2010-09-13 14:45:00-04:00,train
SPY,double_top,0,failed_breakout,17209,,2010-09-14 12:00:00-04:00,short,112.42877468020299,0.10153665058970773,112.53352828110708,113.0984633494103,17130,17209,2010-09-09 11:45:00-04:00,2010-09-14 12:00:00-04:00,train
SPY,double_top,0,near_miss,17224,,2010-09-14 15:45:00-04:00,short,112.45301970181046,0.2931830210454791,112.96531106523356,112.57681697895453,17145,17224,2010-09-09 15:30:00-04:00,2010-09-14 15:45:00-04:00,train
SPY,double_top,0,near_miss,17233,,2010-09-15 11:30:00-04:00,short,112.90392982019544,0.04238139433589083,112.96531106523356,112.56761860566411,17154,17233,2010-09-10 11:15:00-04:00,2010-09-15 11:30:00-04:00,train
SPY,double_top,0,failed_breakout,17254,,2010-09-16 10:15:00-04:00,short,112.6512363335698,0.21788202408046686,112.92731136382912,112.55211797591953,17175,17254,2010-09-13 10:00:00-04:00,2010-09-16 10:15:00-04:00,train
SPY,double_top,0,near_miss,17261,,2010-09-16 12:00:00-04:00,short,112.79592861110575,0.05638417878626001,112.89370022831262,112.52361582121374,17182,17261,2010-09-13 11:45:00-04:00,2010-09-16 12:00:00-04:00,train
SPY,double_top,1,confirmed_breakout,17362,17363.0,2010-09-22 11:15:00-04:00,short,113.88172431268826,0.22407004651041973,114.11046641406446,113.07592995348958,17283,17362,2010-09-17 11:00:00-04:00,2010-09-22 11:15:00-04:00,train
SPY,double_top,1,confirmed_breakout,17381,17382.0,2010-09-22 16:00:00-04:00,short,113.41154994942444,0.38681830097955583,114.12790102464015,112.31318169902045,17302,17381,2010-09-17 15:45:00-04:00,2010-09-22 16:00:00-04:00,train
SPY,double_top,0,near_miss,17408,,2010-09-24 09:45:00-04:00,short,113.18702838974036,0.20729459831969166,113.46883547616785,113.96270540168031,17329,17408,2010-09-20 16:00:00-04:00,2010-09-24 09:45:00-04:00,train
SPY,double_top,0,near_miss,17443,,2010-09-27 12:00:00-04:00,short,112.888967141837,1.1370117519032021,114.73214728752816,113.2829882480968,17364,17443,2010-09-22 11:45:00-04:00,2010-09-27 12:00:00-04:00,train
SPY,double_top,0,near_miss,17449,,2010-09-27 13:30:00-04:00,short,114.67681615061932,0.0331148153846641,114.73214728752816,114.47688518461534,17370,17449,2010-09-22 13:15:00-04:00,2010-09-27 13:30:00-04:00,train
SPY,double_top,0,near_miss,17467,,2010-09-28 11:30:00-04:00,short,114.49236757368938,0.20526867940567683,114.70755786171031,114.20473132059432,17388,17467,2010-09-23 11:15:00-04:00,2010-09-28 11:30:00-04:00,train
SPY,double_top,0,near_miss,17489,,2010-09-29 10:30:00-04:00,short,114.07971843696701,0.4963478508029624,114.70755786171031,113.73365214919704,17410,17489,2010-09-24 10:15:00-04:00,2010-09-29 10:30:00-04:00,train
SPY,double_top,0,near_miss,17498,,2010-09-29 12:45:00-04:00,short,114.42018491446645,0.052011801468097474,114.49981871803945,114.6579881985319,17419,17498,2010-09-24 12:30:00-04:00,2010-09-29 12:45:00-04:00,train
SPY,double_top,0,near_miss,17517,,2010-09-30 11:00:00-04:00,short,114.39749878688615,0.1977470243782733,114.69067290448939,114.51225297562172,17438,17517,2010-09-27 10:45:00-04:00,2010-09-30 11:00:00-04:00,train
SPY,double_top,1,confirmed_breakout,17518,17519.0,2010-09-30 11:15:00-04:00,short,114.5474011994889,0.24002682631886785,114.88418314712615,113.71997317368113,17439,17518,2010-09-27 11:00:00-04:00,2010-09-30 11:15:00-04:00,train
SPY,double_top,0,near_miss,17550,,2010-10-01 12:45:00-04:00,short,114.24348034091643,0.4468361795541256,114.88418314712615,113.89316382044588,17471,17550,2010-09-28 12:30:00-04:00,2010-10-01 12:45:00-04:00,train
SPY,double_top,0,near_miss,17557,,2010-10-01 14:30:00-04:00,short,114.39618630941156,0.052409276450362086,114.49644989381495,114.59759072354964,17478,17557,2010-09-28 14:15:00-04:00,2010-10-01 14:30:00-04:00,train
SPY,double_top,0,near_miss,17574,,2010-10-04 12:15:00-04:00,short,114.38812856993444,0.13014332166191878,114.63580250528383,113.17985667833808,17495,17574,2010-09-29 12:00:00-04:00,2010-10-04 12:15:00-04:00,train
SPY,double_top,0,failed_breakout,17630,,2010-10-06 13:15:00-04:00,short,113.49849282521072,1.8738814133645008,116.1089459718666,113.7761185866355,17551,17630,2010-10-01 13:00:00-04:00,2010-10-06 13:15:00-04:00,train
SPY,double_top,0,near_miss,17636,,2010-10-06 14:45:00-04:00,short,116.08858390526463,0.021422964264601774,116.11106776719187,115.8185770357354,17557,17636,2010-10-01 14:30:00-04:00,2010-10-06 14:45:00-04:00,train
SPY,double_top,0,near_miss,17657,,2010-10-07 13:30:00-04:00,short,115.8259755852183,0.20955951598178046,116.11106776719187,115.30044048401822,17578,17657,2010-10-04 13:15:00-04:00,2010-10-07 13:30:00-04:00,train
SPY,double_top,0,near_miss,17777,,2010-10-14 11:00:00-04:00,short,116.3441245025617,1.208494552049359,118.30553393321028,116.69150544795065,17698,17777,2010-10-11 10:45:00-04:00,2010-10-14 11:00:00-04:00,train
SPY,double_top,0,failed_breakout,17810,,2010-10-15 12:45:00-04:00,short,117.10628101029997,0.6827562872982327,118.30553393321028,116.87724371270177,17731,17810,2010-10-12 12:30:00-04:00,2010-10-15 12:45:00-04:00,train
SPY,double_top,0,near_miss,17823,,2010-10-15 16:00:00-04:00,short,117.2510334753429,0.10765195032759323,117.44483018935486,117.62234804967241,17744,17823,2010-10-12 15:45:00-04:00,2010-10-15 16:00:00-04:00,train
SPY,double_top,0,near_miss,17829,,2010-10-18 11:00:00-04:00,short,117.43397423329971,0.03003063695838648,117.48317955116131,118.17996936304161,17750,17829,2010-10-13 10:45:00-04:00,2010-10-18 11:00:00-04:00,train
SPY,double_top,0,near_miss,17859,,2010-10-19 12:00:00-04:00,short,117.47174646787708,0.43119942580229065,118.32271223619742,117.3388005741977,17780,17859,2010-10-14 11:45:00-04:00,2010-10-19 12:00:00-04:00,train
SPY,double_top,0,near_miss,17909,,2010-10-21 11:30:00-04:00,short,116.67040545255541,1.5786809558144768,118.32271223619742,116.98131904418553,17830,17909,2010-10-18 11:15:00-04:00,2010-10-21 11:30:00-04:00,train
SPY,double_top,1,confirmed_breakout,17918,17919.0,2010-10-21 13:45:00-04:00,short,118.1296281452558,0.261682053055182,118.60715981607957,117.08831794694481,17839,17918,2010-10-18 13:30:00-04:00,2010-10-21 13:45:00-04:00,train
SPY,double_top,0,failed_breakout,17954,,2010-10-25 09:45:00-04:00,short,117.87275158663243,0.5540587080389798,118.60715981607957,118.87594129196103,17875,17954,2010-10-19 16:00:00-04:00,2010-10-25 09:45:00-04:00,train
SPY,double_top,0,failed_breakout,17974,,2010-10-25 14:45:00-04:00,short,118.231152828822,0.4278523888642667,119.07154966210929,118.39214761113573,17895,17974,2010-10-20 14:30:00-04:00,2010-10-25 14:45:00-04:00,train
SPY,double_top,0,near_miss,17980,,2010-10-26 09:45:00-04:00,short,119.00910126589812,0.0333004328701918,119.07154966210929,118.0166995671298,17901,17980,2010-10-20 16:00:00-04:00,2010-10-26 09:45:00-04:00,train
SPY,double_top,0,near_miss,17988,,2010-10-26 11:45:00-04:00,short,118.97708715738331,0.03136091878930358,119.01325373542733,118.4986390812107,17909,17988,2010-10-21 11:30:00-04:00,2010-10-26 11:45:00-04:00,train
SPY,double_top,0,near_miss,18006,,2010-10-27 09:45:00-04:00,short,118.54568865485804,0.2646423188176499,119.00364241691791,117.79535768118235,17927,18006,2010-10-21 16:00:00-04:00,2010-10-27 09:45:00-04:00,train
SPY,double_top,0,near_miss,18015,,2010-10-27 12:00:00-04:00,short,118.53700135610609,0.05988388081689777,118.61701953043345,117.6101161191831,17936,18015,2010-10-22 11:45:00-04:00,2010-10-27 12:00:00-04:00,train
SPY,double_top,0,near_miss,18050,,2010-10-28 14:15:00-04:00,short,117.57909369351478,0.891205135281055,118.57675094341253,117.50879486471895,17971,18050,2010-10-25 14:00:00-04:00,2010-10-28 14:15:00-04:00,train
SPY,double_top,0,failed_breakout,18074,,2010-10-29 13:45:00-04:00,short,118.17361393715312,0.22628714374161518,118.43595544761034,118.31371285625839,17995,18074,2010-10-26 13:30:00-04:00,2010-10-29 13:45:00-04:00,train
SPY,double_top,0,failed_breakout,18088,,2010-11-01 10:45:00-04:00,short,118.40048924412918,0.06990643780741834,118.50483591626285,119.37009356219258,18009,18088,2010-10-27 10:30:00-04:00,2010-11-01 10:45:00-04:00,train
SPY,double_top,0,near_miss,18101,,2010-11-01 14:00:00-04:00,short,118.48918615570416,0.32077704673288565,119.11509048861124,118.58922295326711,18022,18101,2010-10-27 13:45:00-04:00,2010-11-01 14:00:00-04:00,train
SPY,double_top,0,failed_breakout,18143,,2010-11-03 11:30:00-04:00,short,118.53711400151546,0.7831346443782934,119.52540680317627,118.39686535562171,18064,18143,2010-10-29 11:15:00-04:00,2010-11-03 11:30:00-04:00,train
SPY,double_top,0,near_miss,18149,,2010-11-03 13:00:00-04:00,short,119.50937132327623,0.026854296315931947,119.54704443600804,119.11314570368407,18070,18149,2010-10-29 12:45:00-04:00,2010-11-03 13:00:00-04:00,train
SPY,double_top,0,near_miss,18206,,2010-11-05 14:15:00-04:00,short,119.12944010010213,1.9047305112153907,122.521296786627,120.45526948878461,18127,18206,2010-11-02 14:00:00-04:00,2010-11-05 14:15:00-04:00,train
SPY,double_top,0,near_miss,18215,,2010-11-08 10:00:00-05:00,short,122.49695641745609,0.025340640677086412,122.52329732963936,122.08465935932291,18136,18215,2010-11-03 09:45:00-04:00,2010-11-08 10:00:00-05:00,train
SPY,double_top,0,failed_breakout,18244,,2010-11-09 10:45:00-05:00,short,122.25496936356913,0.2139208193698181,122.52329732963936,122.44607918063018,18165,18244,2010-11-04 10:30:00-04:00,2010-11-09 10:45:00-05:00,train
SPY,double_top,0,near_miss,18255,,2010-11-09 13:30:00-05:00,short,122.41187882284649,0.0958911496222754,122.60105690869901,121.97410885037772,18176,18255,2010-11-04 13:15:00-04:00,2010-11-09 13:30:00-05:00,train
SPY,double_top,0,near_miss,18301,,2010-11-11 12:00:00-05:00,short,121.22252762529945,1.019475023144281,122.60105690869901,120.19052497685571,18222,18301,2010-11-08 11:45:00-05:00,2010-11-11 12:00:00-05:00,train
SPY,double_top,1,confirmed_breakout,18322,18323.0,2010-11-12 10:45:00-05:00,short,121.2199328088139,0.48563273299618004,121.88294838818844,119.88436726700382,18243,18322,2010-11-09 10:30:00-05:00,2010-11-12 10:45:00-05:00,train
SPY,double_top,1,confirmed_breakout,18369,18370.0,2010-11-15 16:00:00-05:00,short,119.98676944217188,1.1844343171115241,121.52818269543171,118.10556568288848,18290,18369,2010-11-10 15:45:00-05:00,2010-11-15 16:00:00-05:00,train
SPY,double_top,1,confirmed_breakout,18483,18485.0,2010-11-22 12:00:00-05:00,short,119.75156528686232,0.395318657215995,120.21025896791136,118.674681342784,18404,18483,2010-11-17 11:45:00-05:00,2010-11-22 12:00:00-05:00,train
SPY,double_top,0,near_miss,18601,,2010-11-30 12:00:00-05:00,short,118.26137741465605,1.1813991525531407,120.06364127041154,117.46860084744687,18522,18601,2010-11-23 15:15:00-05:00,2010-11-30 12:00:00-05:00,train
SPY,double_top,0,near_miss,18625,,2010-12-01 11:30:00-05:00,short,118.78649057982797,0.038568457515154364,118.82820621067938,120.46143154248485,18546,18625,2010-11-24 14:45:00-05:00,2010-12-01 11:30:00-05:00,train
SPY,double_top,0,near_miss,18680,,2010-12-03 12:15:00-05:00,short,118.77371201439276,1.8703278557247387,122.45987352955562,120.37967214427526,18601,18680,2010-11-30 12:00:00-05:00,2010-12-03 12:15:00-05:00,train
SPY,double_top,0,near_miss,18713,,2010-12-06 14:00:00-05:00,short,122.2980119974204,0.2738161933318395,122.68378285194886,122.56618380666816,18634,18713,2010-12-01 13:45:00-05:00,2010-12-06 14:00:00-05:00,train
SPY,double_top,0,failed_breakout,18752,,2010-12-08 10:45:00-05:00,short,122.66801058406084,0.4324083122492368,123.51705494067129,122.12759168775077,18673,18752,2010-12-03 10:30:00-05:00,2010-12-08 10:45:00-05:00,train
SPY,double_top,0,near_miss,18791,,2010-12-09 14:00:00-05:00,short,122.93324302109578,0.5477220738702187,123.51705494067129,123.05227792612978,18712,18791,2010-12-06 13:45:00-05:00,2010-12-09 14:00:00-05:00,train
SPY,double_top,0,failed_breakout,18866,,2010-12-14 13:15:00-05:00,short,124.88340624780874,0.09184125272231825,125.06164426934339,124.98815874727768,18787,18866,2010-12-09 13:00:00-05:00,2010-12-14 13:15:00-05:00,train
SPY,double_top,0,near_miss,18880,,2010-12-15 10:15:00-05:00,short,124.88056762407133,0.08790799779556835,125.04810051201508,124.73209200220442,18801,18880,2010-12-10 10:00:00-05:00,2010-12-15 10:15:00-05:00,train
SPY,double_top,1,confirmed_breakout,18893,18898.0,2010-12-15 13:30:00-05:00,short,124.75510416781867,0.1496398620676871,125.04810051201508,123.9203601379323,18814,18893,2010-12-10 13:15:00-05:00,2010-12-15 13:30:00-05:00,train
SPY,double_top,0,near_miss,18934,,2010-12-17 10:45:00-05:00,short,124.13126194836472,0.6085919823530759,124.76138754775764,123.30140801764692,18855,18934,2010-12-14 10:30:00-05:00,2010-12-17 10:45:00-05:00,train
SPY,double_top,0,failed_breakout,18967,,2010-12-20 12:30:00-05:00,short,124.11051551378432,0.4324448748297698,124.71832031367796,123.96755512517024,18888,18967,2010-12-15 12:15:00-05:00,2010-12-20 12:30:00-05:00,train
SPY,double_top,0,near_miss,19046,,2010-12-23 12:45:00-05:00,short,125.65901676357666,0.03216538811457781,125.69678817059429,125.50783461188543,18967,19046,2010-12-20 12:30:00-05:00,2010-12-23 12:45:00-05:00,train
SPY,double_top,0,near_miss,19097,,2010-12-28 12:30:00-05:00,short,125.3809586164483,0.3065145134085441,125.69678817059429,125.31348548659146,19018,19097,2010-12-22 12:15:00-05:00,2010-12-28 12:30:00-05:00,train
SPY,double_top,0,failed_breakout,19145,,2010-12-30 11:30:00-05:00,short,125.61054214370311,0.3006014754622157,126.14412914921127,125.37939852453779,19066,19145,2010-12-27 11:15:00-05:00,2010-12-30 11:30:00-05:00,train
SPY,double_top,0,near_miss,19173,,2010-12-31 12:00:00-05:00,short,125.66850619150068,0.28946315963486313,126.14412914921127,125.46053684036514,19094,19173,2010-12-28 11:45:00-05:00,2010-12-31 12:00:00-05:00,train
SPY,double_top,0,near_miss,19218,,2011-01-04 10:15:00-05:00,short,125.65664045226863,0.9346031344295938,127.41067762033661,125.9453968655704,19139,19218,2010-12-30 10:00:00-05:00,2011-01-04 10:15:00-05:00,train
SPY,double_top,0,failed_breakout,19278,,2011-01-06 12:15:00-05:00,short,126.51902576627633,0.964831738563575,127.55703738934321,126.22516826143642,19199,19278,2011-01-03 12:00:00-05:00,2011-01-06 12:15:00-05:00,train
SPY,double_top,0,near_miss,19307,,2011-01-07 13:00:00-05:00,short,127.28785446158801,0.19201302670424525,127.5799637923787,126.30798697329575,19228,19307,2011-01-04 12:45:00-05:00,2011-01-07 13:00:00-05:00,train
SPY,double_top,0,near_miss,19329,,2011-01-10 12:00:00-05:00,short,126.70232086118547,0.4183231537072487,127.3797711842058,126.38167684629275,19250,19329,2011-01-05 11:45:00-05:00,2011-01-10 12:00:00-05:00,train
SPY,double_top,0,near_miss,19369,,2011-01-11 15:30:00-05:00,short,126.65225667409888,0.5604966927971589,127.5639898882124,126.75950330720283,19290,19369,2011-01-06 15:15:00-05:00,2011-01-11 15:30:00-05:00,train
SPY,double_top,0,failed_breakout,19403,,2011-01-13 11:00:00-05:00,short,127.34198536334463,0.7166325868309968,128.55324601213883,127.74336741316901,19324,19403,2011-01-10 10:45:00-05:00,2011-01-13 11:00:00-05:00,train
SPY,double_top,0,failed_breakout,19423,,2011-01-13 16:00:00-05:00,short,128.4484642252915,0.09925768544087532,128.55324601213883,128.3207423145591,19344,19423,2011-01-10 15:45:00-05:00,2011-01-13 16:00:00-05:00,train
SPY,double_top,0,failed_breakout,19545,,2011-01-21 14:00:00-05:00,short,127.59975433689998,1.4213485504115653,129.47334650421428,127.13865144958844,19466,19545,2011-01-18 13:45:00-05:00,2011-01-21 14:00:00-05:00,train
SPY,double_top,0,near_miss,19560,,2011-01-24 11:15:00-05:00,short,128.50658795145583,0.04577475645871232,128.56885927040878,128.80422524354128,19481,19560,2011-01-19 11:00:00-05:00,2011-01-24 11:15:00-05:00,train
SPY,double_top,0,near_miss,19584,,2011-01-25 10:45:00-05:00,short,128.4709394693834,0.31338772148981775,129.0327882363262,128.56661227851018,19505,19584,2011-01-20 10:30:00-05:00,2011-01-25 10:45:00-05:00,train
SPY,double_top,0,near_miss,19669,,2011-01-28 12:30:00-05:00,short,129.77351154433313,0.16243482161888778,129.99557677933157,127.88756517838112,19590,19669,2011-01-25 12:15:00-05:00,2011-01-28 12:30:00-05:00,train
SPY,double_top,1,confirmed_breakout,19763,19764.0,2011-02-03 10:00:00-05:00,short,130.55137567222155,0.1173330149484002,130.75456169603447,129.5826669850516,19684,19763,2011-01-31 09:45:00-05:00,2011-02-03 10:00:00-05:00,train
SPY,double_top,0,near_miss,19802,,2011-02-04 13:15:00-05:00,short,130.16158891382094,0.4819472541523169,130.70421665764113,130.4180527458477,19723,19802,2011-02-01 13:00:00-05:00,2011-02-04 13:15:00-05:00,train
SPY,double_top,0,failed_breakout,19841,,2011-02-08 10:00:00-05:00,short,130.63559096513654,0.812668161637248,132.19230159590646,131.24733183836275,19762,19841,2011-02-03 09:45:00-05:00,2011-02-08 10:00:00-05:00,train
SPY,double_top,0,failed_breakout,19876,,2011-02-09 12:15:00-05:00,short,132.0143258560923,0.27582910299926766,132.38800832227668,131.71417089700074,19797,19876,2011-02-04 12:00:00-05:00,2011-02-09 12:15:00-05:00,train
SPY,double_top,0,near_miss,19881,,2011-02-09 13:30:00-05:00,short,132.38526494435501,0.01446885027186795,132.4114592669771,132.26553114972813,19802,19881,2011-02-04 13:15:00-05:00,2011-02-09 13:30:00-05:00,train
SPY,double_top,0,near_miss,19892,,2011-02-10 09:45:00-05:00,short,132.1415106271549,0.13933604975827052,132.4114592669771,131.52066395024173,19813,19892,2011-02-04 16:00:00-05:00,2011-02-10 09:45:00-05:00,train
SPY,double_top,0,near_miss,19916,,2011-02-10 15:45:00-05:00,short,131.91071077463158,0.1996154191320727,132.15023408684925,132.05038458086793,19837,19916,2011-02-07 15:30:00-05:00,2011-02-10 15:45:00-05:00,train
SPY,double_top,0,near_miss,19922,,2011-02-11 10:45:00-05:00,short,132.04448643921796,0.030593669872132523,132.0797419175021,132.30940633012787,19843,19922,2011-02-08 10:30:00-05:00,2011-02-11 10:45:00-05:00,train
SPY,double_top,0,failed_breakout,19957,,2011-02-14 13:00:00-05:00,short,132.07119866647068,0.5178126789972737,133.0982807734338,132.79218732100273,19878,19957,2011-02-09 12:45:00-05:00,2011-02-14 13:00:00-05:00,train
SPY,double_top,0,failed_breakout,19979,,2011-02-15 12:00:00-05:00,short,133.08787829767527,0.13172115415011376,133.340918130217,132.80827884584988,19900,19979,2011-02-10 11:45:00-05:00,2011-02-15 12:00:00-05:00,train
SPY,double_top,0,failed_breakout,19996,,2011-02-16 09:45:00-05:00,short,133.02293940729157,0.17826849763412156,133.340918130217,133.41173150236588,19917,19996,2011-02-10 16:00:00-05:00,2011-02-16 09:45:00-05:00,train
SPY,double_top,0,near_miss,20015,,2011-02-16 14:30:00-05:00,short,132.94285305405057,0.4122265919471886,133.6486616123611,133.1277734080528,19936,20015,2011-02-11 14:15:00-05:00,2011-02-16 14:30:00-05:00,train
SPY,double_top,0,failed_breakout,20031,,2011-02-17 12:00:00-05:00,short,133.61793604156443,0.07700418032212042,133.74121883141203,134.0029958196779,19952,20031,2011-02-14 11:45:00-05:00,2011-02-17 12:00:00-05:00,train
SPY,double_top,0,near_miss,20073,,2011-02-18 16:00:00-05:00,short,133.69887398893613,0.43390420556863774,134.5243375575975,134.13609579443136,19994,20073,2011-02-15 15:45:00-05:00,2011-02-18 16:00:00-05:00,train
SPY,double_top,0,failed_breakout,20247,,2011-03-02 14:00:00-05:00,short,131.18347670853382,0.942347201851419,132.9596838893396,130.08765279814858,20168,20247,2011-02-25 13:45:00-05:00,2011-03-02 14:00:00-05:00,train
SPY,double_top,0,near_miss,20291,,2011-03-04 12:00:00-05:00,short,131.15783783576043,1.1874967804694165,133.3987053010288,131.13250321953058,20212,20291,2011-03-01 11:45:00-05:00,2011-03-04 12:00:00-05:00,train
SPY,double_top,1,confirmed_breakout,20319,20320.0,2011-03-07 12:30:00-05:00,short,131.89021785294008,0.9861179777557538,133.3987053010288,130.22388202224425,20240,20319,2011-03-02 12:15:00-05:00,2011-03-07 12:30:00-05:00,train
SPY,double_top,0,failed_breakout,20361,,2011-03-09 10:00:00-05:00,short,131.14730932351176,1.3560496891152525,132.65275166489113,130.69395031088476,20282,20361,2011-03-04 09:45:00-05:00,2011-03-09 10:00:00-05:00,train
SPY,double_top,0,near_miss,20368,,2011-03-09 11:45:00-05:00,short,132.64103416573508,0.046680971218023615,132.72267860901508,132.12331902878196,20289,20368,2011-03-04 11:30:00-05:00,2011-03-09 11:45:00-05:00,train
SPY,double_top,1,confirmed_breakout,20385,20386.0,2011-03-09 16:00:00-05:00,short,132.22200855353785,0.32981412141796795,132.72267860901508,130.01018587858204,20306,20385,2011-03-04 15:45:00-05:00,2011-03-09 16:00:00-05:00,train
SPY,double_top,0,near_miss,20410,,2011-03-10 15:45:00-05:00,short,130.6415574664545,0.8836685722973527,132.38096674089655,129.40633142770264,20331,20410,2011-03-07 15:30:00-05:00,2011-03-10 15:45:00-05:00,train
SPY,double_top,0,near_miss,20447,,2011-03-14 12:00:00-04:00,short,130.02124160386163,0.7298994029148105,130.83279667694575,128.59010059708518,20368,20447,2011-03-09 11:45:00-05:00,2011-03-14 12:00:00-04:00,train
SPY,double_top,1,confirmed_breakout,20463,20464.0,2011-03-14 16:00:00-04:00,short,129.44614581216018,0.8370259273847864,130.83279667694575,126.44297407261521,20384,20463,2011-03-09 15:45:00-05:00,2011-03-14 16:00:00-04:00,train
SPY,double_top,0,near_miss,20499,,2011-03-16 12:00:00-04:00,short,128.00942264055317,1.1432118393428823,129.73354680214422,126.02678816065712,20420,20499,2011-03-11 11:45:00-05:00,2011-03-16 12:00:00-04:00,train
SPY,double_top,0,failed_breakout,20598,,2011-03-22 10:45:00-04:00,short,127.88398956954181,1.0997694356771177,129.74018516882066,128.4702305643229,20519,20598,2011-03-17 10:30:00-04:00,2011-03-22 10:45:00-04:00,train
SPY,double_top,0,failed_breakout,20715,,2011-03-28 14:00:00-04:00,short,131.50583716038057,0.12509288140290664,131.64466758746593,131.3649071185971,20636,20715,2011-03-23 13:45:00-04:00,2011-03-28 14:00:00-04:00,train
SPY,double_top,0,near_miss,20808,,2011-04-01 11:15:00-04:00,short,132.72427655356358,0.16900201054193076,132.9599915937097,133.41099798945808,20729,20808,2011-03-29 11:00:00-04:00,2011-04-01 11:15:00-04:00,train
SPY,double_top,0,near_miss,20826,,2011-04-01 15:45:00-04:00,short,132.7977443531618,0.3913727375589531,133.55166864694016,132.79862726244104,20747,20826,2011-03-29 15:30:00-04:00,2011-04-01 15:45:00-04:00,train
SPY,double_top,0,near_miss,20831,,2011-04-04 10:30:00-04:00,short,133.5504089931715,0.003833919307311362,133.55681717801744,133.25616608069268,20752,20831,2011-03-30 10:15:00-04:00,2011-04-04 10:30:00-04:00,train
SPY,double_top,0,failed_breakout,20849,,2011-04-04 15:00:00-04:00,short,133.27169021976778,0.15267117225073434,133.55681717801744,132.92732882774928,20770,20849,2011-03-30 14:45:00-04:00,2011-04-04 15:00:00-04:00,train
SPY,double_top,0,near_miss,20883,,2011-04-06 10:30:00-04:00,short,133.12547386992907,0.3388430006184535,133.6367281350755,133.37115699938155,20804,20883,2011-04-01 10:15:00-04:00,2011-04-06 10:30:00-04:00,train
SPY,double_top,0,failed_breakout,20895,,2011-04-06 13:30:00-04:00,short,133.45713418650976,0.169976685685981,133.6367281350755,133.24002331431402,20816,20895,2011-04-01 13:15:00-04:00,2011-04-06 13:30:00-04:00,train
SPY,double_top,0,near_miss,20919,,2011-04-07 13:00:00-04:00,short,133.37920311684434,0.24643568094205648,133.63378398625676,133.27356431905795,20840,20919,2011-04-04 12:45:00-04:00,2011-04-07 13:00:00-04:00,train
SPY,double_top,0,failed_breakout,20929,,2011-04-07 15:30:00-04:00,short,133.33929814434876,0.15954165579827873,133.63378398625676,133.0104583442017,20850,20929,2011-04-04 15:15:00-04:00,2011-04-07 15:30:00-04:00,train
SPY,double_top,0,near_miss,20946,,2011-04-08 13:15:00-04:00,short,133.18289466562538,0.19972870635837126,133.40135112993016,132.97027129364162,20867,20946,2011-04-05 13:00:00-04:00,2011-04-08 13:15:00-04:00,train
SPY,double_top,0,near_miss,20976,,2011-04-11 14:15:00-04:00,short,132.85740213132055,0.3766687228676915,133.40135112993016,132.3433312771323,20897,20976,2011-04-06 14:00:00-04:00,2011-04-11 14:15:00-04:00,train
SPY,double_top,0,near_miss,21027,,2011-04-13 14:00:00-04:00,short,131.47268065348004,0.9125819904410832,133.06679057844633,130.2274180095589,20948,21027,2011-04-08 13:45:00-04:00,2011-04-13 14:00:00-04:00,train
SPY,double_top,1,confirmed_breakout,21036,21037.0,2011-04-14 09:45:00-04:00,short,131.3103669058646,0.2767487644680955,131.70373470939592,130.3732512355319,20957,21036,2011-04-08 16:00:00-04:00,2011-04-14 09:45:00-04:00,train
SPY,double_top,0,near_miss,21093,,2011-04-18 11:00:00-04:00,short,131.02344739396614,0.7890144636547802,132.1544270839723,128.90098553634522,21014,21093,2011-04-13 10:45:00-04:00,2011-04-18 11:00:00-04:00,train
SPY,double_top,0,failed_breakout,21196,,2011-04-25 10:45:00-04:00,short,132.98755331785293,0.3727457659448987,133.70517863117254,133.0372542340551,21117,21196,2011-04-19 10:30:00-04:00,2011-04-25 10:45:00-04:00,train
SPY,double_top,0,near_miss,21255,,2011-04-27 12:30:00-04:00,short,133.67650483328302,0.5898141226012399,134.82745928059597,134.07018587739876,21176,21255,2011-04-21 12:15:00-04:00,2011-04-27 12:30:00-04:00,train
SPY,double_top,0,near_miss,21293,,2011-04-28 15:30:00-04:00,short,134.70635605204262,0.594995172916299,135.7752431693219,135.4050048270837,21214,21293,2011-04-25 15:15:00-04:00,2011-04-28 15:30:00-04:00,train
SPY,double_top,0,failed_breakout,21326,,2011-05-02 10:45:00-04:00,short,135.76845571045544,0.33133352855969633,136.4243353087084,136.7386664714403,21247,21326,2011-04-27 10:30:00-04:00,2011-05-02 10:45:00-04:00,train
SPY,double_top,0,near_miss,21340,,2011-05-02 14:15:00-04:00,short,136.4020543146605,0.21713811084177337,136.81404954229612,136.43286188915823,21261,21340,2011-04-27 14:00:00-04:00,2011-05-02 14:15:00-04:00,train
SPY,double_top,0,near_miss,21427,,2011-05-06 10:00:00-04:00,short,134.29417016700467,0.4037433269662074,134.85203489885927,134.60625667303378,21348,21427,2011-05-03 09:45:00-04:00,2011-05-06 10:00:00-04:00,train
SPY,double_top,0,near_miss,21447,,2011-05-06 15:00:00-04:00,short,134.07432601733126,0.717005720631164,135.0388713868424,133.25299427936883,21368,21447,2011-05-03 14:45:00-04:00,2011-05-06 15:00:00-04:00,train
SPY,double_top,0,near_miss,21566,,2011-05-13 12:15:00-04:00,short,133.95963499185655,1.4213487254780262,135.7673912900305,132.17865127452197,21487,21566,2011-05-10 12:00:00-04:00,2011-05-13 12:15:00-04:00,train
SPY,double_top,0,failed_breakout,21588,,2011-05-16 11:15:00-04:00,short,134.05667862391965,0.4809155952375477,134.99457614463861,133.94908440476246,21509,21588,2011-05-11 11:00:00-04:00,2011-05-16 11:15:00-04:00,train
SPY,double_top,0,near_miss,21601,,2011-05-16 14:30:00-04:00,short,133.9843053152935,0.14489838903904229,134.1777951149893,133.41510161096096,21522,21601,2011-05-11 14:15:00-04:00,2011-05-16 14:30:00-04:00,train
SPY,double_top,1,confirmed_breakout,21688,21690.0,2011-05-20 10:15:00-04:00,short,134.27179360075766,0.1902518566105016,134.51918790862743,133.3797481433895,21609,21688,2011-05-17 10:00:00-04:00,2011-05-20 10:15:00-04:00,train
SPY,double_top,0,near_miss,21695,,2011-05-20 12:00:00-04:00,short,134.47985127970608,0.039300522574393426,134.51918790862743,133.6606994774256,21616,21695,2011-05-17 11:45:00-04:00,2011-05-20 12:00:00-04:00,train
SPY,double_top,1,confirmed_breakout,21711,21712.0,2011-05-20 16:00:00-04:00,short,133.85385018405714,0.48810119911311745,134.51911569593355,131.55189880088687,21632,21711,2011-05-17 15:45:00-04:00,2011-05-20 16:00:00-04:00,train
SPY,double_top,0,near_miss,21754,,2011-05-24 13:45:00-04:00,short,131.92908669495912,1.2976760094289261,134.16478707040696,130.58232399057107,21675,21754,2011-05-19 13:30:00-04:00,2011-05-24 13:45:00-04:00,train
SPY,double_top,0,failed_breakout,21772,,2011-05-25 11:45:00-04:00,short,132.00316076813263,0.19876230881183687,132.28873833836914,132.28123769118815,21693,21772,2011-05-20 11:30:00-04:00,2011-05-25 11:45:00-04:00,train
SPY,double_top,0,near_miss,21798,,2011-05-26 11:45:00-04:00,short,131.9860040858733,0.32607705944627696,132.50905447511934,131.86392294055372,21719,21798,2011-05-23 11:30:00-04:00,2011-05-26 11:45:00-04:00,train
SPY,double_top,0,failed_breakout,21839,,2011-05-27 15:30:00-04:00,short,132.16859807769498,0.884969007580537,133.5980796954317,132.57503099241947,21760,21839,2011-05-24 15:15:00-04:00,2011-05-27 15:30:00-04:00,train
SPY,double_top,0,failed_breakout,21863,,2011-05-31 15:00:00-04:00,short,133.47061821504897,0.3852841968784162,134.11372512842306,133.93471580312158,21784,21863,2011-05-25 14:45:00-04:00,2011-05-31 15:00:00-04:00,train
SPY,double_top,1,confirmed_breakout,21876,21877.0,2011-06-01 11:45:00-04:00,short,134.09240253064232,0.16441263189861388,134.39990519665884,133.2355873681014,21797,21876,2011-05-26 11:30:00-04:00,2011-06-01 11:45:00-04:00,train
SPY,double_top,0,near_miss,21928,,2011-06-03 11:45:00-04:00,short,131.56014758303164,1.5620249135367885,134.39990519665884,129.23797508646322,21849,21928,2011-05-31 11:30:00-04:00,2011-06-03 11:45:00-04:00,train
SPY,double_top,0,near_miss,21946,,2011-06-06 09:45:00-04:00,short,131.00392735904435,0.45520649461366247,131.844439796478,129.81479350538635,21867,21946,2011-05-31 16:00:00-04:00,2011-06-06 09:45:00-04:00,train
SPY,double_top,0,near_miss,22003,,2011-06-08 11:00:00-04:00,short,129.38704129531428,1.0548701037196224,131.07382791083802,127.85512989628037,21924,22003,2011-06-03 10:45:00-04:00,2011-06-08 11:00:00-04:00,train
SPY,double_top,0,failed_breakout,22022,,2011-06-08 15:45:00-04:00,short,128.86678309941064,0.4779038757353362,129.80999488722978,127.95209612426467,21943,22022,2011-06-03 15:30:00-04:00,2011-06-08 15:45:00-04:00,train
SPY,double_top,0,near_miss,22057,,2011-06-10 11:30:00-04:00,short,128.54989500521935,0.7538738781741472,129.72815870372483,127.02612612182585,21978,22057,2011-06-07 11:15:00-04:00,2011-06-10 11:30:00-04:00,train
SPY,double_top,0,failed_breakout,22083,,2011-06-13 11:30:00-04:00,short,127.74128590939995,1.0752735944676601,129.72815870372483,126.85472640553235,22004,22083,2011-06-08 11:15:00-04:00,2011-06-13 11:30:00-04:00,train
SPY,double_top,0,near_miss,22089,,2011-06-13 13:00:00-04:00,short,127.87257822332062,0.06551958414415537,127.97123531091914,127.35448041585585,22010,22089,2011-06-08 12:45:00-04:00,2011-06-13 13:00:00-04:00,train
SPY,double_top,0,near_miss,22109,,2011-06-14 11:30:00-04:00,short,127.630428042345,0.2737213148201505,127.97123531091914,128.94627868517983,22030,22109,2011-06-09 11:15:00-04:00,2011-06-14 11:30:00-04:00,train
SPY,double_top,0,near_miss,22135,,2011-06-15 11:30:00-04:00,short,127.82187536875993,0.8608401745824636,129.52836768327364,127.42915982541753,22056,22135,2011-06-10 11:15:00-04:00,2011-06-15 11:30:00-04:00,train
SPY,double_top,0,near_miss,22177,,2011-06-16 15:30:00-04:00,short,127.09419339161,1.478778092291023,129.52836768327364,125.48122190770897,22098,22177,2011-06-13 15:15:00-04:00,2011-06-16 15:30:00-04:00,train
SPY,double_top,0,failed_breakout,22232,,2011-06-21 09:45:00-04:00,short,127.03221013848528,0.6207315419937345,127.68830807642966,127.70926845800628,22153,22232,2011-06-15 16:00:00-04:00,2011-06-21 09:45:00-04:00,train
SPY,double_top,0,near_miss,22237,,2011-06-21 11:00:00-04:00,short,127.67385203941583,0.02129089447220167,127.70197779134642,129.0787091055278,22158,22237,2011-06-16 10:45:00-04:00,2011-06-21 11:00:00-04:00,train
SPY,double_top,0,failed_breakout,22269,,2011-06-22 12:30:00-04:00,short,127.66267839078749,0.8976208211395971,129.41862063250773,128.6323791788604,22190,22269,2011-06-17 12:15:00-04:00,2011-06-22 12:30:00-04:00,train
SPY,double_top,0,near_miss,22286,,2011-06-23 10:15:00-04:00,short,129.41306243146434,0.08609934515274631,129.57970292072642,126.75390065484726,22207,22286,2011-06-20 10:00:00-04:00,2011-06-23 10:15:00-04:00,train
SPY,double_top,0,failed_breakout,22321,,2011-06-24 12:30:00-04:00,short,126.90215949209836,1.696848120818558,129.57970292072642,125.50315187918144,22242,22321,2011-06-21 12:15:00-04:00,2011-06-24 12:30:00-04:00,train
SPY,double_top,0,failed_breakout,22442,,2011-07-01 10:15:00-04:00,short,130.54326830725398,0.7135474390835839,131.85566534961893,132.08645256091643,22363,22442,2011-06-28 10:00:00-04:00,2011-07-01 10:15:00-04:00,train
SPY,double_top,0,failed_breakout,22478,,2011-07-05 12:45:00-04:00,short,131.82417046079553,0.9992311665634475,133.79113790509902,132.87076883343656,22399,22478,2011-06-29 12:30:00-04:00,2011-07-05 12:45:00-04:00,train
SPY,double_top,0,failed_breakout,22494,,2011-07-06 10:15:00-04:00,short,133.69941010901337,0.12080901034474323,133.84930033361718,133.18919098965526,22415,22494,2011-06-30 10:00:00-04:00,2011-07-06 10:15:00-04:00,train
SPY,double_top,0,near_miss,22501,,2011-07-06 12:00:00-04:00,short,133.78422476967313,0.04772024223086646,133.84930033361718,133.85227975776914,22422,22501,2011-06-30 11:45:00-04:00,2011-07-06 12:00:00-04:00,train
SPY,double_top,0,failed_breakout,22519,,2011-07-07 10:00:00-04:00,short,133.56933174256022,0.2693550343436186,133.86278386361687,134.7806449656564,22440,22519,2011-07-01 09:45:00-04:00,2011-07-07 10:00:00-04:00,train
SPY,double_top,0,near_miss,22552,,2011-07-08 11:45:00-04:00,short,133.83444156080614,0.8440936628887528,135.49428658377295,133.00590633711124,22473,22552,2011-07-05 11:30:00-04:00,2011-07-08 11:45:00-04:00,train
SPY,double_top,0,near_miss,22579,,2011-07-11 12:00:00-04:00,short,133.8506828131699,0.9207633835020488,135.49428658377295,131.37923661649796,22500,22579,2011-07-06 11:45:00-04:00,2011-07-11 12:00:00-04:00,train
SPY,double_top,0,failed_breakout,22610,,2011-07-12 13:15:00-04:00,short,131.96719245818338,1.0416152820911577,134.04860580957094,131.11838471790884,22531,22610,2011-07-07 13:00:00-04:00,2011-07-12 13:15:00-04:00,train
SPY,double_top,0,near_miss,22620,,2011-07-12 15:45:00-04:00,short,131.94815988662288,0.08089249367668572,132.08909508962103,131.6491075063233,22541,22620,2011-07-07 15:30:00-04:00,2011-07-12 15:45:00-04:00,train
SPY,double_top,0,near_miss,22646,,2011-07-13 15:45:00-04:00,short,132.04230170370784,0.45094270095341926,132.89739371970145,131.2290572990466,22567,22646,2011-07-08 15:30:00-04:00,2011-07-13 15:45:00-04:00,train
SPY,double_top,1,confirmed_breakout,22658,22659.0,2011-07-14 12:15:00-04:00,short,132.24983112491583,0.35516031136637594,132.89739371970145,131.02483968863362,22579,22658,2011-07-11 12:00:00-04:00,2011-07-14 12:15:00-04:00,train
SPY,double_top,0,near_miss,22695,,2011-07-15 15:00:00-04:00,short,131.17927901633772,0.6208984215203373,132.31258915286293,130.40910157847966,22616,22695,2011-07-12 14:45:00-04:00,2011-07-15 15:00:00-04:00,train
SPY,double_top,0,near_miss,22709,,2011-07-18 12:00:00-04:00,short,131.12869749203702,0.15008378252503007,131.28776572285315,129.56991621747497,22630,22709,2011-07-13 11:45:00-04:00,2011-07-18 12:00:00-04:00,train
SPY,double_top,0,failed_breakout,22784,,2011-07-21 11:15:00-04:00,short,132.7085120015748,0.11371184250768351,132.87274972568582,134.2662881574923,22705,22784,2011-07-18 11:00:00-04:00,2011-07-21 11:15:00-04:00,train
SPY,double_top,0,near_miss,22812,,2011-07-22 11:45:00-04:00,short,132.83653784077612,0.8678835773065714,134.53609311047953,133.61211642269342,22733,22812,2011-07-19 11:30:00-04:00,2011-07-22 11:45:00-04:00,train
SPY,double_top,0,near_miss,22835,,2011-07-25 11:00:00-04:00,short,134.27546686694936,0.28188035364294706,134.57860133070508,133.62811964635705,22756,22835,2011-07-20 10:45:00-04:00,2011-07-25 11:00:00-04:00,train
SPY,double_top,1,confirmed_breakout,22856,22857.0,2011-07-26 09:45:00-04:00,short,134.03990051915818,0.3846165581677212,134.57860133070508,132.87538344183227,22777,22856,2011-07-20 16:00:00-04:00,2011-07-26 09:45:00-04:00,train
SPY,double_top,0,near_miss,22879,,2011-07-26 15:30:00-04:00,short,133.5660078003153,0.36598205059780753,134.27043282394672,133.2240179494022,22800,22879,2011-07-21 15:15:00-04:00,2011-07-26 15:30:00-04:00,train
SPY,double_top,0,near_miss,22888,,2011-07-27 11:15:00-04:00,short,133.5614069794457,0.05975807417152623,133.64878322935496,131.70024192582846,22809,22888,2011-07-22 11:00:00-04:00,2011-07-27 11:15:00-04:00,train
SPY,double_top,1,confirmed_breakout,22931,22932.0,2011-07-28 15:30:00-04:00,short,130.89869316801256,1.6090796747356535,133.64878322935496,128.49092032526434,22852,22931,2011-07-25 15:15:00-04:00,2011-07-28 15:30:00-04:00,train
SPY,double_top,0,failed_breakout,22953,,2011-07-29 14:30:00-04:00,short,129.80502400002425,0.7986660355363426,131.36676245614146,129.01133396446366,22874,22953,2011-07-26 14:15:00-04:00,2011-07-29 14:30:00-04:00,train
SPY,double_top,0,near_miss,22964,,2011-08-01 10:45:00-04:00,short,129.7586465916308,0.07643962218568845,129.8406176149797,128.69356037781432,22885,22964,2011-07-27 10:30:00-04:00,2011-08-01 10:45:00-04:00,train
SPY,double_top,1,confirmed_breakout,22993,22994.0,2011-08-02 11:30:00-04:00,short,128.01383035814527,1.086683653294358,129.82955481265327,126.23331634670564,22914,22993,2011-07-28 11:15:00-04:00,2011-08-02 11:30:00-04:00,train
SPY,double_top,0,near_miss,23047,,2011-08-04 12:00:00-04:00,short,124.77846850602492,2.194395915725295,128.371473210226,120.2156040842747,22968,23047,2011-08-01 11:45:00-04:00,2011-08-04 12:00:00-04:00,train
SPY,double_top,1,confirmed_breakout,23089,23090.0,2011-08-05 16:00:00-04:00,short,119.21944072021023,3.8130502937468407,125.57425563327445,114.04694970625316,23010,23089,2011-08-02 15:45:00-04:00,2011-08-05 16:00:00-04:00,train
SPY,double_top,1,confirmed_breakout,23135,23136.0,2011-08-09 14:30:00-04:00,short,113.69303574627003,3.956721855606304,120.49072639463971,106.4132781443937,23056,23135,2011-08-04 14:15:00-04:00,2011-08-09 14:30:00-04:00,train
SPY,double_top,1,confirmed_breakout,23148,23149.0,2011-08-10 11:15:00-04:00,short,113.58068846000889,0.971023599687797,114.80878880911295,112.0189764003122,23069,23148,2011-08-05 11:00:00-04:00,2011-08-10 11:15:00-04:00,train
SPY,double_top,0,near_miss,23173,,2011-08-11 11:00:00-04:00,short,113.79090240013923,0.6956044583307346,114.67837840665952,114.63439554166926,23094,23173,2011-08-08 10:45:00-04:00,2011-08-11 11:00:00-04:00,train
SPY,double_top,0,failed_breakout,23222,,2011-08-15 10:15:00-04:00,short,113.97253719626815,2.651861551094541,118.57041908806586,117.25813844890546,23143,23222,2011-08-10 10:00:00-04:00,2011-08-15 10:15:00-04:00,train
SPY,double_top,0,near_miss,23255,,2011-08-16 12:00:00-04:00,short,118.26936086086212,1.121756123900866,120.2118148814601,119.07824387609914,23176,23255,2011-08-11 11:45:00-04:00,2011-08-16 12:00:00-04:00,train
SPY,double_top,1,confirmed_breakout,23258,23259.0,2011-08-16 12:45:00-04:00,short,119.90423653782806,0.19713862631333257,120.2118148814601,118.94286137368667,23179,23258,2011-08-11 12:30:00-04:00,2011-08-16 12:45:00-04:00,train
SPY,double_top,0,near_miss,23289,,2011-08-17 14:00:00-04:00,short,119.30322329904278,0.8969330597277718,120.40937727071844,118.21306694027223,23210,23289,2011-08-12 13:45:00-04:00,2011-08-17 14:00:00-04:00,train
SPY,double_top,1,confirmed_breakout,23297,23298.0,2011-08-17 16:00:00-04:00,short,119.41533786558804,0.5192368498399844,120.40937727071844,115.21076315016002,23218,23297,2011-08-12 15:45:00-04:00,2011-08-17 16:00:00-04:00,train
SPY,double_top,0,near_miss,23339,,2011-08-19 13:30:00-04:00,short,114.18647674841648,2.7925538572285404,119.45977216013762,111.48744614277146,23260,23339,2011-08-16 13:15:00-04:00,2011-08-19 13:30:00-04:00,train
SPY,double_top,0,near_miss,23364,,2011-08-22 13:15:00-04:00,short,113.39810432326492,0.6912423443566524,114.48495322160964,112.89875765564335,23285,23364,2011-08-17 13:00:00-04:00,2011-08-22 13:15:00-04:00,train
SPY,double_top,0,near_miss,23378,,2011-08-23 10:15:00-04:00,short,113.26264663644714,0.25158296950220915,113.6937401136335,113.79841703049779,23299,23378,2011-08-18 10:00:00-04:00,2011-08-23 10:15:00-04:00,train
SPY,double_top,0,failed_breakout,23420,,2011-08-24 14:15:00-04:00,short,113.1313033283404,1.9023398265151599,116.7325672114459,115.32766017348484,23341,23420,2011-08-19 14:00:00-04:00,2011-08-24 14:15:00-04:00,train
SPY,double_top,0,failed_breakout,23440,,2011-08-25 12:45:00-04:00,short,116.61030245092533,0.6179923348202152,117.7240223600452,115.61200766517979,23361,23440,2011-08-22 12:30:00-04:00,2011-08-25 12:45:00-04:00,train
SPY,double_top,1,confirmed_breakout,23451,23452.0,2011-08-25 15:30:00-04:00,short,116.74210543016952,0.49862714009404385,117.7240223600452,115.43137285990596,23372,23451,2011-08-22 15:15:00-04:00,2011-08-25 15:30:00-04:00,train
SPY,double_top,0,near_miss,23485,,2011-08-29 11:00:00-04:00,short,115.97816936412343,1.3728693155843672,117.94463457893367,118.71713068441564,23406,23485,2011-08-24 10:45:00-04:00,2011-08-29 11:00:00-04:00,train
SPY,double_top,0,failed_breakout,23516,,2011-08-30 12:15:00-04:00,short,117.87988257223886,1.6009398704027689,121.01701030634959,119.72906012959723,23437,23516,2011-08-25 12:00:00-04:00,2011-08-30 12:15:00-04:00,train
SPY,double_top,0,failed_breakout,23527,,2011-08-30 15:00:00-04:00,short,120.83560917876684,0.24089299383589946,121.13599403885591,121.6091070061641,23448,23527,2011-08-25 14:45:00-04:00,2011-08-30 15:00:00-04:00,train
SPY,double_top,0,near_miss,23556,,2011-08-31 15:45:00-04:00,short,121.12636261599542,0.831870031830249,122.77992476188753,121.60812996816975,23477,23556,2011-08-26 15:30:00-04:00,2011-08-31 15:45:00-04:00,train
SPY,double_top,1,confirmed_breakout,23572,23574.0,2011-09-01 13:15:00-04:00,short,122.13471494261093,0.38295940970429854,122.77992476188753,121.0870405902957,23493,23572,2011-08-29 13:00:00-04:00,2011-09-01 13:15:00-04:00,train
SPY,double_top,0,near_miss,23579,,2011-09-01 15:00:00-04:00,short,122.2233645516715,0.04885243205410461,122.28901002470828,121.1811475679459,23500,23579,2011-08-29 14:45:00-04:00,2011-09-01 15:00:00-04:00,train
SPY,double_top,1,confirmed_breakout,23677,23678.0,2011-09-08 13:30:00-04:00,short,120.02454870801293,0.1527252384605191,120.30930116930656,119.04727476153948,23598,23677,2011-09-02 13:15:00-04:00,2011-09-08 13:30:00-04:00,train
SPY,double_top,0,failed_breakout,23831,,2011-09-16 13:00:00-04:00,short,117.70240950764973,1.85953609019937,121.32007868619391,119.55046390980063,23752,23831,2011-09-13 12:45:00-04:00,2011-09-16 13:00:00-04:00,train
SPY,double_top,1,confirmed_breakout,23843,23844.0,2011-09-16 16:00:00-04:00,short,121.08720172805361,0.1625256960539474,121.32007868619391,119.06747430394606,23764,23843,2011-09-13 15:45:00-04:00,2011-09-16 16:00:00-04:00,train
SPY,double_top,0,near_miss,23853,,2011-09-19 12:00:00-04:00,short,121.138219441987,0.05199830073858891,121.20105932342996,119.5780016992614,23774,23853,2011-09-14 11:45:00-04:00,2011-09-19 12:00:00-04:00,train
SPY,double_top,0,failed_breakout,23899,,2011-09-21 10:30:00-04:00,short,119.35948380383806,2.065831914829758,121.64957211390568,117.86416808517025,23820,23899,2011-09-16 10:15:00-04:00,2011-09-21 10:30:00-04:00,train
SPY,double_top,0,failed_breakout,23976,,2011-09-26 10:15:00-04:00,short,113.20976236177081,0.08827660789887659,113.37582313436154,113.17172339210113,23897,23976,2011-09-21 10:00:00-04:00,2011-09-26 10:15:00-04:00,train
SPY,double_top,0,failed_breakout,23997,,2011-09-26 15:30:00-04:00,short,113.32365239507854,0.5352796545479777,114.3420409648915,114.99472034545202,23918,23997,2011-09-21 15:15:00-04:00,2011-09-26 15:30:00-04:00,train
SPY,double_top,0,failed_breakout,24031,,2011-09-28 11:00:00-04:00,short,114.23928846302456,2.479569231192272,119.09567442354218,114.81043076880773,23952,24031,2011-09-23 10:45:00-04:00,2011-09-28 11:00:00-04:00,train
SPY,double_top,1,confirmed_breakout,24064,24068.0,2011-09-29 12:45:00-04:00,short,116.25204433396459,1.5230275651178715,119.09567442354218,113.37697243488213,23985,24064,2011-09-26 12:30:00-04:00,2011-09-29 12:45:00-04:00,train
SPY,double_top,0,near_miss,24100,,2011-09-30 15:15:00-04:00,short,114.75371972948392,0.9195021083955055,116.45446937462276,113.40049789160449,24021,24100,2011-09-27 15:00:00-04:00,2011-09-30 15:15:00-04:00,train
SPY,double_top,1,confirmed_breakout,24150,24151.0,2011-10-04 14:45:00-04:00,short,109.26874493259949,2.966675156349609,114.8919743011361,105.38332484365039,24071,24150,2011-09-29 14:30:00-04:00,2011-10-04 14:45:00-04:00,train
SPY,double_top,0,failed_breakout,24264,,2011-10-11 10:45:00-04:00,short,115.68038050126171,2.016724339820996,118.93183114119597,117.903275660179,24185,24264,2011-10-06 10:30:00-04:00,2011-10-11 10:45:00-04:00,train
SPY,double_top,0,failed_breakout,24316,,2011-10-13 10:45:00-04:00,short,118.80380792380127,1.4591248685536158,121.5940344435138,118.11087513144638,24237,24316,2011-10-10 10:30:00-04:00,2011-10-13 10:45:00-04:00,train
SPY,double_top,0,failed_breakout,24374,,2011-10-17 12:15:00-04:00,short,119.6247224065172,2.1710924007089005,121.99759517093838,118.64890759929109,24295,24374,2011-10-12 12:00:00-04:00,2011-10-17 12:15:00-04:00,train
SPY,double_top,0,failed_breakout,24491,,2011-10-21 15:30:00-04:00,short,120.5863411941216,2.4816228827382787,123.475548304069,120.98837711726172,24412,24491,2011-10-18 15:15:00-04:00,2011-10-21 15:30:00-04:00,train
SPY,double_top,0,failed_breakout,24526,,2011-10-25 11:15:00-04:00,short,123.20573651363297,1.253985001198103,125.44389472559314,122.7960149988019,24447,24526,2011-10-20 11:00:00-04:00,2011-10-25 11:15:00-04:00,train
SPY,double_top,1,confirmed_breakout,24549,24550.0,2011-10-26 10:30:00-04:00,short,123.77539285394458,0.8425703564127645,125.44389472559314,122.15742964358724,24470,24549,2011-10-21 10:15:00-04:00,2011-10-26 10:30:00-04:00,train
SPY,double_top,0,near_miss,24607,,2011-10-28 12:00:00-04:00,short,123.02736947266206,3.178983215174341,128.62067368055125,124.92101678482565,24528,24607,2011-10-25 11:45:00-04:00,2011-10-28 12:00:00-04:00,train
SPY,double_top,0,failed_breakout,24615,,2011-10-28 14:00:00-04:00,short,128.44981758161455,0.0931927096205527,128.62067368055125,128.36680729037946,24536,24615,2011-10-25 13:45:00-04:00,2011-10-28 14:00:00-04:00,train
SPY,double_top,1,confirmed_breakout,24623,24624.0,2011-10-28 16:00:00-04:00,short,128.2951444244527,0.1480693912600941,128.46534690191896,126.66193060873991,24544,24623,2011-10-25 15:45:00-04:00,2011-10-28 16:00:00-04:00,train
SPY,double_top,0,near_miss,24653,,2011-11-01 10:30:00-04:00,short,126.85146614293764,0.8065057721685065,128.4210807295066,122.3334942278315,24574,24653,2011-10-27 10:15:00-04:00,2011-11-01 10:30:00-04:00,train
SPY,double_top,0,near_miss,24682,,2011-11-02 11:15:00-04:00,short,122.38687735238918,2.4154179684990993,126.89486310070568,121.7545820315009,24603,24682,2011-10-28 11:00:00-04:00,2011-11-02 11:15:00-04:00,train
SPY,double_top,0,near_miss,24698,,2011-11-02 15:15:00-04:00,short,122.6248359482514,0.6781262917661905,123.8961969389643,123.1718737082338,24619,24698,2011-10-28 15:00:00-04:00,2011-11-02 15:15:00-04:00,train
SPY,double_top,0,failed_breakout,24737,,2011-11-04 12:00:00-04:00,short,123.41023472830985,1.4922126430169413,125.9086978036893,123.18778735698307,24658,24737,2011-11-01 11:45:00-04:00,2011-11-04 12:00:00-04:00,train
SPY,double_top,0,failed_breakout,24766,,2011-11-07 12:45:00-05:00,short,124.72039531715842,0.9651405778441244,125.9086978036893,123.53485942215588,24687,24766,2011-11-02 12:30:00-04:00,2011-11-07 12:45:00-05:00,train
SPY,double_top,0,failed_breakout,24795,,2011-11-08 13:30:00-05:00,short,124.7755072058064,1.1360622516413343,126.36076492857967,125.30393774835866,24716,24795,2011-11-03 13:15:00-04:00,2011-11-08 13:30:00-05:00,train
SPY,double_top,1,confirmed_breakout,24805,24806.0,2011-11-08 16:00:00-05:00,short,126.24409253873795,0.5781505531302997,127.2837212551568,124.4518494468697,24726,24805,2011-11-03 15:45:00-04:00,2011-11-08 16:00:00-05:00,train
SPY,double_top,0,failed_breakout,24844,,2011-11-10 12:45:00-05:00,short,123.68710380735081,1.8246186082889153,127.2837212551568,121.97538139171108,24765,24844,2011-11-07 12:30:00-05:00,2011-11-10 12:45:00-05:00,train
SPY,double_top,0,near_miss,24862,,2011-11-11 10:45:00-05:00,short,123.62401993059166,0.3965217660033602,124.30135981706742,126.41347823399664,24783,24862,2011-11-08 10:30:00-05:00,2011-11-11 10:45:00-05:00,train
SPY,double_top,0,near_miss,24888,,2011-11-14 10:45:00-05:00,short,124.22848987712739,1.2859352293427264,126.7274903958728,124.53406477065727,24809,24888,2011-11-09 10:30:00-05:00,2011-11-14 10:45:00-05:00,train
SPY,double_top,0,failed_breakout,24924,,2011-11-15 13:15:00-05:00,short,125.32415795586424,0.7358442062854778,126.7274903958728,125.29415579371452,24845,24924,2011-11-10 13:00:00-05:00,2011-11-15 13:15:00-05:00,train
SPY,double_top,0,near_miss,24945,,2011-11-16 12:00:00-05:00,short,125.25652992708085,0.5944947690601481,126.30953546385534,124.80550523093986,24866,24945,2011-11-11 11:45:00-05:00,2011-11-16 12:00:00-05:00,train
SPY,double_top,1,confirmed_breakout,24958,24959.0,2011-11-16 15:15:00-05:00,short,125.51915889993818,0.5449045701903259,126.30953546385534,124.26509542980968,24879,24958,2011-11-11 15:00:00-05:00,2011-11-16 15:15:00-05:00,train
SPY,double_top,0,failed_breakout,25006,,2011-11-18 14:15:00-05:00,short,121.81211135750635,2.1776048115621336,125.81859147640165,120.32239518843787,24927,25006,2011-11-15 14:00:00-05:00,2011-11-18 14:15:00-05:00,train
SPY,double_top,0,near_miss,25018,,2011-11-21 10:45:00-05:00,short,122.03057053790579,0.14159920488756939,122.18349862385136,119.07840079511243,24939,25018,2011-11-16 10:30:00-05:00,2011-11-21 10:45:00-05:00,train
SPY,double_top,0,near_miss,25053,,2011-11-22 13:00:00-05:00,short,119.15759949259532,1.758640141390316,122.18349862385136,117.97135985860969,24974,25053,2011-11-17 12:45:00-05:00,2011-11-22 13:00:00-05:00,train
SPY,double_top,0,failed_breakout,25155,,2011-11-29 15:30:00-05:00,short,119.45843865776745,0.611647130419513,120.42682619014732,119.72835286958049,25076,25155,2011-11-23 12:15:00-05:00,2011-11-29 15:30:00-05:00,train
SPY,double_top,0,failed_breakout,25165,,2011-11-30 11:30:00-05:00,short,120.22515931655919,0.10807220546364249,120.42682619014732,124.05192779453635,25086,25165,2011-11-23 14:45:00-05:00,2011-11-30 11:30:00-05:00,train
SPY,double_top,0,near_miss,25184,,2011-12-01 09:45:00-05:00,short,120.20807432023176,1.9246050493285907,124.02572188522238,123.00539495067142,25105,25184,2011-11-25 13:00:00-05:00,2011-12-01 09:45:00-05:00,train
SPY,double_top,0,failed_breakout,25203,,2011-12-01 14:30:00-05:00,short,124.00962706567014,0.4398942328523958,124.8733207118227,124.68010576714761,25124,25203,2011-11-28 14:15:00-05:00,2011-12-01 14:30:00-05:00,train
SPY,double_top,0,failed_breakout,25227,,2011-12-02 14:00:00-05:00,short,124.78682322194236,0.5477476528292016,125.79582103772042,124.9522523471708,25148,25227,2011-11-29 13:45:00-05:00,2011-12-02 14:00:00-05:00,train
SPY,double_top,0,failed_breakout,25261,,2011-12-05 16:00:00-05:00,short,125.27479894121528,1.0656570690201335,126.88509098275043,125.14434293097986,25182,25261,2011-11-30 15:45:00-05:00,2011-12-05 16:00:00-05:00,train
SPY,double_top,0,failed_breakout,25278,,2011-12-06 13:45:00-05:00,short,126.07709617069045,0.42833667202341985,126.88509098275043,125.87166332797658,25199,25278,2011-12-01 13:30:00-05:00,2011-12-06 13:45:00-05:00,train
SPY,double_top,0,near_miss,25296,,2011-12-07 11:45:00-05:00,short,126.10798735336947,0.21907899718976864,126.52835799844114,125.70092100281023,25217,25296,2011-12-02 11:30:00-05:00,2011-12-07 11:45:00-05:00,train
SPY,double_top,0,near_miss,25317,,2011-12-08 10:30:00-05:00,short,125.7558974362177,0.5525400743467515,126.52835799844114,124.74745992565325,25238,25317,2011-12-05 10:15:00-05:00,2011-12-08 10:30:00-05:00,train
SPY,double_top,0,near_miss,25323,,2011-12-08 12:00:00-05:00,short,126.0148112894388,0.13384862533311548,126.20880280685607,124.92615137466689,25244,25323,2011-12-05 11:45:00-05:00,2011-12-08 12:00:00-05:00,train
SPY,double_top,1,confirmed_breakout,25373,25374.0,2011-12-12 11:30:00-05:00,short,124.50861084824648,1.6334197678911409,126.20880280685607,122.14658023210886,25294,25373,2011-12-07 11:15:00-05:00,2011-12-12 11:30:00-05:00,train
SPY,double_top,0,near_miss,25472,,2011-12-16 10:15:00-05:00,short,121.93094693439807,0.3736783555057883,122.47599586759192,122.40632164449421,25393,25472,2011-12-13 10:00:00-05:00,2011-12-16 10:15:00-05:00,train
SPY,double_top,1,confirmed_breakout,25481,25482.0,2011-12-16 12:30:00-05:00,short,122.33369120578799,0.16279957182727856,122.51698568763862,121.24720042817272,25402,25481,2011-12-13 12:15:00-05:00,2011-12-16 12:30:00-05:00,train
SPY,double_top,0,near_miss,25510,,2011-12-19 13:15:00-05:00,short,121.65381856235403,0.5175383683116905,122.51698568763862,120.52246163168832,25431,25510,2011-12-14 13:00:00-05:00,2011-12-19 13:15:00-05:00,train
SPY,double_top,0,near_miss,25557,,2011-12-21 12:00:00-05:00,short,120.7355601569703,2.0945509231705017,123.83449398658877,121.1054490768295,25478,25557,2011-12-16 11:45:00-05:00,2011-12-21 12:00:00-05:00,train
SPY,double_top,1,confirmed_breakout,25654,25655.0,2011-12-28 10:15:00-05:00,short,126.05448964414416,0.300401801638543,126.64629250879015,125.09959819836146,25575,25654,2011-12-22 10:00:00-05:00,2011-12-28 10:15:00-05:00,train
SPY,double_top,0,near_miss,25752,,2012-01-03 15:15:00-05:00,short,125.89528954490818,1.0886769842861526,127.86126639053793,126.86132301571385,25673,25752,2011-12-28 15:00:00-05:00,2012-01-03 15:15:00-05:00,train
SPY,double_top,1,confirmed_breakout,25757,25758.0,2012-01-04 10:00:00-05:00,short,127.7440342688691,0.10100761674549119,127.86126639053793,126.86899238325451,25678,25757,2011-12-29 09:45:00-05:00,2012-01-04 10:00:00-05:00,train
SPY,double_top,0,near_miss,25791,,2012-01-05 12:00:00-05:00,short,127.24355653113588,0.47971567173239293,127.82881738069126,126.8702843282676,25712,25791,2011-12-30 11:45:00-05:00,2012-01-05 12:00:00-05:00,train
SPY,double_top,0,failed_breakout,25817,,2012-01-06 12:00:00-05:00,short,127.10943616254008,0.6657416223621198,127.93262854475911,127.37425837763787,25738,25817,2012-01-03 11:45:00-05:00,2012-01-06 12:00:00-05:00,train
SPY,double_top,0,failed_breakout,25830,,2012-01-06 15:15:00-05:00,short,127.76687733687965,0.1432124248462685,127.93262854475911,127.75678757515374,25751,25830,2012-01-03 15:00:00-05:00,2012-01-06 15:15:00-05:00,train
SPY,double_top,0,near_miss,25838,,2012-01-09 10:45:00-05:00,short,127.86089411884599,0.03201508979020673,127.89826743857968,127.79798491020979,25759,25838,2012-01-04 10:30:00-05:00,2012-01-09 10:45:00-05:00,train
SPY,double_top,0,near_miss,25847,,2012-01-09 13:00:00-05:00,short,127.84589621555281,0.043496267661964794,127.89826743857968,127.82650373233804,25768,25847,2012-01-04 12:45:00-05:00,2012-01-09 13:00:00-05:00,train
SPY,double_top,0,near_miss,25882,,2012-01-10 15:15:00-05:00,short,127.76105672761469,0.7839552732066295,129.2095064737928,128.44604472679336,25803,25882,2012-01-05 15:00:00-05:00,2012-01-10 15:15:00-05:00,train
SPY,double_top,0,near_miss,25892,,2012-01-11 11:15:00-05:00,short,129.1643138828352,0.03587419411067572,129.2095064737928,128.68412580588932,25813,25892,2012-01-06 11:00:00-05:00,2012-01-11 11:15:00-05:00,train
SPY,double_top,0,near_miss,25923,,2012-01-12 12:30:00-05:00,short,128.86260803006522,0.3170007726451729,129.19086968009893,128.84299922735482,25844,25923,2012-01-09 12:15:00-05:00,2012-01-12 12:30:00-05:00,train
SPY,double_top,1,confirmed_breakout,25939,25940.0,2012-01-13 10:00:00-05:00,short,128.96980664785247,0.308200436467132,129.38766624331728,127.83179956353285,25860,25939,2012-01-10 09:45:00-05:00,2012-01-13 10:00:00-05:00,train
SPY,double_top,0,failed_breakout,25989,,2012-01-17 16:00:00-05:00,short,128.32597876502538,1.3205354392778474,129.90536216528915,128.00946456072217,25910,25989,2012-01-11 15:45:00-05:00,2012-01-17 16:00:00-05:00,train
SPY,double_top,0,failed_breakout,26045,,2012-01-20 10:30:00-05:00,short,129.51881971020254,1.1497276761677995,131.43173260745152,130.1602723238322,25966,26045,2012-01-17 10:15:00-05:00,2012-01-20 10:30:00-05:00,train
SPY,double_top,0,near_miss,26051,,2012-01-20 12:00:00-05:00,short,131.3878092929212,0.02848857335328603,131.43173260745152,131.0415114266467,25972,26051,2012-01-17 11:45:00-05:00,2012-01-20 12:00:00-05:00,train
SPY,double_top,0,near_miss,26070,,2012-01-23 10:15:00-05:00,short,131.14635403176572,0.1628149142780444,131.40086312509743,131.97718508572194,25991,26070,2012-01-18 10:00:00-05:00,2012-01-23 10:15:00-05:00,train
SPY,double_top,0,near_miss,26085,,2012-01-23 14:00:00-05:00,short,131.19965160904812,0.28463019594997263,131.7510888430061,131.20536980405004,26006,26085,2012-01-18 13:45:00-05:00,2012-01-23 14:00:00-05:00,train
SPY,double_top,0,failed_breakout,26118,,2012-01-24 15:45:00-05:00,short,131.2413823466031,0.2636345136864122,131.7510888430061,131.0363654863136,26039,26118,2012-01-19 15:30:00-05:00,2012-01-24 15:45:00-05:00,train
SPY,double_top,0,near_miss,26129,,2012-01-25 12:00:00-05:00,short,131.2411993571062,0.06356979711631539,131.35059343087212,131.2364302028837,26050,26129,2012-01-20 11:45:00-05:00,2012-01-25 12:00:00-05:00,train
SPY,double_top,0,near_miss,26160,,2012-01-26 13:15:00-05:00,short,131.17479584340217,0.8090261278764785,132.61705051168516,131.62097387212353,26081,26160,2012-01-23 13:00:00-05:00,2012-01-26 13:15:00-05:00,train
SPY,double_top,1,confirmed_breakout,26197,26198.0,2012-01-27 16:00:00-05:00,short,131.42865501543517,0.7261847646717001,132.61705051168516,129.7938152353283,26118,26197,2012-01-24 15:45:00-05:00,2012-01-27 16:00:00-05:00,train
SPY,double_top,0,near_miss,26249,,2012-01-31 16:00:00-05:00,short,131.0379952610981,0.3361441193280825,131.69262904852857,130.90385588067193,26170,26249,2012-01-26 15:45:00-05:00,2012-01-31 16:00:00-05:00,train
SPY,double_top,0,near_miss,26282,,2012-02-02 11:15:00-05:00,short,131.04368318878736,0.9147406476688218,132.86119796058858,131.92525935233118,26203,26282,2012-01-30 11:00:00-05:00,2012-02-02 11:15:00-05:00,train
SPY,double_top,0,near_miss,26293,,2012-02-02 14:00:00-05:00,short,132.70565617685844,0.09609136697980603,132.86119796058858,132.54390863302018,26214,26293,2012-01-30 13:45:00-05:00,2012-02-02 14:00:00-05:00,train
SPY,double_top,0,near_miss,26337,,2012-02-06 12:00:00-05:00,short,132.53517174457355,1.0531352982578994,134.43431695857495,133.2568647017421,26258,26337,2012-02-01 11:45:00-05:00,2012-02-06 12:00:00-05:00,train
SPY,double_top,0,near_miss,26353,,2012-02-06 16:00:00-05:00,short,134.21663665929444,0.13485760991312645,134.43431695857495,134.31514239008686,26274,26353,2012-02-01 15:45:00-05:00,2012-02-06 16:00:00-05:00,train
SPY,double_top,0,near_miss,26363,,2012-02-07 12:00:00-05:00,short,134.25830771868507,0.03827307080698006,134.32448999914396,134.62172692919302,26284,26363,2012-02-02 11:45:00-05:00,2012-02-07 12:00:00-05:00,train
SPY,double_top,0,near_miss,26418,,2012-02-09 12:45:00-05:00,short,134.20104100173373,0.4925644548208652,135.06272091396522,134.84743554517914,26339,26418,2012-02-06 12:30:00-05:00,2012-02-09 12:45:00-05:00,train
SPY,double_top,1,confirmed_breakout,26431,26432.0,2012-02-09 16:00:00-05:00,short,135.0017524697568,0.23887069286541873,135.41852541127923,134.02112930713457,26352,26431,2012-02-06 15:45:00-05:00,2012-02-09 16:00:00-05:00,train
SPY,double_top,0,failed_breakout,26493,,2012-02-14 12:00:00-05:00,short,134.14659298702173,1.2365420729092875,135.41852541127923,133.6834579270907,26414,26493,2012-02-09 11:45:00-05:00,2012-02-14 12:00:00-05:00,train
SPY,double_top,0,failed_breakout,26531,,2012-02-15 15:00:00-05:00,short,134.5893204522542,0.8367669041758461,135.50443000427737,133.63323309582415,26452,26531,2012-02-10 14:45:00-05:00,2012-02-15 15:00:00-05:00,train
SPY,double_top,0,failed_breakout,26577,,2012-02-17 13:30:00-05:00,short,134.7276845773826,1.1120963051808985,136.1751317608496,135.1379036948191,26498,26577,2012-02-14 13:15:00-05:00,2012-02-17 13:30:00-05:00,train
SPY,double_top,0,failed_breakout,26613,,2012-02-21 16:00:00-05:00,short,136.15192137772272,0.35725397113299096,136.84321893686183,136.112746028867,26534,26613,2012-02-15 15:45:00-05:00,2012-02-21 16:00:00-05:00,train
SPY,double_top,0,failed_breakout,26646,,2012-02-23 11:15:00-05:00,short,136.07922631464638,0.4228408429178785,136.84321893686183,136.03715915708213,26567,26646,2012-02-17 11:00:00-05:00,2012-02-23 11:15:00-05:00,train
SPY,double_top,0,near_miss,26691,,2012-02-24 16:00:00-05:00,short,135.97954597451746,0.6309889248898344,137.0601544205479,136.23901107511017,26612,26691,2012-02-21 15:45:00-05:00,2012-02-24 16:00:00-05:00,train
SPY,double_top,0,failed_breakout,26743,,2012-02-28 16:00:00-05:00,short,136.55616487460682,0.7168761840945592,137.48592769685487,136.84312381590544,26664,26743,2012-02-23 15:45:00-05:00,2012-02-28 16:00:00-05:00,train
SPY,double_top,0,near_miss,26758,,2012-02-29 13:15:00-05:00,short,137.33315198979327,0.2302468531231625,137.64086998897798,137.10975314687684,26679,26758,2012-02-24 13:00:00-05:00,2012-02-29 13:15:00-05:00,train
SPY,double_top,0,near_miss,26773,,2012-03-01 10:30:00-05:00,short,137.3593590866632,0.1686081718643493,137.64086998897798,137.42139182813565,26694,26773,2012-02-27 10:15:00-05:00,2012-03-01 10:30:00-05:00,train
SPY,double_top,0,near_miss,26801,,2012-03-02 11:00:00-05:00,short,137.25621347858262,0.34230380275042194,137.78197003458897,137.2076961972496,26722,26801,2012-02-28 10:45:00-05:00,2012-03-02 11:00:00-05:00,train
SPY,double_top,0,near_miss,26831,,2012-03-05 12:00:00-05:00,short,137.27129940887045,0.2764903415726394,137.78197003458897,136.19350965842736,26752,26831,2012-02-29 11:45:00-05:00,2012-03-05 12:00:00-05:00,train
SPY,double_top,0,near_miss,26857,,2012-03-06 12:00:00-05:00,short,136.5303432754967,0.4747096995631068,137.31360946629718,134.3652903004369,26778,26857,2012-03-01 11:45:00-05:00,2012-03-06 12:00:00-05:00,train
SPY,double_top,0,failed_breakout,27065,,2012-03-16 12:00:00-04:00,short,139.9614811399647,0.32670926595591254,140.6061526702252,140.0332907340441,26986,27065,2012-03-13 11:45:00-04:00,2012-03-16 12:00:00-04:00,train
SPY,double_top,0,failed_breakout,27087,,2012-03-19 11:00:00-04:00,short,140.33713893548867,0.14182713768747135,140.6061526702252,140.43817286231254,27008,27087,2012-03-14 10:45:00-04:00,2012-03-19 11:00:00-04:00,train
SPY,double_top,0,near_miss,27114,,2012-03-20 11:15:00-04:00,short,140.32286475638705,0.40256032891653604,141.0990706944801,139.74743967108347,27035,27114,2012-03-15 11:00:00-04:00,2012-03-20 11:15:00-04:00,train
SPY,double_top,0,failed_breakout,27145,,2012-03-21 12:30:00-04:00,short,140.16786511519575,0.603849652178269,141.0990706944801,139.88615034782174,27066,27145,2012-03-16 12:15:00-04:00,2012-03-21 12:30:00-04:00,train
SPY,double_top,0,near_miss,27168,,2012-03-22 11:45:00-04:00,short,140.2683925745019,0.17833233590150144,140.44909098053887,138.8816676640985,27089,27168,2012-03-19 11:30:00-04:00,2012-03-22 11:45:00-04:00,train
SPY,double_top,0,near_miss,27189,,2012-03-23 10:30:00-04:00,short,139.22959914466836,0.6117189297129642,140.44909098053887,138.17828107028703,27110,27189,2012-03-20 10:15:00-04:00,2012-03-23 10:30:00-04:00,train
SPY,double_top,0,near_miss,27270,,2012-03-28 11:15:00-04:00,short,141.58787611068905,0.025425466380397665,141.62154911821673,140.6745745336196,27191,27270,2012-03-23 11:00:00-04:00,2012-03-28 11:15:00-04:00,train
SPY,double_top,0,near_miss,27299,,2012-03-29 12:00:00-04:00,short,140.02359797999318,0.8496922277775241,141.62154911821673,138.37030777222247,27220,27299,2012-03-26 11:45:00-04:00,2012-03-29 12:00:00-04:00,train
SPY,double_top,0,near_miss,27350,,2012-04-02 11:45:00-04:00,short,139.37816133869433,1.1132123037053248,140.85771598747468,140.47678769629468,27271,27350,2012-03-28 11:30:00-04:00,2012-04-02 11:45:00-04:00,train
SPY,double_top,0,failed_breakout,27375,,2012-04-03 11:30:00-04:00,short,140.80586132953218,0.638386168227413,142.03077900804448,140.78161383177257,27296,27375,2012-03-29 11:15:00-04:00,2012-04-03 11:30:00-04:00,train
SPY,double_top,0,near_miss,27455,,2012-04-09 12:00:00-04:00,short,139.74740002695455,0.10428055814193726,139.94233049776466,138.04571944185807,27376,27455,2012-04-03 11:45:00-04:00,2012-04-09 12:00:00-04:00,train
SPY,double_top,0,near_miss,27480,,2012-04-10 11:45:00-04:00,short,138.28221096673144,0.8583036491716598,139.76103067242832,136.29169635082835,27401,27480,2012-04-04 11:30:00-04:00,2012-04-10 11:45:00-04:00,train
SPY,double_top,0,failed_breakout,27527,,2012-04-12 10:30:00-04:00,short,136.11567633581691,1.7382857058650245,138.51999855937785,136.05171429413497,27448,27527,2012-04-09 10:15:00-04:00,2012-04-12 10:30:00-04:00,train
SPY,double_top,0,failed_breakout,27662,,2012-04-19 11:45:00-04:00,short,138.64169674626206,0.3200514244861381,139.18942425995687,138.31994857551385,27583,27662,2012-04-16 11:30:00-04:00,2012-04-19 11:45:00-04:00,train
SPY,double_top,0,near_miss,27670,,2012-04-19 13:45:00-04:00,short,138.6377334443857,0.08375507034605789,138.73407208153952,137.91624492965394,27591,27670,2012-04-16 13:30:00-04:00,2012-04-19 13:45:00-04:00,train
SPY,double_top,0,near_miss,27704,,2012-04-20 15:45:00-04:00,short,137.70877236721398,0.9477043556262572,138.708904947924,137.07229564437375,27625,27704,2012-04-17 15:30:00-04:00,2012-04-20 15:45:00-04:00,train
SPY,double_top,0,failed_breakout,27754,,2012-04-24 15:15:00-04:00,short,136.47017370120807,1.5117697582273308,138.60404849775645,135.62823024177266,27675,27754,2012-04-19 15:00:00-04:00,2012-04-24 15:15:00-04:00,train
SPY,double_top,0,failed_breakout,27890,,2012-05-02 10:15:00-04:00,short,139.68467271488288,1.2606745046728065,141.35260996680583,138.4593254953272,27811,27890,2012-04-27 10:00:00-04:00,2012-05-02 10:15:00-04:00,train
SPY,double_top,1,confirmed_breakout,27925,27930.0,2012-05-03 12:30:00-04:00,short,140.06621823327058,0.7389772956971967,141.35260996680583,138.3310227043028,27846,27925,2012-04-30 12:15:00-04:00,2012-05-03 12:30:00-04:00,train
SPY,double_top,1,confirmed_breakout,28020,28021.0,2012-05-09 10:15:00-04:00,short,135.43423692773712,1.220780723738983,137.32492172949324,133.319219276261,27941,28020,2012-05-04 10:00:00-04:00,2012-05-09 10:15:00-04:00,train
SPY,double_top,0,failed_breakout,28074,,2012-05-11 10:45:00-04:00,short,135.53015914880123,0.6680928924319289,136.41139050900733,135.84190710756806,27995,28074,2012-05-08 10:30:00-04:00,2012-05-11 10:45:00-04:00,train
SPY,double_top,0,near_miss,28093,,2012-05-11 15:30:00-04:00,short,136.08170431654884,0.3303975149073892,136.41281315390512,135.5596024850926,28014,28093,2012-05-08 15:15:00-04:00,2012-05-11 15:30:00-04:00,train
SPY,double_top,0,near_miss,28126,,2012-05-15 10:45:00-04:00,short,134.59153815415388,0.9736780340599864,136.41281315390512,133.48632196594002,28047,28126,2012-05-10 10:30:00-04:00,2012-05-15 10:45:00-04:00,train
SPY,double_top,1,confirmed_breakout,28143,28144.0,2012-05-15 15:00:00-04:00,short,134.2977469202729,0.2962558655060832,134.7176192225226,133.0537441344939,28064,28143,2012-05-10 14:45:00-04:00,2012-05-15 15:00:00-04:00,train
SPY,double_top,0,near_miss,28163,,2012-05-16 13:30:00-04:00,short,133.81804232786152,0.40934004888111986,134.4703863490354,133.04065995111887,28084,28163,2012-05-11 13:15:00-04:00,2012-05-16 13:30:00-04:00,train
SPY,double_top,0,failed_breakout,28323,,2012-05-24 14:30:00-04:00,short,130.476312720352,2.0380792026917334,132.75123718561144,129.73192079730828,28244,28323,2012-05-21 14:15:00-04:00,2012-05-24 14:30:00-04:00,train
SPY,double_top,0,failed_breakout,28350,,2012-05-25 14:45:00-04:00,short,131.754250715488,0.6217225330883025,132.47439983667658,131.5382774669117,28271,28350,2012-05-22 14:30:00-04:00,2012-05-25 14:45:00-04:00,train
SPY,double_top,0,failed_breakout,28375,,2012-05-29 14:30:00-04:00,short,132.225318901399,0.6540044901682052,133.2842469464578,132.4659955098318,28296,28375,2012-05-23 14:15:00-04:00,2012-05-29 14:30:00-04:00,train
SPY,double_top,1,confirmed_breakout,28381,28382.0,2012-05-29 16:00:00-04:00,short,133.0654492039139,0.21674822419436168,133.2842469464578,131.95325177580563,28302,28381,2012-05-23 15:45:00-04:00,2012-05-29 16:00:00-04:00,train
SPY,double_top,0,near_miss,28412,,2012-05-31 10:45:00-04:00,short,131.9214450349147,0.7029607323604807,133.28014790975865,130.0570392676395,28333,28412,2012-05-25 10:30:00-04:00,2012-05-31 10:45:00-04:00,train
SPY,double_top,0,near_miss,28443,,2012-06-01 12:00:00-04:00,short,130.96105183416648,0.8550490546945468,131.96866362479173,128.29495094530546,28364,28443,2012-05-29 11:45:00-04:00,2012-06-01 12:00:00-04:00,train
SPY,double_top,1,confirmed_breakout,28611,28612.0,2012-06-11 15:00:00-04:00,short,132.85269973883106,0.09813114335037199,133.01231036273077,132.02186885664963,28532,28611,2012-06-06 14:45:00-04:00,2012-06-11 15:00:00-04:00,train
SPY,double_top,0,near_miss,28668,,2012-06-14 09:45:00-04:00,short,131.80893974684838,1.1418138618057299,133.01215581567615,130.93818613819428,28589,28668,2012-06-08 16:00:00-04:00,2012-06-14 09:45:00-04:00,train
SPY,double_top,1,confirmed_breakout,28800,28804.0,2012-06-21 10:15:00-04:00,short,135.3942172570445,0.31687863482395073,135.91591337579126,133.98312136517606,28721,28800,2012-06-18 10:00:00-04:00,2012-06-21 10:15:00-04:00,train
SPY,double_top,0,near_miss,28859,,2012-06-25 12:00:00-04:00,short,132.87770633354495,1.5209965621782544,135.50627840794562,129.38900343782174,28780,28859,2012-06-20 11:45:00-04:00,2012-06-25 12:00:00-04:00,train
SPY,double_top,0,failed_breakout,28879,,2012-06-26 10:30:00-04:00,short,131.17578673866169,1.0669770549655198,133.2911273835008,130.30302294503448,28800,28879,2012-06-21 10:15:00-04:00,2012-06-26 10:30:00-04:00,train
SPY,double_top,0,near_miss,28891,,2012-06-26 13:30:00-04:00,short,131.1783177485635,0.13793114100846537,131.43809757539032,131.66206885899155,28812,28891,2012-06-21 13:15:00-04:00,2012-06-26 13:30:00-04:00,train
SPY,double_top,1,confirmed_breakout,28927,28928.0,2012-06-27 16:00:00-04:00,short,133.0319775075431,0.06709599399516719,133.10524688476443,132.09290400600483,28848,28927,2012-06-22 15:45:00-04:00,2012-06-27 16:00:00-04:00,train
SPY,double_top,0,failed_breakout,28929,,2012-06-28 10:00:00-04:00,short,131.3908139123947,0.8808583176826801,133.10524688476443,131.4391416823173,28850,28929,2012-06-25 09:45:00-04:00,2012-06-28 10:00:00-04:00,train
SPY,double_top,0,near_miss,28993,,2012-07-02 13:00:00-04:00,short,131.64427085339346,2.86512620283591,135.92589399414666,133.17487379716408,28914,28993,2012-06-27 12:45:00-04:00,2012-07-02 13:00:00-04:00,train
SPY,double_top,0,failed_breakout,29029,,2012-07-05 12:00:00-04:00,short,135.8254012031219,0.7184755145837869,137.16185944126474,136.2515244854162,28950,29029,2012-06-28 15:15:00-04:00,2012-07-05 12:00:00-04:00,train
SPY,double_top,1,confirmed_breakout,29045,29046.0,2012-07-05 16:00:00-04:00,short,136.93741993071885,0.20978202453332528,137.16185944126474,135.39021797546667,28966,29045,2012-06-29 12:45:00-04:00,2012-07-05 16:00:00-04:00,train
SPY,double_top,0,failed_breakout,29082,,2012-07-09 12:15:00-04:00,short,135.09732504460152,1.0899595911687072,137.13254446923958,133.80004040883128,29003,29082,2012-07-02 15:30:00-04:00,2012-07-09 12:15:00-04:00,train
SPY,double_top,0,near_miss,29101,,2012-07-10 10:30:00-04:00,short,134.9562922776191,0.18925925621519468,135.24202480230088,135.3507407437848,29022,29101,2012-07-05 10:15:00-04:00,2012-07-10 10:30:00-04:00,train
SPY,double_top,0,near_miss,29112,,2012-07-10 13:15:00-04:00,short,135.03529700156625,0.17982403583354767,135.3811638094319,134.94017596416646,29033,29112,2012-07-05 13:00:00-04:00,2012-07-10 13:15:00-04:00,train
SPY,double_top,1,confirmed_breakout,29149,29150.0,2012-07-11 16:00:00-04:00,short,134.13536130679594,0.68880971617196,135.3811638094319,132.18119028382804,29070,29149,2012-07-06 15:45:00-04:00,2012-07-11 16:00:00-04:00,train
SPY,double_top,0,near_miss,29211,,2012-07-16 12:00:00-04:00,short,133.16323646680513,1.6165910807195019,135.58026761056374,133.9234089192805,29132,29211,2012-07-11 11:45:00-04:00,2012-07-16 12:00:00-04:00,train
SPY,double_top,1,confirmed_breakout,29231,29232.0,2012-07-17 10:30:00-04:00,short,135.42343136555343,0.13013408504787094,135.58026761056374,134.52986591495213,29152,29231,2012-07-12 10:15:00-04:00,2012-07-17 10:30:00-04:00,train
SPY,double_top,0,near_miss,29283,,2012-07-19 10:30:00-04:00,short,135.2763748612949,1.2023639330452625,137.38108912575927,136.30763606695473,29204,29283,2012-07-16 10:15:00-04:00,2012-07-19 10:30:00-04:00,train
SPY,double_top,0,failed_breakout,29305,,2012-07-19 16:00:00-04:00,short,137.3121764529432,0.27441910471245023,137.79210198955198,137.43558089528756,29226,29305,2012-07-16 15:45:00-04:00,2012-07-19 16:00:00-04:00,train
SPY,double_top,0,failed_breakout,29398,,2012-07-25 13:15:00-04:00,short,133.45922495288067,0.9305180923628598,135.00266145454566,133.16948190763713,29319,29398,2012-07-20 13:00:00-04:00,2012-07-25 13:15:00-04:00,train
SPY,double_top,0,near_miss,29416,,2012-07-26 11:15:00-04:00,short,133.6871771926294,0.2927724987613942,134.1830747468402,135.2772275012386,29337,29416,2012-07-23 11:00:00-04:00,2012-07-26 11:15:00-04:00,train
SPY,double_top,0,failed_breakout,29507,,2012-07-31 14:30:00-04:00,short,138.53335736171732,0.22855305442391227,138.87138189009832,138.3514469455761,29428,29507,2012-07-26 14:15:00-04:00,2012-07-31 14:30:00-04:00,train
SPY,double_top,0,near_miss,29518,,2012-08-01 10:45:00-04:00,short,138.38473875974262,0.14608743199244145,138.65243894218415,138.20391256800755,29439,29518,2012-07-27 10:30:00-04:00,2012-08-01 10:45:00-04:00,train
SPY,double_top,0,near_miss,29625,,2012-08-07 11:30:00-04:00,short,139.40861280480073,0.34609625308894465,140.05244718840078,140.14390374691106,29546,29625,2012-08-02 11:15:00-04:00,2012-08-07 11:30:00-04:00,train
SPY,double_top,0,near_miss,29646,,2012-08-08 10:15:00-04:00,short,140.0003823364187,0.39367268548349443,140.7356628554036,139.7663273145165,29567,29646,2012-08-03 10:00:00-04:00,2012-08-08 10:15:00-04:00,train
SPY,double_top,0,failed_breakout,29671,,2012-08-09 10:00:00-04:00,short,140.2641713373136,0.3116251527503664,140.7356628554036,140.14837484724964,29592,29671,2012-08-06 09:45:00-04:00,2012-08-09 10:00:00-04:00,train
SPY,double_top,0,near_miss,29705,,2012-08-10 12:00:00-04:00,short,140.36960312845267,0.14221628754785343,140.6077087072767,140.26778371245214,29626,29705,2012-08-07 11:45:00-04:00,2012-08-10 12:00:00-04:00,train
SPY,double_top,0,near_miss,29734,,2012-08-13 12:45:00-04:00,short,140.315405640402,0.27482517746881285,140.6077087072767,139.95517482253118,29655,29734,2012-08-08 12:30:00-04:00,2012-08-13 12:45:00-04:00,train
SPY,double_top,0,failed_breakout,29769,,2012-08-14 15:00:00-04:00,short,140.29789221696964,0.5346251680065564,141.0922818414875,140.52537483199345,29690,29769,2012-08-09 14:45:00-04:00,2012-08-14 15:00:00-04:00,train
SPY,double_top,0,failed_breakout,29787,,2012-08-15 13:00:00-04:00,short,140.87497803603105,0.11298175388924392,141.0922818414875,140.84701824611076,29708,29787,2012-08-10 12:45:00-04:00,2012-08-15 13:00:00-04:00,train
SPY,double_top,0,near_miss,29797,,2012-08-15 15:30:00-04:00,short,140.86802189791203,0.029811485073281574,140.9120290276175,140.93018851492673,29718,29797,2012-08-10 15:15:00-04:00,2012-08-15 15:30:00-04:00,train
SPY,double_top,0,near_miss,29839,,2012-08-17 13:00:00-04:00,short,140.88172668196725,0.5726446524467121,141.99671364121042,141.37735534755328,29760,29839,2012-08-14 12:45:00-04:00,2012-08-17 13:00:00-04:00,train
SPY,double_top,0,near_miss,29848,,2012-08-17 15:15:00-04:00,short,141.97992242332933,0.027352540613918563,142.01783628667604,142.04264745938607,29769,29848,2012-08-14 15:00:00-04:00,2012-08-17 15:15:00-04:00,train
SPY,double_top,0,near_miss,29862,,2012-08-20 12:15:00-04:00,short,142.00701613126745,0.03970416315593184,142.07560430217072,142.04029583684408,29783,29862,2012-08-15 12:00:00-04:00,2012-08-20 12:15:00-04:00,train
SPY,double_top,0,near_miss,29895,,2012-08-21 14:00:00-04:00,short,141.88120461509786,0.47540763462657765,142.63762019727815,141.59459236537342,29816,29895,2012-08-16 13:45:00-04:00,2012-08-21 14:00:00-04:00,train
SPY,double_top,1,confirmed_breakout,29939,29944.0,2012-08-23 12:00:00-04:00,short,141.2970998550887,0.8359099275959352,142.63762019727815,139.75409007240407,29860,29939,2012-08-20 11:45:00-04:00,2012-08-23 12:00:00-04:00,train
SPY,double_top,0,failed_breakout,29992,,2012-08-27 12:15:00-04:00,short,140.59033281240116,0.9694975014413387,141.62839936809112,141.02050249855867,29913,29992,2012-08-22 12:00:00-04:00,2012-08-27 12:15:00-04:00,train
SPY,double_top,0,failed_breakout,30008,,2012-08-28 09:45:00-04:00,short,141.48615205430346,0.17946136185176442,141.83996557271658,141.27053863814822,29929,30008,2012-08-22 16:00:00-04:00,2012-08-28 09:45:00-04:00,train
SPY,double_top,0,failed_breakout,30032,,2012-08-28 15:45:00-04:00,short,141.48318120682038,0.2164176437364631,141.83996557271658,141.28358235626354,29953,30032,2012-08-23 15:30:00-04:00,2012-08-28 15:45:00-04:00,train
SPY,double_top,0,near_miss,30040,,2012-08-29 11:15:00-04:00,short,141.54373078039907,0.02543914596648733,141.57910772433402,141.2245608540335,29961,30040,2012-08-24 11:00:00-04:00,2012-08-29 11:15:00-04:00,train
SPY,double_top,0,near_miss,30068,,2012-08-30 11:45:00-04:00,short,141.42429821008514,0.21830362456668695,141.70609594496966,140.30169637543332,29989,30068,2012-08-27 11:30:00-04:00,2012-08-30 11:45:00-04:00,train
SPY,double_top,0,failed_breakout,30105,,2012-08-31 14:30:00-04:00,short,140.5163728011591,0.9679812341403249,141.70609594496966,140.42201876585966,30026,30105,2012-08-28 14:15:00-04:00,2012-08-31 14:30:00-04:00,train
SPY,double_top,1,confirmed_breakout,30116,30117.0,2012-09-04 10:45:00-04:00,short,141.05856104118325,0.1333685177575603,141.2626121256292,140.13663148224245,30037,30116,2012-08-29 10:30:00-04:00,2012-09-04 10:45:00-04:00,train
SPY,double_top,0,near_miss,30162,,2012-09-05 15:45:00-04:00,short,140.46826613804595,0.6704139208885351,141.15611312561657,140.26958607911146,30083,30162,2012-08-30 15:30:00-04:00,2012-09-05 15:45:00-04:00,train
SPY,double_top,0,near_miss,30195,,2012-09-07 11:00:00-04:00,short,140.94838771958038,1.4166391365997413,143.5739405867437,142.77336086340026,30116,30195,2012-09-04 10:45:00-04:00,2012-09-07 11:00:00-04:00,train
SPY,double_top,0,failed_breakout,30216,,2012-09-10 09:45:00-04:00,short,143.555724042359,0.3054497159031655,144.14840692978063,143.73455028409683,30137,30216,2012-09-04 16:00:00-04:00,2012-09-10 09:45:00-04:00,train
SPY,double_top,0,near_miss,30236,,2012-09-10 14:45:00-04:00,short,144.14354553725914,0.0625311811159861,144.26374650696965,143.917468818884,30157,30236,2012-09-05 14:30:00-04:00,2012-09-10 14:45:00-04:00,train
SPY,double_top,0,near_miss,30241,,2012-09-10 16:00:00-04:00,short,144.24820341442188,0.013828725086341365,144.26374650696965,143.51617127491366,30162,30241,2012-09-05 15:45:00-04:00,2012-09-10 16:00:00-04:00,train
SPY,double_top,0,near_miss,30271,,2012-09-12 10:30:00-04:00,short,143.8834050012003,0.3123686493048581,144.26031777204682,143.89763135069515,30192,30271,2012-09-07 10:15:00-04:00,2012-09-12 10:30:00-04:00,train
SPY,double_top,0,failed_breakout,30389,,2012-09-18 14:00:00-04:00,short,146.56393026733818,0.458454640373958,147.44954145256983,145.88154535962605,30310,30389,2012-09-13 13:45:00-04:00,2012-09-18 14:00:00-04:00,train
SPY,double_top,0,near_miss,30432,,2012-09-20 11:45:00-04:00,short,146.41896888367074,0.38808324945452455,147.01887590339607,146.03191675054546,30353,30432,2012-09-17 11:30:00-04:00,2012-09-20 11:45:00-04:00,train
SPY,double_top,0,failed_breakout,30459,,2012-09-21 12:00:00-04:00,short,146.3228458668367,0.4561379663049365,147.01887590339607,145.90386203369508,30380,30459,2012-09-18 11:45:00-04:00,2012-09-21 12:00:00-04:00,train
SPY,double_top,0,failed_breakout,30558,,2012-09-27 10:45:00-04:00,short,143.5365495319573,1.2488327404294353,145.96863344773908,142.47116725957056,30479,30558,2012-09-24 10:30:00-04:00,2012-09-27 10:45:00-04:00,train
SPY,double_top,0,near_miss,30589,,2012-09-28 12:00:00-04:00,short,143.50199178535604,0.6594708711782005,144.72079421603414,143.1705291288218,30510,30589,2012-09-25 11:45:00-04:00,2012-09-28 12:00:00-04:00,train
SPY,double_top,0,failed_breakout,30628,,2012-10-01 15:15:00-04:00,short,144.08077802639795,0.8741792250793594,145.18912028692046,143.55582077492065,30549,30628,2012-09-26 15:00:00-04:00,2012-10-01 15:15:00-04:00,train
SPY,double_top,0,failed_breakout,30646,,2012-10-02 13:15:00-04:00,short,144.60774956690992,0.2995202628951006,145.18912028692046,143.9604797371049,30567,30646,2012-09-27 13:00:00-04:00,2012-10-02 13:15:00-04:00,train
SPY,double_top,0,near_miss,30683,,2012-10-03 16:00:00-04:00,short,144.12013584178277,0.7669198984330308,145.14869210774202,144.32308010156697,30604,30683,2012-09-28 15:45:00-04:00,2012-10-03 16:00:00-04:00,train
SPY,double_top,0,failed_breakout,30734,,2012-10-05 15:45:00-04:00,short,145.0045594237441,0.9303305299011129,146.7210877995484,144.8996694700989,30655,30734,2012-10-02 15:30:00-04:00,2012-10-05 15:45:00-04:00,train
SPY,double_top,1,confirmed_breakout,30766,30767.0,2012-10-09 10:45:00-04:00,short,145.55949339231495,0.6140305057970181,146.7210877995484,144.04596949420298,30687,30766,2012-10-04 10:30:00-04:00,2012-10-09 10:45:00-04:00,train
SPY,double_top,1,confirmed_breakout,30847,30848.0,2012-10-12 11:30:00-04:00,short,143.59062893029255,0.2335600950879666,144.0312347653099,142.44643990491204,30768,30847,2012-10-09 11:15:00-04:00,2012-10-12 11:30:00-04:00,train
SPY,double_top,0,near_miss,30877,,2012-10-15 12:30:00-04:00,short,142.87393370464858,0.42058470262219316,143.61714328545114,143.37941529737782,30798,30877,2012-10-10 12:15:00-04:00,2012-10-15 12:30:00-04:00,train
SPY,double_top,0,near_miss,30895,,2012-10-16 10:30:00-04:00,short,142.95985271343312,0.38158327753464505,143.71097845284513,144.74841672246535,30816,30895,2012-10-11 10:15:00-04:00,2012-10-16 10:30:00-04:00,train
SPY,double_top,0,failed_breakout,30920,,2012-10-17 10:15:00-04:00,short,143.70075166330787,0.87437100919675,145.43926689216414,145.28562899080325,30841,30920,2012-10-12 10:00:00-04:00,2012-10-17 10:15:00-04:00,train
SPY,double_top,0,failed_breakout,30943,,2012-10-17 16:00:00-04:00,short,145.39923186821179,0.37835380972902044,146.11590446371744,145.81164619027098,30864,30943,2012-10-12 15:45:00-04:00,2012-10-17 16:00:00-04:00,train
SPY,double_top,0,near_miss,30953,,2012-10-18 12:00:00-04:00,short,146.06098552565877,0.07023756010875104,146.1465417078176,146.31976243989124,30874,30953,2012-10-15 11:45:00-04:00,2012-10-18 12:00:00-04:00,train
SPY,double_top,0,near_miss,30965,,2012-10-18 15:00:00-04:00,short,146.0247204844386,0.13378657780953063,146.17047241667865,145.52621342219047,30886,30965,2012-10-15 14:45:00-04:00,2012-10-18 15:00:00-04:00,train
SPY,double_top,1,confirmed_breakout,30969,30970.0,2012-10-18 16:00:00-04:00,short,145.75745483090725,0.21229325543754385,146.17047241667865,144.67770674456244,30890,30969,2012-10-15 15:45:00-04:00,2012-10-18 16:00:00-04:00,train
SPY,double_top,0,near_miss,31009,,2012-10-22 13:00:00-04:00,short,143.41042093639962,1.1812399832610652,145.76902375601094,141.79876001673892,30930,31009,2012-10-17 12:45:00-04:00,2012-10-22 13:00:00-04:00,train
SPY,double_top,0,near_miss,31031,,2012-10-23 12:00:00-04:00,short,142.69245864546536,0.41312597266130524,143.41429808331043,140.8368740273387,30952,31031,2012-10-18 11:45:00-04:00,2012-10-23 12:00:00-04:00,train
SPY,double_top,0,near_miss,31055,,2012-10-24 11:30:00-04:00,short,141.4463839631855,0.7607951653620546,142.79687115294294,140.81920483463796,30976,31055,2012-10-19 11:15:00-04:00,2012-10-24 11:30:00-04:00,train
SPY,double_top,0,near_miss,31077,,2012-10-25 10:30:00-04:00,short,141.51742810412915,0.0716347968888158,141.6104223322567,141.62836520311117,30998,31077,2012-10-22 10:15:00-04:00,2012-10-25 10:30:00-04:00,train
SPY,double_top,0,near_miss,31088,,2012-10-25 13:15:00-04:00,short,141.30830758317902,0.22811462792887482,141.56770346977925,140.96188537207112,31009,31088,2012-10-22 13:00:00-04:00,2012-10-25 13:15:00-04:00,train
SPY,double_top,0,near_miss,31112,,2012-10-26 12:45:00-04:00,short,141.13590860198113,0.27226356092245396,141.50514095243656,140.36773643907753,31033,31112,2012-10-23 12:30:00-04:00,2012-10-26 12:45:00-04:00,train
SPY,double_top,0,failed_breakout,31139,,2012-10-31 13:00:00-04:00,short,140.8801806760286,0.5244280196629916,141.4980140180126,140.445571980337,31060,31139,2012-10-24 12:45:00-04:00,2012-10-31 13:00:00-04:00,train
SPY,double_top,0,failed_breakout,31177,,2012-11-01 16:00:00-04:00,short,141.02300150844397,1.0600321878993384,142.66805337467397,141.81996781210066,31098,31177,2012-10-25 15:45:00-04:00,2012-11-01 16:00:00-04:00,train
SPY,double_top,0,failed_breakout,31190,,2012-11-02 12:45:00-04:00,short,142.65323725539508,0.11548252737699727,142.8693861908702,142.664517472623,31111,31190,2012-10-26 12:30:00-04:00,2012-11-02 12:45:00-04:00,train
SPY,double_top,1,confirmed_breakout,31289,31290.0,2012-11-08 11:30:00-05:00,short,140.10557604136463,1.6136874923777214,143.19714335983025,137.78631250762228,31210,31289,2012-11-05 11:15:00-05:00,2012-11-08 11:30:00-05:00,train
SPY,double_top,0,near_miss,31332,,2012-11-09 15:45:00-05:00,short,138.48714146052842,1.0919445791013516,140.24138370765445,137.45805542089866,31253,31332,2012-11-06 15:30:00-05:00,2012-11-09 15:45:00-05:00,train
SPY,double_top,0,near_miss,31363,,2012-11-13 10:30:00-05:00,short,138.21242590384466,0.4832362445627325,138.9167883716051,137.94676375543727,31284,31363,2012-11-08 10:15:00-05:00,2012-11-13 10:30:00-05:00,train
SPY,double_top,0,near_miss,31381,,2012-11-13 15:00:00-05:00,short,138.34532264252255,0.2773109119164019,138.7707311836682,138.3226890880836,31302,31381,2012-11-08 14:45:00-05:00,2012-11-13 15:00:00-05:00,train
SPY,double_top,0,near_miss,31389,,2012-11-14 10:30:00-05:00,short,138.75853811534492,0.027802852902510722,138.80195075282668,137.3421971470975,31310,31389,2012-11-09 10:15:00-05:00,2012-11-14 10:30:00-05:00,train
SPY,double_top,1,confirmed_breakout,31443,31445.0,2012-11-16 11:00:00-05:00,short,135.56674811613647,1.694320550928751,138.80195075282668,133.06567944907124,31364,31443,2012-11-13 10:45:00-05:00,2012-11-16 11:00:00-05:00,train
SPY,double_top,0,near_miss,31466,,2012-11-19 10:15:00-05:00,short,135.35702289200316,0.504949040955097,136.00375728461273,137.7150509590449,31387,31466,2012-11-14 10:00:00-05:00,2012-11-19 10:15:00-05:00,train
SPY,double_top,0,near_miss,31513,,2012-11-20 15:30:00-05:00,short,135.97365409143165,1.578280347491642,139.1001115932339,137.33171965250835,31434,31513,2012-11-15 15:15:00-05:00,2012-11-20 15:30:00-05:00,train
SPY,double_top,0,failed_breakout,31568,,2012-11-26 12:45:00-05:00,short,138.74868762774244,1.1881153976019334,140.77349445745483,139.46188460239807,31489,31568,2012-11-19 16:00:00-05:00,2012-11-26 12:45:00-05:00,train
SPY,double_top,0,failed_breakout,31594,,2012-11-27 12:45:00-05:00,short,140.56830397172965,0.264667015984287,140.89244751797304,140.9553329840157,31515,31594,2012-11-20 16:00:00-05:00,2012-11-27 12:45:00-05:00,train
SPY,double_top,1,confirmed_breakout,31607,31608.0,2012-11-27 16:00:00-05:00,short,140.82511893647106,0.15997592255124005,141.07774220007153,139.43002407744876,31528,31607,2012-11-21 12:45:00-05:00,2012-11-27 16:00:00-05:00,train
SPY,double_top,0,near_miss,31651,,2012-11-29 14:00:00-05:00,short,140.08858987308923,1.4093446848744975,141.91812691585596,140.8506553151255,31572,31651,2012-11-26 13:45:00-05:00,2012-11-29 14:00:00-05:00,train
SPY,double_top,0,failed_breakout,31665,,2012-11-30 11:00:00-05:00,short,141.90693950178056,0.11948029023142226,142.134712668168,141.9005197097686,31586,31665,2012-11-27 10:45:00-05:00,2012-11-30 11:00:00-05:00,train
SPY,double_top,0,near_miss,31670,,2012-11-30 12:15:00-05:00,short,142.12289146916928,0.018389089007257553,142.14784844818507,141.82161091099275,31591,31670,2012-11-27 12:00:00-05:00,2012-11-30 12:15:00-05:00,train
SPY,double_top,0,near_miss,31700,,2012-12-03 13:15:00-05:00,short,141.9131183802271,0.2618079611247879,142.2020042345187,141.6781920388752,31621,31700,2012-11-28 13:00:00-05:00,2012-12-03 13:15:00-05:00,train
SPY,double_top,0,near_miss,31707,,2012-12-03 15:00:00-05:00,short,142.17030663179983,0.025645002264496952,142.2020042345187,141.6743549977355,31628,31707,2012-11-28 14:45:00-05:00,2012-12-03 15:00:00-05:00,train
SPY,double_top,0,near_miss,31748,,2012-12-05 12:15:00-05:00,short,141.1853661633053,0.5733418640149637,142.18989903360995,141.27665813598503,31669,31748,2012-11-30 12:00:00-05:00,2012-12-05 12:15:00-05:00,train
SPY,double_top,0,near_miss,31771,,2012-12-06 11:30:00-05:00,short,141.06571929051793,0.5224614981742093,141.84884455635367,141.32753850182579,31692,31771,2012-12-03 11:15:00-05:00,2012-12-06 11:30:00-05:00,train
SPY,double_top,0,failed_breakout,31784,,2012-12-06 14:45:00-05:00,short,141.61459771914008,0.16706134791024851,141.84884455635367,141.62293865208974,31705,31784,2012-12-03 14:30:00-05:00,2012-12-06 14:45:00-05:00,train
SPY,double_top,0,near_miss,31795,,2012-12-07 11:00:00-05:00,short,141.66550334674477,0.06313750649869121,141.74280812873988,141.89686249350132,31716,31795,2012-12-04 10:45:00-05:00,2012-12-07 11:00:00-05:00,train
SPY,double_top,0,near_miss,31808,,2012-12-07 14:15:00-05:00,short,141.73706114530236,0.15415438065494413,142.03962292317473,141.98584561934504,31729,31808,2012-12-04 14:00:00-05:00,2012-12-07 14:15:00-05:00,train
SPY,double_top,0,failed_breakout,31839,,2012-12-10 15:30:00-05:00,short,142.0193087396437,0.30814870966469243,142.61529197544206,142.30185129033532,31760,31839,2012-12-05 15:15:00-05:00,2012-12-10 15:30:00-05:00,train
SPY,double_top,0,failed_breakout,31870,,2012-12-12 10:15:00-05:00,short,142.537904821581,0.648991218249904,143.75850010421973,142.99100878175008,31791,31870,2012-12-07 10:00:00-05:00,2012-12-12 10:15:00-05:00,train
SPY,double_top,0,failed_breakout,31898,,2012-12-13 10:45:00-05:00,short,143.54202756542833,0.4169404113204678,144.15943584927786,143.13305958867954,31819,31898,2012-12-10 10:30:00-05:00,2012-12-13 10:45:00-05:00,train
SPY,double_top,0,failed_breakout,31929,,2012-12-14 12:00:00-05:00,short,142.57702295439407,0.8048207860960588,144.15943584927786,141.42517921390393,31850,31929,2012-12-11 11:45:00-05:00,2012-12-14 12:00:00-05:00,train
SPY,double_top,0,near_miss,31942,,2012-12-14 15:15:00-05:00,short,142.36053520488767,0.12248384061282991,142.60425163170237,141.89751615938718,31863,31942,2012-12-11 15:00:00-05:00,2012-12-14 15:15:00-05:00,train
SPY,double_top,0,near_miss,31948,,2012-12-17 10:15:00-05:00,short,142.3303670337589,0.02582685687750086,142.36178645929863,142.9341731431225,31869,31948,2012-12-12 10:00:00-05:00,2012-12-17 10:15:00-05:00,train
SPY,double_top,0,near_miss,31972,,2012-12-18 09:45:00-05:00,short,142.20346528455462,0.588399484379579,143.23312821589425,143.40160051562043,31893,31972,2012-12-12 16:00:00-05:00,2012-12-18 09:45:00-05:00,train
SPY,double_top,0,failed_breakout,32004,,2012-12-19 11:15:00-05:00,short,143.17829086293864,0.9778660165040662,145.07918554299115,144.30213398349593,31925,32004,2012-12-14 11:00:00-05:00,2012-12-19 11:15:00-05:00,train
SPY,double_top,0,near_miss,32010,,2012-12-19 12:45:00-05:00,short,145.0698872440859,0.030779542071798005,145.12214802932422,145.2792204579282,31931,32010,2012-12-14 12:30:00-05:00,2012-12-19 12:45:00-05:00,train
SPY,double_top,0,near_miss,32021,,2012-12-19 15:30:00-05:00,short,145.09725216408168,0.041379505045540554,145.15511530893025,144.65862049495445,31942,32021,2012-12-14 15:15:00-05:00,2012-12-19 15:30:00-05:00,train
SPY,double_top,0,near_miss,32059,,2012-12-21 12:00:00-05:00,short,144.42084357534512,0.5704189082995299,145.15511530893025,141.70958109170047,31980,32059,2012-12-18 11:45:00-05:00,2012-12-21 12:00:00-05:00,train
SPY,double_top,0,failed_breakout,32085,,2012-12-24 12:00:00-05:00,short,142.35502868218634,1.3547617676404116,144.82740965835904,140.99523823235958,32006,32085,2012-12-19 11:45:00-05:00,2012-12-24 12:00:00-05:00,train
SPY,double_top,0,near_miss,32103,,2012-12-26 13:00:00-05:00,short,142.35221899390592,0.1413759930250933,142.59217124129444,141.6186240069749,32024,32103,2012-12-20 09:45:00-05:00,2012-12-26 13:00:00-05:00,train
SPY,double_top,0,near_miss,32126,,2012-12-27 12:15:00-05:00,short,141.73042622222982,0.38672647944591176,142.3950187325676,140.0532735205541,32047,32126,2012-12-20 15:30:00-05:00,2012-12-27 12:15:00-05:00,train
SPY,double_top,0,near_miss,32153,,2012-12-28 12:30:00-05:00,short,140.3619020887264,1.0053719972304975,141.83928667078388,140.0646280027695,32074,32153,2012-12-21 15:45:00-05:00,2012-12-28 12:30:00-05:00,train
SPY,double_top,0,near_miss,32158,,2012-12-28 13:45:00-05:00,short,140.8652034891594,0.03891114472639856,140.91296776664166,140.9610888552736,32079,32158,2012-12-24 10:30:00-05:00,2012-12-28 13:45:00-05:00,train
SPY,double_top,0,near_miss,32168,,2012-12-31 09:45:00-05:00,short,140.90618624891988,0.025625650740437322,140.95065603267898,140.15437434925957,32089,32168,2012-12-24 13:00:00-05:00,2012-12-31 09:45:00-05:00,train
SPY,double_top,0,failed_breakout,32259,,2013-01-04 13:00:00-05:00,short,145.87019304907648,0.17851167861107342,146.18218852050424,145.92148832138892,32180,32259,2012-12-31 12:45:00-05:00,2013-01-04 13:00:00-05:00,train
SPY,double_top,0,near_miss,32281,,2013-01-07 12:00:00-05:00,short,145.89122750719758,0.2335151772491315,146.3342644340226,145.34648482275088,32202,32281,2013-01-02 11:45:00-05:00,2013-01-07 12:00:00-05:00,train
SPY,double_top,0,failed_breakout,32308,,2013-01-08 12:15:00-05:00,short,145.63331371393122,0.4478303362574252,146.3342644340226,144.87216966374257,32229,32308,2013-01-03 12:00:00-05:00,2013-01-08 12:15:00-05:00,train
SPY,double_top,0,near_miss,32345,,2013-01-09 15:00:00-05:00,short,145.25715385942428,0.6826327816581568,146.0515496158102,145.05736721834185,32266,32345,2013-01-04 14:45:00-05:00,2013-01-09 15:00:00-05:00,train
SPY,double_top,0,failed_breakout,32399,,2013-01-11 15:30:00-05:00,short,145.86467585641827,0.581590025882349,146.84098214879103,146.46840997411766,32320,32399,2013-01-08 15:15:00-05:00,2013-01-11 15:30:00-05:00,train
SPY,double_top,0,near_miss,32411,,2013-01-14 12:00:00-05:00,short,146.81709107197176,0.06962360127238298,146.93244719769726,146.7203763987276,32332,32411,2013-01-09 11:45:00-05:00,2013-01-14 12:00:00-05:00,train
SPY,double_top,0,near_miss,32437,,2013-01-15 12:00:00-05:00,short,146.71817019581118,0.18075089204887718,146.93244719769726,146.4592491079511,32358,32437,2013-01-10 11:45:00-05:00,2013-01-15 12:00:00-05:00,train
SPY,double_top,0,near_miss,32454,,2013-01-16 09:45:00-05:00,short,146.61265365439965,0.19387748346525768,146.8653949780229,146.50612251653473,32375,32454,2013-01-10 16:00:00-05:00,2013-01-16 09:45:00-05:00,train
SPY,double_top,0,near_miss,32463,,2013-01-16 12:00:00-05:00,short,146.7337071429653,0.08894281744326804,146.89763262311027,146.96105718255674,32384,32463,2013-01-11 11:45:00-05:00,2013-01-16 12:00:00-05:00,train
SPY,double_top,0,near_miss,32514,,2013-01-18 11:45:00-05:00,short,146.8849213279728,0.6619606186320084,148.19613127009936,146.938039381368,32435,32514,2013-01-15 11:30:00-05:00,2013-01-18 11:45:00-05:00,train
SPY,double_top,0,failed_breakout,32646,,2013-01-28 12:15:00-05:00,short,149.38771675245746,0.561824982913464,150.06065524165436,149.55817501708654,32567,32646,2013-01-23 12:00:00-05:00,2013-01-28 12:15:00-05:00,train
SPY,double_top,0,failed_breakout,32659,,2013-01-28 15:30:00-05:00,short,149.9328066830244,0.09707920902192768,150.06065524165436,149.87292079097807,32580,32659,2013-01-23 15:15:00-05:00,2013-01-28 15:30:00-05:00,train
SPY,double_top,0,near_miss,32671,,2013-01-29 12:00:00-05:00,short,149.97500861871688,0.04546328804474342,150.04182727108494,150.35453671195526,32592,32671,2013-01-24 11:45:00-05:00,2013-01-29 12:00:00-05:00,train
SPY,double_top,0,near_miss,32699,,2013-01-30 12:30:00-05:00,short,149.99776911840257,0.35509002137303014,150.66389100846627,150.06490997862696,32620,32699,2013-01-25 12:15:00-05:00,2013-01-30 12:30:00-05:00,train
SPY,double_top,0,near_miss,32707,,2013-01-30 14:30:00-05:00,short,150.5537872201802,0.05687592905221095,150.66389100846627,150.4331240709478,32628,32707,2013-01-25 14:15:00-05:00,2013-01-30 14:30:00-05:00,train
SPY,double_top,0,near_miss,32716,,2013-01-31 10:15:00-05:00,short,150.52909815495974,0.04833946381239684,150.5974399475457,150.0416605361876,32637,32716,2013-01-28 10:00:00-05:00,2013-01-31 10:15:00-05:00,train
SPY,double_top,0,near_miss,32745,,2013-02-01 11:00:00-05:00,short,149.8939464233063,0.4088168684172899,150.5974399475457,150.58118313158272,32666,32745,2013-01-29 10:45:00-05:00,2013-02-01 11:00:00-05:00,train
SPY,double_top,0,near_miss,32770,,2013-02-04 10:45:00-05:00,short,149.9557932850642,0.6680631656835772,151.23962626559407,149.49193683431642,32691,32770,2013-01-30 10:30:00-05:00,2013-02-04 10:45:00-05:00,train
SPY,double_top,0,failed_breakout,32797,,2013-02-05 11:00:00-05:00,short,149.87109641543796,0.6945627343697822,151.23962626559407,150.1854372656302,32718,32797,2013-01-31 10:45:00-05:00,2013-02-05 11:00:00-05:00,train
SPY,double_top,0,near_miss,32826,,2013-02-06 11:45:00-05:00,short,149.8281844926271,0.7259454934696237,151.21656793817198,150.30405450653038,32747,32826,2013-02-01 11:30:00-05:00,2013-02-06 11:45:00-05:00,train
SPY,double_top,0,near_miss,32855,,2013-02-07 12:30:00-05:00,short,150.86596117502654,0.22593394367189035,151.21656793817198,150.0840660563281,32776,32855,2013-02-04 12:15:00-05:00,2013-02-07 12:30:00-05:00,train
SPY,double_top,0,near_miss,32902,,2013-02-11 11:15:00-05:00,short,150.3285824861386,1.0239839661650194,151.73791060538235,150.806016033835,32823,32902,2013-02-06 11:00:00-05:00,2013-02-11 11:15:00-05:00,train
SPY,double_top,0,near_miss,32915,,2013-02-11 14:30:00-05:00,short,151.6601927977433,0.061889622091200636,151.73791060538235,151.6081103779088,32836,32915,2013-02-06 14:15:00-05:00,2013-02-11 14:30:00-05:00,train
SPY,double_top,0,near_miss,32953,,2013-02-13 11:00:00-05:00,short,151.6527612800579,0.24994188008932383,152.09915208600782,152.09005811991068,32874,32953,2013-02-08 10:45:00-05:00,2013-02-13 11:00:00-05:00,train
SPY,double_top,0,failed_breakout,32964,,2013-02-13 13:45:00-05:00,short,152.07307408323183,0.12632360542050947,152.29964329129686,152.0836763945795,32885,32964,2013-02-08 13:30:00-05:00,2013-02-13 13:45:00-05:00,train
SPY,double_top,0,near_miss,32975,,2013-02-14 10:00:00-05:00,short,152.1487616418239,0.07872401803825824,152.29964329129686,151.75127598196175,32896,32975,2013-02-11 09:45:00-05:00,2013-02-14 10:00:00-05:00,train
SPY,double_top,0,near_miss,33016,,2013-02-15 13:45:00-05:00,short,151.95303303116407,0.3213679231106994,152.39347388012206,151.9286320768893,32937,33016,2013-02-12 13:30:00-05:00,2013-02-15 13:45:00-05:00,train
SPY,double_top,0,near_miss,33061,,2013-02-20 12:00:00-05:00,short,151.93005138457806,0.8060744549227081,153.07877779887949,151.73392554507728,32982,33061,2013-02-14 11:45:00-05:00,2013-02-20 12:00:00-05:00,train
SPY,double_top,0,near_miss,33266,,2013-03-04 11:15:00-05:00,short,151.6755242315588,0.618824839584903,152.5164356952439,151.30117516041508,33187,33266,2013-02-27 11:00:00-05:00,2013-03-04 11:15:00-05:00,train
SPY,double_top,0,failed_breakout,33326,,2013-03-06 13:15:00-05:00,short,151.90422576131925,1.3913258716945052,154.518840818984,153.0386741283055,33247,33326,2013-03-01 13:00:00-05:00,2013-03-06 13:15:00-05:00,train
SPY,double_top,0,near_miss,33363,,2013-03-07 16:00:00-05:00,short,154.41069523113,0.257442150508183,154.81743394429242,154.5325578494918,33284,33363,2013-03-04 15:45:00-05:00,2013-03-07 16:00:00-05:00,train
SPY,double_top,0,near_miss,33451,,2013-03-13 12:00:00-04:00,short,155.48875419465273,0.24300040349172036,155.92237173735487,155.34699959650828,33372,33451,2013-03-08 11:45:00-05:00,2013-03-13 12:00:00-04:00,train
SPY,double_top,0,near_miss,33473,,2013-03-14 11:00:00-04:00,short,155.5277190358175,0.2061516462649422,155.92660390523088,156.23384835373506,33394,33473,2013-03-11 10:45:00-04:00,2013-03-14 11:00:00-04:00,train
SPY,double_top,0,failed_breakout,33493,,2013-03-14 16:00:00-04:00,short,155.9114328735352,0.2928937669706215,156.48204937578075,156.43710623302937,33414,33493,2013-03-11 15:45:00-04:00,2013-03-14 16:00:00-04:00,train
SPY,double_top,0,near_miss,33503,,2013-03-15 12:00:00-04:00,short,156.4704764101633,0.04662080731620222,156.55214505917823,155.84337919268378,33424,33503,2013-03-12 11:45:00-04:00,2013-03-15 12:00:00-04:00,train
SPY,double_top,0,near_miss,33517,,2013-03-15 15:30:00-04:00,short,155.8641586580664,0.34861880567942194,156.55214505917823,155.29138119432056,33438,33517,2013-03-12 15:15:00-04:00,2013-03-15 15:30:00-04:00,train
SPY,double_top,0,near_miss,33552,,2013-03-19 11:15:00-04:00,short,155.13914810466028,0.486746261010353,155.87340986831342,154.57325373898965,33473,33552,2013-03-14 11:00:00-04:00,2013-03-19 11:15:00-04:00,train
SPY,double_top,0,near_miss,33558,,2013-03-19 12:45:00-04:00,short,155.23810814506282,0.07587402290636192,155.37837886302785,154.29412597709364,33479,33558,2013-03-14 12:30:00-04:00,2013-03-19 12:45:00-04:00,train
SPY,double_top,0,near_miss,33607,,2013-03-21 12:00:00-04:00,short,154.1508396259057,1.298553034279223,155.64919984745927,153.86144696572077,33528,33607,2013-03-18 11:45:00-04:00,2013-03-21 12:00:00-04:00,train
SPY,double_top,0,near_miss,33655,,2013-03-25 11:00:00-04:00,short,154.65480578048272,0.8249390281629871,155.64919984745927,154.47506097183702,33576,33655,2013-03-20 10:45:00-04:00,2013-03-25 11:00:00-04:00,train
SPY,double_top,1,confirmed_breakout,33663,33664.0,2013-03-25 13:00:00-04:00,short,155.28263662789178,0.19309408115347537,155.64117164825836,154.18690591884652,33584,33663,2013-03-20 12:45:00-04:00,2013-03-25 13:00:00-04:00,train
SPY,double_top,0,failed_breakout,33711,,2013-03-27 12:00:00-04:00,short,154.9104400966729,0.893560531755071,155.96682960859758,154.91643946824493,33632,33711,2013-03-22 11:45:00-04:00,2013-03-27 12:00:00-04:00,train
SPY,double_top,0,near_miss,33765,,2013-04-01 12:30:00-04:00,short,155.6451590436409,0.6417173100351761,156.60692309875452,155.25828268996483,33686,33765,2013-03-26 12:15:00-04:00,2013-04-01 12:30:00-04:00,train
SPY,double_top,0,near_miss,33808,,2013-04-03 10:15:00-04:00,short,155.98774410154925,0.8337625028966613,157.03609011013734,155.34623749710335,33729,33808,2013-03-28 10:00:00-04:00,2013-04-03 10:15:00-04:00,train
SPY,double_top,0,failed_breakout,33850,,2013-04-04 14:15:00-04:00,short,155.39679965279169,0.9426695568556056,157.03609011013734,154.6073304431444,33771,33850,2013-04-01 14:00:00-04:00,2013-04-04 14:15:00-04:00,train
SPY,double_top,0,near_miss,33867,,2013-04-05 12:00:00-04:00,short,155.4742753575515,0.16608285876554874,155.64284830915724,154.19391714123446,33788,33867,2013-04-02 11:45:00-04:00,2013-04-05 12:00:00-04:00,train
SPY,double_top,0,near_miss,33994,,2013-04-12 11:15:00-04:00,short,159.3458557664524,0.02408157882561568,159.3827602178092,158.16591842117438,33915,33994,2013-04-09 11:00:00-04:00,2013-04-12 11:15:00-04:00,train
SPY,double_top,0,near_miss,34023,,2013-04-15 12:00:00-04:00,short,158.4453034381273,0.528946434618689,159.35711447274684,156.65105356538132,33944,34023,2013-04-10 11:45:00-04:00,2013-04-15 12:00:00-04:00,train
SPY,double_top,1,confirmed_breakout,34069,34070.0,2013-04-17 10:30:00-04:00,short,156.09389764071398,1.6662822181069714,158.59138527274516,153.40371778189302,33990,34069,2013-04-12 10:15:00-04:00,2013-04-17 10:30:00-04:00,train
SPY,double_top,0,near_miss,34075,,2013-04-17 12:00:00-04:00,short,156.90937186685252,0.0686236596189076,157.02701660804613,154.8613763403811,33996,34075,2013-04-12 11:45:00-04:00,2013-04-17 12:00:00-04:00,train
SPY,double_top,0,failed_breakout,34102,,2013-04-18 12:15:00-04:00,short,154.89465904599794,1.1541270593706372,157.02701660804613,153.30587294062937,34023,34102,2013-04-15 12:00:00-04:00,2013-04-18 12:15:00-04:00,train
SPY,double_top,0,near_miss,34117,,2013-04-18 16:00:00-04:00,short,154.600936946507,0.23613931350254802,155.07055560269103,153.93386068649744,34038,34117,2013-04-15 15:45:00-04:00,2013-04-18 16:00:00-04:00,train
SPY,double_top,0,near_miss,34155,,2013-04-22 12:30:00-04:00,short,154.2129193308641,0.7528049532322143,155.32785165086455,154.97719504676778,34076,34155,2013-04-17 12:15:00-04:00,2013-04-22 12:30:00-04:00,train
SPY,double_top,0,near_miss,34198,,2013-04-24 10:15:00-04:00,short,155.2279822894124,1.2922675386643618,157.712648005289,156.29773246133564,34119,34198,2013-04-19 10:00:00-04:00,2013-04-24 10:15:00-04:00,train
SPY,double_top,0,failed_breakout,34217,,2013-04-24 15:00:00-04:00,short,157.61364207521768,0.17892335840539886,157.87248286195717,158.1110766415946,34138,34217,2013-04-19 14:45:00-04:00,2013-04-24 15:00:00-04:00,train
SPY,double_top,0,near_miss,34229,,2013-04-25 11:30:00-04:00,short,157.8559975963344,0.10375775710784296,158.04702784492727,158.75624224289217,34150,34229,2013-04-22 11:15:00-04:00,2013-04-25 11:30:00-04:00,train
SPY,double_top,0,near_miss,34252,,2013-04-26 10:45:00-04:00,short,158.0244438204215,0.511003823161019,159.02386744223782,157.68899617683897,34173,34252,2013-04-23 10:30:00-04:00,2013-04-26 10:45:00-04:00,train
SPY,double_top,0,failed_breakout,34305,,2013-04-30 11:00:00-04:00,short,158.00942106787488,1.2355294377609596,159.46603356903387,157.91447056223905,34226,34305,2013-04-25 10:45:00-04:00,2013-04-30 11:00:00-04:00,train
SPY,double_top,0,failed_breakout,34335,,2013-05-01 12:00:00-04:00,short,159.12825353130165,0.3763363083168656,159.54314611020314,158.85366369168312,34256,34335,2013-04-26 11:45:00-04:00,2013-05-01 12:00:00-04:00,train
SPY,double_top,0,failed_breakout,34494,,2013-05-09 12:45:00-04:00,short,163.04406116497822,0.08872650539657911,163.17368432497116,163.03127349460343,34415,34494,2013-05-06 12:30:00-04:00,2013-05-09 12:45:00-04:00,train
SPY,double_top,0,near_miss,34500,,2013-05-09 14:15:00-04:00,short,163.12203080439446,0.02890454023554412,163.17368432497116,163.44109545976445,34421,34500,2013-05-06 14:00:00-04:00,2013-05-09 14:15:00-04:00,train
SPY,double_top,0,near_miss,34511,,2013-05-10 10:30:00-04:00,short,163.11304073729934,0.13174225374035586,163.36137961779056,162.94825774625966,34432,34511,2013-05-07 10:15:00-04:00,2013-05-10 10:30:00-04:00,train
SPY,double_top,0,near_miss,34520,,2013-05-10 12:45:00-04:00,short,163.07172261225054,0.1501133229143079,163.36137961779056,162.7198866770857,34441,34520,2013-05-07 12:30:00-04:00,2013-05-10 12:45:00-04:00,train
SPY,double_top,0,near_miss,34559,,2013-05-13 16:00:00-04:00,short,162.89703992838827,0.41481385131842785,163.54141530687426,163.12518614868156,34480,34559,2013-05-08 15:45:00-04:00,2013-05-13 16:00:00-04:00,train
SPY,double_top,0,near_miss,34565,,2013-05-14 11:00:00-04:00,short,163.5059399868291,0.02621804074630063,163.54141530687426,164.9437819592537,34486,34565,2013-05-09 10:45:00-04:00,2013-05-14 11:00:00-04:00,train
SPY,double_top,0,failed_breakout,34612,,2013-05-16 09:45:00-04:00,short,163.49410820697602,1.2468515039028887,165.95901867348127,164.6731484960971,34533,34612,2013-05-10 16:00:00-04:00,2013-05-16 09:45:00-04:00,train
SPY,double_top,0,failed_breakout,34641,,2013-05-17 10:30:00-04:00,short,165.79504189290734,0.2269160221610207,166.08489715665544,166.02308397783898,34562,34641,2013-05-14 10:15:00-04:00,2013-05-17 10:30:00-04:00,train
SPY,double_top,0,near_miss,34688,,2013-05-20 15:45:00-04:00,short,165.78002502078186,0.8995152499538221,167.27418338481593,166.03048475004618,34609,34688,2013-05-15 15:30:00-04:00,2013-05-20 15:45:00-04:00,train
SPY,double_top,0,failed_breakout,34701,,2013-05-21 12:30:00-04:00,short,166.98535449298197,0.1721799856318853,167.27418338481593,167.1778200143681,34622,34701,2013-05-16 12:15:00-04:00,2013-05-21 12:30:00-04:00,train
SPY,double_top,0,near_miss,34722,,2013-05-22 11:15:00-04:00,short,166.89562133079824,0.34470531875615507,167.439767726697,167.91529468124384,34643,34722,2013-05-17 11:00:00-04:00,2013-05-22 11:15:00-04:00,train
SPY,double_top,1,confirmed_breakout,34733,34734.0,2013-05-22 14:00:00-04:00,short,167.40489457371717,0.40129863847658953,168.17261869769052,165.7887013615234,34654,34733,2013-05-17 13:45:00-04:00,2013-05-22 14:00:00-04:00,train
SPY,double_top,1,confirmed_breakout,34766,34770.0,2013-05-23 15:45:00-04:00,short,165.03146655374852,1.6483779190509438,168.17261869769052,162.51162208094905,34687,34766,2013-05-20 15:30:00-04:00,2013-05-23 15:45:00-04:00,train
SPY,double_top,0,near_miss,34816,,2013-05-28 15:15:00-04:00,short,165.15672054476158,0.9194860286444282,166.96534289890363,165.32051397135558,34737,34816,2013-05-22 15:00:00-04:00,2013-05-28 15:15:00-04:00,train
SPY,double_top,1,confirmed_breakout,34890,34892.0,2013-05-31 14:15:00-04:00,short,165.8046777793264,0.26401176049469655,166.3212370658659,164.6959882395053,34811,34890,2013-05-28 14:00:00-04:00,2013-05-31 14:15:00-04:00,train
SPY,double_top,0,near_miss,34943,,2013-06-04 14:30:00-04:00,short,163.20095785407844,1.965221484110117,165.8161420137763,161.20477851588987,34864,34943,2013-05-30 14:15:00-04:00,2013-06-04 14:30:00-04:00,train
SPY,double_top,1,confirmed_breakout,34986,34987.0,2013-06-06 12:15:00-04:00,short,161.56605201748044,1.4917143233600996,164.5162166626008,159.1182856766399,34907,34986,2013-06-03 12:00:00-04:00,2013-06-06 12:15:00-04:00,train
SPY,double_top,0,near_miss,35028,,2013-06-10 09:45:00-04:00,short,161.12809444934987,1.8084824036180578,164.2738376868556,162.95151759638193,34949,35028,2013-06-04 16:00:00-04:00,2013-06-10 09:45:00-04:00,train
SPY,double_top,1,confirmed_breakout,35050,35054.0,2013-06-10 15:15:00-04:00,short,164.1873489022937,0.44301938092274895,164.9868988795773,162.67698061907726,34971,35050,2013-06-05 15:00:00-04:00,2013-06-10 15:15:00-04:00,train
SPY,double_top,1,confirmed_breakout,35078,35079.0,2013-06-11 15:45:00-04:00,short,163.94481116260096,0.5974519554864628,164.9868988795773,162.52254804451354,34999,35078,2013-06-06 15:30:00-04:00,2013-06-11 15:45:00-04:00,train
SPY,double_top,0,near_miss,35091,,2013-06-12 12:30:00-04:00,short,163.5742825981515,0.28260193656427646,164.09762735659754,162.00739806343572,35012,35091,2013-06-07 12:15:00-04:00,2013-06-12 12:30:00-04:00,train
SPY,double_top,0,near_miss,35146,,2013-06-14 13:15:00-04:00,short,161.95855657566423,1.8420278506906698,163.9850271398758,161.56797214930933,35067,35146,2013-06-11 13:00:00-04:00,2013-06-14 13:15:00-04:00,train
SPY,double_top,0,failed_breakout,35165,,2013-06-17 11:30:00-04:00,short,163.37554953265547,0.3090242984719396,163.9850271398758,164.67097570152805,35086,35165,2013-06-12 11:15:00-04:00,2013-06-17 11:30:00-04:00,train
SPY,double_top,0,near_miss,35185,,2013-06-18 10:00:00-04:00,short,163.33687099591117,0.795412629548423,164.88044672854022,163.9445873704516,35106,35185,2013-06-13 09:45:00-04:00,2013-06-18 10:00:00-04:00,train
SPY,double_top,0,failed_breakout,35219,,2013-06-19 12:00:00-04:00,short,164.37887568439615,0.9340083272108473,165.74532129467377,164.51599167278914,35140,35219,2013-06-14 11:45:00-04:00,2013-06-19 12:00:00-04:00,train
SPY,double_top,0,failed_breakout,35443,,2013-07-01 16:00:00-04:00,short,160.86410628930776,0.8867746751596997,162.16943210610455,160.4632253248403,35364,35443,2013-06-26 15:45:00-04:00,2013-07-01 16:00:00-04:00,train
SPY,double_top,1,confirmed_breakout,35462,35463.0,2013-07-02 14:15:00-04:00,short,161.69614646433817,0.3837918138873704,162.16943210610455,160.29620818611264,35383,35462,2013-06-27 14:00:00-04:00,2013-07-02 14:15:00-04:00,train
SPY,double_top,0,near_miss,35570,,2013-07-10 11:45:00-04:00,short,163.88354924234113,0.648199860771598,165.1734276467985,164.2718001392284,35491,35570,2013-07-05 11:30:00-04:00,2013-07-10 11:45:00-04:00,train
SPY,double_top,0,failed_breakout,35592,,2013-07-11 10:45:00-04:00,short,164.89394668850156,0.20066393567773844,165.1734276467985,166.46933606432225,35513,35592,2013-07-08 10:30:00-04:00,2013-07-11 10:45:00-04:00,train
SPY,double_top,0,near_miss,35631,,2013-07-12 14:00:00-04:00,short,164.98968756871201,1.2168912935229628,167.39736412290986,166.18310870647704,35552,35631,2013-07-09 13:45:00-04:00,2013-07-12 14:00:00-04:00,train
SPY,double_top,0,failed_breakout,35674,,2013-07-16 11:45:00-04:00,short,167.30290104592746,0.5092793543500136,168.22699667764508,166.87072064564998,35595,35674,2013-07-11 11:30:00-04:00,2013-07-16 11:45:00-04:00,train
SPY,double_top,0,near_miss,35696,,2013-07-17 10:45:00-04:00,short,167.4154696787394,0.41255925187974185,168.22699667764508,167.66744074812027,35617,35696,2013-07-12 10:30:00-04:00,2013-07-17 10:45:00-04:00,train
SPY,double_top,0,near_miss,35721,,2013-07-18 10:30:00-04:00,short,167.41232110506496,0.3580194515556059,168.11161992964793,168.7419805484444,35642,35721,2013-07-15 10:15:00-04:00,2013-07-18 10:30:00-04:00,train
SPY,double_top,0,failed_breakout,35741,,2013-07-18 15:30:00-04:00,short,167.9989295670034,0.517709787713585,168.92165877978601,168.35229021228642,35662,35741,2013-07-15 15:15:00-04:00,2013-07-18 15:30:00-04:00,train
SPY,double_top,0,near_miss,35749,,2013-07-19 11:00:00-04:00,short,168.89164347667176,0.03281993179123788,168.92726803713995,168.69718006820875,35670,35749,2013-07-16 10:45:00-04:00,2013-07-19 11:00:00-04:00,train
SPY,double_top,0,failed_breakout,35794,,2013-07-22 15:45:00-04:00,short,168.7187610904577,0.4896537337669997,169.48956161130943,168.930346266233,35715,35794,2013-07-17 15:30:00-04:00,2013-07-22 15:45:00-04:00,train
SPY,double_top,0,near_miss,35807,,2013-07-23 12:30:00-04:00,short,169.45305277574442,0.053965921010217244,169.52447578219983,169.25603407898979,35728,35807,2013-07-18 12:15:00-04:00,2013-07-23 12:30:00-04:00,train
SPY,double_top,0,near_miss,35829,,2013-07-24 11:30:00-04:00,short,169.30521053084738,0.1719576302531891,169.52447578219983,168.8380423697468,35750,35829,2013-07-19 11:15:00-04:00,2013-07-24 11:30:00-04:00,train
SPY,double_top,0,near_miss,35863,,2013-07-25 13:30:00-04:00,short,168.43468307698603,0.5058926359386362,169.42986054000133,168.26410736406137,35784,35863,2013-07-22 13:15:00-04:00,2013-07-25 13:30:00-04:00,train
SPY,double_top,0,near_miss,35883,,2013-07-26 12:00:00-04:00,short,168.2778211014353,0.3094174877999478,168.72318629262244,167.76058251220005,35804,35883,2013-07-23 11:45:00-04:00,2013-07-26 12:00:00-04:00,train
SPY,double_top,0,near_miss,35913,,2013-07-29 13:00:00-04:00,short,168.13065658686335,0.6154464612237405,168.7690198035517,167.84455353877627,35834,35913,2013-07-24 12:45:00-04:00,2013-07-29 13:00:00-04:00,train
SPY,double_top,0,failed_breakout,35945,,2013-07-30 14:30:00-04:00,short,168.41010539847292,0.42765276505593874,168.90649652350598,168.01234723494406,35866,35945,2013-07-25 14:15:00-04:00,2013-07-30 14:30:00-04:00,train
SPY,double_top,0,failed_breakout,35973,,2013-07-31 15:00:00-04:00,short,168.55330684511526,0.5333015472309341,169.26672026118638,169.30669845276907,35894,35973,2013-07-26 14:45:00-04:00,2013-07-31 15:00:00-04:00,train
SPY,double_top,0,failed_breakout,35985,,2013-08-01 11:30:00-04:00,short,169.08383280916044,0.18877220158631758,169.27848976030714,170.06122779841368,35906,35985,2013-07-29 11:15:00-04:00,2013-08-01 11:30:00-04:00,train
SPY,double_top,0,near_miss,36013,,2013-08-02 12:00:00-04:00,short,169.18527710583922,0.7270599353447835,170.5461843220609,169.7129400646552,35934,36013,2013-07-30 11:45:00-04:00,2013-08-02 12:00:00-04:00,train
SPY,double_top,0,failed_breakout,36051,,2013-08-05 15:00:00-04:00,short,170.39265214807065,0.2760257009189502,170.79117137591828,170.39397429908104,35972,36051,2013-07-31 14:45:00-04:00,2013-08-05 15:00:00-04:00,train
SPY,double_top,0,near_miss,36065,,2013-08-06 12:00:00-04:00,short,170.6602604793071,0.08067041545808706,170.79117137591828,169.68932958454192,35986,36065,2013-08-01 11:45:00-04:00,2013-08-06 12:00:00-04:00,train
SPY,double_top,0,near_miss,36081,,2013-08-06 16:00:00-04:00,short,169.8245756124538,0.43681808833687796,170.69069041361215,169.31318191166312,36002,36081,2013-08-01 15:45:00-04:00,2013-08-06 16:00:00-04:00,train
SPY,double_top,0,near_miss,36090,,2013-08-07 11:45:00-04:00,short,169.77714864894867,0.034398236142465066,169.8320969879692,168.71560176385753,36011,36090,2013-08-02 11:30:00-04:00,2013-08-07 11:45:00-04:00,train
SPY,double_top,0,near_miss,36121,,2013-08-08 13:00:00-04:00,short,168.9200778435991,0.6714069835115879,169.79099678221306,169.28859301648842,36042,36121,2013-08-05 12:45:00-04:00,2013-08-08 13:00:00-04:00,train
SPY,double_top,0,failed_breakout,36142,,2013-08-09 11:45:00-04:00,short,169.32818345335022,0.35516551570555066,169.97472506610325,168.62483448429444,36063,36142,2013-08-06 11:30:00-04:00,2013-08-09 11:45:00-04:00,train
SPY,double_top,0,failed_breakout,36165,,2013-08-12 11:00:00-04:00,short,169.35398850435936,0.3605352153085448,169.97472506610325,168.88946478469146,36086,36165,2013-08-07 10:45:00-04:00,2013-08-12 11:00:00-04:00,train
SPY,double_top,0,near_miss,36197,,2013-08-13 12:30:00-04:00,short,168.95190069806802,0.2977517731559658,169.4543223732326,169.03224822684405,36118,36197,2013-08-08 12:15:00-04:00,2013-08-13 12:30:00-04:00,train
SPY,double_top,0,near_miss,36221,,2013-08-14 12:00:00-04:00,short,168.88973491722044,0.45056560689315006,169.6356184790118,168.52943439310684,36142,36221,2013-08-09 11:45:00-04:00,2013-08-14 12:00:00-04:00,train
SPY,double_top,0,near_miss,36298,,2013-08-19 11:45:00-04:00,short,165.89277821399952,0.27371459325217984,166.39986907268002,165.49628540674783,36219,36298,2013-08-14 11:30:00-04:00,2013-08-19 11:45:00-04:00,train
SPY,double_top,0,near_miss,36305,,2013-08-19 13:30:00-04:00,short,165.91285143562547,0.033555090321527814,165.95969651007061,165.43644490967847,36226,36305,2013-08-14 13:15:00-04:00,2013-08-19 13:30:00-04:00,train
SPY,double_top,0,near_miss,36345,,2013-08-21 10:30:00-04:00,short,165.16019629598438,0.7911535715847435,165.95969651007061,164.39884642841525,36266,36345,2013-08-16 10:15:00-04:00,2013-08-21 10:30:00-04:00,train
SPY,double_top,0,failed_breakout,36369,,2013-08-22 10:00:00-04:00,short,165.01446751031511,0.47991325250200134,165.95348301999636,164.91008674749799,36290,36369,2013-08-19 09:45:00-04:00,2013-08-22 10:00:00-04:00,train
SPY,double_top,0,near_miss,36375,,2013-08-22 11:30:00-04:00,short,165.0014205483044,0.14412244349517778,165.2558074779612,165.3358775565048,36296,36375,2013-08-19 11:15:00-04:00,2013-08-22 11:30:00-04:00,train
SPY,double_top,0,failed_breakout,36500,,2013-08-29 10:15:00-04:00,short,163.62166826819674,2.0383350695458944,167.0786606542375,162.4316649304541,36421,36500,2013-08-26 10:00:00-04:00,2013-08-29 10:15:00-04:00,train
SPY,double_top,0,near_miss,36505,,2013-08-29 11:30:00-04:00,short,164.18828577568212,0.036167843314729,164.24134602124775,164.94383215668526,36426,36505,2013-08-26 11:15:00-04:00,2013-08-29 11:30:00-04:00,train
SPY,double_top,0,failed_breakout,36522,,2013-08-29 15:45:00-04:00,short,164.15601481007974,0.33538030832065147,164.7752290200548,163.96461969167936,36443,36522,2013-08-26 15:30:00-04:00,2013-08-29 15:45:00-04:00,train
SPY,double_top,0,failed_breakout,36557,,2013-09-03 11:30:00-04:00,short,163.67672761665372,0.583714337141231,164.7752290200548,163.83628566285876,36478,36557,2013-08-28 11:15:00-04:00,2013-09-03 11:30:00-04:00,train
SPY,double_top,0,near_miss,36568,,2013-09-03 14:15:00-04:00,short,163.70178420549394,0.5348357246040791,164.72758497266094,163.55516427539592,36489,36568,2013-08-28 14:00:00-04:00,2013-09-03 14:15:00-04:00,train
SPY,double_top,0,failed_breakout,36608,,2013-09-05 11:15:00-04:00,short,164.0946978406376,1.1792290511471606,165.8202688109086,164.83077094885283,36529,36608,2013-08-30 11:00:00-04:00,2013-09-05 11:15:00-04:00,train
SPY,double_top,0,failed_breakout,36624,,2013-09-05 15:15:00-04:00,short,165.80232301343392,0.13346772310649158,166.0513126621722,165.9665322768935,36545,36624,2013-08-30 15:00:00-04:00,2013-09-05 15:15:00-04:00,train
SPY,double_top,0,near_miss,36635,,2013-09-06 11:30:00-04:00,short,166.04414394084588,0.019153748598512266,166.0752827167166,166.4808462514015,36556,36635,2013-09-03 11:15:00-04:00,2013-09-06 11:30:00-04:00,train
SPY,double_top,0,near_miss,36659,,2013-09-09 11:00:00-04:00,short,165.74460776756897,0.5984015018098319,166.61073582204097,166.20159849819018,36580,36659,2013-09-04 10:45:00-04:00,2013-09-09 11:00:00-04:00,train
SPY,double_top,0,failed_breakout,36716,,2013-09-11 12:15:00-04:00,short,166.48938767649494,1.174347073999371,168.7167336789477,167.89565292600062,36637,36716,2013-09-06 12:00:00-04:00,2013-09-11 12:15:00-04:00,train
SPY,double_top,0,near_miss,36749,,2013-09-12 14:00:00-04:00,short,168.61365135522573,0.3970187972656447,169.30460662603505,168.73298120273435,36670,36749,2013-09-09 13:45:00-04:00,2013-09-12 14:00:00-04:00,train
SPY,double_top,0,near_miss,36763,,2013-09-13 11:00:00-04:00,short,169.11482313063382,0.10106671757230856,169.30460662603505,169.0289332824277,36684,36763,2013-09-10 10:45:00-04:00,2013-09-13 11:00:00-04:00,train
SPY,double_top,0,near_miss,36769,,2013-09-13 12:30:00-04:00,short,169.05732722700574,0.047469303946257924,169.12717307037718,169.28253069605375,36690,36769,2013-09-10 12:15:00-04:00,2013-09-13 12:30:00-04:00,train
SPY,double_top,0,near_miss,36789,,2013-09-16 11:00:00-04:00,short,169.0410672445253,0.1434622830196588,169.2866390635631,170.50653771698035,36710,36789,2013-09-11 10:45:00-04:00,2013-09-16 11:00:00-04:00,train
SPY,double_top,0,near_miss,36809,,2013-09-16 16:00:00-04:00,short,169.27718214354684,0.7509083432833279,170.76954191009725,169.55909165671667,36730,36809,2013-09-11 15:45:00-04:00,2013-09-16 16:00:00-04:00,train
SPY,double_top,0,failed_breakout,36848,,2013-09-18 12:45:00-04:00,short,170.3748416234633,0.5198483793731441,171.01983809557564,170.19015162062686,36769,36848,2013-09-13 12:30:00-04:00,2013-09-18 12:45:00-04:00,train
SPY,double_top,0,near_miss,36879,,2013-09-19 14:00:00-04:00,short,170.76046366501083,1.2859419078267251,173.07297305009948,171.33405809217328,36800,36879,2013-09-16 13:45:00-04:00,2013-09-19 14:00:00-04:00,train
SPY,double_top,1,confirmed_breakout,36888,36889.0,2013-09-20 09:45:00-04:00,short,172.8096595300472,0.13816334593673218,173.07297305009948,171.72183665406328,36809,36888,2013-09-16 16:00:00-04:00,2013-09-20 09:45:00-04:00,train
SPY,double_top,0,near_miss,36986,,2013-09-25 14:45:00-04:00,short,169.55027703587518,0.3905247389868691,170.26768029665323,168.84947526101314,36907,36986,2013-09-20 14:30:00-04:00,2013-09-25 14:45:00-04:00,train
SPY,double_top,0,near_miss,37007,,2013-09-26 13:30:00-04:00,short,169.27457248127467,0.3100821642727283,169.61591229315115,169.38991783572726,36928,37007,2013-09-23 13:15:00-04:00,2013-09-26 13:30:00-04:00,train
SPY,double_top,0,near_miss,37017,,2013-09-26 16:00:00-04:00,short,169.5016118900141,0.05303575660070692,169.5558982952859,169.5969642433993,36938,37017,2013-09-23 15:45:00-04:00,2013-09-26 16:00:00-04:00,train
SPY,double_top,1,confirmed_breakout,37043,37044.0,2013-09-27 16:00:00-04:00,short,168.93331328233958,0.3295977081949957,169.5558982952859,167.390402291805,36964,37043,2013-09-24 15:45:00-04:00,2013-09-27 16:00:00-04:00,train
SPY,double_top,0,near_miss,37053,,2013-09-30 12:00:00-04:00,short,168.86359098792155,0.0566125085550766,168.96992368578321,168.21338749144493,36974,37053,2013-09-25 11:45:00-04:00,2013-09-30 12:00:00-04:00,train
SPY,double_top,0,near_miss,37075,,2013-10-01 11:00:00-04:00,short,168.10377253092759,0.41306840009835355,168.87048330717008,168.74693159990164,36996,37075,2013-09-26 10:45:00-04:00,2013-10-01 11:00:00-04:00,train
SPY,double_top,0,failed_breakout,37097,,2013-10-02 10:00:00-04:00,short,168.0331345783031,0.6400324019446373,169.18313540561368,167.69996759805537,37018,37097,2013-09-27 09:45:00-04:00,2013-10-02 10:00:00-04:00,train
SPY,double_top,1,confirmed_breakout,37128,37129.0,2013-10-03 11:15:00-04:00,short,168.45213890400743,0.5954176302350618,169.18313540561368,166.91458236976493,37049,37128,2013-09-30 11:00:00-04:00,2013-10-03 11:15:00-04:00,train
SPY,double_top,0,failed_breakout,37156,,2013-10-04 11:45:00-04:00,short,167.5039269455933,0.8958054777000655,168.9119776628713,167.29419452229993,37077,37156,2013-10-01 11:30:00-04:00,2013-10-04 11:45:00-04:00,train
SPY,double_top,0,near_miss,37183,,2013-10-07 12:00:00-04:00,short,167.85782176946904,0.487273242114469,168.80270283945157,167.73272675788553,37104,37183,2013-10-02 11:45:00-04:00,2013-10-07 12:00:00-04:00,train
SPY,double_top,1,confirmed_breakout,37204,37205.0,2013-10-08 10:45:00-04:00,short,168.05846721165912,0.4048034462487067,168.80270283945157,166.35519655375128,37125,37204,2013-10-03 10:30:00-04:00,2013-10-08 10:45:00-04:00,train
SPY,double_top,0,failed_breakout,37339,,2013-10-15 12:00:00-04:00,short,169.62931481716006,0.7430866479238887,170.69119920996891,169.9769133520761,37260,37339,2013-10-10 11:45:00-04:00,2013-10-15 12:00:00-04:00,train
SPY,double_top,0,near_miss,37349,,2013-10-15 14:30:00-04:00,short,170.6565538531632,0.040492567445426175,170.71011167901642,170.0695074325546,37270,37349,2013-10-10 14:15:00-04:00,2013-10-15 14:30:00-04:00,train
SPY,double_top,0,near_miss,37384,,2013-10-17 10:15:00-04:00,short,170.1840479092043,1.089261089745861,171.83650631888392,170.71073891025415,37305,37384,2013-10-14 10:00:00-04:00,2013-10-17 10:15:00-04:00,train
SPY,double_top,0,near_miss,37391,,2013-10-17 12:00:00-04:00,short,171.73546214216188,0.06734307399713657,171.83650631888392,172.50265692600286,37312,37391,2013-10-14 11:45:00-04:00,2013-10-17 12:00:00-04:00,train
SPY,double_top,0,near_miss,37447,,2013-10-21 13:00:00-04:00,short,171.7551546551619,1.3069924563511677,174.35519010959206,173.16300754364883,37368,37447,2013-10-16 12:45:00-04:00,2013-10-21 13:00:00-04:00,train
SPY,double_top,0,near_miss,37461,,2013-10-22 10:00:00-04:00,short,174.31296527995286,0.058937746303769245,174.3886159429212,175.33106225369622,37382,37461,2013-10-17 09:45:00-04:00,2013-10-22 10:00:00-04:00,train
SPY,double_top,0,failed_breakout,37632,,2013-10-30 13:45:00-04:00,short,176.2711921647737,0.45839348389014845,177.15615417398132,176.21160651610984,37553,37632,2013-10-25 13:30:00-04:00,2013-10-30 13:45:00-04:00,train
SPY,double_top,0,near_miss,37674,,2013-11-01 11:15:00-04:00,short,176.10852971612732,0.7238867961837627,177.15615417398132,174.80611320381624,37595,37674,2013-10-29 11:00:00-04:00,2013-11-01 11:15:00-04:00,train
SPY,double_top,0,failed_breakout,37729,,2013-11-05 12:00:00-05:00,short,175.61659712745745,0.9373482234382209,176.59921185115047,175.51265177656177,37650,37729,2013-10-31 11:45:00-04:00,2013-11-05 12:00:00-05:00,train
SPY,double_top,0,failed_breakout,37752,,2013-11-06 11:15:00-05:00,short,176.25397611874476,0.3191630225506117,176.59921185115047,176.47083697744938,37673,37752,2013-11-01 11:00:00-04:00,2013-11-06 11:15:00-05:00,train
SPY,double_top,0,failed_breakout,37783,,2013-11-07 12:30:00-05:00,short,176.50144640970143,0.3241285916340644,177.10408357123077,176.16587140836594,37704,37783,2013-11-04 12:15:00-05:00,2013-11-07 12:30:00-05:00,train
SPY,double_top,0,near_miss,37885,,2013-11-13 12:00:00-05:00,short,176.66184248261408,0.3757139926725017,177.29807651088643,176.5242860073275,37806,37885,2013-11-08 11:45:00-05:00,2013-11-13 12:00:00-05:00,train
SPY,double_top,0,failed_breakout,37975,,2013-11-18 15:00:00-05:00,short,179.4981113462476,0.3334375852980429,180.14933014313598,179.46656241470197,37896,37975,2013-11-13 14:45:00-05:00,2013-11-18 15:00:00-05:00,train
SPY,double_top,0,near_miss,37983,,2013-11-19 10:30:00-05:00,short,180.1406883198573,0.029968538028015246,180.19198357263465,179.51003146197198,37904,37983,2013-11-14 10:15:00-05:00,2013-11-19 10:30:00-05:00,train
SPY,double_top,0,near_miss,37995,,2013-11-19 13:30:00-05:00,short,179.57871361245503,0.30851598204316133,180.19198357263465,178.58148401795683,37916,37995,2013-11-14 13:15:00-05:00,2013-11-19 13:30:00-05:00,train
SPY,double_top,0,near_miss,38002,,2013-11-19 15:15:00-05:00,short,179.47077340823284,0.06715332225593329,179.5824756163617,179.23284667774408,37923,38002,2013-11-14 15:00:00-05:00,2013-11-19 15:15:00-05:00,train
SPY,double_top,0,near_miss,38013,,2013-11-20 11:30:00-05:00,short,179.11660926020537,0.1941961083012984,179.49337784461582,179.3158038916987,37934,38013,2013-11-15 11:15:00-05:00,2013-11-20 11:30:00-05:00,train
SPY,double_top,0,near_miss,38028,,2013-11-20 15:15:00-05:00,short,179.10173509946372,0.17968062482668756,179.43459855618332,178.0403193751733,37949,38028,2013-11-15 15:00:00-05:00,2013-11-20 15:15:00-05:00,train
SPY,double_top,0,near_miss,38155,,2013-11-27 14:30:00-05:00,short,180.8987933730864,0.09662740466211517,181.09107874642504,180.8333725953379,38076,38155,2013-11-22 14:15:00-05:00,2013-11-27 14:30:00-05:00,train
SPY,double_top,0,near_miss,38183,,2013-12-02 11:30:00-05:00,short,180.90872196992763,0.41620442876052266,181.55877405095123,180.59379557123947,38104,38183,2013-11-25 14:45:00-05:00,2013-12-02 11:30:00-05:00,train
SPY,double_top,1,confirmed_breakout,38201,38202.0,2013-12-02 16:00:00-05:00,short,181.06392712092577,0.31862889924383353,181.55877405095123,179.71137110075617,38122,38201,2013-11-26 12:45:00-05:00,2013-12-02 16:00:00-05:00,train
SPY,double_top,0,near_miss,38237,,2013-12-04 12:00:00-05:00,short,179.54860093379082,0.8503304573446542,181.20633798938798,179.13966954265535,38158,38237,2013-11-27 15:15:00-05:00,2013-12-04 12:00:00-05:00,train
SPY,double_top,0,near_miss,38247,,2013-12-04 14:30:00-05:00,short,179.54075395915214,0.2541892183559469,179.99836156213323,178.90581078164405,38168,38247,2013-11-29 11:15:00-05:00,2013-12-04 14:30:00-05:00,train
SPY,double_top,0,failed_breakout,38266,,2013-12-05 12:45:00-05:00,short,179.24630287830857,0.47729614915604657,179.99836156213323,178.91270385084394,38187,38266,2013-12-02 12:30:00-05:00,2013-12-05 12:45:00-05:00,train
SPY,double_top,0,near_miss,38278,,2013-12-05 15:45:00-05:00,short,179.28456458007238,0.10686792266471912,179.44883649279603,178.89313207733528,38199,38278,2013-12-02 15:30:00-05:00,2013-12-05 15:45:00-05:00,train
SPY,double_top,0,near_miss,38312,,2013-12-09 11:15:00-05:00,short,179.06815282395007,1.0505911427998456,180.90345942082166,180.43940885720016,38233,38312,2013-12-04 11:00:00-05:00,2013-12-09 11:15:00-05:00,train
SPY,double_top,0,failed_breakout,38334,,2013-12-10 10:15:00-05:00,short,180.87793590388424,0.3060480175680311,181.46450842208287,180.92395198243196,38255,38334,2013-12-05 10:00:00-05:00,2013-12-10 10:15:00-05:00,train
SPY,double_top,1,confirmed_breakout,38360,38361.0,2013-12-11 10:15:00-05:00,short,180.89109853536047,0.2982971027028043,181.46450842208287,179.40170289729718,38281,38360,2013-12-06 10:00:00-05:00,2013-12-11 10:15:00-05:00,train
SPY,double_top,0,near_miss,38417,,2013-12-13 11:30:00-05:00,short,178.21807371309725,1.461356491002391,180.91428285404365,176.5386435089976,38338,38417,2013-12-10 11:15:00-05:00,2013-12-13 11:30:00-05:00,train
SPY,double_top,0,near_miss,38437,,2013-12-16 10:00:00-05:00,short,178.12283518004557,0.22691149720935755,178.44457755415564,179.47308850279063,38358,38437,2013-12-11 09:45:00-05:00,2013-12-16 10:00:00-05:00,train
SPY,double_top,0,near_miss,38459,,2013-12-16 15:30:00-05:00,short,178.16566404197386,0.6022609916132069,179.28093426681994,178.7077390083868,38380,38459,2013-12-11 15:15:00-05:00,2013-12-16 15:30:00-05:00,train
SPY,double_top,0,near_miss,38470,,2013-12-17 11:45:00-05:00,short,179.2476798031603,0.07326090356625059,179.36094714663318,178.31673909643374,38391,38470,2013-12-12 11:30:00-05:00,2013-12-17 11:45:00-05:00,train
SPY,double_top,0,near_miss,38495,,2013-12-18 11:30:00-05:00,short,178.61725842402586,0.46442385726464863,179.36094714663318,178.28557614273535,38416,38495,2013-12-13 11:15:00-05:00,2013-12-18 11:30:00-05:00,train
SPY,double_top,0,near_miss,38502,,2013-12-18 13:15:00-05:00,short,178.78844345012902,0.05004768024792838,178.87456484480612,177.89995231975206,38423,38502,2013-12-13 13:00:00-05:00,2013-12-18 13:15:00-05:00,train
SPY,double_top,0,near_miss,38549,,2013-12-20 12:00:00-05:00,short,178.41599466712108,1.7688728484790488,181.49517018639415,179.98112715152095,38470,38549,2013-12-17 11:45:00-05:00,2013-12-20 12:00:00-05:00,train
SPY,double_top,0,near_miss,38572,,2013-12-24 11:15:00-05:00,short,181.3944054244846,0.27853881375943956,181.8507182900939,182.60146118624056,38493,38572,2013-12-18 11:00:00-05:00,2013-12-24 11:15:00-05:00,train
SPY,double_top,0,failed_breakout,38619,,2013-12-27 13:00:00-05:00,short,181.7848849064837,1.1055793557847267,183.93021023444294,182.63442064421528,38540,38619,2013-12-20 09:45:00-05:00,2013-12-27 13:00:00-05:00,train
SPY,double_top,0,near_miss,38636,,2013-12-30 10:45:00-05:00,short,183.80230149855896,0.07318624160404852,183.93021023444294,183.63681375839596,38557,38636,2013-12-20 14:00:00-05:00,2013-12-30 10:45:00-05:00,train
SPY,double_top,0,near_miss,38649,,2013-12-30 14:00:00-05:00,short,183.74521721199713,0.039080853032402274,183.8207652458831,183.63091914696759,38570,38649,2013-12-24 10:45:00-05:00,2013-12-30 14:00:00-05:00,train
SPY,double_top,0,near_miss,38685,,2014-01-02 10:00:00-05:00,short,183.67932100915908,0.3734082883184726,184.35762771077918,183.18659171168153,38606,38685,2013-12-27 09:45:00-05:00,2014-01-02 10:00:00-05:00,train
SPY,double_top,0,near_miss,38693,,2014-01-02 12:00:00-05:00,short,184.20771052096526,0.09128317137393083,184.35762771077918,182.92871682862608,38614,38693,2013-12-27 11:45:00-05:00,2014-01-02 12:00:00-05:00,train
SPY,double_top,0,near_miss,38726,,2014-01-03 13:45:00-05:00,short,182.89778802827587,0.8360079988419784,184.24035967389923,181.93399200115803,38647,38726,2013-12-30 13:30:00-05:00,2014-01-03 13:45:00-05:00,train
SPY,double_top,0,failed_breakout,38744,,2014-01-06 11:45:00-05:00,short,182.89716809768083,0.2510945004983114,183.22723238033646,181.9689054995017,38665,38744,2013-12-31 11:30:00-05:00,2014-01-06 11:45:00-05:00,train
SPY,double_top,0,near_miss,38788,,2014-01-08 09:45:00-05:00,short,182.38100116190475,0.9090692402790523,183.51084798834574,182.55093075972096,38709,38788,2014-01-02 16:00:00-05:00,2014-01-08 09:45:00-05:00,train
SPY,double_top,0,near_miss,38796,,2014-01-08 11:45:00-05:00,short,183.46029137215874,0.047545526556120876,183.51084798834574,183.6324544734439,38717,38796,2014-01-03 11:30:00-05:00,2014-01-08 11:45:00-05:00,train
SPY,double_top,0,near_miss,38803,,2014-01-08 13:30:00-05:00,short,183.45647407170267,0.04718633323503241,183.50482580908394,183.43281366676496,38724,38803,2014-01-03 13:15:00-05:00,2014-01-08 13:30:00-05:00,train
SPY,double_top,0,near_miss,38812,,2014-01-08 15:45:00-05:00,short,183.4916975801107,0.034380848401525554,183.549661856233,183.28561915159847,38733,38812,2014-01-03 15:30:00-05:00,2014-01-08 15:45:00-05:00,train
SPY,double_top,0,near_miss,38827,,2014-01-09 13:00:00-05:00,short,183.3906843143484,0.16126205306102293,183.55423087858583,183.42873794693898,38748,38827,2014-01-06 12:45:00-05:00,2014-01-09 13:00:00-05:00,train
SPY,double_top,0,near_miss,38840,,2014-01-10 09:45:00-05:00,short,183.27950242710304,0.17834661950629993,183.55423087858583,183.5816533804937,38761,38840,2014-01-06 16:00:00-05:00,2014-01-10 09:45:00-05:00,train
SPY,double_top,0,near_miss,38851,,2014-01-10 12:30:00-05:00,short,183.3340477679905,0.11832743310458227,183.54328318755734,183.28167256689542,38772,38851,2014-01-07 12:15:00-05:00,2014-01-10 12:30:00-05:00,train
SPY,double_top,1,confirmed_breakout,38884,38885.0,2014-01-13 14:15:00-05:00,short,183.3573888169156,0.3850698751041932,183.94163419648225,182.0249301248958,38805,38884,2014-01-08 14:00:00-05:00,2014-01-13 14:15:00-05:00,train
SPY,double_top,0,near_miss,38943,,2014-01-15 16:00:00-05:00,short,182.16256075220977,2.1026963761632658,184.58888006026382,182.56730362383672,38864,38943,2014-01-10 15:45:00-05:00,2014-01-15 16:00:00-05:00,train
SPY,double_top,0,near_miss,38953,,2014-01-16 12:00:00-05:00,short,184.5715067486144,0.048461406392959816,184.65105624975092,184.23153859360704,38874,38953,2014-01-13 11:45:00-05:00,2014-01-16 12:00:00-05:00,train
SPY,double_top,0,near_miss,38979,,2014-01-17 12:00:00-05:00,short,184.21534359495894,0.2591098652320909,184.65105624975092,184.0208901347679,38900,38979,2014-01-14 11:45:00-05:00,2014-01-17 12:00:00-05:00,train
SPY,double_top,0,near_miss,38993,,2014-01-17 15:30:00-05:00,short,184.18969743972104,0.09257796821827924,184.29785067063114,183.49742203178172,38914,38993,2014-01-14 15:15:00-05:00,2014-01-17 15:30:00-05:00,train
SPY,double_top,0,near_miss,39011,,2014-01-21 13:30:00-05:00,short,183.8591999948341,0.2865061069784929,184.26670014524748,183.5634938930215,38932,39011,2014-01-15 13:15:00-05:00,2014-01-21 13:30:00-05:00,train
SPY,double_top,0,near_miss,39036,,2014-01-22 13:15:00-05:00,short,183.6331693245941,0.4551654591345766,184.15195750907964,184.00483454086543,38957,39036,2014-01-16 13:00:00-05:00,2014-01-22 13:15:00-05:00,train
SPY,double_top,1,confirmed_breakout,39047,39048.0,2014-01-22 16:00:00-05:00,short,184.13099265909517,0.12452220464967922,184.35907221841006,182.96547779535032,38968,39047,2014-01-16 15:45:00-05:00,2014-01-22 16:00:00-05:00,train
SPY,double_top,1,confirmed_breakout,39154,39155.0,2014-01-29 10:15:00-05:00,short,178.77743457310677,0.1518304022477821,179.01073482081287,177.65816959775222,39075,39154,2014-01-24 10:00:00-05:00,2014-01-29 10:15:00-05:00,train
SPY,double_top,0,near_miss,39212,,2014-01-31 11:45:00-05:00,short,177.5869779968649,1.6459968933776281,179.45521495967222,176.85400310662237,39133,39212,2014-01-28 11:30:00-05:00,2014-01-31 11:45:00-05:00,train
SPY,double_top,1,confirmed_breakout,39231,39232.0,2014-02-03 10:00:00-05:00,short,178.24072203069937,0.8661683896809791,179.45521495967222,175.803831610319,39152,39231,2014-01-29 09:45:00-05:00,2014-02-03 10:00:00-05:00,train
SPY,double_top,0,failed_breakout,39282,,2014-02-05 09:45:00-05:00,short,174.47671229796597,2.6068412620230106,178.7585658810885,172.223158737977,39203,39282,2014-01-30 16:00:00-05:00,2014-02-05 09:45:00-05:00,train
SPY,double_top,0,near_miss,39288,,2014-02-05 11:15:00-05:00,short,175.39080297562464,0.03235252931727928,175.43776977099432,174.20764747068273,39209,39288,2014-01-31 11:00:00-05:00,2014-02-05 11:15:00-05:00,train
SPY,double_top,0,failed_breakout,39428,,2014-02-12 13:45:00-05:00,short,179.5450178902191,1.365603086469747,182.24803713938962,180.90439691353026,39349,39428,2014-02-07 13:30:00-05:00,2014-02-12 13:45:00-05:00,train
SPY,double_top,0,failed_breakout,39439,,2014-02-13 10:00:00-05:00,short,182.10706067808255,0.09371873683087983,182.24803713938962,181.45628126316913,39360,39439,2014-02-10 09:45:00-05:00,2014-02-13 10:00:00-05:00,train
SPY,double_top,0,near_miss,39534,,2014-02-19 14:15:00-05:00,short,184.31585933657206,0.13521041227113528,184.55985422346575,184.04478958772887,39455,39534,2014-02-13 14:00:00-05:00,2014-02-19 14:15:00-05:00,train
SPY,double_top,0,near_miss,39589,,2014-02-21 15:00:00-05:00,short,183.4252259224327,1.1556317440413295,184.60186110948231,182.99436825595868,39510,39589,2014-02-18 14:45:00-05:00,2014-02-21 15:00:00-05:00,train
SPY,double_top,0,near_miss,39624,,2014-02-25 10:45:00-05:00,short,184.2638691998544,0.9707209425775432,185.8568976653248,183.95927905742246,39545,39624,2014-02-20 10:30:00-05:00,2014-02-25 10:45:00-05:00,train
SPY,double_top,0,failed_breakout,39638,,2014-02-25 14:15:00-05:00,short,185.03205798682674,0.44401267238063724,185.8568976653248,184.52598732761936,39559,39638,2014-02-20 14:00:00-05:00,2014-02-25 14:15:00-05:00,train
SPY,double_top,0,near_miss,39646,,2014-02-26 09:45:00-05:00,short,185.07625506179,0.03606803484859711,185.1294025401872,184.9139319651514,39567,39646,2014-02-20 16:00:00-05:00,2014-02-26 09:45:00-05:00,train
SPY,double_top,0,near_miss,39672,,2014-02-27 09:45:00-05:00,short,184.84186464020436,0.3919460505825043,185.33821884138658,184.3780539494175,39593,39672,2014-02-21 16:00:00-05:00,2014-02-27 09:45:00-05:00,train
SPY,double_top,0,failed_breakout,39725,,2014-03-03 10:00:00-05:00,short,184.74400909681677,1.395478630085762,186.94075661241845,183.75452136991424,39646,39725,2014-02-26 09:45:00-05:00,2014-03-03 10:00:00-05:00,train
SPY,double_top,0,failed_breakout,39755,,2014-03-04 11:00:00-05:00,short,184.55110805711183,1.2825250726018567,186.94075661241845,186.12747492739814,39676,39755,2014-02-27 10:45:00-05:00,2014-03-04 11:00:00-05:00,train
SPY,double_top,0,near_miss,39792,,2014-03-05 13:45:00-05:00,short,184.7168678859711,1.5351012946332787,187.77742871419986,186.24489870536672,39713,39792,2014-02-28 13:30:00-05:00,2014-03-05 13:45:00-05:00,train
SPY,double_top,0,near_miss,39802,,2014-03-06 09:45:00-05:00,short,187.73695893899858,0.037582232050255016,187.77742871419986,188.39241776794975,39723,39802,2014-02-28 16:00:00-05:00,2014-03-06 09:45:00-05:00,train
SPY,double_top,0,near_miss,39826,,2014-03-06 15:45:00-05:00,short,187.68686346324043,0.41798843257240037,188.43805016372784,187.8120115674276,39747,39826,2014-03-03 15:30:00-05:00,2014-03-06 15:45:00-05:00,train
SPY,double_top,0,failed_breakout,39865,,2014-03-10 12:30:00-04:00,short,187.90101605524526,0.30466746995543303,188.43805016372784,187.42533253004456,39786,39865,2014-03-05 12:15:00-05:00,2014-03-10 12:30:00-04:00,train
SPY,double_top,0,near_miss,39897,,2014-03-11 14:00:00-04:00,short,187.70852929377918,0.3641530222971596,188.17204774547906,187.38584697770284,39818,39897,2014-03-06 13:45:00-05:00,2014-03-11 14:00:00-04:00,train
SPY,double_top,0,near_miss,39929,,2014-03-12 15:30:00-04:00,short,186.8204418391579,0.7375005873138889,188.17204774547906,186.10249941268611,39850,39929,2014-03-07 15:15:00-05:00,2014-03-12 15:30:00-04:00,train
SPY,double_top,0,near_miss,39936,,2014-03-13 10:45:00-04:00,short,186.93250482706407,0.03062271978217268,186.98241798622794,187.14937728021783,39857,39936,2014-03-10 10:30:00-04:00,2014-03-13 10:45:00-04:00,train
SPY,double_top,1,confirmed_breakout,39943,39944.0,2014-03-13 12:30:00-04:00,short,186.95955391666965,0.154890790233992,187.24647142757934,185.86510920976602,39864,39943,2014-03-10 12:15:00-04:00,2014-03-13 12:30:00-04:00,train
SPY,double_top,0,near_miss,39971,,2014-03-14 13:00:00-04:00,short,185.29945564017302,0.9784255994099738,187.24647142757934,184.42157440059003,39892,39971,2014-03-11 12:45:00-04:00,2014-03-14 13:00:00-04:00,train
SPY,double_top,0,near_miss,39982,,2014-03-14 15:45:00-04:00,short,185.15210663706895,0.12565720015228976,185.30929105158668,184.6543427998477,39903,39982,2014-03-11 15:30:00-04:00,2014-03-14 15:45:00-04:00,train
SPY,double_top,0,near_miss,40017,,2014-03-18 11:30:00-04:00,short,184.88411899261615,0.9425121287084721,186.40702561979342,186.60748787129154,39938,40017,2014-03-13 11:15:00-04:00,2014-03-18 11:30:00-04:00,train
SPY,double_top,0,near_miss,40052,,2014-03-19 13:45:00-04:00,short,186.3880552915115,0.6891952035855979,187.7474753704008,187.0808047964144,39973,40052,2014-03-14 13:30:00-04:00,2014-03-19 13:45:00-04:00,train
SPY,double_top,0,near_miss,40063,,2014-03-20 10:00:00-04:00,short,187.69475671788027,0.05343304066937549,187.7489041466985,186.23656695933062,39984,40063,2014-03-17 09:45:00-04:00,2014-03-20 10:00:00-04:00,train
SPY,double_top,0,near_miss,40093,,2014-03-21 11:00:00-04:00,short,186.8417933620255,0.8507096229266153,187.7489041466985,186.9192903770734,40014,40093,2014-03-18 10:45:00-04:00,2014-03-21 11:00:00-04:00,train
SPY,double_top,0,near_miss,40099,,2014-03-21 12:30:00-04:00,short,187.61283934014904,0.03455258682328122,187.6586820307389,187.65544741317672,40020,40099,2014-03-18 12:15:00-04:00,2014-03-21 12:30:00-04:00,train
SPY,double_top,0,near_miss,40109,,2014-03-21 15:00:00-04:00,short,187.62177759112123,0.06986924884918722,187.72461164920196,186.58013075115082,40030,40109,2014-03-18 14:45:00-04:00,2014-03-21 15:00:00-04:00,train
SPY,double_top,0,near_miss,40241,,2014-03-28 15:30:00-04:00,short,184.5490129255318,1.8180804854129065,186.71254767396354,183.5019195145871,40162,40241,2014-03-25 15:15:00-04:00,2014-03-28 15:30:00-04:00,train
SPY,double_top,0,failed_breakout,40293,,2014-04-01 15:30:00-04:00,short,185.46991669059148,1.3956251149363936,187.70944446312987,186.7343748850636,40214,40293,2014-03-27 15:15:00-04:00,2014-04-01 15:30:00-04:00,train
SPY,double_top,0,failed_breakout,40320,,2014-04-02 15:45:00-04:00,short,187.69769356971787,0.5060377121038471,188.69801810051356,188.60396228789617,40241,40320,2014-03-28 15:30:00-04:00,2014-04-02 15:45:00-04:00,train
SPY,double_top,0,failed_breakout,40335,,2014-04-03 13:00:00-04:00,short,188.5918995579631,0.18513895623172516,188.85605892787606,188.16486104376827,40256,40335,2014-03-31 12:45:00-04:00,2014-04-03 13:00:00-04:00,train
SPY,double_top,0,near_miss,40363,,2014-04-04 13:30:00-04:00,short,188.46492979452634,0.40332866402962964,188.88045798923588,186.72667133597037,40284,40363,2014-04-01 13:15:00-04:00,2014-04-04 13:30:00-04:00,train
SPY,double_top,0,near_miss,40408,,2014-04-08 11:45:00-04:00,short,184.47001863603583,2.260369890638742,188.88045798923588,182.56963010936127,40329,40408,2014-04-03 11:30:00-04:00,2014-04-08 11:45:00-04:00,train
SPY,double_top,0,near_miss,40428,,2014-04-09 10:15:00-04:00,short,184.39432796349243,0.3986734246516619,185.00568371217486,184.74132657534832,40349,40428,2014-04-04 10:00:00-04:00,2014-04-09 10:15:00-04:00,train
SPY,double_top,0,near_miss,40465,,2014-04-10 13:00:00-04:00,short,184.95043310058338,0.926480040027343,186.74814256904662,183.48351995997265,40386,40465,2014-04-07 12:45:00-04:00,2014-04-10 13:00:00-04:00,train
SPY,double_top,0,failed_breakout,40545,,2014-04-15 13:30:00-04:00,short,182.4587443279234,0.5219210618096781,182.99390939449643,181.68807893819033,40466,40545,2014-04-10 13:15:00-04:00,2014-04-15 13:30:00-04:00,train
SPY,double_top,0,failed_breakout,40665,,2014-04-23 11:00:00-04:00,short,186.60768841899315,0.8428794274264249,188.23312656379102,186.88712057257356,40586,40665,2014-04-17 10:45:00-04:00,2014-04-23 11:00:00-04:00,train
SPY,double_top,1,confirmed_breakout,40711,40716.0,2014-04-24 16:00:00-04:00,short,187.51484811476055,0.599365815200855,188.23312656379102,185.93063418479915,40632,40711,2014-04-21 15:45:00-04:00,2014-04-24 16:00:00-04:00,train
SPY,double_top,0,failed_breakout,40840,,2014-05-01 15:45:00-04:00,short,188.17293479256077,0.1721035307967611,188.49130638940107,187.87789646920325,40761,40840,2014-04-28 15:30:00-04:00,2014-05-01 15:45:00-04:00,train
SPY,double_top,0,near_miss,40856,,2014-05-02 13:15:00-04:00,short,188.22603422205518,0.2636859012000343,188.49130638940107,188.03631409879998,40777,40856,2014-04-29 13:00:00-04:00,2014-05-02 13:15:00-04:00,train
SPY,double_top,0,near_miss,40865,,2014-05-02 15:30:00-04:00,short,188.40472890789493,0.046749868526376304,188.48813385710937,188.01325013147363,40786,40865,2014-04-29 15:15:00-04:00,2014-05-02 15:30:00-04:00,train
SPY,double_top,0,failed_breakout,41000,,2014-05-12 10:15:00-04:00,short,187.241179771414,0.8818846656293999,188.6801484906477,188.5281153343706,40921,41000,2014-05-07 10:00:00-04:00,2014-05-12 10:15:00-04:00,train
SPY,double_top,0,near_miss,41041,,2014-05-13 14:00:00-04:00,short,187.53320457444786,1.2726128209817773,190.0456544074202,188.6473871790182,40962,41041,2014-05-08 13:45:00-04:00,2014-05-13 14:00:00-04:00,train
SPY,double_top,0,near_miss,41055,,2014-05-14 11:00:00-04:00,short,189.97140078025382,0.04403352897259083,190.0456544074202,189.4559664710274,40976,41055,2014-05-09 10:45:00-04:00,2014-05-14 11:00:00-04:00,train
SPY,double_top,0,near_miss,41077,,2014-05-15 10:00:00-04:00,short,189.60119513438391,0.19565993826282124,189.9852142110326,187.77434006173718,40998,41077,2014-05-12 09:45:00-04:00,2014-05-15 10:00:00-04:00,train
SPY,double_top,0,near_miss,41113,,2014-05-16 12:30:00-04:00,short,186.90119411700118,1.5057936798903881,189.60849593426084,185.92420632010962,41034,41113,2014-05-13 12:15:00-04:00,2014-05-16 12:30:00-04:00,train
SPY,double_top,0,failed_breakout,41125,,2014-05-16 15:30:00-04:00,short,187.14195698432127,0.11632726521088443,187.311088839542,187.7336727347891,41046,41125,2014-05-13 15:15:00-04:00,2014-05-16 15:30:00-04:00,train
SPY,double_top,0,near_miss,41163,,2014-05-20 12:00:00-04:00,short,187.27000981323135,0.7302227335460998,188.68937625401293,187.5997772664539,41084,41163,2014-05-15 11:45:00-04:00,2014-05-20 12:00:00-04:00,train
SPY,double_top,0,failed_breakout,41282,,2014-05-27 15:45:00-04:00,short,189.79965128189542,0.7400558127204135,191.24095644939112,190.8199441872796,41203,41282,2014-05-21 15:30:00-04:00,2014-05-27 15:45:00-04:00,train
SPY,double_top,0,near_miss,41295,,2014-05-28 12:30:00-04:00,short,191.23783012934578,0.08602108010344978,191.40674596950734,191.40397891989656,41216,41295,2014-05-22 12:15:00-04:00,2014-05-28 12:30:00-04:00,train
SPY,double_top,0,near_miss,41317,,2014-05-29 11:30:00-04:00,short,191.3663148294783,0.1625079931518485,191.65089967575298,191.63749200684816,41238,41317,2014-05-23 11:15:00-04:00,2014-05-29 11:30:00-04:00,train
SPY,double_top,0,near_miss,41357,,2014-05-30 15:00:00-04:00,short,191.63503759199605,0.3987721999238545,192.40260698665705,192.02122780007613,41278,41357,2014-05-27 14:45:00-04:00,2014-05-30 15:00:00-04:00,train
SPY,double_top,0,failed_breakout,41373,,2014-06-02 12:30:00-04:00,short,192.30044364788904,0.14954123750749204,192.49736278413602,192.65045876249252,41294,41373,2014-05-28 12:15:00-04:00,2014-06-02 12:30:00-04:00,train
SPY,double_top,0,near_miss,41393,,2014-06-03 11:00:00-04:00,short,192.43666854080462,0.2114924037311141,192.79895910493548,192.2785075962689,41314,41393,2014-05-29 10:45:00-04:00,2014-06-03 11:00:00-04:00,train
SPY,double_top,0,failed_breakout,41444,,2014-06-05 10:45:00-04:00,short,192.5661092163602,0.4243153956598462,193.16965514982823,192.98568460434015,41365,41444,2014-06-02 10:30:00-04:00,2014-06-05 10:45:00-04:00,train
SPY,double_top,0,failed_breakout,41536,,2014-06-10 14:15:00-04:00,short,195.3708852206021,0.20342856481792637,195.77632054914835,195.1565714351821,41457,41536,2014-06-05 14:00:00-04:00,2014-06-10 14:15:00-04:00,train
SPY,double_top,0,near_miss,41553,,2014-06-11 12:00:00-04:00,short,195.2801931181769,0.09972275988340584,195.3875247344289,194.9502772401166,41474,41553,2014-06-06 11:45:00-04:00,2014-06-11 12:00:00-04:00,train
SPY,double_top,0,near_miss,41579,,2014-06-12 12:00:00-04:00,short,194.79480454061343,0.31670642778919955,195.3875247344289,193.9132935722108,41500,41579,2014-06-09 11:45:00-04:00,2014-06-12 12:00:00-04:00,train
SPY,double_top,0,near_miss,41628,,2014-06-16 11:15:00-04:00,short,193.54982851019625,0.8828047568540001,194.83549720237636,193.197195243146,41549,41628,2014-06-11 11:00:00-04:00,2014-06-16 11:15:00-04:00,train
SPY,double_top,0,failed_breakout,41637,,2014-06-16 13:30:00-04:00,short,193.98672743620764,0.16632093615467625,194.27632741300053,194.2536790638453,41558,41637,2014-06-11 13:15:00-04:00,2014-06-16 13:30:00-04:00,train
SPY,double_top,0,near_miss,41662,,2014-06-17 13:15:00-04:00,short,194.14275748353336,0.16720095387623246,194.34358946181865,194.48279904612377,41583,41662,2014-06-12 13:00:00-04:00,2014-06-17 13:15:00-04:00,train
SPY,double_top,0,near_miss,41687,,2014-06-18 13:00:00-04:00,short,194.32065998471998,0.2832253256541435,194.8641811589296,194.57677467434587,41608,41687,2014-06-13 12:45:00-04:00,2014-06-18 13:00:00-04:00,train
SPY,double_top,0,near_miss,41699,,2014-06-18 16:00:00-04:00,short,194.727031503486,0.07581207302990833,194.8641811589296,196.1741879269701,41620,41699,2014-06-13 15:45:00-04:00,2014-06-18 16:00:00-04:00,train
SPY,double_top,0,near_miss,41722,,2014-06-19 15:15:00-04:00,short,194.71926826093005,0.7346947537964752,196.1664200353509,195.60530524620353,41643,41722,2014-06-16 15:00:00-04:00,2014-06-19 15:15:00-04:00,train
SPY,double_top,0,failed_breakout,41735,,2014-06-20 12:00:00-04:00,short,196.0814219933355,0.12963952773515075,196.2557030067904,195.80036047226486,41656,41735,2014-06-17 11:45:00-04:00,2014-06-20 12:00:00-04:00,train
SPY,double_top,0,near_miss,41761,,2014-06-23 12:00:00-04:00,short,195.833273117458,0.22357318182545782,196.2557030067904,195.39642681817455,41682,41761,2014-06-18 11:45:00-04:00,2014-06-23 12:00:00-04:00,train
SPY,double_top,0,near_miss,41787,,2014-06-24 12:00:00-04:00,short,195.7445279381447,0.0623007893941292,195.85798959177646,196.29769921060588,41708,41787,2014-06-19 11:45:00-04:00,2014-06-24 12:00:00-04:00,train
SPY,double_top,0,near_miss,41800,,2014-06-24 15:15:00-04:00,short,195.74513453906027,0.2564195072185953,196.24744022925654,194.4935804927814,41721,41800,2014-06-19 15:00:00-04:00,2014-06-24 15:15:00-04:00,train
SPY,double_top,0,failed_breakout,41839,,2014-06-26 12:00:00-04:00,short,195.0060047657123,0.8405747259629379,196.24744022925654,194.04942527403705,41760,41839,2014-06-23 11:45:00-04:00,2014-06-26 12:00:00-04:00,train
SPY,double_top,0,near_miss,41939,,2014-07-02 11:00:00-04:00,short,195.8568756501568,0.7824698566271024,197.33451579635192,196.4975301433729,41860,41939,2014-06-27 10:45:00-04:00,2014-07-02 11:00:00-04:00,train
SPY,double_top,0,near_miss,41949,,2014-07-02 13:30:00-04:00,short,197.23566748463668,0.0513063958679254,197.33451579635192,197.16869360413207,41870,41949,2014-06-27 13:15:00-04:00,2014-07-02 13:30:00-04:00,train
SPY,double_top,0,near_miss,41983,,2014-07-07 12:00:00-04:00,short,197.1444673943223,0.49264403356716,198.03479089112165,196.87735596643284,41904,41983,2014-06-30 15:15:00-04:00,2014-07-07 12:00:00-04:00,train
SPY,double_top,1,confirmed_breakout,42001,42002.0,2014-07-08 10:00:00-04:00,short,197.47692842515525,0.28208210285899327,198.03479089112165,196.147917897141,41922,42001,2014-07-01 13:15:00-04:00,2014-07-08 10:00:00-04:00,train
SPY,double_top,0,near_miss,42031,,2014-07-09 11:00:00-04:00,short,196.19056358910308,0.7166445404929789,197.48323016490684,196.09335545950702,41952,42031,2014-07-02 14:15:00-04:00,2014-07-09 11:00:00-04:00,train
SPY,double_top,0,near_miss,42061,,2014-07-10 12:00:00-04:00,short,196.30982552869273,0.35723710295559385,197.00293916901134,195.7927628970444,41982,42061,2014-07-07 11:45:00-04:00,2014-07-10 12:00:00-04:00,train
SPY,double_top,0,near_miss,42081,,2014-07-11 10:30:00-04:00,short,196.10731295106152,0.6113334390072964,197.00293916901134,195.7386665609927,42002,42081,2014-07-08 10:15:00-04:00,2014-07-11 10:30:00-04:00,train
SPY,double_top,0,near_miss,42131,,2014-07-15 10:00:00-04:00,short,196.13402303191572,0.9173546002724038,197.66840165325,196.8126453997276,42052,42131,2014-07-10 09:45:00-04:00,2014-07-15 10:00:00-04:00,train
SPY,double_top,0,near_miss,42141,,2014-07-15 12:30:00-04:00,short,197.6137761205175,0.05390836280508893,197.66840165325,196.7660916371949,42062,42141,2014-07-10 12:15:00-04:00,2014-07-15 12:30:00-04:00,train
SPY,double_top,0,near_miss,42191,,2014-07-17 12:00:00-04:00,short,197.0363315679517,0.7917306653277763,197.98915715316372,196.06826933467224,42112,42191,2014-07-14 11:45:00-04:00,2014-07-17 12:00:00-04:00,train
SPY,double_top,0,failed_breakout,42243,,2014-07-21 12:00:00-04:00,short,196.38792464349717,1.3745425752552478,197.98915715316372,195.62545742474475,42164,42243,2014-07-16 11:45:00-04:00,2014-07-21 12:00:00-04:00,train
SPY,double_top,0,failed_breakout,42289,,2014-07-23 10:30:00-04:00,short,196.90675279349776,1.052797601132653,198.3833235049197,197.50720239886735,42210,42289,2014-07-18 10:15:00-04:00,2014-07-23 10:30:00-04:00,train
SPY,double_top,0,failed_breakout,42307,,2014-07-23 15:00:00-04:00,short,198.28568567871403,0.20732663579835275,198.60270112410504,198.47267336420165,42228,42307,2014-07-18 14:45:00-04:00,2014-07-23 15:00:00-04:00,train
SPY,double_top,0,near_miss,42335,,2014-07-24 15:30:00-04:00,short,198.5728878839506,0.15903127433108466,198.86113719245833,198.43096872566892,42256,42335,2014-07-21 15:15:00-04:00,2014-07-24 15:30:00-04:00,train
SPY,double_top,0,near_miss,42341,,2014-07-25 10:30:00-04:00,short,198.82633169350925,0.02655593847714499,198.86113719245833,198.13344406152285,42262,42341,2014-07-22 10:15:00-04:00,2014-07-25 10:30:00-04:00,train
SPY,double_top,0,near_miss,42383,,2014-07-28 14:30:00-04:00,short,197.24890751112193,0.806546557011842,198.84463807151448,197.05345344298817,42304,42383,2014-07-23 14:15:00-04:00,2014-07-28 14:30:00-04:00,train
SPY,double_top,0,near_miss,42405,,2014-07-29 13:30:00-04:00,short,197.25991380665369,0.4049064998920926,198.06337054833847,197.5750935001079,42326,42405,2014-07-24 13:15:00-04:00,2014-07-29 13:30:00-04:00,train
SPY,double_top,1,confirmed_breakout,42441,42442.0,2014-07-30 16:00:00-04:00,short,196.62988474166255,0.8752993710259318,198.06337054833847,194.50470062897406,42362,42441,2014-07-25 15:45:00-04:00,2014-07-30 16:00:00-04:00,train
SPY,double_top,0,near_miss,42507,,2014-08-04 13:00:00-04:00,short,192.27185104102279,2.5829360380348874,196.9469976770385,190.3670639619651,42428,42507,2014-07-30 12:45:00-04:00,2014-08-04 13:00:00-04:00,train
SPY,double_top,0,failed_breakout,42529,,2014-08-05 12:00:00-04:00,short,192.6254330380781,0.5495098547718271,193.58730930462303,192.43049014522816,42450,42529,2014-07-31 11:45:00-04:00,2014-08-05 12:00:00-04:00,train
SPY,double_top,0,failed_breakout,42569,,2014-08-06 15:30:00-04:00,short,191.92158887868058,1.1061019283666838,193.58730930462303,191.01389807163332,42490,42569,2014-08-01 15:15:00-04:00,2014-08-06 15:30:00-04:00,train
SPY,double_top,0,failed_breakout,42586,,2014-08-07 13:15:00-04:00,short,192.1675091850537,0.2563817770100911,192.4680723094715,191.32361822298992,42507,42586,2014-08-04 13:00:00-04:00,2014-08-07 13:15:00-04:00,train
SPY,double_top,0,failed_breakout,42704,,2014-08-14 10:15:00-04:00,short,193.35169238047385,1.1898937755061354,194.7806042582494,193.93010622449387,42625,42704,2014-08-11 10:00:00-04:00,2014-08-14 10:15:00-04:00,train
SPY,double_top,0,failed_breakout,42742,,2014-08-15 13:15:00-04:00,short,194.76550421452686,0.6059567408807425,195.9623176525658,194.62404325911925,42663,42742,2014-08-12 13:00:00-04:00,2014-08-15 13:15:00-04:00,train
SPY,double_top,0,failed_breakout,42782,,2014-08-19 10:15:00-04:00,short,195.1635159252528,1.4645914073618655,197.2938970126635,196.60540859263813,42703,42782,2014-08-14 10:00:00-04:00,2014-08-19 10:15:00-04:00,train
SPY,double_top,0,failed_breakout,42815,,2014-08-20 12:00:00-04:00,short,197.25539521181634,0.5928155744801984,198.40252455992956,198.0571844255198,42736,42815,2014-08-15 11:45:00-04:00,2014-08-20 12:00:00-04:00,train
SPY,double_top,0,near_miss,42833,,2014-08-21 10:00:00-04:00,short,198.38785601767952,0.15234270844953812,198.67787289232857,199.18765729155047,42754,42833,2014-08-18 09:45:00-04:00,2014-08-21 10:00:00-04:00,train
SPY,double_top,0,near_miss,42866,,2014-08-22 11:45:00-04:00,short,198.63477694258867,0.497220620759407,199.58612223436756,198.6627793792406,42787,42866,2014-08-19 11:30:00-04:00,2014-08-22 11:45:00-04:00,train
SPY,double_top,0,near_miss,42886,,2014-08-25 10:15:00-04:00,short,199.2885345862658,0.20294361592704036,199.58612223436756,199.99705638407295,42807,42886,2014-08-20 10:00:00-04:00,2014-08-25 10:15:00-04:00,train
SPY,double_top,0,near_miss,42905,,2014-08-25 15:00:00-04:00,short,199.32560145321446,0.4885414259192089,200.2314515882492,199.65145857408078,42826,42905,2014-08-20 14:45:00-04:00,2014-08-25 15:00:00-04:00,train
SPY,double_top,0,failed_breakout,42932,,2014-08-26 15:15:00-04:00,short,200.11773730908945,0.2835539733486314,200.57113097662693,200.18644602665137,42853,42932,2014-08-21 15:00:00-04:00,2014-08-26 15:15:00-04:00,train
SPY,double_top,0,failed_breakout,42955,,2014-08-27 14:30:00-04:00,short,200.32768733142618,0.12473557960248627,200.57113097662693,200.2252644203975,42876,42955,2014-08-22 14:15:00-04:00,2014-08-27 14:30:00-04:00,train
SPY,double_top,0,near_miss,42965,,2014-08-28 10:30:00-04:00,short,200.3263451415038,0.015273320734138451,200.34952207904544,199.79472667926586,42886,42965,2014-08-25 10:15:00-04:00,2014-08-28 10:30:00-04:00,train
SPY,double_top,0,near_miss,42992,,2014-08-29 10:45:00-04:00,short,199.92016806163937,0.32401300573590675,200.34952207904544,199.7359869942641,42913,42992,2014-08-26 10:30:00-04:00,2014-08-29 10:45:00-04:00,train
SPY,double_top,0,near_miss,42999,,2014-08-29 12:30:00-04:00,short,200.1292070464511,0.022073922413909486,200.16372188202487,200.4779260775861,42920,42999,2014-08-26 12:15:00-04:00,2014-08-29 12:30:00-04:00,train
SPY,double_top,0,near_miss,43017,,2014-09-02 10:30:00-04:00,short,200.10409281082258,0.2050929451780803,200.45464962997642,200.5549070548219,42938,43017,2014-08-27 10:15:00-04:00,2014-09-02 10:30:00-04:00,train
SPY,double_top,0,near_miss,43030,,2014-09-02 13:45:00-04:00,short,200.42221468227308,0.14367989417212357,200.677139522914,199.81632010582788,42951,43030,2014-08-27 13:30:00-04:00,2014-09-02 13:45:00-04:00,train
SPY,double_top,0,near_miss,43056,,2014-09-03 13:45:00-04:00,short,200.2054310619454,0.5590272240150114,200.8517770490068,200.17097277598498,42977,43056,2014-08-28 13:30:00-04:00,2014-09-03 13:45:00-04:00,train
SPY,double_top,0,failed_breakout,43086,,2014-09-04 14:45:00-04:00,short,200.5534859337854,0.45069621796869797,201.1565872545014,200.0193037820313,43007,43086,2014-08-29 14:30:00-04:00,2014-09-04 14:45:00-04:00,train
SPY,double_top,0,failed_breakout,43130,,2014-09-08 12:45:00-04:00,short,199.96295317438708,1.080412698496474,201.1565872545014,199.74958730150354,43051,43130,2014-09-03 12:30:00-04:00,2014-09-08 12:45:00-04:00,train
SPY,double_top,0,failed_breakout,43153,,2014-09-09 12:00:00-04:00,short,200.42191586368682,0.2773237722236104,200.9301444912657,199.7226762277764,43074,43153,2014-09-04 11:45:00-04:00,2014-09-09 12:00:00-04:00,train
SPY,double_top,0,near_miss,43172,,2014-09-10 10:15:00-04:00,short,199.96838168347904,0.2846840980278387,200.46833478055513,198.93531590197216,43093,43172,2014-09-05 10:00:00-04:00,2014-09-10 10:15:00-04:00,train
SPY,double_top,0,near_miss,43205,,2014-09-11 12:00:00-04:00,short,199.2597168316712,0.7228532143129769,200.03779678245863,199.11714678568703,43126,43205,2014-09-08 11:45:00-04:00,2014-09-11 12:00:00-04:00,train
SPY,double_top,0,failed_breakout,43220,,2014-09-11 15:45:00-04:00,short,199.6888792631542,0.17699272391010368,199.9273433095097,199.9530072760899,43141,43220,2014-09-08 15:30:00-04:00,2014-09-11 15:45:00-04:00,train
SPY,double_top,0,near_miss,43231,,2014-09-12 12:00:00-04:00,short,199.77631978216357,0.12230418750340277,199.992847274715,199.3476958124966,43152,43231,2014-09-09 11:45:00-04:00,2014-09-12 12:00:00-04:00,train
SPY,double_top,0,failed_breakout,43274,,2014-09-16 09:45:00-04:00,short,198.7406657316762,0.6490254086061782,199.992847274715,198.22097459139383,43195,43274,2014-09-10 16:00:00-04:00,2014-09-16 09:45:00-04:00,train
SPY,double_top,0,near_miss,43317,,2014-09-17 14:00:00-04:00,short,198.76423291228474,0.9898438227400277,200.72161846419982,199.71015617725996,43238,43317,2014-09-12 13:45:00-04:00,2014-09-17 14:00:00-04:00,train
SPY,double_top,0,failed_breakout,43354,,2014-09-19 10:15:00-04:00,short,200.50613973789987,0.63463757712492,201.55993616584976,200.73536242287508,43275,43354,2014-09-16 10:00:00-04:00,2014-09-19 10:15:00-04:00,train
SPY,double_top,0,near_miss,43361,,2014-09-19 12:00:00-04:00,short,201.55146475668914,0.037461828815111176,201.61791700515874,200.9525381711849,43282,43361,2014-09-16 11:45:00-04:00,2014-09-19 12:00:00-04:00,train
SPY,double_top,0,near_miss,43386,,2014-09-22 11:45:00-04:00,short,200.746513513324,0.4868288685290736,201.61791700515874,198.74317113147092,43307,43386,2014-09-17 11:30:00-04:00,2014-09-22 11:45:00-04:00,train
SPY,double_top,0,near_miss,43413,,2014-09-23 12:00:00-04:00,short,199.03675204340033,0.9166772159244658,200.8487677585474,197.99332278407553,43334,43413,2014-09-18 11:45:00-04:00,2014-09-23 12:00:00-04:00,train
SPY,double_top,0,near_miss,43465,,2014-09-25 12:00:00-04:00,short,198.1072935769607,1.0812450308444284,199.31898645550808,195.72875496915557,43386,43465,2014-09-22 11:45:00-04:00,2014-09-25 12:00:00-04:00,train
SPY,double_top,0,failed_breakout,43499,,2014-09-26 14:00:00-04:00,short,196.61790015510005,1.431453041721852,199.31898645550808,195.83854695827816,43420,43499,2014-09-23 13:45:00-04:00,2014-09-26 14:00:00-04:00,train
SPY,double_top,0,near_miss,43517,,2014-09-29 12:00:00-04:00,short,196.76675712327258,0.5013746998266981,197.75654370806282,197.1786253001733,43438,43517,2014-09-24 11:45:00-04:00,2014-09-29 12:00:00-04:00,train
SPY,double_top,0,failed_breakout,43527,,2014-09-29 14:30:00-04:00,short,197.3252392907162,0.24645106186866883,197.75654370806282,196.61354893813134,43448,43527,2014-09-24 14:15:00-04:00,2014-09-29 14:30:00-04:00,train
SPY,double_top,0,near_miss,43554,,2014-09-30 14:45:00-04:00,short,197.17567134323474,0.3861001376670572,197.73670596469663,196.57389986233295,43475,43554,2014-09-25 14:30:00-04:00,2014-09-30 14:45:00-04:00,train
SPY,double_top,1,confirmed_breakout,43559,43560.0,2014-09-30 16:00:00-04:00,short,197.1126294581592,0.3224511322137573,197.73670596469663,195.46754886778623,43480,43559,2014-09-25 15:45:00-04:00,2014-09-30 16:00:00-04:00,train
SPY,double_top,1,confirmed_breakout,43663,43664.0,2014-10-06 16:00:00-04:00,short,196.23183550589283,0.39682217312605417,196.9037610162981,194.41317782687395,43584,43663,2014-10-01 15:45:00-04:00,2014-10-06 16:00:00-04:00,train
SPY,double_top,0,near_miss,43797,,2014-10-14 10:30:00-04:00,short,189.97117221726745,1.4830132537447298,192.55330492655798,186.50698674625528,43718,43797,2014-10-09 10:15:00-04:00,2014-10-14 10:30:00-04:00,train
SPY,double_top,0,near_miss,43818,,2014-10-14 15:45:00-04:00,short,188.58826185842813,1.1160370714745795,190.3550660154664,186.71396292852543,43739,43818,2014-10-09 15:30:00-04:00,2014-10-14 15:45:00-04:00,train
SPY,double_top,0,failed_breakout,44007,,2014-10-24 11:00:00-04:00,short,193.3759023090154,1.6458602431756901,195.59606166972205,193.90413975682432,43928,44007,2014-10-21 10:45:00-04:00,2014-10-24 11:00:00-04:00,train
SPY,double_top,0,failed_breakout,44037,,2014-10-27 12:00:00-04:00,short,195.28096675960794,0.5339245174980363,196.03372088448992,195.07607548250198,43958,44037,2014-10-22 11:45:00-04:00,2014-10-27 12:00:00-04:00,train
SPY,double_top,0,failed_breakout,44045,,2014-10-27 14:00:00-04:00,short,195.89766866555698,0.10333706081445371,196.03372088448992,195.82666293918555,43966,44045,2014-10-22 13:45:00-04:00,2014-10-27 14:00:00-04:00,train
SPY,double_top,0,near_miss,44058,,2014-10-28 10:45:00-04:00,short,195.86974255507155,0.08923514362390961,195.9682905682529,197.0307648563761,43979,44058,2014-10-23 10:30:00-04:00,2014-10-28 10:45:00-04:00,train
SPY,double_top,0,near_miss,44099,,2014-10-29 14:30:00-04:00,short,195.9300844513495,1.2864721468946527,198.48344836735026,196.58352785310535,44020,44099,2014-10-24 14:15:00-04:00,2014-10-29 14:30:00-04:00,train
SPY,double_top,0,failed_breakout,44116,,2014-10-30 12:15:00-04:00,short,197.79870423310658,0.3903237974953129,198.48344836735026,198.29967620250468,44037,44116,2014-10-27 12:00:00-04:00,2014-10-30 12:15:00-04:00,train
SPY,double_top,0,near_miss,44136,,2014-10-31 10:45:00-04:00,short,197.8673575619336,0.7018277117984439,199.24376285361058,200.63817228820156,44057,44136,2014-10-28 10:30:00-04:00,2014-10-31 10:45:00-04:00,train
SPY,double_top,0,failed_breakout,44158,,2014-11-03 09:45:00-05:00,short,199.18491937942724,1.0922899006993703,201.31065570664262,200.72771009930062,44079,44158,2014-10-28 16:00:00-04:00,2014-11-03 09:45:00-05:00,train
SPY,double_top,0,failed_breakout,44186,,2014-11-04 10:15:00-05:00,short,201.2696377916724,0.44968855235632077,202.1279969814148,200.94031144764367,44107,44186,2014-10-30 10:00:00-04:00,2014-11-04 10:15:00-05:00,train
SPY,double_top,0,failed_breakout,44235,,2014-11-05 16:00:00-05:00,short,200.76627323626502,1.3451559808683555,202.1279969814148,201.02484401913165,44156,44235,2014-10-31 15:45:00-04:00,2014-11-05 16:00:00-05:00,train
SPY,double_top,0,failed_breakout,44247,,2014-11-06 12:30:00-05:00,short,202.0339347087645,0.12025402786207451,202.21351602040122,202.59974597213792,44168,44247,2014-11-03 12:15:00-05:00,2014-11-06 12:30:00-05:00,train
SPY,double_top,0,near_miss,44290,,2014-11-10 10:15:00-05:00,short,202.19242146983896,0.5961281640251173,203.36358324732691,202.79387183597487,44211,44290,2014-11-05 10:00:00-05:00,2014-11-10 10:15:00-05:00,train
SPY,double_top,0,near_miss,44333,,2014-11-11 14:30:00-05:00,short,203.1860704968636,0.5083286406041054,204.02521502760854,203.4516713593959,44254,44333,2014-11-06 14:15:00-05:00,2014-11-11 14:30:00-05:00,train
SPY,double_top,0,near_miss,44349,,2014-11-12 12:00:00-05:00,short,203.88231869735566,0.09520775817250637,204.02521502760854,203.9547922418275,44270,44349,2014-11-07 11:45:00-05:00,2014-11-12 12:00:00-05:00,train
SPY,double_top,0,near_miss,44369,,2014-11-13 10:30:00-05:00,short,203.72340538629368,0.2492451077084752,204.0154631045565,204.46075489229153,44290,44369,2014-11-10 10:15:00-05:00,2014-11-13 10:30:00-05:00,train
SPY,double_top,0,near_miss,44383,,2014-11-13 14:00:00-05:00,short,203.97917313054793,0.21117202676467173,204.36522721006872,203.37882797323533,44304,44383,2014-11-10 13:45:00-05:00,2014-11-13 14:00:00-05:00,train
SPY,double_top,0,near_miss,44427,,2014-11-17 12:00:00-05:00,short,204.02221676935363,0.19199172505557272,204.36522721006872,203.74800827494443,44348,44427,2014-11-12 11:45:00-05:00,2014-11-17 12:00:00-05:00,train
SPY,double_top,0,near_miss,44433,,2014-11-17 13:30:00-05:00,short,204.0598680004204,0.03653760986372845,204.12962144181856,204.44346239013626,44354,44433,2014-11-12 13:15:00-05:00,2014-11-17 13:30:00-05:00,train
SPY,double_top,0,near_miss,44478,,2014-11-19 11:45:00-05:00,short,204.03894923036478,0.8692867321310018,205.68685048317303,203.970713267869,44399,44478,2014-11-14 11:30:00-05:00,2014-11-19 11:45:00-05:00,train
SPY,double_top,0,failed_breakout,44499,,2014-11-20 10:30:00-05:00,short,204.8439151931821,0.4985108994274299,205.68685048317303,204.64148910057256,44420,44499,2014-11-17 10:15:00-05:00,2014-11-20 10:30:00-05:00,train
SPY,double_top,0,near_miss,44505,,2014-11-20 12:00:00-05:00,short,204.98193595375668,0.029913615135598093,205.02569743573852,205.4900863848644,44426,44505,2014-11-17 11:45:00-05:00,2014-11-20 12:00:00-05:00,train
SPY,double_top,0,failed_breakout,44526,,2014-11-21 10:45:00-05:00,short,204.96394594370005,0.2916709128246566,205.4855362773109,206.88832908717535,44447,44526,2014-11-18 10:30:00-05:00,2014-11-21 10:45:00-05:00,train
SPY,double_top,0,failed_breakout,44542,,2014-11-21 14:45:00-05:00,short,205.44736082193342,0.7004077702279972,206.81000090701195,205.729592229772,44463,44542,2014-11-18 14:30:00-05:00,2014-11-21 14:45:00-05:00,train
SPY,double_top,0,failed_breakout,44570,,2014-11-24 15:15:00-05:00,short,206.4352076167934,0.5125868831013634,207.08558809277758,206.57741311689864,44491,44570,2014-11-19 15:00:00-05:00,2014-11-24 15:15:00-05:00,train
SPY,double_top,0,near_miss,44588,,2014-11-25 13:15:00-05:00,short,207.06671269579695,0.10138866489455722,207.25061462860543,207.25861133510546,44509,44588,2014-11-20 13:00:00-05:00,2014-11-25 13:15:00-05:00,train
SPY,double_top,0,near_miss,44607,,2014-11-26 11:30:00-05:00,short,207.14473616664904,0.1651962859270668,207.36925027654675,207.08480371407293,44528,44607,2014-11-21 11:15:00-05:00,2014-11-26 11:30:00-05:00,train
SPY,double_top,0,near_miss,44644,,2014-12-01 10:45:00-05:00,short,207.27706191475067,0.2371236721141372,207.6591208971829,205.55287632788585,44565,44644,2014-11-24 14:00:00-05:00,2014-12-01 10:45:00-05:00,train
SPY,double_top,0,near_miss,44667,,2014-12-02 10:00:00-05:00,short,205.88660792146598,0.9398424414182216,207.6591208971829,205.37015755858178,44588,44667,2014-11-25 13:15:00-05:00,2014-12-02 10:00:00-05:00,train
SPY,double_top,0,near_miss,44673,,2014-12-02 11:30:00-05:00,short,205.95295392012164,0.03304265738773893,205.99377982858547,206.71695734261226,44594,44673,2014-11-25 14:45:00-05:00,2014-12-02 11:30:00-05:00,train
SPY,double_top,0,near_miss,44728,,2014-12-04 12:15:00-05:00,short,205.94965520380904,0.9339305360473134,207.78895815327942,206.6860694639527,44649,44728,2014-12-01 12:00:00-05:00,2014-12-04 12:15:00-05:00,train
SPY,double_top,0,near_miss,44748,,2014-12-05 10:45:00-05:00,short,207.30301305991304,0.4691338683437607,207.78895815327942,207.56086613165624,44669,44748,2014-12-02 10:30:00-05:00,2014-12-05 10:45:00-05:00,train
SPY,double_top,0,near_miss,44771,,2014-12-08 10:00:00-05:00,short,207.64737637441746,0.34810275151039605,208.23562254862156,207.5418972484896,44692,44771,2014-12-03 09:45:00-05:00,2014-12-08 10:00:00-05:00,train
SPY,double_top,0,failed_breakout,44831,,2014-12-10 12:00:00-05:00,short,204.95383461388596,2.1732806551320607,208.23562254862156,203.10671934486794,44752,44831,2014-12-05 11:45:00-05:00,2014-12-10 12:00:00-05:00,train
SPY,double_top,1,confirmed_breakout,44874,44879.0,2014-12-12 09:45:00-05:00,short,203.8556949657959,2.0406715293827062,206.01860798941445,200.21932847061728,44795,44874,2014-12-08 16:00:00-05:00,2014-12-12 09:45:00-05:00,train
SPY,double_top,1,confirmed_breakout,44897,44898.0,2014-12-12 15:30:00-05:00,short,202.50153404634216,1.6934652028256778,205.77412500094277,199.76653479717433,44818,44897,2014-12-09 15:15:00-05:00,2014-12-12 15:30:00-05:00,train
SPY,double_top,0,failed_breakout,45045,,2014-12-22 13:30:00-05:00,short,206.06475887838644,0.4266071030845069,206.78373644619046,206.4833928969155,44966,45045,2014-12-17 13:15:00-05:00,2014-12-22 13:30:00-05:00,train
SPY,double_top,0,failed_breakout,45103,,2014-12-26 11:30:00-05:00,short,206.7062520898436,0.772236475505423,208.17324068450756,207.8077635244946,45024,45103,2014-12-19 14:45:00-05:00,2014-12-26 11:30:00-05:00,train
SPY,double_top,0,near_miss,45129,,2014-12-29 11:30:00-05:00,short,208.13756319452784,0.3031389476487334,208.70816359984556,208.57686105235126,45050,45129,2014-12-22 14:45:00-05:00,2014-12-29 11:30:00-05:00,train
SPY,double_top,0,near_miss,45142,,2014-12-29 14:45:00-05:00,short,208.67233152437592,0.08650950870645602,208.8095184663192,208.68349049129355,45063,45142,2014-12-23 11:30:00-05:00,2014-12-29 14:45:00-05:00,train
SPY,double_top,0,near_miss,45156,,2014-12-30 11:45:00-05:00,short,208.75219478216732,0.04733263065233473,208.8095184663192,207.93266736934766,45077,45156,2014-12-23 15:00:00-05:00,2014-12-30 11:45:00-05:00,train
SPY,double_top,0,near_miss,45193,,2014-12-31 14:30:00-05:00,short,207.76608796159957,0.5756183856465782,208.7895363593201,206.03438161435344,45114,45193,2014-12-26 14:15:00-05:00,2014-12-31 14:30:00-05:00,train
SPY,double_top,0,near_miss,45235,,2015-01-05 12:00:00-05:00,short,204.83298467076105,1.6206670598787412,207.89387633517217,201.06933294012126,45156,45235,2014-12-30 11:45:00-05:00,2015-01-05 12:00:00-05:00,train
SPY,double_top,0,near_miss,45265,,2015-01-06 13:00:00-05:00,short,201.78176175763736,1.703432543953511,205.01342712610742,198.4065674560465,45186,45265,2014-12-31 12:45:00-05:00,2015-01-06 13:00:00-05:00,train
SPY,double_top,0,near_miss,45364,,2015-01-12 11:45:00-05:00,short,204.39027608515406,0.7870670325073092,205.82567896618232,202.2629329674927,45285,45364,2015-01-07 11:30:00-05:00,2015-01-12 11:45:00-05:00,train
SPY,double_top,0,near_miss,45402,,2015-01-13 14:45:00-05:00,short,202.52712501140957,2.015934887267349,204.55711252821345,199.68406511273264,45323,45402,2015-01-08 14:30:00-05:00,2015-01-13 14:45:00-05:00,train
SPY,double_top,0,failed_breakout,45450,,2015-01-15 13:45:00-05:00,short,199.52359586224821,2.949696899488174,204.55711252821345,196.20030310051183,45371,45450,2015-01-12 13:30:00-05:00,2015-01-15 13:45:00-05:00,train
SPY,double_top,1,confirmed_breakout,45461,45462.0,2015-01-16 10:00:00-05:00,short,199.61437014693618,0.40688671673453314,200.38947299525935,198.16311328326546,45382,45461,2015-01-13 09:45:00-05:00,2015-01-16 10:00:00-05:00,train
SPY,double_top,0,near_miss,45499,,2015-01-20 13:00:00-05:00,short,199.3910761177525,0.9841536473344377,201.09741879809184,199.95584635266556,45420,45499,2015-01-14 12:45:00-05:00,2015-01-20 13:00:00-05:00,train
SPY,double_top,0,failed_breakout,45536,,2015-01-21 15:45:00-05:00,short,200.83263895291455,1.2301178808505426,203.02809486943832,201.83988211914945,45457,45536,2015-01-15 15:30:00-05:00,2015-01-21 15:45:00-05:00,train
SPY,double_top,0,failed_breakout,45593,,2015-01-26 10:30:00-05:00,short,202.71288374470856,1.7113895625525402,205.82045174508386,202.84861043744746,45514,45593,2015-01-21 10:15:00-05:00,2015-01-26 10:30:00-05:00,train
SPY,double_top,0,near_miss,45625,,2015-01-27 12:00:00-05:00,short,204.86513936250734,0.6455129812736402,205.82045174508386,201.82448701872636,45546,45625,2015-01-22 11:45:00-05:00,2015-01-27 12:00:00-05:00,train
SPY,double_top,0,near_miss,45648,,2015-01-28 11:15:00-05:00,short,202.82404828789979,1.494061942840176,205.2008529424781,200.87593805715983,45569,45648,2015-01-23 11:00:00-05:00,2015-01-28 11:15:00-05:00,train
SPY,double_top,1,confirmed_breakout,45655,45661.0,2015-01-28 13:00:00-05:00,short,203.3230283388342,0.10605587707865993,203.43536751900183,201.91394412292135,45576,45655,2015-01-23 12:45:00-05:00,2015-01-28 13:00:00-05:00,train
SPY,double_top,1,confirmed_breakout,45663,45664.0,2015-01-28 15:00:00-05:00,short,202.92015126565897,0.28469164057932517,203.4228009128239,201.36530835942068,45584,45663,2015-01-23 14:45:00-05:00,2015-01-28 15:00:00-05:00,train
SPY,double_top,0,near_miss,45705,,2015-01-30 12:30:00-05:00,short,199.77420181435778,2.356971697606923,202.98688489965272,198.9130283023931,45626,45705,2015-01-27 12:15:00-05:00,2015-01-30 12:30:00-05:00,train
SPY,double_top,1,confirmed_breakout,45716,45718.0,2015-01-30 15:15:00-05:00,short,200.70781384696704,0.31601566603592346,201.2754621242767,199.37398433396407,45637,45716,2015-01-27 15:00:00-05:00,2015-01-30 15:15:00-05:00,train
SPY,double_top,0,near_miss,45724,,2015-02-02 10:45:00-05:00,short,200.7141404252685,0.2160809063466047,201.088245761501,198.73391909365338,45645,45724,2015-01-28 10:30:00-05:00,2015-02-02 10:45:00-05:00,train
SPY,double_top,0,near_miss,45742,,2015-02-02 15:15:00-05:00,short,199.46802417053274,0.972671868747824,201.088245761501,199.3273281312522,45663,45742,2015-01-28 15:00:00-05:00,2015-02-02 15:15:00-05:00,train
SPY,double_top,0,near_miss,45793,,2015-02-04 15:00:00-05:00,short,199.5628672900758,2.625285789030073,204.58315984115166,201.97471421096992,45714,45793,2015-01-30 14:45:00-05:00,2015-02-04 15:00:00-05:00,train
SPY,double_top,0,near_miss,45798,,2015-02-05 09:45:00-05:00,short,204.520408813328,0.03751595384471784,204.58315984115166,205.15248404615528,45719,45798,2015-01-30 16:00:00-05:00,2015-02-05 09:45:00-05:00,train
SPY,double_top,0,near_miss,45805,,2015-02-05 11:30:00-05:00,short,204.46410443478212,0.08956583327221779,204.5746508429149,205.60043416672778,45726,45805,2015-02-02 11:15:00-05:00,2015-02-05 11:30:00-05:00,train
SPY,double_top,0,failed_breakout,45845,,2015-02-06 15:00:00-05:00,short,204.48221221133903,1.2406064351894202,206.870986450142,204.56939356481058,45766,45845,2015-02-03 14:45:00-05:00,2015-02-06 15:00:00-05:00,train
SPY,double_top,0,failed_breakout,45874,,2015-02-09 15:45:00-05:00,short,205.21060081451654,0.8541544763790228,206.870986450142,203.89584552362098,45795,45874,2015-02-04 15:30:00-05:00,2015-02-09 15:45:00-05:00,train
SPY,double_top,0,near_miss,45923,,2015-02-11 15:00:00-05:00,short,204.79480112889087,1.2249573134232037,206.78099275297902,205.4650426865768,45844,45923,2015-02-06 14:45:00-05:00,2015-02-11 15:00:00-05:00,train
SPY,double_top,0,failed_breakout,45976,,2015-02-13 15:15:00-05:00,short,206.43877196333256,1.6417112679756087,209.37997370963728,207.9482887320244,45897,45976,2015-02-10 15:00:00-05:00,2015-02-13 15:15:00-05:00,train
SPY,double_top,0,failed_breakout,45994,,2015-02-17 13:15:00-05:00,short,209.21312185260362,0.2202246674050059,209.48671933038,209.889775332595,45915,45994,2015-02-11 13:00:00-05:00,2015-02-17 13:15:00-05:00,train
SPY,double_top,0,near_miss,46015,,2015-02-18 12:00:00-05:00,short,209.48083944445625,0.28301941561960575,210.04099838977172,209.44698058438038,45936,46015,2015-02-12 11:45:00-05:00,2015-02-18 12:00:00-05:00,train
SPY,double_top,0,failed_breakout,46053,,2015-02-19 15:00:00-05:00,short,209.83330465783757,0.22597743253237468,210.07756579096818,209.85402256746764,45974,46053,2015-02-13 14:45:00-05:00,2015-02-19 15:00:00-05:00,train
SPY,double_top,0,near_miss,46060,,2015-02-20 10:15:00-05:00,short,209.98814629790937,0.04787931270348622,210.07756579096818,209.10212068729652,45981,46060,2015-02-17 10:00:00-05:00,2015-02-20 10:15:00-05:00,train
SPY,double_top,0,near_miss,46065,,2015-02-20 11:30:00-05:00,short,209.98733802023818,0.018107234012262552,210.01640507824334,209.66189276598774,45986,46065,2015-02-17 11:15:00-05:00,2015-02-20 11:30:00-05:00,train
SPY,double_top,0,near_miss,46104,,2015-02-23 14:45:00-05:00,short,209.56125448038287,0.9152425437991667,210.93658897012074,209.83475745620083,46025,46104,2015-02-18 14:30:00-05:00,2015-02-23 14:45:00-05:00,train
SPY,double_top,0,near_miss,46145,,2015-02-25 12:00:00-05:00,short,210.8329823598197,0.5057448745337183,211.7408654985861,211.27425512546628,46066,46145,2015-02-20 11:45:00-05:00,2015-02-25 12:00:00-05:00,train
SPY,double_top,0,near_miss,46165,,2015-02-26 10:30:00-05:00,short,211.66035716089365,0.17449409284961348,211.92883700890044,211.04550590715039,46086,46165,2015-02-23 10:15:00-05:00,2015-02-26 10:30:00-05:00,train
SPY,double_top,0,near_miss,46181,,2015-02-26 14:30:00-05:00,short,211.41342426270575,0.2751523107887124,211.92883700890044,210.73484768921128,46102,46181,2015-02-23 14:15:00-05:00,2015-02-26 14:30:00-05:00,train
SPY,double_top,0,near_miss,46186,,2015-02-26 15:45:00-05:00,short,211.43286803735978,0.022265064180061245,211.46195006499116,211.38773493581994,46107,46186,2015-02-23 15:30:00-05:00,2015-02-26 15:45:00-05:00,train
SPY,double_top,0,near_miss,46197,,2015-02-27 12:00:00-05:00,short,211.22293983286673,0.12986153251992505,211.46195006499116,211.26013846748006,46118,46197,2015-02-24 11:45:00-05:00,2015-02-27 12:00:00-05:00,train
SPY,double_top,0,near_miss,46211,,2015-02-27 15:30:00-05:00,short,211.1753488366783,0.13735855389498397,211.3817621153644,210.89264144610502,46132,46211,2015-02-24 15:15:00-05:00,2015-02-27 15:30:00-05:00,train
SPY,double_top,0,near_miss,46234,,2015-03-02 14:45:00-05:00,short,210.99615336790552,0.4048328425247121,211.42021030549603,211.07516715747528,46155,46234,2015-02-25 14:30:00-05:00,2015-03-02 14:45:00-05:00,train
SPY,double_top,0,near_miss,46249,,2015-03-03 12:00:00-05:00,short,211.41012509445756,0.13224040251367342,211.66452068844646,210.36775959748633,46170,46249,2015-02-26 11:45:00-05:00,2015-03-03 12:00:00-05:00,train
SPY,double_top,0,near_miss,46292,,2015-03-05 09:45:00-05:00,short,209.9616701636832,0.9429922794249137,211.66452068844646,209.2970077205751,46213,46292,2015-02-27 16:00:00-05:00,2015-03-05 09:45:00-05:00,train
SPY,double_top,0,near_miss,46312,,2015-03-05 14:45:00-05:00,short,210.08060326750524,0.23592899851243487,210.48826033426553,210.12407100148758,46233,46312,2015-03-02 14:30:00-05:00,2015-03-05 14:45:00-05:00,train
SPY,double_top,0,near_miss,46327,,2015-03-06 12:00:00-05:00,short,210.32187497910448,0.13522905788383355,210.48826033426553,208.31477094211616,46248,46327,2015-03-03 11:45:00-05:00,2015-03-06 12:00:00-05:00,train
SPY,double_top,0,near_miss,46378,,2015-03-10 11:45:00-04:00,short,207.65312043637735,1.7875734170365547,210.4259477397111,204.27242658296345,46299,46378,2015-03-05 11:30:00-05:00,2015-03-10 11:45:00-04:00,train
SPY,double_top,0,near_miss,46421,,2015-03-11 16:00:00-04:00,short,205.10457469508725,1.6980337414879614,208.4554399671167,202.81196625851203,46342,46421,2015-03-06 15:45:00-05:00,2015-03-11 16:00:00-04:00,train
SPY,double_top,0,near_miss,46458,,2015-03-13 12:15:00-04:00,short,204.87755160640114,1.0970872834513443,206.79950087367126,203.91291271654865,46379,46458,2015-03-10 12:00:00-04:00,2015-03-13 12:15:00-04:00,train
SPY,double_top,0,near_miss,46509,,2015-03-17 12:00:00-04:00,short,205.05677857202554,2.500171230115683,208.31439873061117,204.96982876988432,46430,46509,2015-03-12 11:45:00-04:00,2015-03-17 12:00:00-04:00,train
SPY,double_top,0,failed_breakout,46535,,2015-03-18 12:00:00-04:00,short,207.5589268025857,0.5943138119330342,208.31439873061117,206.67568618806698,46456,46535,2015-03-13 11:45:00-04:00,2015-03-18 12:00:00-04:00,train
SPY,double_top,0,near_miss,46567,,2015-03-19 13:30:00-04:00,short,207.14588529253874,1.8108000614357422,209.9212882095227,207.88919993856425,46488,46567,2015-03-16 13:15:00-04:00,2015-03-19 13:30:00-04:00,train
SPY,double_top,0,failed_breakout,46585,,2015-03-20 11:30:00-04:00,short,209.45825771322828,0.26741806704436044,209.9212882095227,210.26258193295564,46506,46585,2015-03-17 11:15:00-04:00,2015-03-20 11:30:00-04:00,train
SPY,double_top,0,near_miss,46620,,2015-03-23 13:45:00-04:00,short,209.5218833214402,0.6433421985875043,210.80038768903287,210.1266578014125,46541,46620,2015-03-18 13:30:00-04:00,2015-03-23 13:45:00-04:00,train
SPY,double_top,0,failed_breakout,46768,,2015-03-31 11:45:00-04:00,short,205.45635187783253,1.5666398371559183,208.3682027918778,205.9833601628441,46689,46768,2015-03-26 11:30:00-04:00,2015-03-31 11:45:00-04:00,train
SPY,double_top,1,confirmed_breakout,46784,46785.0,2015-03-31 15:45:00-04:00,short,207.56719934038085,0.4134394709449225,208.3682027918778,206.02656052905508,46705,46784,2015-03-26 15:30:00-04:00,2015-03-31 15:45:00-04:00,train
SPY,double_top,0,near_miss,46813,,2015-04-02 10:00:00-04:00,short,205.4966569914777,1.0707378170951642,207.5930748307738,205.68926218290483,46734,46813,2015-03-30 09:45:00-04:00,2015-04-02 10:00:00-04:00,train
SPY,double_top,0,near_miss,46870,,2015-04-07 11:15:00-04:00,short,205.3888692073633,1.4916040520034244,208.21923173236152,206.94839594799657,46791,46870,2015-04-01 11:00:00-04:00,2015-04-07 11:15:00-04:00,train
SPY,double_top,0,failed_breakout,46890,,2015-04-08 09:45:00-04:00,short,208.15081179686382,0.18123633638367664,208.44486453413344,208.00876366361632,46811,46890,2015-04-01 16:00:00-04:00,2015-04-08 09:45:00-04:00,train
SPY,double_top,0,near_miss,46910,,2015-04-08 14:45:00-04:00,short,207.90295362183858,0.29138939540692377,208.44486453413344,207.61861060459307,46831,46910,2015-04-02 14:30:00-04:00,2015-04-08 14:45:00-04:00,train
SPY,double_top,0,near_miss,46919,,2015-04-09 10:30:00-04:00,short,207.89514446593546,0.037366350144452554,207.94382150035756,208.04263364985556,46840,46919,2015-04-06 10:15:00-04:00,2015-04-09 10:30:00-04:00,train
SPY,double_top,0,near_miss,46929,,2015-04-09 13:00:00-04:00,short,207.86904226159606,0.07708993683732501,207.97106426506448,208.21291006316267,46850,46929,2015-04-06 12:45:00-04:00,2015-04-09 13:00:00-04:00,train
SPY,double_top,0,near_miss,46986,,2015-04-13 14:15:00-04:00,short,207.85784705658602,1.2664340559935283,210.27749796009462,208.32356594400648,46907,46986,2015-04-08 14:00:00-04:00,2015-04-13 14:15:00-04:00,train
SPY,double_top,1,confirmed_breakout,47071,47072.0,2015-04-16 16:00:00-04:00,short,210.2444960739765,0.4560211128967353,210.77888410021023,208.02397888710325,46992,47071,2015-04-13 15:45:00-04:00,2015-04-16 16:00:00-04:00,train
SPY,double_top,0,failed_breakout,47124,,2015-04-21 09:45:00-04:00,short,207.6712883421207,2.630589631700275,210.62215027353625,207.57941036829973,47045,47124,2015-04-15 16:00:00-04:00,2015-04-21 09:45:00-04:00,train
SPY,double_top,0,near_miss,47131,,2015-04-21 11:30:00-04:00,short,209.9431157346713,0.02901147196254783,209.98160567410574,209.85098852803745,47052,47131,2015-04-16 11:15:00-04:00,2015-04-21 11:30:00-04:00,train
SPY,double_top,0,near_miss,47137,,2015-04-21 13:00:00-04:00,short,209.93504531173704,0.03772897035793221,209.982899825028,209.68227102964207,47058,47137,2015-04-16 12:45:00-04:00,2015-04-21 13:00:00-04:00,train
SPY,double_top,0,near_miss,47149,,2015-04-21 16:00:00-04:00,short,209.8063570975641,0.0914458360809931,209.982899825028,209.528554163919,47070,47149,2015-04-16 15:45:00-04:00,2015-04-21 16:00:00-04:00,train
SPY,double_top,0,failed_breakout,47232,,2015-04-27 10:45:00-04:00,short,211.48262206773532,0.1847268748227009,211.75979761375643,212.1552731251773,47153,47232,2015-04-22 10:30:00-04:00,2015-04-27 10:45:00-04:00,train
SPY,double_top,0,failed_breakout,47246,,2015-04-27 14:15:00-04:00,short,211.6812420309836,0.20309278352792148,212.0088720152666,210.88690721647208,47167,47246,2015-04-22 14:00:00-04:00,2015-04-27 14:15:00-04:00,train
SPY,double_top,0,near_miss,47289,,2015-04-29 12:00:00-04:00,short,210.5381453915474,1.0957635713671436,212.0088720152666,209.36423642863286,47210,47289,2015-04-24 11:45:00-04:00,2015-04-29 12:00:00-04:00,train
SPY,double_top,1,confirmed_breakout,47308,47309.0,2015-04-30 10:15:00-04:00,short,210.21920433301614,0.6894177892385756,211.2589459105625,208.38058221076142,47229,47308,2015-04-27 10:00:00-04:00,2015-04-30 10:15:00-04:00,train
SPY,double_top,0,near_miss,47391,,2015-05-05 11:30:00-04:00,short,211.49921189091427,0.052740064124208175,211.56823682257982,209.6872599358758,47312,47391,2015-04-30 11:15:00-04:00,2015-05-05 11:30:00-04:00,train
SPY,double_top,0,failed_breakout,47489,,2015-05-11 10:00:00-04:00,short,208.98065599616055,1.3058291965931232,211.51938971922746,210.35417080340687,47410,47489,2015-05-06 09:45:00-04:00,2015-05-11 10:00:00-04:00,train
SPY,double_top,0,near_miss,47500,,2015-05-11 12:45:00-04:00,short,211.49563137240398,0.053374649262508456,211.5786223241055,211.08662535073748,47421,47500,2015-05-06 12:30:00-04:00,2015-05-11 12:45:00-04:00,train
SPY,double_top,0,near_miss,47553,,2015-05-13 13:00:00-04:00,short,209.8155501185757,1.2084624212282051,211.5786223241055,208.9815375787718,47474,47553,2015-05-08 12:45:00-04:00,2015-05-13 13:00:00-04:00,train
SPY,double_top,0,failed_breakout,47567,,2015-05-14 10:00:00-04:00,short,210.25635589097848,0.13477862600123558,210.46940275550224,210.94522137399878,47488,47567,2015-05-11 09:45:00-04:00,2015-05-14 10:00:00-04:00,train
SPY,double_top,0,near_miss,47608,,2015-05-15 13:45:00-04:00,short,210.08626194156383,1.166459232034498,212.1925760687395,210.94354076796552,47529,47608,2015-05-12 13:30:00-04:00,2015-05-15 13:45:00-04:00,train
SPY,double_top,0,near_miss,47615,,2015-05-15 15:30:00-04:00,short,212.1305227384091,0.03279746032399089,212.1925760687395,212.227202539676,47536,47615,2015-05-12 15:15:00-04:00,2015-05-15 15:30:00-04:00,train
SPY,double_top,0,near_miss,47654,,2015-05-19 12:15:00-04:00,short,212.11384542272108,0.5294302063662712,213.15248692944803,212.70056979363372,47575,47654,2015-05-14 12:00:00-04:00,2015-05-19 12:15:00-04:00,train
SPY,double_top,0,near_miss,47673,,2015-05-20 10:30:00-04:00,short,213.13744073837663,0.09166261258474151,213.29648750118807,212.84833738741526,47594,47673,2015-05-15 10:15:00-04:00,2015-05-20 10:30:00-04:00,train
SPY,double_top,0,near_miss,47686,,2015-05-20 13:45:00-04:00,short,212.9368076014306,0.1899168445770556,213.29648750118807,212.55008315542295,47607,47686,2015-05-15 13:30:00-04:00,2015-05-20 13:45:00-04:00,train
SPY,double_top,0,near_miss,47693,,2015-05-20 15:30:00-04:00,short,212.9180870265209,0.022777063469874292,212.95696139082725,213.02722293653014,47614,47693,2015-05-15 15:15:00-04:00,2015-05-20 15:30:00-04:00,train
SPY,double_top,0,near_miss,47703,,2015-05-21 11:30:00-04:00,short,212.89507621916013,0.14238273964528503,213.15015112845654,213.40761726035473,47624,47703,2015-05-18 11:15:00-04:00,2015-05-21 11:30:00-04:00,train
SPY,double_top,0,near_miss,47721,,2015-05-21 16:00:00-04:00,short,213.0650423205863,0.2197601895785226,213.41945389187308,213.25023981042148,47642,47721,2015-05-18 15:45:00-04:00,2015-05-21 16:00:00-04:00,train
SPY,double_top,0,near_miss,47727,,2015-05-22 11:00:00-04:00,short,213.38534210708323,0.03216385042799175,213.41945389187308,213.337836149572,47648,47727,2015-05-19 10:45:00-04:00,2015-05-22 11:00:00-04:00,train
SPY,double_top,0,near_miss,47755,,2015-05-26 11:30:00-04:00,short,213.19691621451867,0.17011139870757574,213.4336005568176,210.8098886012924,47676,47755,2015-05-20 11:15:00-04:00,2015-05-26 11:30:00-04:00,train
SPY,double_top,0,near_miss,47810,,2015-05-28 12:15:00-04:00,short,210.54000191751203,2.4033743945027197,213.30045466963486,209.51662560549727,47731,47810,2015-05-22 12:00:00-04:00,2015-05-28 12:15:00-04:00,train
SPY,double_top,1,confirmed_breakout,47832,47833.0,2015-05-29 11:15:00-04:00,short,212.01468874671397,0.43058312027145007,212.58629795439464,210.50941687972855,47753,47832,2015-05-26 11:00:00-04:00,2015-05-29 11:15:00-04:00,train
SPY,double_top,0,failed_breakout,47853,,2015-06-01 10:00:00-04:00,short,211.53997160812733,0.4693106130372371,212.3042457795762,210.83068938696277,47774,47853,2015-05-27 09:45:00-04:00,2015-06-01 10:00:00-04:00,train
SPY,double_top,0,near_miss,47885,,2015-06-02 11:30:00-04:00,short,211.19625603374462,0.6675317142264987,212.01325683318927,210.4124682857735,47806,47885,2015-05-28 11:15:00-04:00,2015-06-02 11:30:00-04:00,train
SPY,double_top,0,failed_breakout,47907,,2015-06-03 10:30:00-04:00,short,211.2671560950782,0.6445660650110483,212.01325683318927,211.82543393498895,47828,47907,2015-05-29 10:15:00-04:00,2015-06-03 10:30:00-04:00,train
SPY,double_top,0,near_miss,47922,,2015-06-03 14:15:00-04:00,short,211.6361198729711,0.329095065047909,212.12024238904874,211.7509049349521,47843,47922,2015-05-29 14:00:00-04:00,2015-06-03 14:15:00-04:00,train
SPY,double_top,0,near_miss,47936,,2015-06-04 11:15:00-04:00,short,211.9066438118651,0.13897468160035942,212.12024238904874,210.89102531839964,47857,47936,2015-06-01 11:00:00-04:00,2015-06-04 11:15:00-04:00,train
SPY,double_top,0,near_miss,47970,,2015-06-05 13:15:00-04:00,short,209.95900337319654,1.02582301083811,211.9709945978822,208.85417698916189,47891,47970,2015-06-02 13:00:00-04:00,2015-06-05 13:15:00-04:00,train
SPY,double_top,0,near_miss,48014,,2015-06-09 11:15:00-04:00,short,208.83443027461675,0.6045557480373418,209.99865817018707,208.00544425196267,47935,48014,2015-06-04 11:00:00-04:00,2015-06-09 11:15:00-04:00,train
SPY,double_top,0,near_miss,48039,,2015-06-10 11:00:00-04:00,short,208.43236957603654,0.39970444976367503,208.87931387512108,210.15029555023634,47960,48039,2015-06-05 10:45:00-04:00,2015-06-10 11:00:00-04:00,train
SPY,double_top,0,failed_breakout,48092,,2015-06-12 11:15:00-04:00,short,208.6643294572021,1.5627542311594311,211.66933320024373,208.63724576884056,48013,48092,2015-06-09 11:00:00-04:00,2015-06-12 11:15:00-04:00,train
SPY,double_top,0,near_miss,48142,,2015-06-16 10:45:00-04:00,short,208.8753963290004,1.4890215674024034,211.66933320024373,207.9109784325976,48063,48142,2015-06-11 10:30:00-04:00,2015-06-16 10:45:00-04:00,train
SPY,double_top,0,near_miss,48262,,2015-06-22 14:45:00-04:00,short,210.8600491675118,1.5786714079332285,212.80457672508686,210.39132859206677,48183,48262,2015-06-17 14:30:00-04:00,2015-06-22 14:45:00-04:00,train
SPY,double_top,0,failed_breakout,48280,,2015-06-23 12:45:00-04:00,short,211.93032853005792,0.12958302853962778,212.0728644258032,211.59041697146037,48201,48280,2015-06-18 12:30:00-04:00,2015-06-23 12:45:00-04:00,train
SPY,double_top,0,near_miss,48303,,2015-06-24 12:00:00-04:00,short,211.78161420257578,0.21949837003018047,212.04695869139192,211.21050162996983,48224,48303,2015-06-19 11:45:00-04:00,2015-06-24 12:00:00-04:00,train
SPY,double_top,0,near_miss,48308,,2015-06-24 13:15:00-04:00,short,211.9095783172431,0.031350741920704195,211.95526645382003,211.0586492580793,48229,48308,2015-06-19 13:00:00-04:00,2015-06-24 13:15:00-04:00,train
SPY,double_top,0,near_miss,48339,,2015-06-25 14:30:00-04:00,short,210.77300533169455,0.6372373344771063,211.9265916645076,209.2127626655229,48260,48339,2015-06-22 14:15:00-04:00,2015-06-25 14:30:00-04:00,train
SPY,double_top,0,near_miss,48359,,2015-06-26 13:00:00-04:00,short,210.16557291157565,0.37478799589987943,210.89389366783567,209.0452120041001,48280,48359,2015-06-23 12:45:00-04:00,2015-06-26 13:00:00-04:00,train
SPY,double_top,0,near_miss,48381,,2015-06-29 12:00:00-04:00,short,209.66182103836442,0.28706833076242333,210.15438286506793,207.21293166923758,48302,48381,2015-06-24 11:45:00-04:00,2015-06-29 12:00:00-04:00,train
SPY,double_top,0,near_miss,48429,,2015-07-01 11:00:00-04:00,short,205.86515207392497,2.1364128561424707,209.7433958731858,205.19358714385754,48350,48429,2015-06-26 10:45:00-04:00,2015-07-01 11:00:00-04:00,train
SPY,double_top,0,near_miss,48445,,2015-07-01 15:00:00-04:00,short,206.20436588796184,0.554756466810602,207.25851072259576,206.3952435331894,48366,48445,2015-06-26 14:45:00-04:00,2015-07-01 15:00:00-04:00,train
SPY,double_top,0,failed_breakout,48465,,2015-07-02 13:30:00-04:00,short,206.94985182415562,0.4511528200577004,207.54349856583087,206.5788471799423,48386,48465,2015-06-29 13:15:00-04:00,2015-07-02 13:30:00-04:00,train
SPY,double_top,0,near_miss,48485,,2015-07-06 12:00:00-04:00,short,207.040178887962,0.3140048370638908,207.54349856583087,206.6359951629361,48406,48485,2015-06-30 11:45:00-04:00,2015-07-06 12:00:00-04:00,train
SPY,double_top,0,near_miss,48491,,2015-07-06 13:30:00-04:00,short,206.92389619582994,0.14820617055622165,207.16486888422094,206.14179382944377,48412,48491,2015-06-30 13:15:00-04:00,2015-07-06 13:30:00-04:00,train
SPY,double_top,0,near_miss,48537,,2015-07-08 12:00:00-04:00,short,205.25437754993771,1.799167495268705,207.12775424186145,203.3808325047313,48458,48537,2015-07-02 11:45:00-04:00,2015-07-08 12:00:00-04:00,train
SPY,double_top,0,failed_breakout,48573,,2015-07-09 14:30:00-04:00,short,205.0320218082446,1.597906503838118,207.12775424186145,203.56209349616188,48494,48573,2015-07-06 14:15:00-04:00,2015-07-09 14:30:00-04:00,train
SPY,double_top,0,near_miss,48721,,2015-07-17 12:30:00-04:00,short,210.62655785599904,0.8921591111098053,212.0746875833529,211.1078408888902,48642,48721,2015-07-14 12:15:00-04:00,2015-07-17 12:30:00-04:00,train
SPY,double_top,0,near_miss,48728,,2015-07-17 14:15:00-04:00,short,212.03841191115143,0.026610759856083632,212.0746875833529,212.06338924014392,48649,48728,2015-07-14 14:00:00-04:00,2015-07-17 14:15:00-04:00,train
SPY,double_top,0,near_miss,48768,,2015-07-21 11:15:00-04:00,short,212.03849941749496,0.46608002455496944,212.95380112543774,211.40391997544504,48689,48768,2015-07-16 11:00:00-04:00,2015-07-21 11:15:00-04:00,train
SPY,double_top,0,failed_breakout,48797,,2015-07-22 12:00:00-04:00,short,211.68329091366635,0.6421792630857794,212.95380112543774,210.60782073691422,48718,48797,2015-07-17 11:45:00-04:00,2015-07-22 12:00:00-04:00,train
SPY,double_top,0,near_miss,48819,,2015-07-23 11:00:00-04:00,short,211.217621860703,0.2639668670019546,211.69713922806653,211.16603313299805,48740,48819,2015-07-20 10:45:00-04:00,2015-07-23 11:00:00-04:00,train
SPY,double_top,0,near_miss,48830,,2015-07-23 13:45:00-04:00,short,211.23061641094887,0.05858452477266951,211.3123636440997,210.28141547522733,48751,48830,2015-07-20 13:30:00-04:00,2015-07-23 13:45:00-04:00,train
SPY,double_top,0,failed_breakout,48993,,2015-07-31 15:30:00-04:00,short,210.16546651386358,0.6880023532076507,211.11783326659923,209.50199764679235,48914,48993,2015-07-28 15:15:00-04:00,2015-07-31 15:30:00-04:00,train
SPY,double_top,0,failed_breakout,49042,,2015-08-04 14:45:00-04:00,short,209.09323196609859,1.3282351630745097,211.11783326659923,207.9817648369255,48963,49042,2015-07-30 14:30:00-04:00,2015-08-04 14:45:00-04:00,train
SPY,double_top,0,failed_breakout,49068,,2015-08-05 14:45:00-04:00,short,209.3485461141503,0.8650528779886315,210.7020969925309,209.45494712201136,48989,49068,2015-07-31 14:30:00-04:00,2015-08-05 14:45:00-04:00,train
SPY,double_top,1,confirmed_breakout,49177,49178.0,2015-08-11 16:00:00-04:00,short,208.1553143959587,1.2295661284551045,210.44728091237582,205.4804338715449,49098,49177,2015-08-06 15:45:00-04:00,2015-08-11 16:00:00-04:00,train
SPY,double_top,0,near_miss,49236,,2015-08-14 11:15:00-04:00,short,206.34434450686777,2.4639071309596545,209.294023139203,205.95609286904033,49157,49236,2015-08-11 11:00:00-04:00,2015-08-14 11:15:00-04:00,train
SPY,double_top,0,failed_breakout,49265,,2015-08-17 12:00:00-04:00,short,208.76534242647,0.4796241463538422,209.294023139203,209.35037585364617,49186,49265,2015-08-12 11:45:00-04:00,2015-08-17 12:00:00-04:00,train
SPY,double_top,0,failed_breakout,49291,,2015-08-18 12:00:00-04:00,short,209.01235019233195,0.7456508255437768,210.32009202930675,209.3943491744562,49212,49291,2015-08-13 11:45:00-04:00,2015-08-18 12:00:00-04:00,train
SPY,double_top,0,near_miss,49298,,2015-08-18 13:45:00-04:00,short,210.2923673440653,0.04696903955684206,210.35858073793753,209.93303096044315,49219,49298,2015-08-13 13:30:00-04:00,2015-08-18 13:45:00-04:00,train
SPY,double_top,0,near_miss,49435,,2015-08-25 15:30:00-04:00,short,191.40824354598962,2.60277913378485,194.17479482622394,188.19722086621516,49356,49435,2015-08-20 15:15:00-04:00,2015-08-25 15:30:00-04:00,train
SPY,double_top,0,failed_breakout,49492,,2015-08-28 10:15:00-04:00,short,189.60610703333595,6.665249008929152,198.6954615512052,191.97475099107083,49413,49492,2015-08-25 10:00:00-04:00,2015-08-28 10:15:00-04:00,train
SPY,double_top,0,failed_breakout,49514,,2015-08-28 15:45:00-04:00,short,197.85178854384407,0.9458302267735803,198.89977599003012,197.4741697732264,49435,49514,2015-08-25 15:30:00-04:00,2015-08-28 15:45:00-04:00,train
SPY,double_top,1,confirmed_breakout,49516,49517.0,2015-08-31 09:45:00-04:00,short,198.68531622306622,0.1306539194866616,198.89977599003012,197.34934608051333,49437,49516,2015-08-25 16:00:00-04:00,2015-08-31 09:45:00-04:00,train
SPY,double_top,0,near_miss,49540,,2015-08-31 15:45:00-04:00,short,198.16395270007433,0.4334398238725612,198.73216429507568,197.73656017612743,49461,49540,2015-08-26 15:30:00-04:00,2015-08-31 15:45:00-04:00,train
SPY,double_top,0,near_miss,49586,,2015-09-02 14:15:00-04:00,short,192.3936250686354,3.3468817608745667,198.46262075281814,190.95311823912544,49507,49586,2015-08-28 14:00:00-04:00,2015-09-02 14:15:00-04:00,train
SPY,double_top,0,failed_breakout,49615,,2015-09-03 15:00:00-04:00,short,193.00377990697177,1.9953656745060755,196.9798982567539,194.04463432549392,49536,49615,2015-08-31 14:45:00-04:00,2015-09-03 15:00:00-04:00,train
SPY,double_top,0,near_miss,49694,,2015-09-09 15:15:00-04:00,short,197.78523515731456,0.03233135803196774,197.8316172539483,196.33766864196804,49615,49694,2015-09-03 15:00:00-04:00,2015-09-09 15:15:00-04:00,train
SPY,double_top,0,failed_breakout,49728,,2015-09-11 10:45:00-04:00,short,195.33672512171484,1.7213243250257904,197.8316172539483,193.4486756749742,49649,49728,2015-09-08 10:30:00-04:00,2015-09-11 10:45:00-04:00,train
SPY,double_top,0,failed_breakout,49766,,2015-09-14 13:45:00-04:00,short,195.23356769343926,0.9915505700190863,196.28448163953294,195.0784494299809,49687,49766,2015-09-09 13:30:00-04:00,2015-09-14 13:45:00-04:00,train
SPY,double_top,0,near_miss,49778,,2015-09-15 10:15:00-04:00,short,195.78662223196397,0.21540179482764188,196.16575488738374,196.23459820517235,49699,49778,2015-09-10 10:00:00-04:00,2015-09-15 10:15:00-04:00,train
SPY,double_top,0,near_miss,49830,,2015-09-17 10:15:00-04:00,short,195.8208942571222,1.9325181159483407,199.66853157994157,198.19748188405165,49751,49830,2015-09-14 10:00:00-04:00,2015-09-17 10:15:00-04:00,train
SPY,double_top,1,confirmed_breakout,49853,49854.0,2015-09-17 16:00:00-04:00,short,199.63884944352554,0.6630627716665458,200.93529285044258,195.80693722833345,49774,49853,2015-09-14 15:45:00-04:00,2015-09-17 16:00:00-04:00,train
SPY,double_top,0,failed_breakout,49899,,2015-09-21 14:30:00-04:00,short,195.88826268729156,2.9742657090252465,200.93529285044258,192.94573429097474,49820,49899,2015-09-16 14:15:00-04:00,2015-09-21 14:30:00-04:00,train
SPY,double_top,1,confirmed_breakout,49905,49906.0,2015-09-21 16:00:00-04:00,short,196.1187487158815,0.4108093636431249,196.78976394219103,193.78919063635686,49826,49905,2015-09-16 15:45:00-04:00,2015-09-21 16:00:00-04:00,train
SPY,double_top,0,near_miss,49948,,2015-09-23 13:45:00-04:00,short,193.14549867802378,1.9469743218044755,196.26935221685827,191.9730256781955,49869,49948,2015-09-18 13:30:00-04:00,2015-09-23 13:45:00-04:00,train
SPY,double_top,1,confirmed_breakout,50053,50059.0,2015-09-29 14:00:00-04:00,short,188.22078870207042,3.336120249696819,194.48108206878186,183.67387975030317,49974,50053,2015-09-24 13:45:00-04:00,2015-09-29 14:00:00-04:00,train
SPY,double_top,0,near_miss,50063,,2015-09-30 10:00:00-04:00,short,188.35194691269825,0.17060900911019417,188.63273583475265,190.37939099088982,49984,50063,2015-09-25 09:45:00-04:00,2015-09-30 10:00:00-04:00,train
SPY,double_top,0,failed_breakout,50083,,2015-09-30 15:00:00-04:00,short,187.9622775809959,1.4295962891747251,190.37137173147704,189.69040371082528,50004,50083,2015-09-25 14:45:00-04:00,2015-09-30 15:00:00-04:00,train
SPY,double_top,0,failed_breakout,50102,,2015-10-01 13:15:00-04:00,short,190.25900857729428,0.5709713773199212,191.28858817775134,189.40902862268007,50023,50102,2015-09-28 13:00:00-04:00,2015-10-01 13:15:00-04:00,train
SPY,double_top,0,failed_breakout,50123,,2015-10-02 12:00:00-04:00,short,190.50617644658692,0.7848403289627015,191.29344537334788,190.3651596710373,50044,50123,2015-09-29 11:45:00-04:00,2015-10-02 12:00:00-04:00,train
SPY,double_top,0,near_miss,50178,,2015-10-06 12:45:00-04:00,short,190.71000910851322,4.140767771694186,198.40810838706693,193.1092322283058,50099,50178,2015-10-01 12:30:00-04:00,2015-10-06 12:45:00-04:00,train
SPY,double_top,0,failed_breakout,50207,,2015-10-07 13:30:00-04:00,short,197.66912270633637,0.8729466662757659,198.67603035815733,197.67705333372425,50128,50207,2015-10-02 13:15:00-04:00,2015-10-07 13:30:00-04:00,train
SPY,double_top,0,failed_breakout,50240,,2015-10-08 15:15:00-04:00,short,198.30560356070282,0.6094225691517181,199.15402190155172,200.67057743084828,50161,50240,2015-10-05 15:00:00-04:00,2015-10-08 15:15:00-04:00,train
SPY,double_top,0,near_miss,50263,,2015-10-09 14:30:00-04:00,short,199.13777077050128,1.1361168271012048,201.39375329365328,199.9038831728988,50184,50263,2015-10-06 14:15:00-04:00,2015-10-09 14:30:00-04:00,train
SPY,double_top,0,failed_breakout,50293,,2015-10-12 15:30:00-04:00,short,201.0072504604704,0.3942231833605092,201.40919399400855,201.1857768166395,50214,50293,2015-10-07 15:15:00-04:00,2015-10-12 15:30:00-04:00,train
SPY,double_top,0,near_miss,50305,,2015-10-13 12:00:00-04:00,short,201.36611477097236,0.059703699506997054,201.44244294695017,201.52029630049302,50226,50305,2015-10-08 11:45:00-04:00,2015-10-13 12:00:00-04:00,train
SPY,double_top,0,near_miss,50317,,2015-10-13 15:00:00-04:00,short,201.3727268797312,0.15150524472664983,201.60602130196554,200.88849475527334,50238,50317,2015-10-08 14:45:00-04:00,2015-10-13 15:00:00-04:00,train
SPY,double_top,0,near_miss,50349,,2015-10-15 10:00:00-04:00,short,199.8162823164534,0.9575213867771595,201.60602130196554,199.19247861322285,50270,50349,2015-10-12 09:45:00-04:00,2015-10-15 10:00:00-04:00,train
SPY,double_top,0,near_miss,50395,,2015-10-16 15:00:00-04:00,short,199.5104798685853,1.719561315432145,202.51849626353928,201.02043868456786,50316,50395,2015-10-13 14:45:00-04:00,2015-10-16 15:00:00-04:00,train
SPY,double_top,0,failed_breakout,50423,,2015-10-19 15:30:00-04:00,short,202.40412375025142,0.3564921097325282,203.00273545642864,202.73350789026748,50344,50423,2015-10-14 15:15:00-04:00,2015-10-19 15:30:00-04:00,train
SPY,double_top,0,failed_breakout,50444,,2015-10-20 14:15:00-04:00,short,202.794356435177,0.353588661406377,203.2931547367381,202.48641133859363,50365,50444,2015-10-15 14:00:00-04:00,2015-10-20 14:15:00-04:00,train
SPY,double_top,1,confirmed_breakout,50474,50477.0,2015-10-21 15:15:00-04:00,short,202.94366321327874,0.3033289576536049,203.2931547367381,201.5066710423464,50395,50474,2015-10-16 15:00:00-04:00,2015-10-21 15:15:00-04:00,train
SPY,double_top,0,near_miss,50505,,2015-10-23 10:00:00-04:00,short,202.46724904857626,1.586896478930015,204.907461449886,206.09310352107,50426,50505,2015-10-20 09:45:00-04:00,2015-10-23 10:00:00-04:00,train
SPY,double_top,0,failed_breakout,50539,,2015-10-26 12:00:00-04:00,short,204.85537081232476,1.294129467641028,207.39153911004558,205.58587053235897,50460,50539,2015-10-21 11:45:00-04:00,2015-10-26 12:00:00-04:00,train
SPY,double_top,0,near_miss,50556,,2015-10-27 09:45:00-04:00,short,206.995174284763,0.24424467101218283,207.39153911004558,206.0757553289878,50477,50556,2015-10-21 16:00:00-04:00,2015-10-27 09:45:00-04:00,train
SPY,double_top,0,near_miss,50609,,2015-10-29 10:00:00-04:00,short,206.134580055004,1.3875022841166924,207.95686587673663,207.2024977158833,50530,50609,2015-10-26 09:45:00-04:00,2015-10-29 10:00:00-04:00,train
SPY,double_top,0,failed_breakout,50633,,2015-10-29 16:00:00-04:00,short,207.5698716910256,0.7784256617437961,208.7397288288022,208.0915743382562,50554,50633,2015-10-26 15:45:00-04:00,2015-10-29 16:00:00-04:00,train
SPY,double_top,0,near_miss,50644,,2015-10-30 12:15:00-04:00,short,208.68912146647293,0.08985382213504067,208.8182217484137,208.60014617786496,50565,50644,2015-10-27 12:00:00-04:00,2015-10-30 12:15:00-04:00,train
SPY,double_top,0,near_miss,50662,,2015-11-02 10:15:00-05:00,short,208.70905422594475,0.21255873913963796,209.0250041817551,208.73744126086035,50583,50662,2015-10-28 10:00:00-04:00,2015-11-02 10:15:00-05:00,train
SPY,double_top,0,near_miss,50719,,2015-11-04 11:30:00-05:00,short,208.5900007998718,1.5219684363973442,211.19893429078323,208.67803156360264,50640,50719,2015-10-30 11:15:00-04:00,2015-11-04 11:30:00-05:00,train
SPY,double_top,0,failed_breakout,50749,,2015-11-05 12:30:00-05:00,short,210.23464792891897,0.5235446122152609,211.19893429078323,209.73645538778473,50670,50749,2015-11-02 12:15:00-05:00,2015-11-05 12:30:00-05:00,train
SPY,double_top,0,near_miss,50773,,2015-11-06 12:00:00-05:00,short,209.9753038071188,0.20728464604161445,210.31745079148527,208.99271535395837,50694,50773,2015-11-03 11:45:00-05:00,2015-11-06 12:00:00-05:00,train
SPY,double_top,1,confirmed_breakout,50792,50793.0,2015-11-09 10:15:00-05:00,short,209.22859816382544,0.5769729874739937,210.04772611483557,207.513027012526,50713,50792,2015-11-04 10:00:00-05:00,2015-11-09 10:15:00-05:00,train
SPY,double_top,0,near_miss,50819,,2015-11-10 10:30:00-05:00,short,207.6199962208594,0.9795830272267665,209.56341618776327,206.42041697277324,50740,50819,2015-11-05 10:15:00-05:00,2015-11-10 10:30:00-05:00,train
SPY,double_top,0,near_miss,50827,,2015-11-10 12:30:00-05:00,short,207.61446916272226,0.08973268832281178,207.77266139368112,207.8502673116772,50748,50827,2015-11-05 12:15:00-05:00,2015-11-10 12:30:00-05:00,train
SPY,double_top,0,failed_breakout,50853,,2015-11-11 12:30:00-05:00,short,207.68468305013445,0.353578266491553,208.3038612395709,208.35642173350845,50774,50853,2015-11-06 12:15:00-05:00,2015-11-11 12:30:00-05:00,train
SPY,double_top,1,confirmed_breakout,50866,50868.0,2015-11-11 15:45:00-05:00,short,208.16237270985883,0.18452261519215085,208.38992941053104,205.97547738480785,50787,50866,2015-11-06 15:30:00-05:00,2015-11-11 15:45:00-05:00,train
SPY,double_top,0,failed_breakout,51016,,2015-11-19 14:15:00-05:00,short,205.68660449984424,1.7963430529619302,208.56219201076215,206.64365694703807,50937,51016,2015-11-16 14:00:00-05:00,2015-11-19 14:15:00-05:00,train
SPY,double_top,0,near_miss,51025,,2015-11-20 10:00:00-05:00,short,208.53793624922886,0.08282761748392886,208.67933572266344,209.84717238251608,50946,51025,2015-11-17 09:45:00-05:00,2015-11-20 10:00:00-05:00,train
SPY,double_top,0,failed_breakout,51071,,2015-11-23 15:00:00-05:00,short,208.59372244110924,0.6033704637541746,209.71485008706338,208.25662953624584,50992,51071,2015-11-18 14:45:00-05:00,2015-11-23 15:00:00-05:00,train
SPY,double_top,0,near_miss,51117,,2015-11-25 13:30:00-05:00,short,208.30708488297475,1.2737401588766204,209.71485008706338,208.23625984112337,51038,51117,2015-11-20 13:15:00-05:00,2015-11-25 13:30:00-05:00,train
SPY,double_top,0,near_miss,51135,,2015-11-27 11:30:00-05:00,short,209.42957827947532,0.07453041022802154,209.56141738276733,209.55546958977197,51056,51135,2015-11-23 11:15:00-05:00,2015-11-27 11:30:00-05:00,train
SPY,double_top,0,near_miss,51151,,2015-11-30 12:00:00-05:00,short,209.391275817313,0.15556081175293457,209.56141738276733,208.68443918824707,51072,51151,2015-11-23 15:15:00-05:00,2015-11-30 12:00:00-05:00,train
SPY,double_top,0,near_miss,51172,,2015-12-01 10:45:00-05:00,short,209.06485411518779,0.27402009999374854,209.5322558753645,209.53597990000625,51093,51172,2015-11-24 14:00:00-05:00,2015-12-01 10:45:00-05:00,train
SPY,double_top,0,near_miss,51193,,2015-12-01 16:00:00-05:00,short,208.95302502157614,0.5227177657462789,209.80599301964628,210.21728223425373,51114,51193,2015-11-25 12:45:00-05:00,2015-12-01 16:00:00-05:00,train
SPY,double_top,1,confirmed_breakout,51209,51215.0,2015-12-02 13:30:00-05:00,short,209.79203605232783,0.3715870764156648,210.52125323784068,208.01841292358432,51130,51209,2015-11-27 10:15:00-05:00,2015-12-02 13:30:00-05:00,train
SPY,double_top,1,confirmed_breakout,51297,51298.0,2015-12-07 16:00:00-05:00,short,207.75920145405038,0.8691634720946126,209.46723745254005,205.83083652790538,51218,51297,2015-12-02 15:45:00-05:00,2015-12-07 16:00:00-05:00,unused
SPY,double_top,0,near_miss,51307,,2015-12-08 12:00:00-05:00,short,207.7116041645788,0.09333945676334565,207.82039484293432,207.08666054323666,51228,51307,2015-12-03 11:45:00-05:00,2015-12-08 12:00:00-05:00,val
SPY,double_top,0,near_miss,51329,,2015-12-09 11:00:00-05:00,short,206.98020621155402,0.4809179787490905,207.82039484293432,207.66908202125092,51250,51329,2015-12-04 10:45:00-05:00,2015-12-09 11:00:00-05:00,val
SPY,double_top,1,confirmed_breakout,51334,51335.0,2015-12-09 12:15:00-05:00,short,207.04250857826415,0.2988098972537898,207.58078341336397,205.0211901027462,51255,51334,2015-12-04 12:00:00-05:00,2015-12-09 12:15:00-05:00,val
SPY,double_top,1,confirmed_breakout,51375,51376.0,2015-12-10 16:00:00-05:00,short,205.07570568935986,2.0129509462492194,207.58078341336397,201.60704905375079,51296,51375,2015-12-07 15:45:00-05:00,2015-12-10 16:00:00-05:00,val
SPY,double_top,0,near_miss,51470,,2015-12-16 13:45:00-05:00,short,205.45198785968367,0.23680038854553231,205.76343115204625,205.43319961145446,51391,51470,2015-12-11 13:30:00-05:00,2015-12-16 13:45:00-05:00,val
SPY,double_top,0,near_miss,51493,,2015-12-17 13:00:00-05:00,short,205.6873772920211,0.8166866136341469,207.24469665926424,205.05331338636586,51414,51493,2015-12-14 12:45:00-05:00,2015-12-17 13:00:00-05:00,val
SPY,double_top,1,confirmed_breakout,51504,51505.0,2015-12-17 15:45:00-05:00,short,206.19201420302448,0.5521646537675338,207.24469665926424,204.33783534623245,51425,51504,2015-12-14 15:30:00-05:00,2015-12-17 15:45:00-05:00,val
SPY,double_top,0,near_miss,51560,,2015-12-22 10:15:00-05:00,short,200.79876224178355,2.7637310319097708,206.24366105431977,199.08626896809022,51481,51560,2015-12-17 10:00:00-05:00,2015-12-22 10:15:00-05:00,val
SPY,double_top,0,near_miss,51685,,2015-12-30 12:00:00-05:00,short,204.49857596195585,2.191394031601135,207.4516632355775,204.56860596839886,51606,51685,2015-12-23 15:15:00-05:00,2015-12-30 12:00:00-05:00,val
SPY,double_top,1,confirmed_breakout,51726,51727.0,2015-12-31 15:45:00-05:00,short,205.07166281633494,1.316869966457432,207.4516632355775,202.58313003354257,51647,51726,2015-12-28 15:30:00-05:00,2015-12-31 15:45:00-05:00,val
SPY,double_top,0,near_miss,51757,,2016-01-05 10:30:00-05:00,short,199.70409068859973,2.837532031719661,205.3254023300072,197.61246796828033,51678,51757,2015-12-30 10:15:00-05:00,2016-01-05 10:30:00-05:00,val
SPY,double_top,0,near_miss,51773,,2016-01-05 14:30:00-05:00,short,199.6305483390161,0.6283125448232738,200.7598786570471,201.07168745517671,51694,51773,2015-12-30 14:15:00-05:00,2016-01-05 14:30:00-05:00,val
SPY,double_top,1,confirmed_breakout,51779,51780.0,2016-01-05 16:00:00-05:00,short,200.61905158601047,0.3782272658118302,201.2346790465975,198.58177273418818,51700,51779,2015-12-30 15:45:00-05:00,2016-01-05 16:00:00-05:00,val
SPY,double_top,0,near_miss,51901,,2016-01-12 14:00:00-05:00,short,190.91944164747173,2.5657318185342888,194.25362896796858,189.30426818146572,51822,51901,2016-01-07 13:45:00-05:00,2016-01-12 14:00:00-05:00,val
SPY,double_top,1,confirmed_breakout,51925,51926.0,2016-01-13 13:30:00-05:00,short,192.03899156398876,1.0607427790841655,193.48275072210242,189.60925722091582,51846,51925,2016-01-08 13:15:00-05:00,2016-01-13 13:30:00-05:00,val
SPY,double_top,1,confirmed_breakout,51961,51962.0,2016-01-14 16:00:00-05:00,short,189.34721286896942,3.530389448720115,193.48275072210242,184.63961055127987,51882,51961,2016-01-11 15:45:00-05:00,2016-01-14 16:00:00-05:00,val
SPY,double_top,1,confirmed_breakout,52013,52014.0,2016-01-19 16:00:00-05:00,short,187.47078444101464,2.4495770016800122,192.27245391327662,182.52042299832,51934,52013,2016-01-13 15:45:00-05:00,2016-01-19 16:00:00-05:00,val
SPY,double_top,1,confirmed_breakout,52114,52115.0,2016-01-25 15:15:00-05:00,short,189.33974720150837,0.4989234841704615,190.18188636474093,187.54107651582953,52035,52114,2016-01-20 15:00:00-05:00,2016-01-25 15:15:00-05:00,val
SPY,double_top,0,near_miss,52145,,2016-01-27 10:00:00-05:00,short,188.58226088321922,1.1553883854709,189.9798435307635,188.4346116145291,52066,52145,2016-01-22 09:45:00-05:00,2016-01-27 10:00:00-05:00,val
SPY,double_top,0,near_miss,52153,,2016-01-27 12:00:00-05:00,short,189.86636461774933,0.08546793360659422,189.9798435307635,190.9245320663934,52074,52153,2016-01-22 11:45:00-05:00,2016-01-27 12:00:00-05:00,val
SPY,double_top,1,confirmed_breakout,52165,52166.0,2016-01-27 15:00:00-05:00,short,189.46452903725856,0.8184915850968366,190.64221967276245,186.42150841490317,52086,52165,2016-01-22 14:45:00-05:00,2016-01-27 15:00:00-05:00,val
SPY,double_top,1,confirmed_breakout,52172,52173.0,2016-01-28 10:15:00-05:00,short,189.03576610519866,0.8113805309398572,190.64221967276245,186.91861946906013,52093,52172,2016-01-25 10:00:00-05:00,2016-01-28 10:15:00-05:00,val
SPY,double_top,0,failed_breakout,52317,,2016-02-04 14:00:00-05:00,short,188.79978787110903,3.7305038148759593,193.61436979466384,187.33949618512403,52238,52317,2016-02-01 13:45:00-05:00,2016-02-04 14:00:00-05:00,val
SPY,double_top,1,confirmed_breakout,52326,52327.0,2016-02-05 09:45:00-05:00,short,191.11687537930177,0.19880107319974627,191.44621357730614,189.88119892680027,52247,52326,2016-02-01 16:00:00-05:00,2016-02-05 09:45:00-05:00,val
SPY,double_top,1,confirmed_breakout,52429,52430.0,2016-02-10 16:00:00-05:00,short,184.45747180855946,1.4981479330153036,186.97404168677113,181.3118520669847,52350,52429,2016-02-05 15:45:00-05:00,2016-02-10 16:00:00-05:00,val
SPY,double_top,0,near_miss,52565,,2016-02-19 11:00:00-05:00,short,192.31692400665258,0.2942578475590949,192.860385383091,191.0457421524409,52486,52565,2016-02-16 10:45:00-05:00,2016-02-19 11:00:00-05:00,val
SPY,double_top,0,near_miss,52589,,2016-02-22 10:30:00-05:00,short,191.5086692491386,0.5420889283176393,192.36197832533233,193.99791107168235,52510,52589,2016-02-17 10:15:00-05:00,2016-02-22 10:30:00-05:00,val
SPY,double_top,0,near_miss,52615,,2016-02-23 10:30:00-05:00,short,191.7084438248125,1.4377213142367395,194.55279224851833,192.03227868576326,52536,52615,2016-02-18 10:15:00-05:00,2016-02-23 10:30:00-05:00,val
SPY,double_top,0,near_miss,52621,,2016-02-23 12:00:00-05:00,short,194.533795893963,0.032100951424638424,194.57900144225695,192.96789904857536,52542,52621,2016-02-18 11:45:00-05:00,2016-02-23 12:00:00-05:00,val
SPY,double_top,1,confirmed_breakout,52737,52738.0,2016-02-29 15:00:00-05:00,short,195.14472567097698,0.5998309779650128,195.86661921814664,193.32016902203497,52658,52737,2016-02-24 14:45:00-05:00,2016-02-29 15:00:00-05:00,val
SPY,double_top,0,failed_breakout,52786,,2016-03-02 14:15:00-05:00,short,194.5975067381663,2.2069221870712,197.98636377073763,195.6830778129288,52707,52786,2016-02-26 14:00:00-05:00,2016-03-02 14:15:00-05:00,val
SPY,double_top,0,failed_breakout,52810,,2016-03-03 13:45:00-05:00,short,197.9305237913742,0.3306829605659516,198.53604973314268,198.77931703943406,52731,52810,2016-02-29 13:30:00-05:00,2016-03-03 13:45:00-05:00,val
SPY,double_top,0,failed_breakout,52849,,2016-03-07 10:30:00-05:00,short,198.48812221456512,1.1567527126819073,200.75370012135141,198.6532472873181,52770,52849,2016-03-02 10:15:00-05:00,2016-03-07 10:30:00-05:00,val
SPY,double_top,1,confirmed_breakout,52871,52872.0,2016-03-07 16:00:00-05:00,short,200.07808375095271,0.5710714771989558,200.75370012135141,198.32892852280105,52792,52871,2016-03-02 15:45:00-05:00,2016-03-07 16:00:00-05:00,val
SPY,double_top,0,near_miss,52901,,2016-03-09 10:30:00-05:00,short,199.11140474010696,0.7485710907393184,200.2513459861258,198.3014289092607,52822,52901,2016-03-04 10:15:00-05:00,2016-03-09 10:30:00-05:00,val
SPY,double_top,0,near_miss,52920,,2016-03-09 15:15:00-05:00,short,199.01566408656285,0.37076202297078,199.46860567556672,198.58923797702923,52841,52920,2016-03-04 15:00:00-05:00,2016-03-09 15:15:00-05:00,val
SPY,double_top,0,near_miss,52929,,2016-03-10 11:00:00-05:00,short,199.22011630564504,0.06580578210457588,199.30424654350054,199.02419421789543,52850,52929,2016-03-07 10:45:00-05:00,2016-03-10 11:00:00-05:00,val
SPY,double_top,0,near_miss,52938,,2016-03-10 13:15:00-05:00,short,199.21637491815605,0.3022741903028816,199.76970058491915,197.25772580969712,52859,52938,2016-03-07 13:00:00-05:00,2016-03-10 13:15:00-05:00,val
SPY,double_top,0,near_miss,52985,,2016-03-14 12:00:00-04:00,short,198.22940572809324,2.819557167475068,202.32822520621744,199.28044283252493,52906,52985,2016-03-09 11:45:00-05:00,2016-03-14 12:00:00-04:00,val
SPY,double_top,0,failed_breakout,53010,,2016-03-15 11:45:00-04:00,short,202.2191781122614,0.29537851667842574,202.7008880516622,201.2846214833216,52931,53010,2016-03-10 11:30:00-05:00,2016-03-15 11:45:00-04:00,val
SPY,double_top,0,near_miss,53049,,2016-03-16 15:00:00-04:00,short,201.5757850104741,0.912551047142216,202.7008880516622,201.9174489528578,52970,53049,2016-03-11 14:45:00-05:00,2016-03-16 15:00:00-04:00,val
SPY,double_top,0,near_miss,53089,,2016-03-18 12:00:00-04:00,short,202.0094133046617,1.5164420931236293,204.7759267320002,202.96355790687636,53010,53089,2016-03-15 11:45:00-04:00,2016-03-18 12:00:00-04:00,val
SPY,double_top,0,failed_breakout,53117,,2016-03-21 12:30:00-04:00,short,204.21431519006038,0.3721606078913169,204.7759267320002,203.93783939210869,53038,53117,2016-03-16 12:15:00-04:00,2016-03-21 12:30:00-04:00,val
SPY,double_top,0,near_miss,53141,,2016-03-22 12:00:00-04:00,short,204.21759020463205,0.32361385247932617,204.68538325031957,204.02638614752067,53062,53141,2016-03-17 11:45:00-04:00,2016-03-22 12:00:00-04:00,val
SPY,double_top,0,failed_breakout,53150,,2016-03-22 14:15:00-04:00,short,204.47687673402658,0.1200571139463591,204.68538325031957,204.97994288605364,53071,53150,2016-03-17 14:00:00-04:00,2016-03-22 14:15:00-04:00,val
SPY,double_top,0,near_miss,53162,,2016-03-23 10:45:00-04:00,short,204.486340322577,0.2437988057554037,204.9517938110385,203.64620119424458,53083,53162,2016-03-18 10:30:00-04:00,2016-03-23 10:45:00-04:00,val
SPY,double_top,0,near_miss,53354,,2016-04-04 13:15:00-04:00,short,205.31402227125884,1.1685867896694901,206.73419793433573,205.4214132103305,53275,53354,2016-03-30 13:00:00-04:00,2016-04-04 13:15:00-04:00,val
SPY,double_top,1,confirmed_breakout,53363,53366.0,2016-04-04 15:30:00-04:00,short,206.57570305598733,0.10364178318593531,206.73419793433573,204.29635821681407,53284,53363,2016-03-30 15:15:00-04:00,2016-04-04 15:30:00-04:00,val
SPY,double_top,0,near_miss,53398,,2016-04-06 11:15:00-04:00,short,204.51286794592474,1.1062021458180027,206.62449174401084,204.173797854182,53319,53398,2016-04-01 11:00:00-04:00,2016-04-06 11:15:00-04:00,val
SPY,double_top,0,near_miss,53419,,2016-04-07 10:00:00-04:00,short,204.4115391134039,0.6586159738906474,205.5266617351144,204.64138402610936,53340,53419,2016-04-04 09:45:00-04:00,2016-04-07 10:00:00-04:00,val
SPY,double_top,1,confirmed_breakout,53424,53425.0,2016-04-07 11:15:00-04:00,short,205.49850904175398,0.16035419963967001,205.7910647476729,204.26964580036034,53345,53424,2016-04-04 11:00:00-04:00,2016-04-07 11:15:00-04:00,val
SPY,double_top,0,failed_breakout,53463,,2016-04-08 14:30:00-04:00,short,203.8037170302553,1.5669089081995935,205.7910647476729,203.3630910918004,53384,53463,2016-04-05 14:15:00-04:00,2016-04-08 14:30:00-04:00,val
SPY,double_top,0,failed_breakout,53473,,2016-04-11 10:30:00-04:00,short,204.7403630720921,0.12117253507395276,204.95018712923695,205.63882746492604,53394,53473,2016-04-06 10:15:00-04:00,2016-04-11 10:30:00-04:00,val
SPY,double_top,0,failed_breakout,53495,,2016-04-11 16:00:00-04:00,short,204.50996881326202,0.4648317767311596,205.17671709489122,203.51516822326883,53416,53495,2016-04-06 15:45:00-04:00,2016-04-11 16:00:00-04:00,val
SPY,double_top,0,failed_breakout,53685,,2016-04-21 11:30:00-04:00,short,209.47069409266516,0.6760932367689634,210.55932674811746,209.23390676323103,53606,53685,2016-04-18 11:15:00-04:00,2016-04-21 11:30:00-04:00,val
SPY,double_top,0,failed_breakout,53739,,2016-04-25 12:00:00-04:00,short,208.28008782930095,1.3904506343428409,210.55932674811746,206.38954936565716,53660,53739,2016-04-20 11:45:00-04:00,2016-04-25 12:00:00-04:00,val
SPY,double_top,0,failed_breakout,53779,,2016-04-26 15:30:00-04:00,short,207.90983167874973,0.9022877069349136,208.84248859219917,207.73771229306507,53700,53779,2016-04-21 15:15:00-04:00,2016-04-26 15:30:00-04:00,val
SPY,double_top,0,failed_breakout,53793,,2016-04-27 12:30:00-04:00,short,208.69080143213705,0.10787060344694055,208.84248859219917,208.83212939655306,53714,53793,2016-04-22 12:15:00-04:00,2016-04-27 12:30:00-04:00,val
SPY,double_top,0,near_miss,53831,,2016-04-28 15:30:00-04:00,short,208.53806139315776,0.5722548307091984,209.4657769687651,206.5077451692908,53752,53831,2016-04-25 15:15:00-04:00,2016-04-28 15:30:00-04:00,val
SPY,double_top,1,confirmed_breakout,53911,53912.0,2016-05-03 16:00:00-04:00,short,205.9256223029566,1.0623761792500375,207.74412431807926,203.76762382074998,53832,53911,2016-04-28 15:45:00-04:00,2016-05-03 16:00:00-04:00,val
SPY,double_top,0,near_miss,53960,,2016-05-05 15:15:00-04:00,short,204.85038373752485,0.9840224735398806,206.23187264633407,203.78597752646013,53881,53960,2016-05-02 15:00:00-04:00,2016-05-05 15:15:00-04:00,val
SPY,double_top,0,failed_breakout,54005,,2016-05-09 13:30:00-04:00,short,204.4739487109439,1.1217622091966177,205.75448206448556,204.88823779080337,53926,54005,2016-05-04 13:15:00-04:00,2016-05-09 13:30:00-04:00,val
SPY,double_top,0,failed_breakout,54051,,2016-05-11 12:00:00-04:00,short,205.72086446010925,1.1969661969489778,208.08117924963094,206.37303380305102,53972,54051,2016-05-06 11:45:00-04:00,2016-05-11 12:00:00-04:00,val
SPY,double_top,0,failed_breakout,54104,,2016-05-13 12:15:00-04:00,short,205.9319627002068,1.4131848700190233,208.08117924963094,204.73681512998098,54025,54104,2016-05-10 12:00:00-04:00,2016-05-13 12:15:00-04:00,val
SPY,double_top,0,failed_breakout,54155,,2016-05-17 12:00:00-04:00,short,205.0263577947119,1.737014990574238,206.91762967975157,204.70298500942576,54076,54155,2016-05-12 11:45:00-04:00,2016-05-17 12:00:00-04:00,val
SPY,double_top,1,confirmed_breakout,54198,54199.0,2016-05-19 09:45:00-04:00,short,204.91777409159016,1.3752675619010404,206.91762967975157,201.75473243809896,54119,54198,2016-05-13 16:00:00-04:00,2016-05-19 09:45:00-04:00,val
SPY,double_top,0,failed_breakout,54248,,2016-05-20 15:45:00-04:00,short,203.31364522087023,2.3786183759169433,205.7160735663435,202.87138162408306,54169,54248,2016-05-17 15:30:00-04:00,2016-05-20 15:45:00-04:00,val
SPY,double_top,0,failed_breakout,54263,,2016-05-23 13:00:00-04:00,short,205.4461384091203,0.14462764426988883,205.7160735663435,205.4153723557301,54184,54263,2016-05-18 12:45:00-04:00,2016-05-23 13:00:00-04:00,val
SPY,double_top,0,near_miss,54281,,2016-05-24 11:00:00-04:00,short,205.42493053580748,0.09543262535012786,205.5470551564869,207.48456737464988,54202,54281,2016-05-19 10:45:00-04:00,2016-05-24 11:00:00-04:00,val
SPY,double_top,0,near_miss,54332,,2016-05-26 10:45:00-04:00,short,205.4553970569246,2.044148327166681,209.4520356116957,207.39585167283332,54253,54332,2016-05-23 10:30:00-04:00,2016-05-26 10:45:00-04:00,val
SPY,double_top,0,near_miss,54379,,2016-05-27 16:00:00-04:00,short,209.2288444374449,0.458053853085886,209.91081596341132,209.7419461469141,54300,54379,2016-05-24 15:45:00-04:00,2016-05-27 16:00:00-04:00,val
SPY,double_top,0,failed_breakout,54395,,2016-05-31 13:30:00-04:00,short,209.84768751261612,0.21695388134577342,210.21846682451246,209.77304611865424,54316,54395,2016-05-25 13:15:00-04:00,2016-05-31 13:30:00-04:00,val
SPY,double_top,0,near_miss,54415,,2016-06-01 12:00:00-04:00,short,209.5986439935111,0.3323858298396374,210.21846682451246,209.44761417016036,54336,54415,2016-05-26 11:45:00-04:00,2016-06-01 12:00:00-04:00,val
SPY,double_top,0,near_miss,54441,,2016-06-02 12:00:00-04:00,short,209.46709199335,0.44718562245222415,210.18496240941545,209.67281437754778,54362,54441,2016-05-27 11:45:00-04:00,2016-06-02 12:00:00-04:00,val
SPY,double_top,0,failed_breakout,54451,,2016-06-02 14:30:00-04:00,short,209.89745509259583,0.15531630299247468,210.18496240941545,210.39468369700754,54372,54451,2016-05-27 14:15:00-04:00,2016-06-02 14:30:00-04:00,val
SPY,double_top,0,near_miss,54467,,2016-06-03 12:00:00-04:00,short,209.9162857169815,0.2987956331917019,210.50958231858525,209.8512043668083,54388,54467,2016-05-31 11:45:00-04:00,2016-06-03 12:00:00-04:00,val
SPY,double_top,0,failed_breakout,54547,,2016-06-08 12:30:00-04:00,short,212.0089651376905,0.10894863220050865,212.18017193811173,212.1410513677995,54468,54547,2016-06-03 12:15:00-04:00,2016-06-08 12:30:00-04:00,val
SPY,double_top,0,near_miss,54571,,2016-06-09 12:00:00-04:00,short,211.99344523655546,0.17951575076219228,212.29026637296502,211.1704842492378,54492,54571,2016-06-06 11:45:00-04:00,2016-06-09 12:00:00-04:00,val
SPY,double_top,0,near_miss,54597,,2016-06-10 12:00:00-04:00,short,211.52107522798804,0.578869978293767,212.29026637296502,209.98113002170624,54518,54597,2016-06-07 11:45:00-04:00,2016-06-10 12:00:00-04:00,val
SPY,double_top,0,near_miss,54699,,2016-06-16 11:30:00-04:00,short,208.58008273225818,0.06750708886681878,208.6975736554285,206.7624929111332,54620,54699,2016-06-13 11:15:00-04:00,2016-06-16 11:30:00-04:00,val
SPY,double_top,0,near_miss,54727,,2016-06-17 12:00:00-04:00,short,206.5703184802568,1.7008250487317014,208.6975736554285,204.4291749512683,54648,54727,2016-06-14 11:45:00-04:00,2016-06-17 12:00:00-04:00,val
SPY,double_top,0,failed_breakout,54767,,2016-06-20 15:30:00-04:00,short,206.40555148282954,1.9655172469348372,208.89742405698033,206.24448275306517,54688,54767,2016-06-15 15:15:00-04:00,2016-06-20 15:30:00-04:00,val
SPY,double_top,0,failed_breakout,54794,,2016-06-21 15:45:00-04:00,short,208.25288223008985,0.3429663744434208,208.89742405698033,208.16703362555657,54715,54794,2016-06-16 15:30:00-04:00,2016-06-21 15:45:00-04:00,val
SPY,double_top,0,near_miss,54816,,2016-06-22 14:45:00-04:00,short,208.27459602581118,0.39380476917133933,209.04252843787887,207.98619523082866,54737,54816,2016-06-17 14:30:00-04:00,2016-06-22 14:45:00-04:00,val
SPY,double_top,1,confirmed_breakout,54847,54848.0,2016-06-23 16:00:00-04:00,short,208.39024904344612,1.2100245833405268,210.15801881569442,204.56997541665947,54768,54847,2016-06-20 15:45:00-04:00,2016-06-23 16:00:00-04:00,val
SPY,double_top,1,confirmed_breakout,55003,55004.0,2016-07-01 16:00:00-04:00,short,209.82250339257382,0.1237565625491186,210.0308685725941,208.53624343745088,54924,55003,2016-06-28 15:45:00-04:00,2016-07-01 16:00:00-04:00,val
SPY,double_top,0,near_miss,55039,,2016-07-06 12:00:00-04:00,short,208.06280022893293,0.9538908401293043,209.86165133765178,207.7661091598707,54960,55039,2016-06-30 11:45:00-04:00,2016-07-06 12:00:00-04:00,val
SPY,double_top,0,near_miss,55072,,2016-07-07 13:45:00-04:00,short,207.88003682195276,1.2023257488585841,209.99299434114997,208.10767425114142,54993,55072,2016-07-01 13:30:00-04:00,2016-07-07 13:45:00-04:00,val
SPY,double_top,0,failed_breakout,55165,,2016-07-13 11:00:00-04:00,short,213.74978732988382,0.7160916657175846,215.10859948709881,214.36390833428243,55086,55165,2016-07-08 10:45:00-04:00,2016-07-13 11:00:00-04:00,val
SPY,double_top,0,failed_breakout,55209,,2016-07-14 15:30:00-04:00,short,214.7549438150623,0.8778992533714245,216.15708664976862,215.51210074662856,55130,55209,2016-07-11 15:15:00-04:00,2016-07-14 15:30:00-04:00,val
SPY,double_top,0,failed_breakout,55227,,2016-07-15 13:30:00-04:00,short,216.00536450055722,0.1889467077338054,216.23153576681344,215.4910532922662,55148,55227,2016-07-12 13:15:00-04:00,2016-07-15 13:30:00-04:00,val
SPY,double_top,0,near_miss,55273,,2016-07-19 12:00:00-04:00,short,215.68095713717744,0.6553366277461521,216.44105176303373,215.11466337225386,55194,55273,2016-07-14 11:45:00-04:00,2016-07-19 12:00:00-04:00,val
SPY,double_top,0,near_miss,55320,,2016-07-21 10:45:00-04:00,short,215.84634467416132,0.9742353172734113,217.20010821983576,216.0257646827266,55241,55320,2016-07-18 10:30:00-04:00,2016-07-21 10:45:00-04:00,val
SPY,double_top,0,failed_breakout,55377,,2016-07-25 12:00:00-04:00,short,216.13048330754756,1.0290498813564284,217.20010821983576,215.08095011864359,55298,55377,2016-07-20 11:45:00-04:00,2016-07-25 12:00:00-04:00,val
SPY,double_top,0,near_miss,55408,,2016-07-26 13:15:00-04:00,short,216.20586318904208,0.6764157868619805,217.11895815797226,215.81358421313803,55329,55408,2016-07-21 13:00:00-04:00,2016-07-26 13:15:00-04:00,val
SPY,double_top,0,failed_breakout,55433,,2016-07-27 13:00:00-04:00,short,216.42390297842084,0.2236641530662098,216.64953446913827,215.8863358469338,55354,55433,2016-07-22 12:45:00-04:00,2016-07-27 13:00:00-04:00,val
SPY,double_top,0,near_miss,55455,,2016-07-28 12:00:00-04:00,short,216.17162848072036,0.40124385158497944,216.64953446913827,215.768756148415,55376,55455,2016-07-25 11:45:00-04:00,2016-07-28 12:00:00-04:00,val
SPY,double_top,0,near_miss,55482,,2016-07-29 12:15:00-04:00,short,216.12230639424246,0.47338510742568474,216.69517280786386,216.98661489257432,55403,55482,2016-07-26 12:00:00-04:00,2016-07-29 12:15:00-04:00,val
SPY,double_top,0,failed_breakout,55501,,2016-08-01 10:30:00-04:00,short,216.6496788723576,0.3123078270342887,217.22880059091997,216.9076921729657,55422,55501,2016-07-27 10:15:00-04:00,2016-08-01 10:30:00-04:00,val
SPY,double_top,0,failed_breakout,55516,,2016-08-01 14:15:00-04:00,short,217.10167067181587,0.13891065620575205,217.2523620651233,216.66108934379426,55437,55516,2016-07-27 14:00:00-04:00,2016-08-01 14:15:00-04:00,val
SPY,double_top,0,near_miss,55599,,2016-08-04 15:30:00-04:00,short,215.83016319298505,0.33557012147096543,216.44722985943056,215.93442987852904,55520,55599,2016-08-01 15:15:00-04:00,2016-08-04 15:30:00-04:00,val
SPY,double_top,0,failed_breakout,55631,,2016-08-08 10:30:00-04:00,short,216.3203815848055,0.9316343726911214,218.05680205556268,217.04836562730887,55552,55631,2016-08-03 10:15:00-04:00,2016-08-08 10:30:00-04:00,val
SPY,double_top,0,near_miss,55640,,2016-08-08 12:45:00-04:00,short,218.04225493042605,0.05795062268299489,218.14360905065539,217.852049377317,55561,55640,2016-08-03 12:30:00-04:00,2016-08-08 12:45:00-04:00,val
SPY,double_top,0,near_miss,55646,,2016-08-08 14:15:00-04:00,short,218.12835853161155,0.01047314396490151,218.14360905065539,217.9395268560351,55567,55646,2016-08-03 14:00:00-04:00,2016-08-08 14:15:00-04:00,val
SPY,double_top,0,near_miss,55674,,2016-08-09 14:45:00-04:00,short,217.90980222057902,0.40198812581033394,218.4895263922812,217.50801187418966,55595,55674,2016-08-04 14:30:00-04:00,2016-08-09 14:45:00-04:00,val
SPY,double_top,0,near_miss,55785,,2016-08-16 10:00:00-04:00,short,218.2901066390323,0.7749210821959593,219.38252387713908,217.62507891780405,55706,55785,2016-08-11 09:45:00-04:00,2016-08-16 10:00:00-04:00,val
SPY,double_top,0,near_miss,55871,,2016-08-19 12:00:00-04:00,short,218.52761942879286,0.10215088717680487,218.6758325168582,218.3978491128232,55792,55871,2016-08-16 11:45:00-04:00,2016-08-19 12:00:00-04:00,val
SPY,double_top,0,near_miss,55897,,2016-08-22 12:00:00-04:00,short,218.3402047746359,0.2467493189413119,218.6758325168582,217.95325068105868,55818,55897,2016-08-17 11:45:00-04:00,2016-08-22 12:00:00-04:00,val
SPY,double_top,0,near_miss,55904,,2016-08-22 13:45:00-04:00,short,218.3796095621737,0.0997290331692966,218.49807567029626,218.20027096683071,55825,55904,2016-08-17 13:30:00-04:00,2016-08-22 13:45:00-04:00,val
SPY,double_top,0,near_miss,55912,,2016-08-22 15:45:00-04:00,short,218.32440027550896,0.09940768476553785,218.46060152038973,218.42059231523447,55833,55912,2016-08-17 15:30:00-04:00,2016-08-22 15:45:00-04:00,val
SPY,double_top,0,near_miss,55936,,2016-08-23 15:15:00-04:00,short,218.3607002229925,0.46073309525834816,219.2558522363424,218.73926690474164,55857,55936,2016-08-18 15:00:00-04:00,2016-08-23 15:15:00-04:00,val
SPY,double_top,0,failed_breakout,55964,,2016-08-24 15:45:00-04:00,short,218.5968256113253,0.33272706259865004,219.2558522363424,217.17727293740134,55885,55964,2016-08-19 15:30:00-04:00,2016-08-24 15:45:00-04:00,val
SPY,double_top,0,near_miss,55985,,2016-08-25 14:30:00-04:00,short,217.8567472560145,0.39041308658653406,218.6032531115055,217.03958691341347,55906,55985,2016-08-22 14:15:00-04:00,2016-08-25 14:30:00-04:00,val
SPY,double_top,0,near_miss,56010,,2016-08-26 14:15:00-04:00,short,217.56272417247425,0.549864704636434,218.33333462080014,216.18013529536356,55931,56010,2016-08-23 14:00:00-04:00,2016-08-26 14:15:00-04:00,val
SPY,double_top,0,failed_breakout,56047,,2016-08-30 10:30:00-04:00,short,216.8908873954303,1.5214114207631155,218.49126301158665,216.41858857923688,55968,56047,2016-08-25 10:15:00-04:00,2016-08-30 10:30:00-04:00,val
SPY,double_top,0,failed_breakout,56079,,2016-08-31 12:00:00-04:00,short,217.7134320298882,0.4065655330684592,218.49126301158665,216.63343446693153,56000,56079,2016-08-26 11:45:00-04:00,2016-08-31 12:00:00-04:00,val
SPY,double_top,0,near_miss,56108,,2016-09-01 12:45:00-04:00,short,216.90379202874186,0.5926627131582336,217.74873211432663,216.51733728684178,56029,56108,2016-08-29 12:30:00-04:00,2016-09-01 12:45:00-04:00,val
SPY,double_top,0,near_miss,56142,,2016-09-02 14:45:00-04:00,short,216.67907714517514,1.0517705264505537,218.2175179737778,217.16822947354945,56063,56142,2016-08-30 14:30:00-04:00,2016-09-02 14:45:00-04:00,val
SPY,double_top,0,failed_breakout,56159,,2016-09-06 12:30:00-04:00,short,218.0593728530033,0.1957940818826387,218.29281589599412,218.44420591811735,56080,56159,2016-08-31 12:15:00-04:00,2016-09-06 12:30:00-04:00,val
SPY,double_top,0,near_miss,56188,,2016-09-07 13:15:00-04:00,short,218.2387534262771,0.3582022870220669,218.90109553060418,218.30179771297793,56109,56188,2016-09-01 13:00:00-04:00,2016-09-07 13:15:00-04:00,val
SPY,double_top,0,near_miss,56209,,2016-09-08 12:00:00-04:00,short,218.66027745115966,0.22441886039607084,218.90109553060418,218.50558113960392,56130,56209,2016-09-02 11:45:00-04:00,2016-09-08 12:00:00-04:00,val
SPY,double_top,0,near_miss,56217,,2016-09-08 14:00:00-04:00,short,218.6629727183149,0.10988857611380354,218.86829709250728,218.3601114238862,56138,56217,2016-09-02 13:45:00-04:00,2016-09-08 14:00:00-04:00,val
SPY,double_top,0,near_miss,56234,,2016-09-09 11:45:00-04:00,short,218.51792028111672,0.10705453104168328,218.6774254963501,215.73294546895832,56155,56234,2016-09-06 11:30:00-04:00,2016-09-09 11:45:00-04:00,val
SPY,double_top,0,near_miss,56287,,2016-09-13 12:00:00-04:00,short,213.89627293141143,3.3750855871130625,218.5725241279667,209.85491441288693,56208,56287,2016-09-08 11:45:00-04:00,2016-09-13 12:00:00-04:00,val
SPY,double_top,0,failed_breakout,56327,,2016-09-14 15:30:00-04:00,short,213.18207564231392,1.7448408456971265,215.97019290908227,210.77515915430288,56248,56327,2016-09-09 15:15:00-04:00,2016-09-14 15:30:00-04:00,val
SPY,double_top,0,failed_breakout,56365,,2016-09-16 12:00:00-04:00,short,213.19025202536608,1.39681885724508,215.29050169828253,211.8031811427549,56286,56365,2016-09-13 11:45:00-04:00,2016-09-16 12:00:00-04:00,val
SPY,double_top,0,near_miss,56451,,2016-09-21 14:00:00-04:00,short,213.82988909602173,0.27629765893328795,214.21687095558968,213.5737023410667,56372,56451,2016-09-16 13:45:00-04:00,2016-09-21 14:00:00-04:00,val
SPY,double_top,0,failed_breakout,56487,,2016-09-23 10:00:00-04:00,short,213.88661824615565,1.7973005373339106,217.15096661138946,214.7826994626661,56408,56487,2016-09-20 09:45:00-04:00,2016-09-23 10:00:00-04:00,val
SPY,double_top,0,near_miss,56495,,2016-09-23 12:00:00-04:00,short,217.0869850786876,0.06908295452481639,217.16116945503538,216.41091704547517,56416,56495,2016-09-20 11:45:00-04:00,2016-09-23 12:00:00-04:00,val
SPY,double_top,0,failed_breakout,56605,,2016-09-29 13:30:00-04:00,short,215.2218858588257,0.7492809573435011,216.39939749520462,214.2507190426565,56526,56605,2016-09-26 13:15:00-04:00,2016-09-29 13:30:00-04:00,val
SPY,double_top,0,near_miss,56611,,2016-09-29 15:00:00-04:00,short,216.3495567715477,0.0322098398690116,216.39939749520462,215.12779016013098,56532,56611,2016-09-26 14:45:00-04:00,2016-09-29 15:00:00-04:00,val
SPY,double_top,0,failed_breakout,56650,,2016-10-03 11:45:00-04:00,short,215.11472403738816,1.4620687824947254,216.78944991213694,214.10793121750527,56571,56650,2016-09-28 11:30:00-04:00,2016-10-03 11:45:00-04:00,val
SPY,double_top,0,failed_breakout,56679,,2016-10-04 12:30:00-04:00,short,215.45395951852242,0.7708620143005191,216.78944991213694,214.5591379856995,56600,56679,2016-09-29 12:15:00-04:00,2016-10-04 12:30:00-04:00,val
SPY,double_top,0,near_miss,56726,,2016-10-06 11:15:00-04:00,short,215.63459719456338,0.14265690488733185,215.89431504539255,214.68734309511268,56647,56726,2016-10-03 11:00:00-04:00,2016-10-06 11:15:00-04:00,val
SPY,double_top,0,near_miss,56755,,2016-10-07 12:00:00-04:00,short,215.2575186142856,0.5903641379075282,215.89431504539255,213.82963586209246,56676,56755,2016-10-04 11:45:00-04:00,2016-10-07 12:00:00-04:00,val
SPY,double_top,0,failed_breakout,56793,,2016-10-10 15:00:00-04:00,short,214.75620173055248,1.3149055605855438,216.34076412328233,214.94509443941445,56714,56793,2016-10-05 14:45:00-04:00,2016-10-10 15:00:00-04:00,val
SPY,double_top,0,near_miss,56987,,2016-10-20 11:30:00-04:00,short,213.8873900526145,0.3574277299942139,214.4580443241091,213.18257227000578,56908,56987,2016-10-17 11:15:00-04:00,2016-10-20 11:30:00-04:00,val
SPY,double_top,0,near_miss,57012,,2016-10-21 11:15:00-04:00,short,213.7933150843379,0.46142063562416524,214.4580443241091,212.98857936437582,56933,57012,2016-10-18 11:00:00-04:00,2016-10-21 11:15:00-04:00,val
SPY,double_top,0,near_miss,57053,,2016-10-24 15:00:00-04:00,short,213.4643311665142,0.9564158265946787,214.7900668704027,213.95358417340532,56974,57053,2016-10-19 14:45:00-04:00,2016-10-24 15:00:00-04:00,val
SPY,double_top,0,near_miss,57067,,2016-10-25 12:00:00-04:00,short,214.7691220912025,0.047530119859885644,214.84323755172204,214.22246988014012,56988,57067,2016-10-20 11:45:00-04:00,2016-10-25 12:00:00-04:00,val
SPY,double_top,0,near_miss,57087,,2016-10-26 10:30:00-04:00,short,214.29293027895122,0.2842623496370891,214.84323755172204,212.9057376503629,57008,57087,2016-10-21 10:15:00-04:00,2016-10-26 10:30:00-04:00,val
SPY,double_top,0,near_miss,57107,,2016-10-26 15:30:00-04:00,short,213.76047573339315,0.40080223732252307,214.31114770545454,213.44919776267747,57028,57107,2016-10-21 15:15:00-04:00,2016-10-26 15:30:00-04:00,val
SPY,double_top,0,near_miss,57121,,2016-10-27 12:30:00-04:00,short,213.72615006819998,0.1811481357007949,214.01140823597677,213.67885186429922,57042,57121,2016-10-24 12:15:00-04:00,2016-10-27 12:30:00-04:00,val
SPY,double_top,0,near_miss,57131,,2016-10-27 15:00:00-04:00,short,213.5906632662422,0.15193837700238078,213.8031881718248,213.3580616229976,57052,57131,2016-10-24 14:45:00-04:00,2016-10-27 15:00:00-04:00,val
SPY,double_top,0,near_miss,57139,,2016-10-28 10:30:00-04:00,short,213.66547045888132,0.03286294642660437,213.7146516959515,213.2371370535734,57060,57139,2016-10-25 10:15:00-04:00,2016-10-28 10:30:00-04:00,val
SPY,double_top,0,near_miss,57159,,2016-10-28 15:30:00-04:00,short,213.35752904019517,0.3247866969165898,213.7146516959515,212.6752133030834,57080,57159,2016-10-25 15:15:00-04:00,2016-10-28 15:30:00-04:00,val
SPY,double_top,0,near_miss,57186,,2016-10-31 15:45:00-04:00,short,212.6487562544115,0.6293872331627313,213.649979778272,211.97061276683726,57107,57186,2016-10-26 15:30:00-04:00,2016-10-31 15:45:00-04:00,val
SPY,double_top,0,failed_breakout,57227,,2016-11-02 13:00:00-04:00,short,210.58977844411916,1.2006018519089992,212.90630719687644,209.209398148091,57148,57227,2016-10-28 12:45:00-04:00,2016-11-02 13:00:00-04:00,val
SPY,double_top,0,near_miss,57248,,2016-11-03 11:45:00-04:00,short,210.07852254551977,0.308238671703009,210.67445339517988,209.521761328297,57169,57248,2016-10-31 11:30:00-04:00,2016-11-03 11:45:00-04:00,val
SPY,double_top,0,near_miss,57295,,2016-11-07 10:30:00-05:00,short,208.93326523360292,0.9479068597355536,210.0990690392657,210.91209314026446,57216,57295,2016-11-02 10:15:00-04:00,2016-11-07 10:30:00-05:00,val
SPY,double_top,0,failed_breakout,57322,,2016-11-08 10:45:00-05:00,short,209.25626024505306,1.937641961056329,212.72452926480747,210.78235803894367,57243,57322,2016-11-03 10:30:00-04:00,2016-11-08 10:45:00-05:00,val
SPY,double_top,0,failed_breakout,57347,,2016-11-09 10:30:00-05:00,short,212.66975584641662,0.8017397604274379,214.21846194888064,212.75826023957256,57268,57347,2016-11-04 10:15:00-04:00,2016-11-09 10:30:00-05:00,val
SPY,double_top,0,near_miss,57352,,2016-11-09 11:45:00-05:00,short,214.14177232905965,0.053409729442790876,214.21846194888064,215.5465902705572,57273,57352,2016-11-04 11:30:00-04:00,2016-11-09 11:45:00-05:00,val
SPY,double_top,0,failed_breakout,57403,,2016-11-11 11:30:00-05:00,short,213.88275059178852,1.828326682227214,217.2502523799073,213.68167331777278,57324,57403,2016-11-08 11:15:00-05:00,2016-11-11 11:30:00-05:00,val
SPY,double_top,0,failed_breakout,57424,,2016-11-14 10:15:00-05:00,short,216.04092705556437,0.6726345115056063,217.2502523799073,216.3873654884944,57345,57424,2016-11-09 10:00:00-05:00,2016-11-14 10:15:00-05:00,val
SPY,double_top,0,near_miss,57436,,2016-11-14 13:15:00-05:00,short,216.13078996140413,0.1926459973344663,216.47000116324455,216.15735400266553,57357,57436,2016-11-09 13:00:00-05:00,2016-11-14 13:15:00-05:00,val
SPY,double_top,0,near_miss,57469,,2016-11-15 15:00:00-05:00,short,216.22209960275208,0.6000150439083711,217.1742281300764,217.45998495609163,57390,57469,2016-11-10 14:45:00-05:00,2016-11-15 15:00:00-05:00,val
SPY,double_top,0,failed_breakout,57489,,2016-11-16 13:30:00-05:00,short,217.1661796864516,0.36275710043034337,217.8836454436875,217.25724289956966,57410,57489,2016-11-11 13:15:00-05:00,2016-11-16 13:30:00-05:00,val
SPY,double_top,0,failed_breakout,57527,,2016-11-18 10:00:00-05:00,short,217.69989147562254,0.6334125575174596,218.78296262259246,218.21658744248253,57448,57527,2016-11-15 09:45:00-05:00,2016-11-18 10:00:00-05:00,val
SPY,double_top,0,near_miss,57539,,2016-11-18 13:00:00-05:00,short,218.7639054813592,0.05058113118678875,218.84601060249952,218.5494188688132,57460,57539,2016-11-15 12:45:00-05:00,2016-11-18 13:00:00-05:00,val
SPY,double_top,0,near_miss,57594,,2016-11-22 13:45:00-05:00,short,218.5385193326403,0.9857599254215756,220.20254791362427,219.17424007457842,57515,57594,2016-11-17 13:30:00-05:00,2016-11-22 13:45:00-05:00,val
SPY,double_top,0,near_miss,57613,,2016-11-23 12:00:00-05:00,short,220.04308661795127,0.21568207470670586,220.3149894716917,220.1243179252933,57534,57613,2016-11-18 11:45:00-05:00,2016-11-23 12:00:00-05:00,val
SPY,double_top,0,near_miss,57653,,2016-11-28 12:00:00-05:00,short,220.17749475845437,0.626585541057068,221.2931711273312,220.33341445894294,57574,57653,2016-11-21 15:15:00-05:00,2016-11-28 12:00:00-05:00,val
SPY,double_top,0,failed_breakout,57672,,2016-11-29 10:15:00-05:00,short,220.9983992999402,0.18552416563710494,221.2931711273312,220.3544758343629,57593,57672,2016-11-22 13:30:00-05:00,2016-11-29 10:15:00-05:00,val
SPY,double_top,0,near_miss,57701,,2016-11-30 11:00:00-05:00,short,220.67133626488342,0.4802508059289323,221.22849833780134,220.73974919407107,57622,57701,2016-11-23 14:15:00-05:00,2016-11-30 11:00:00-05:00,val
SPY,double_top,0,failed_breakout,57712,,2016-11-30 13:45:00-05:00,short,221.10162116946486,0.1341769570542226,221.24309791523683,221.00582304294576,57633,57712,2016-11-25 10:30:00-05:00,2016-11-30 13:45:00-05:00,val
SPY,double_top,0,near_miss,57723,,2016-12-01 10:00:00-05:00,short,221.14106324785354,0.05279318649394327,221.24309791523683,220.27720681350607,57644,57723,2016-11-28 09:45:00-05:00,2016-12-01 10:00:00-05:00,val
SPY,double_top,0,near_miss,57768,,2016-12-02 14:45:00-05:00,short,219.50130143762607,1.0094377656081406,221.14461495345813,218.50056223439185,57689,57768,2016-11-29 14:30:00-05:00,2016-12-02 14:45:00-05:00,val
SPY,double_top,0,near_miss,57798,,2016-12-05 15:45:00-05:00,short,219.51112180037464,0.899537833560629,220.9444558148602,220.02046216643936,57719,57798,2016-11-30 15:30:00-05:00,2016-12-05 15:45:00-05:00,val
SPY,double_top,0,near_miss,57809,,2016-12-06 12:00:00-05:00,short,220.80312847935852,0.08138941502772923,220.9444558148602,221.00861058497227,57730,57809,2016-12-01 11:45:00-05:00,2016-12-06 12:00:00-05:00,val
SPY,double_top,0,failed_breakout,57964,,2016-12-14 11:45:00-05:00,short,226.03467663002618,1.0838196481758473,227.8602944051152,226.00618035182416,57885,57964,2016-12-09 11:30:00-05:00,2016-12-14 11:45:00-05:00,val
SPY,double_top,1,confirmed_breakout,57977,57978.0,2016-12-14 15:00:00-05:00,short,227.4073259663177,0.3041915790341818,227.8602944051152,225.5758084209658,57898,57977,2016-12-09 14:45:00-05:00,2016-12-14 15:00:00-05:00,val
SPY,double_top,0,near_miss,58007,,2016-12-15 16:00:00-05:00,short,226.6019268440568,0.8122434810519792,227.56274068558855,225.95775651894803,57928,58007,2016-12-12 15:45:00-05:00,2016-12-15 16:00:00-05:00,val
SPY,double_top,0,failed_breakout,58064,,2016-12-20 10:45:00-05:00,short,224.97455408332203,1.479449122400439,227.265599964629,224.86055087759956,57985,58064,2016-12-15 10:30:00-05:00,2016-12-20 10:45:00-05:00,val
SPY,double_top,0,near_miss,58087,,2016-12-21 10:00:00-05:00,short,225.5379329798285,0.41028019435373153,226.25401990154853,225.72971980564625,58008,58087,2016-12-16 09:45:00-05:00,2016-12-21 10:00:00-05:00,val
SPY,double_top,0,near_miss,58117,,2016-12-22 11:00:00-05:00,short,226.11396826096995,0.08433239386744162,226.25401990154853,225.18566760613257,58038,58117,2016-12-19 10:45:00-05:00,2016-12-22 11:00:00-05:00,val
SPY,double_top,0,near_miss,58143,,2016-12-23 11:00:00-05:00,short,225.20536293019904,0.5264317039944331,226.1425814081263,224.89356829600555,58064,58143,2016-12-20 10:45:00-05:00,2016-12-23 11:00:00-05:00,val
SPY,double_top,0,near_miss,58160,,2016-12-23 15:15:00-05:00,short,225.29377073036878,0.07019314390151976,225.40691988827993,225.40980685609847,58081,58160,2016-12-20 15:00:00-05:00,2016-12-23 15:15:00-05:00,val
SPY,double_top,0,near_miss,58194,,2016-12-28 10:45:00-05:00,short,225.3951460453501,0.5111902841269682,226.40575277067418,224.90880971587302,58115,58194,2016-12-22 10:30:00-05:00,2016-12-28 10:45:00-05:00,val
SPY,double_top,0,near_miss,58251,,2016-12-30 12:00:00-05:00,short,224.16889859177473,1.1599533444495478,226.40575277067418,222.82004665555044,58172,58251,2016-12-27 11:45:00-05:00,2016-12-30 12:00:00-05:00,val
SPY,double_top,0,near_miss,58285,,2017-01-03 14:00:00-05:00,short,223.31432647208237,1.0612705307054853,224.49924290380133,222.95872946929452,58206,58285,2016-12-28 13:45:00-05:00,2017-01-03 14:00:00-05:00,val
SPY,double_top,0,failed_breakout,58329,,2017-01-05 12:00:00-05:00,short,224.20358370318428,1.303948976250922,226.51582245506907,224.38605102374908,58250,58329,2016-12-30 11:45:00-05:00,2017-01-05 12:00:00-05:00,val
SPY,double_top,0,near_miss,58378,,2017-01-09 11:15:00-05:00,short,225.94152344451902,1.054146350758316,227.48601893365256,225.89585364924167,58299,58378,2017-01-04 11:00:00-05:00,2017-01-09 11:15:00-05:00,val
SPY,double_top,0,failed_breakout,58424,,2017-01-11 09:45:00-05:00,short,226.5079343754101,0.7827941260598834,227.48601893365256,225.7872058739401,58345,58424,2017-01-05 16:00:00-05:00,2017-01-11 09:45:00-05:00,val
SPY,double_top,0,failed_breakout,58440,,2017-01-11 13:45:00-05:00,short,226.6853451541012,0.2224688470309104,227.0954380692874,225.9875311529691,58361,58440,2017-01-06 13:30:00-05:00,2017-01-11 13:45:00-05:00,val
SPY,double_top,0,near_miss,58459,,2017-01-12 12:00:00-05:00,short,226.2951551643411,0.3546172120313713,226.72018993297687,224.97538278796864,58380,58459,2017-01-09 11:45:00-05:00,2017-01-12 12:00:00-05:00,val
SPY,double_top,0,near_miss,58496,,2017-01-13 14:45:00-05:00,short,225.63413992582764,1.207142742136341,227.10321051615983,225.70285725786366,58417,58496,2017-01-10 14:30:00-05:00,2017-01-13 14:45:00-05:00,val
SPY,double_top,0,near_miss,58511,,2017-01-17 12:00:00-05:00,short,226.96115895025238,0.07977227314498236,227.10321051615983,226.53022772685503,58432,58511,2017-01-11 11:45:00-05:00,2017-01-17 12:00:00-05:00,val
SPY,double_top,0,near_miss,58530,,2017-01-18 10:15:00-05:00,short,226.54158152798604,0.23384997476043168,226.97865193063492,226.25615002523958,58451,58530,2017-01-12 10:00:00-05:00,2017-01-18 10:15:00-05:00,val
SPY,double_top,0,near_miss,58568,,2017-01-19 13:15:00-05:00,short,226.25356009931846,0.3236120526575519,226.58213322909404,225.95638794734245,58489,58568,2017-01-13 13:00:00-05:00,2017-01-19 13:15:00-05:00,val
SPY,double_top,0,near_miss,58599,,2017-01-20 14:30:00-05:00,short,225.94479127473232,0.7418711210464721,226.79119156246358,225.50812887895353,58520,58599,2017-01-17 14:15:00-05:00,2017-01-20 14:30:00-05:00,val
SPY,double_top,0,failed_breakout,58616,,2017-01-23 12:15:00-05:00,short,226.4247306717257,0.20247235442090528,226.79119156246358,225.21752764557908,58537,58616,2017-01-18 12:00:00-05:00,2017-01-23 12:15:00-05:00,val
SPY,double_top,0,near_miss,58715,,2017-01-27 11:00:00-05:00,short,229.30119496455129,0.08718208474394373,229.4431923381223,228.75281791525606,58636,58715,2017-01-24 10:45:00-05:00,2017-01-27 11:00:00-05:00,val
SPY,double_top,0,near_miss,58772,,2017-01-31 12:15:00-05:00,short,226.96097244112332,1.2956590189035637,229.3335617604682,225.40434098109642,58693,58772,2017-01-26 12:00:00-05:00,2017-01-31 12:15:00-05:00,val
SPY,double_top,0,near_miss,58785,,2017-01-31 15:30:00-05:00,short,226.74086001645105,0.22427282447375774,227.1797011595856,226.94572717552623,58706,58785,2017-01-26 15:15:00-05:00,2017-01-31 15:30:00-05:00,val
SPY,double_top,0,near_miss,58804,,2017-02-01 13:45:00-05:00,short,226.687157362542,0.4599877771270826,227.5437257570741,227.00001222287293,58725,58804,2017-01-27 13:30:00-05:00,2017-02-01 13:45:00-05:00,val
SPY,double_top,0,failed_breakout,58832,,2017-02-02 14:15:00-05:00,short,227.45041356136994,0.14624768337807836,227.64959673242194,227.50375231662193,58753,58832,2017-01-30 14:00:00-05:00,2017-02-02 14:15:00-05:00,val
SPY,double_top,0,near_miss,58842,,2017-02-03 10:15:00-05:00,short,227.56707525799814,0.07117899980295306,227.64959673242194,228.82882100019705,58763,58842,2017-01-31 10:00:00-05:00,2017-02-03 10:15:00-05:00,val
SPY,double_top,0,near_miss,58875,,2017-02-06 12:00:00-05:00,short,227.53141485095793,0.956498470776836,229.34891486028926,228.06350152922317,58796,58875,2017-02-01 11:45:00-05:00,2017-02-06 12:00:00-05:00,val
SPY,double_top,0,near_miss,58912,,2017-02-07 14:45:00-05:00,short,228.78219196226422,0.5441994198432099,229.34891486028926,228.43580058015678,58833,58912,2017-02-02 14:30:00-05:00,2017-02-07 14:45:00-05:00,val
SPY,double_top,0,near_miss,59085,,2017-02-16 12:30:00-05:00,short,232.57665792249827,1.21937028954153,234.77479962835014,233.23062971045846,59006,59085,2017-02-13 12:15:00-05:00,2017-02-16 12:30:00-05:00,val
SPY,double_top,0,near_miss,59109,,2017-02-17 12:00:00-05:00,short,234.35468553338592,0.251394910291026,234.77479962835014,233.99860508970897,59030,59109,2017-02-14 11:45:00-05:00,2017-02-17 12:00:00-05:00,val
SPY,double_top,0,near_miss,59151,,2017-02-21 16:00:00-05:00,short,234.29615567011356,0.9759726914749365,236.12941170933016,235.47402730852505,59072,59151,2017-02-15 15:45:00-05:00,2017-02-21 16:00:00-05:00,val
SPY,double_top,0,failed_breakout,59161,,2017-02-22 12:00:00-05:00,short,236.1170753111494,0.11838108787779333,236.34150108872421,235.99161891212222,59082,59161,2017-02-16 11:45:00-05:00,2017-02-22 12:00:00-05:00,val
SPY,double_top,0,near_miss,59166,,2017-02-22 13:15:00-05:00,short,236.27383286165283,0.0435438379562072,236.34150108872421,236.3664561620438,59087,59166,2017-02-16 13:00:00-05:00,2017-02-22 13:15:00-05:00,val
SPY,double_top,0,near_miss,59181,,2017-02-23 10:30:00-05:00,short,236.22985377442376,0.08158922508974342,236.32963368853316,236.06841077491026,59102,59181,2017-02-17 10:15:00-05:00,2017-02-23 10:30:00-05:00,val
SPY,double_top,0,near_miss,59189,,2017-02-23 12:30:00-05:00,short,236.30450810127468,0.04831463193099239,236.37601177787818,236.331685368069,59110,59189,2017-02-17 12:15:00-05:00,2017-02-23 12:30:00-05:00,val
SPY,double_top,0,near_miss,59213,,2017-02-24 12:00:00-05:00,short,236.09526798506295,0.31675130151461417,236.44802679527697,235.5232486984854,59134,59213,2017-02-21 11:45:00-05:00,2017-02-24 12:00:00-05:00,val
SPY,double_top,0,failed_breakout,59227,,2017-02-24 15:30:00-05:00,short,235.9989978149586,0.23956808934480023,236.44802679527697,236.0104319106552,59148,59227,2017-02-21 15:15:00-05:00,2017-02-24 15:30:00-05:00,val
SPY,double_top,0,near_miss,59265,,2017-02-28 12:00:00-05:00,short,236.0127044172773,0.5388583387787662,237.0858801600681,236.25114166122123,59186,59265,2017-02-23 11:45:00-05:00,2017-02-28 12:00:00-05:00,val
SPY,double_top,0,near_miss,59316,,2017-03-02 11:45:00-05:00,short,236.45190912695367,2.097862065294919,240.01366222442908,236.6421379347051,59237,59316,2017-02-27 11:30:00-05:00,2017-03-02 11:45:00-05:00,val
SPY,double_top,0,failed_breakout,59339,,2017-03-03 11:00:00-05:00,short,238.85587060289774,0.5887260497046043,240.01366222442908,237.30127395029538,59260,59339,2017-02-28 10:45:00-05:00,2017-03-03 11:00:00-05:00,val
SPY,double_top,0,near_miss,59369,,2017-03-06 12:00:00-05:00,short,238.07501976197278,0.5212937045685067,238.87553108077557,236.6587062954315,59290,59369,2017-03-01 11:45:00-05:00,2017-03-06 12:00:00-05:00,val
SPY,double_top,0,near_miss,59395,,2017-03-07 12:00:00-05:00,short,237.36970444062928,0.6923969454956591,238.31709585230698,236.54760305450435,59316,59395,2017-03-02 11:45:00-05:00,2017-03-07 12:00:00-05:00,val
SPY,double_top,0,failed_breakout,59411,,2017-03-07 16:00:00-05:00,short,237.3118232317345,0.252151782189884,237.80710691994287,236.79784821781013,59332,59411,2017-03-02 15:45:00-05:00,2017-03-07 16:00:00-05:00,val
SPY,double_top,0,near_miss,59418,,2017-03-08 11:15:00-05:00,short,237.28864280432143,0.026934127825910537,237.32084310790594,237.2430658721741,59339,59418,2017-03-03 11:00:00-05:00,2017-03-08 11:15:00-05:00,val
SPY,double_top,0,near_miss,59429,,2017-03-08 14:00:00-05:00,short,237.22789139042973,0.07916679732389298,237.3103107563887,237.2408332026761,59350,59429,2017-03-03 13:45:00-05:00,2017-03-08 14:00:00-05:00,val
SPY,double_top,0,near_miss,59439,,2017-03-09 10:00:00-05:00,short,237.1990525412166,0.08377661451871177,237.30380561911855,236.80622338548127,59360,59439,2017-03-06 09:45:00-05:00,2017-03-09 10:00:00-05:00,val
SPY,double_top,0,near_miss,59456,,2017-03-09 14:15:00-05:00,short,236.90318764029632,0.18907675062177987,237.26185269235205,235.83092324937823,59377,59456,2017-03-06 14:00:00-05:00,2017-03-09 14:15:00-05:00,val
SPY,double_top,0,near_miss,59485,,2017-03-10 15:00:00-05:00,short,236.48765615860822,0.6369512027777375,237.32653863328773,236.64304879722226,59406,59485,2017-03-07 14:45:00-05:00,2017-03-10 15:00:00-05:00,val
SPY,double_top,0,failed_breakout,59514,,2017-03-13 15:45:00-04:00,short,237.12457601505477,0.2863775075531123,237.495368411928,237.44362249244688,59435,59514,2017-03-08 15:30:00-05:00,2017-03-13 15:45:00-04:00,val
SPY,double_top,0,near_miss,59525,,2017-03-14 12:00:00-04:00,short,237.48718084145682,0.06511085210379974,237.6092149751932,236.8948891478962,59446,59525,2017-03-09 11:45:00-05:00,2017-03-14 12:00:00-04:00,val
SPY,double_top,0,near_miss,59582,,2017-03-16 13:15:00-04:00,short,236.69365506456666,1.5211190323324786,238.82033321860504,237.06888096766752,59503,59582,2017-03-13 13:00:00-04:00,2017-03-16 13:15:00-04:00,val
SPY,double_top,1,confirmed_breakout,59597,59600.0,2017-03-17 10:30:00-04:00,short,238.5595504172654,0.14096350562704174,238.82033321860504,237.11903649437295,59518,59597,2017-03-14 10:15:00-04:00,2017-03-17 10:30:00-04:00,val
SPY,double_top,0,near_miss,59626,,2017-03-20 11:15:00-04:00,short,237.49348503982077,0.6283100123960423,238.58069462717984,236.46168998760396,59547,59626,2017-03-15 11:00:00-04:00,2017-03-20 11:15:00-04:00,val
SPY,double_top,1,confirmed_breakout,59745,59746.0,2017-03-24 15:00:00-04:00,short,234.42711335509446,0.3827661583346469,234.959835547358,232.84723384166534,59666,59745,2017-03-21 14:45:00-04:00,2017-03-24 15:00:00-04:00,val
SPY,double_top,0,near_miss,59819,,2017-03-29 14:00:00-04:00,short,235.33033559188794,0.06350425825809225,235.39521510851714,235.5264957417419,59740,59819,2017-03-24 13:45:00-04:00,2017-03-29 14:00:00-04:00,val
SPY,double_top,0,failed_breakout,59849,,2017-03-30 15:00:00-04:00,short,235.3735147075929,0.37121702062887607,236.0969988646686,235.8287829793711,59770,59849,2017-03-27 14:45:00-04:00,2017-03-30 15:00:00-04:00,val
SPY,double_top,1,confirmed_breakout,59880,59885.0,2017-04-03 09:45:00-04:00,short,236.06796581325773,0.12447661294311274,236.28788598773312,234.54552338705687,59801,59880,2017-03-28 16:00:00-04:00,2017-04-03 09:45:00-04:00,val
SPY,double_top,0,near_miss,59917,,2017-04-04 12:30:00-04:00,short,234.7134282581015,0.9932836050768401,236.28788598773312,234.26671639492315,59838,59917,2017-03-30 12:15:00-04:00,2017-04-04 12:30:00-04:00,val
SPY,double_top,0,failed_breakout,59961,,2017-04-06 10:30:00-04:00,short,235.0408004508576,1.043382955821187,237.0428290747341,234.28661704417883,59882,59961,2017-04-03 10:15:00-04:00,2017-04-06 10:30:00-04:00,val
SPY,double_top,0,failed_breakout,59986,,2017-04-07 10:15:00-04:00,short,235.42830254983446,0.8804590483453865,237.0428290747341,234.38954095165462,59907,59986,2017-04-04 10:00:00-04:00,2017-04-07 10:15:00-04:00,val
SPY,double_top,0,failed_breakout,60014,,2017-04-10 10:45:00-04:00,short,235.22595213507566,0.3530554593821762,235.5833210672901,235.70694454061783,59935,60014,2017-04-05 10:30:00-04:00,2017-04-10 10:45:00-04:00,val
SPY,double_top,0,near_miss,60027,,2017-04-10 14:00:00-04:00,short,235.48785574005345,0.19741877046377,235.78722795374438,235.59258122953622,59948,60027,2017-04-05 13:45:00-04:00,2017-04-10 14:00:00-04:00,val
SPY,double_top,0,near_miss,60042,,2017-04-11 11:15:00-04:00,short,235.46329892075948,0.24851787448807272,235.78722795374438,233.41148212551192,59963,60042,2017-04-06 11:00:00-04:00,2017-04-11 11:15:00-04:00,val
SPY,double_top,0,near_miss,60074,,2017-04-12 12:45:00-04:00,short,234.14749127612214,0.9883528765260507,235.6364056367507,233.15164712347394,59995,60074,2017-04-07 12:30:00-04:00,2017-04-12 12:45:00-04:00,val
SPY,double_top,0,failed_breakout,60091,,2017-04-13 10:30:00-04:00,short,234.16676598498609,0.2862504216421087,234.6352826685457,233.8237495783579,60012,60091,2017-04-10 10:15:00-04:00,2017-04-13 10:30:00-04:00,val
SPY,double_top,0,near_miss,60185,,2017-04-19 14:30:00-04:00,short,233.63011080790864,0.6960305346620146,234.4955528317778,233.21396946533798,60106,60185,2017-04-13 14:15:00-04:00,2017-04-19 14:30:00-04:00,val
SPY,double_top,0,failed_breakout,60226,,2017-04-21 11:45:00-04:00,short,233.72444529176363,1.271443022015717,235.49622379578094,233.7185569779843,60147,60226,2017-04-18 11:30:00-04:00,2017-04-21 11:45:00-04:00,val
SPY,double_top,0,near_miss,60322,,2017-04-27 09:45:00-04:00,short,238.67179003250934,0.25489599313621625,239.1657426277235,238.2651040068638,60243,60322,2017-04-21 16:00:00-04:00,2017-04-27 09:45:00-04:00,val
SPY,double_top,0,near_miss,60355,,2017-04-28 11:30:00-04:00,short,238.35079778519875,0.5535430613895471,239.1657426277235,237.71645693861046,60276,60355,2017-04-25 11:15:00-04:00,2017-04-28 11:30:00-04:00,val
SPY,double_top,0,near_miss,60408,,2017-05-02 11:45:00-04:00,short,238.10831407086556,0.6754896278639535,238.92466833200592,237.90451037213606,60329,60408,2017-04-27 11:30:00-04:00,2017-05-02 11:45:00-04:00,val
SPY,double_top,0,near_miss,60428,,2017-05-03 10:15:00-04:00,short,238.57515066155568,0.24630407603982007,238.92466833200592,237.9336959239602,60349,60428,2017-04-28 10:00:00-04:00,2017-05-03 10:15:00-04:00,val
SPY,double_top,0,near_miss,60550,,2017-05-09 14:45:00-04:00,short,239.41104665995343,0.24654387979595072,239.89744119221547,239.33345612020406,60471,60550,2017-05-04 14:30:00-04:00,2017-05-09 14:45:00-04:00,val
SPY,double_top,0,near_miss,60591,,2017-05-11 12:00:00-04:00,short,239.43690178135822,0.37913114316936003,239.89744119221547,238.30086885683065,60512,60591,2017-05-08 11:45:00-04:00,2017-05-11 12:00:00-04:00,val
SPY,double_top,0,near_miss,60617,,2017-05-12 12:00:00-04:00,short,238.80640820412796,0.7061123669526808,239.7346246568397,238.34388763304733,60538,60617,2017-05-09 11:45:00-04:00,2017-05-12 12:00:00-04:00,val
SPY,double_top,0,failed_breakout,60639,,2017-05-15 11:00:00-04:00,short,238.9327691552549,0.18489577234925036,239.29041648532154,240.13510422765074,60560,60639,2017-05-10 10:45:00-04:00,2017-05-15 11:00:00-04:00,val
SPY,double_top,0,near_miss,60662,,2017-05-16 10:15:00-04:00,short,238.9293140478859,0.6439043948449523,240.20152351557496,239.68609560515506,60583,60662,2017-05-11 10:00:00-04:00,2017-05-16 10:15:00-04:00,val
SPY,double_top,0,near_miss,60672,,2017-05-16 12:45:00-04:00,short,240.1017017693656,0.09281959329257461,240.20152351557496,240.0771804067074,60593,60672,2017-05-11 12:30:00-04:00,2017-05-16 12:45:00-04:00,val
SPY,double_top,0,near_miss,60684,,2017-05-16 15:45:00-04:00,short,240.06120369900083,0.09081942005116161,240.18751920974137,240.03918057994883,60605,60684,2017-05-11 15:30:00-04:00,2017-05-16 15:45:00-04:00,val
SPY,double_top,0,near_miss,60695,,2017-05-17 12:00:00-04:00,short,240.015927222105,0.058333923315103675,240.11652702836264,237.6716660766849,60616,60695,2017-05-12 11:45:00-04:00,2017-05-17 12:00:00-04:00,val
SPY,double_top,0,near_miss,60729,,2017-05-18 14:00:00-04:00,short,236.35096704061002,1.889221392890505,240.03199526247755,234.84077860710948,60650,60729,2017-05-15 13:45:00-04:00,2017-05-18 14:00:00-04:00,val
SPY,double_top,0,near_miss,60769,,2017-05-22 11:00:00-04:00,short,236.33407169983542,1.2745356956215517,238.76883318639048,237.68546430437846,60690,60769,2017-05-17 10:45:00-04:00,2017-05-22 11:00:00-04:00,val
SPY,double_top,0,failed_breakout,60817,,2017-05-24 10:00:00-04:00,short,238.57605402734342,0.8018437066739637,239.98696228164425,239.38815629332603,60738,60817,2017-05-19 09:45:00-04:00,2017-05-24 10:00:00-04:00,val
SPY,double_top,0,failed_breakout,60876,,2017-05-26 11:45:00-04:00,short,239.97845088985065,0.9062017756047567,241.78234304926653,240.73379822439523,60797,60876,2017-05-23 11:30:00-04:00,2017-05-26 11:45:00-04:00,val
SPY,double_top,0,near_miss,60900,,2017-05-30 11:15:00-04:00,short,241.67962796695005,0.08335266041052591,241.78234304926653,241.45664733958947,60821,60900,2017-05-24 11:00:00-04:00,2017-05-30 11:15:00-04:00,val
SPY,double_top,0,near_miss,60928,,2017-05-31 11:45:00-04:00,short,241.52553395309369,0.164479267935576,241.74361820545462,240.77552073206442,60849,60928,2017-05-25 11:30:00-04:00,2017-05-31 11:45:00-04:00,val
SPY,double_top,0,near_miss,61024,,2017-06-06 09:45:00-04:00,short,244.0733199160009,0.0466957250946507,244.13125303047622,243.43330427490534,60945,61024,2017-05-31 16:00:00-04:00,2017-06-06 09:45:00-04:00,val
SPY,double_top,0,near_miss,61056,,2017-06-07 11:15:00-04:00,short,243.57436465775757,0.31920279754788794,244.13125303047622,243.26079720245212,60977,61056,2017-06-02 11:00:00-04:00,2017-06-07 11:15:00-04:00,val
SPY,double_top,0,near_miss,61062,,2017-06-07 12:45:00-04:00,short,243.5724356720518,0.061774871517087604,243.65588188013467,243.2582251284829,60983,61062,2017-06-02 12:30:00-04:00,2017-06-07 12:45:00-04:00,val
SPY,double_top,0,near_miss,61088,,2017-06-08 12:45:00-04:00,short,243.32552350803152,0.2984122750650897,243.63533235919013,243.7415877249349,61009,61088,2017-06-05 12:30:00-04:00,2017-06-08 12:45:00-04:00,val
SPY,double_top,0,near_miss,61103,,2017-06-09 10:00:00-04:00,short,243.5931036038819,0.16678553798362827,243.88444592454096,244.30321446201637,61024,61103,2017-06-06 09:45:00-04:00,2017-06-09 10:00:00-04:00,val
SPY,double_top,0,near_miss,61122,,2017-06-09 14:45:00-04:00,short,243.64098840580755,0.5980587033820939,244.59364829383833,242.1219412966179,61043,61122,2017-06-06 14:30:00-04:00,2017-06-09 14:45:00-04:00,val
SPY,double_top,0,near_miss,61209,,2017-06-15 10:30:00-04:00,short,244.27927048543108,0.1112431493082795,244.42928431949136,242.50875685069173,61130,61209,2017-06-12 10:15:00-04:00,2017-06-15 10:30:00-04:00,val
SPY,double_top,0,near_miss,61241,,2017-06-16 12:00:00-04:00,short,243.16728696718135,0.7985199678772403,244.35174294998737,241.48148003212276,61162,61241,2017-06-13 11:45:00-04:00,2017-06-16 12:00:00-04:00,val
SPY,double_top,0,failed_breakout,61288,,2017-06-20 10:45:00-04:00,short,242.2379120548727,1.7435817583941002,244.38311670640374,242.2764182416059,61209,61288,2017-06-15 10:30:00-04:00,2017-06-20 10:45:00-04:00,val
SPY,double_top,0,near_miss,61293,,2017-06-20 12:00:00-04:00,short,244.3684638436804,0.03250846917291028,244.41882791930288,243.7074915308271,61214,61293,2017-06-15 11:45:00-04:00,2017-06-20 12:00:00-04:00,val
SPY,double_top,0,near_miss,61390,,2017-06-26 10:15:00-04:00,short,243.0420237473725,0.29786801696064913,243.36172090828728,243.86213198303935,61311,61390,2017-06-21 10:00:00-04:00,2017-06-26 10:15:00-04:00,val
SPY,double_top,0,near_miss,61403,,2017-06-26 13:30:00-04:00,short,243.14352106353405,0.3133917130385555,243.59576293276618,243.28660828696144,61324,61403,2017-06-21 13:15:00-04:00,2017-06-26 13:30:00-04:00,val
SPY,double_top,0,near_miss,61420,,2017-06-27 11:15:00-04:00,short,243.57705552046596,0.0260911425339998,243.61395658684984,243.193908857466,61341,61420,2017-06-22 11:00:00-04:00,2017-06-27 11:15:00-04:00,val
SPY,double_top,0,near_miss,61434,,2017-06-27 14:45:00-04:00,short,243.16271718678257,0.2208719939805519,243.59233673915006,241.95912800601945,61355,61434,2017-06-22 14:30:00-04:00,2017-06-27 14:45:00-04:00,val
SPY,double_top,0,near_miss,61474,,2017-06-29 11:45:00-04:00,short,242.10830623650176,1.2333385300221664,243.5084479106717,240.53666146997784,61395,61474,2017-06-26 11:30:00-04:00,2017-06-29 11:45:00-04:00,val
SPY,double_top,0,failed_breakout,61549,,2017-07-05 14:00:00-04:00,short,242.42237880769852,0.29297734167266754,242.99367395603244,242.35702265832734,61470,61549,2017-06-29 10:45:00-04:00,2017-07-05 14:00:00-04:00,val
SPY,double_top,0,near_miss,61567,,2017-07-06 12:00:00-04:00,short,242.42689307484738,0.16059188202308405,242.737931571031,241.55940811797691,61488,61567,2017-06-29 15:15:00-04:00,2017-07-06 12:00:00-04:00,val
SPY,double_top,0,near_miss,61620,,2017-07-10 12:15:00-04:00,short,241.00126141577894,1.4257064774682533,242.737931571031,241.17429352253174,61541,61620,2017-07-05 12:00:00-04:00,2017-07-10 12:15:00-04:00,val
SPY,double_top,0,failed_breakout,61644,,2017-07-11 11:45:00-04:00,short,242.08163010567046,0.28435240460089517,242.61596080507925,241.3556475953991,61565,61644,2017-07-06 11:30:00-04:00,2017-07-11 11:45:00-04:00,val
SPY,double_top,0,near_miss,61700,,2017-07-13 12:45:00-04:00,short,241.82313248836778,1.5310795564784314,244.09246328461316,242.81892044352156,61621,61700,2017-07-10 12:30:00-04:00,2017-07-13 12:45:00-04:00,val
SPY,double_top,0,near_miss,61757,,2017-07-17 14:00:00-04:00,short,244.0583682427926,0.8379306992084139,245.70013459938883,244.85206930079158,61678,61757,2017-07-12 13:45:00-04:00,2017-07-17 14:00:00-04:00,val
SPY,double_top,0,near_miss,61852,,2017-07-21 11:45:00-04:00,short,246.9681916992452,0.1408627662671904,247.23077681724146,246.4791372337328,61773,61852,2017-07-18 11:30:00-04:00,2017-07-21 11:45:00-04:00,val
SPY,double_top,0,near_miss,61874,,2017-07-24 10:45:00-04:00,short,246.5996072021132,0.36722957892789054,247.23077681724146,246.1327704210721,61795,61874,2017-07-19 10:30:00-04:00,2017-07-24 10:45:00-04:00,val
SPY,double_top,0,near_miss,61925,,2017-07-26 10:30:00-04:00,short,246.51708515205664,0.6563674102276025,247.6440083797278,246.9236325897724,61846,61925,2017-07-21 10:15:00-04:00,2017-07-26 10:30:00-04:00,val
SPY,double_top,0,near_miss,61944,,2017-07-26 15:15:00-04:00,short,247.53810399081524,0.0703660587629713,247.6440083797278,247.34963394123702,61865,61944,2017-07-21 15:00:00-04:00,2017-07-26 15:15:00-04:00,val
SPY,double_top,0,near_miss,61952,,2017-07-27 10:45:00-04:00,short,247.5090268603245,0.04247545625949556,247.57293171942862,247.8775245437405,61873,61952,2017-07-24 10:30:00-04:00,2017-07-27 10:45:00-04:00,val
SPY,double_top,0,near_miss,61969,,2017-07-27 15:00:00-04:00,short,247.47931307010901,0.19055624031824436,247.80966570711516,246.26944375968176,61890,61969,2017-07-24 14:45:00-04:00,2017-07-27 15:00:00-04:00,val
SPY,double_top,0,near_miss,61984,,2017-07-28 12:15:00-04:00,short,246.63126476875607,0.6197474663386515,247.80966570711516,246.09025253366136,61905,61984,2017-07-25 12:00:00-04:00,2017-07-28 12:15:00-04:00,val
SPY,double_top,0,near_miss,62013,,2017-07-31 13:00:00-04:00,short,246.5310763101634,0.2590865414037751,246.88796694006007,246.79091345859624,61934,62013,2017-07-26 12:45:00-04:00,2017-07-31 13:00:00-04:00,val
SPY,double_top,0,near_miss,62029,,2017-08-01 10:30:00-04:00,short,246.8549649397441,0.0824208690511341,246.98680467753036,246.87757913094887,61950,62029,2017-07-27 10:15:00-04:00,2017-08-01 10:30:00-04:00,val
SPY,double_top,0,near_miss,62041,,2017-08-01 13:30:00-04:00,short,246.97196150364493,0.05637428839472136,247.06986690654895,247.26362571160527,61962,62041,2017-07-27 13:15:00-04:00,2017-08-01 13:30:00-04:00,val
SPY,double_top,0,near_miss,62062,,2017-08-02 12:15:00-04:00,short,247.0461840771612,0.1401374079678419,247.3027760637091,246.66986259203216,61983,62062,2017-07-28 12:00:00-04:00,2017-08-02 12:15:00-04:00,val
SPY,double_top,0,near_miss,62088,,2017-08-03 12:15:00-04:00,short,246.7940121162477,0.46348401776481296,247.3027760637091,246.47651598223518,62009,62088,2017-07-31 12:00:00-04:00,2017-08-03 12:15:00-04:00,val
SPY,double_top,0,near_miss,62094,,2017-08-03 13:45:00-04:00,short,247.17848999787327,0.02544127376145866,247.21221620431592,246.96455872623855,62015,62094,2017-07-31 13:30:00-04:00,2017-08-03 13:45:00-04:00,val
SPY,double_top,0,near_miss,62111,,2017-08-04 11:30:00-04:00,short,247.02816904866103,0.10754914922057424,247.19564633895354,247.26245085077943,62032,62111,2017-08-01 11:15:00-04:00,2017-08-04 11:30:00-04:00,val
SPY,double_top,0,near_miss,62125,,2017-08-04 15:00:00-04:00,short,247.0483818752286,0.1613496122093352,247.34367291806626,247.05865038779066,62046,62125,2017-08-01 14:45:00-04:00,2017-08-04 15:00:00-04:00,val
SPY,double_top,0,near_miss,62131,,2017-08-07 10:00:00-04:00,short,247.33388658304042,0.012174196527695358,247.34844864106998,247.5578258034723,62052,62131,2017-08-02 09:45:00-04:00,2017-08-07 10:00:00-04:00,val
SPY,double_top,0,near_miss,62165,,2017-08-08 12:00:00-04:00,short,247.27508703370242,0.272865594636329,247.7474566156075,248.50713440536367,62086,62165,2017-08-03 11:45:00-04:00,2017-08-08 12:00:00-04:00,val
SPY,double_top,0,near_miss,62180,,2017-08-08 15:45:00-04:00,short,247.70490077917094,0.3553560202045105,248.3730569831434,246.7546439797955,62101,62180,2017-08-03 15:30:00-04:00,2017-08-08 15:45:00-04:00,val
SPY,double_top,1,confirmed_breakout,62208,62210.0,2017-08-10 09:45:00-04:00,short,246.8380248737407,0.78037402803497,248.3730569831434,244.55962597196503,62129,62208,2017-08-04 16:00:00-04:00,2017-08-10 09:45:00-04:00,val
SPY,double_top,0,near_miss,62217,,2017-08-10 12:00:00-04:00,short,246.72658032423763,0.10637359651167344,246.86374082040794,244.93362640348832,62138,62217,2017-08-07 11:45:00-04:00,2017-08-10 12:00:00-04:00,val
SPY,double_top,0,near_miss,62250,,2017-08-11 13:45:00-04:00,short,244.42938988387934,1.1971853218237527,246.80216702109067,243.14281467817625,62171,62250,2017-08-08 13:30:00-04:00,2017-08-11 13:45:00-04:00,val
SPY,double_top,0,near_miss,62263,,2017-08-14 10:30:00-04:00,short,244.37539789510203,0.05585340267927563,244.45098339031549,246.23414659732072,62184,62263,2017-08-09 10:15:00-04:00,2017-08-14 10:30:00-04:00,val
SPY,double_top,0,failed_breakout,62290,,2017-08-15 10:45:00-04:00,short,244.21473726341978,1.275769152245232,246.5694936260829,245.24423084775478,62211,62290,2017-08-10 10:30:00-04:00,2017-08-15 10:45:00-04:00,val
SPY,double_top,0,near_miss,62297,,2017-08-15 12:30:00-04:00,short,246.54329601376818,0.027247446872678438,246.57159329519882,246.58275255312734,62218,62297,2017-08-10 12:15:00-04:00,2017-08-15 12:30:00-04:00,val
SPY,double_top,0,near_miss,62304,,2017-08-15 14:15:00-04:00,short,246.51861288994914,0.03286776578360673,246.57159329519882,246.5171322342164,62225,62304,2017-08-10 14:00:00-04:00,2017-08-15 14:15:00-04:00,val
SPY,double_top,0,near_miss,62335,,2017-08-16 15:30:00-04:00,short,246.4737282484417,0.4425177618649343,247.3026936878379,246.47748223813505,62256,62335,2017-08-11 15:15:00-04:00,2017-08-16 15:30:00-04:00,val
SPY,double_top,0,failed_breakout,62390,,2017-08-21 09:45:00-04:00,short,242.99217840362496,2.362204165186313,247.3026936878379,240.3877958348137,62311,62390,2017-08-15 16:00:00-04:00,2017-08-21 09:45:00-04:00,val
SPY,double_top,0,near_miss,62416,,2017-08-22 09:45:00-04:00,short,242.63442089126616,0.48727732595412476,243.40607144978463,243.77272267404587,62337,62416,2017-08-16 16:00:00-04:00,2017-08-22 09:45:00-04:00,val
SPY,double_top,0,near_miss,62451,,2017-08-23 12:00:00-04:00,short,242.72945155256267,1.300804822625679,245.2231877657208,243.63919517737432,62372,62451,2017-08-18 11:45:00-04:00,2017-08-23 12:00:00-04:00,val
SPY,double_top,0,failed_breakout,62476,,2017-08-24 11:45:00-04:00,short,244.7130652088506,0.27260772419373325,245.2231877657208,243.81739227580627,62397,62476,2017-08-21 11:30:00-04:00,2017-08-24 11:45:00-04:00,val
SPY,double_top,0,near_miss,62483,,2017-08-24 13:30:00-04:00,short,244.59255454175218,0.0837914420699235,244.74815810036787,244.48620855793007,62404,62483,2017-08-21 13:15:00-04:00,2017-08-24 13:30:00-04:00,val
SPY,double_top,0,near_miss,62495,,2017-08-25 10:00:00-04:00,short,244.3235449908916,0.15733766031775076,244.6045338672763,245.11266233968226,62416,62495,2017-08-22 09:45:00-04:00,2017-08-25 10:00:00-04:00,val
SPY,double_top,0,near_miss,62527,,2017-08-28 11:30:00-04:00,short,244.2303616824401,0.4276757764872343,244.95884348271224,244.19232422351277,62448,62527,2017-08-23 11:15:00-04:00,2017-08-28 11:30:00-04:00,val
SPY,double_top,0,near_miss,62555,,2017-08-29 12:00:00-04:00,short,244.38028619691033,0.30799135386311605,244.95884348271224,244.0920086461369,62476,62555,2017-08-24 11:45:00-04:00,2017-08-29 12:00:00-04:00,val
SPY,double_top,0,near_miss,62712,,2017-09-07 12:15:00-04:00,short,245.80637753967952,1.7926853236724867,248.17109815782914,244.9573146763275,62633,62712,2017-09-01 12:00:00-04:00,2017-09-07 12:15:00-04:00,val
SPY,double_top,0,near_miss,62718,,2017-09-07 13:45:00-04:00,short,246.89982163664388,0.06703338388106772,247.02702756887484,246.77296661611894,62639,62718,2017-09-01 13:30:00-04:00,2017-09-07 13:45:00-04:00,val
SPY,double_top,0,near_miss,62737,,2017-09-08 12:00:00-04:00,short,246.73411853473775,0.11714417413026013,246.90668247217505,246.65285582586975,62658,62737,2017-09-05 11:45:00-04:00,2017-09-08 12:00:00-04:00,val
SPY,double_top,0,near_miss,62752,,2017-09-08 15:45:00-04:00,short,246.742252322931,0.04867509635028,246.79584294556096,246.50132490364973,62673,62752,2017-09-05 15:30:00-04:00,2017-09-08 15:45:00-04:00,val
SPY,double_top,0,near_miss,62758,,2017-09-11 10:45:00-04:00,short,246.7734387579363,0.010640803068582727,246.7860118930016,248.50935919693143,62679,62758,2017-09-06 10:30:00-04:00,2017-09-11 10:45:00-04:00,val
SPY,double_top,0,near_miss,62808,,2017-09-13 10:15:00-04:00,short,246.68609287242757,1.6177208177568616,249.82548015136064,248.43227918224315,62729,62808,2017-09-08 10:00:00-04:00,2017-09-13 10:15:00-04:00,val
SPY,double_top,0,near_miss,62823,,2017-09-13 14:00:00-04:00,short,249.79695621203652,0.08428319936720641,249.93699867144684,249.8757168006328,62744,62823,2017-09-08 13:45:00-04:00,2017-09-13 14:00:00-04:00,val
SPY,double_top,0,near_miss,62841,,2017-09-14 12:00:00-04:00,short,249.927580498136,0.05004363022484881,250.01824958527484,250.06995636977516,62762,62841,2017-09-11 11:45:00-04:00,2017-09-14 12:00:00-04:00,val
SPY,double_top,0,near_miss,62857,,2017-09-14 16:00:00-04:00,short,249.97366076660373,0.0883254078397897,250.10572276361222,250.0116745921602,62778,62857,2017-09-11 15:45:00-04:00,2017-09-14 16:00:00-04:00,val
SPY,double_top,0,near_miss,62907,,2017-09-18 15:30:00-04:00,short,248.99157632394324,0.9986811810689176,250.10572276361222,248.63131881893108,62828,62907,2017-09-13 15:15:00-04:00,2017-09-18 15:30:00-04:00,val
SPY,double_top,0,failed_breakout,62940,,2017-09-20 10:45:00-04:00,short,249.65484445104573,0.2597881743306516,249.95447300434068,249.72021182566934,62861,62940,2017-09-15 10:30:00-04:00,2017-09-20 10:45:00-04:00,val
SPY,double_top,0,near_miss,62947,,2017-09-20 12:30:00-04:00,short,249.95258653610475,0.019679198286752353,249.99005846444228,250.04032080171325,62868,62947,2017-09-15 12:15:00-04:00,2017-09-20 12:30:00-04:00,val
SPY,double_top,0,near_miss,62959,,2017-09-20 15:30:00-04:00,short,249.9418921965801,0.0598456624630046,250.01341725364395,249.630154337537,62880,62959,2017-09-15 15:15:00-04:00,2017-09-20 15:30:00-04:00,val
SPY,double_top,0,near_miss,62990,,2017-09-22 10:15:00-04:00,short,249.57131670755086,0.303336970430081,250.01341725364395,248.99666302956993,62911,62990,2017-09-19 10:00:00-04:00,2017-09-22 10:15:00-04:00,val
SPY,double_top,0,near_miss,63079,,2017-09-27 13:00:00-04:00,short,249.2553181609464,0.10383871597952066,249.43357124361853,249.3861612840205,63000,63079,2017-09-22 12:45:00-04:00,2017-09-27 13:00:00-04:00,val
SPY,double_top,0,near_miss,63102,,2017-09-28 12:15:00-04:00,short,249.33883409405846,0.3924602295358852,250.02901740357012,249.8275397704641,63023,63102,2017-09-25 12:00:00-04:00,2017-09-28 12:15:00-04:00,val
SPY,double_top,0,failed_breakout,63124,,2017-09-29 11:15:00-04:00,short,250.01451927351505,0.13772299446176817,250.2754671323835,250.64227700553823,63045,63124,2017-09-26 11:00:00-04:00,2017-09-29 11:15:00-04:00,val
SPY,double_top,0,near_miss,63257,,2017-10-06 12:00:00-04:00,short,253.1261535636523,0.7111784409445647,254.5191232661124,253.25882155905543,63178,63257,2017-10-03 11:45:00-04:00,2017-10-06 12:00:00-04:00,val
SPY,double_top,0,failed_breakout,63287,,2017-10-09 13:00:00-04:00,short,254.07459630633016,0.3075253998024152,254.5191232661124,253.91247460019758,63208,63287,2017-10-04 12:45:00-04:00,2017-10-09 13:00:00-04:00,val
SPY,double_top,0,near_miss,63295,,2017-10-09 15:00:00-04:00,short,254.24295274063996,0.02211748088546983,254.28502029689807,253.96788251911454,63216,63295,2017-10-04 14:45:00-04:00,2017-10-09 15:00:00-04:00,val
SPY,double_top,0,near_miss,63317,,2017-10-10 14:00:00-04:00,short,254.04412532503648,0.2471829884724741,254.3056901824659,254.09281701152753,63238,63317,2017-10-05 13:45:00-04:00,2017-10-10 14:00:00-04:00,val
SPY,double_top,0,near_miss,63361,,2017-10-12 12:00:00-04:00,short,254.26116995050933,0.28793626746954715,254.79252225349182,254.72206373253044,63282,63361,2017-10-09 11:45:00-04:00,2017-10-12 12:00:00-04:00,val
SPY,double_top,0,near_miss,63380,,2017-10-13 10:15:00-04:00,short,254.75369208592326,0.10718872442521388,254.92923936720516,254.9728112755748,63301,63380,2017-10-10 10:00:00-04:00,2017-10-13 10:15:00-04:00,val
SPY,double_top,0,near_miss,63404,,2017-10-16 09:45:00-04:00,short,254.7968578616378,0.2471119827730206,255.15870032161646,255.17288801722697,63325,63404,2017-10-10 16:00:00-04:00,2017-10-16 09:45:00-04:00,val
SPY,double_top,0,near_miss,63416,,2017-10-16 12:45:00-04:00,short,255.06447857296754,0.08868391486444693,255.15870032161646,254.89131608513554,63337,63416,2017-10-11 12:30:00-04:00,2017-10-16 12:45:00-04:00,val
SPY,double_top,0,near_miss,63422,,2017-10-16 14:15:00-04:00,short,255.1195496690897,0.018870989025998597,255.1476246540475,255.071129010974,63343,63422,2017-10-11 14:00:00-04:00,2017-10-16 14:15:00-04:00,val
SPY,double_top,0,near_miss,63443,,2017-10-17 13:00:00-04:00,short,255.04596447813336,0.12250691116759072,255.207726116418,255.0174930888324,63364,63443,2017-10-12 12:45:00-04:00,2017-10-17 13:00:00-04:00,val
SPY,double_top,0,near_miss,63489,,2017-10-19 11:30:00-04:00,short,255.15942584668895,0.3691582985653383,255.83661163761008,254.74084170143468,63410,63489,2017-10-16 11:15:00-04:00,2017-10-19 11:30:00-04:00,val
SPY,double_top,0,near_miss,63590,,2017-10-25 10:45:00-04:00,short,256.40408892153954,0.45968084222948846,257.0837931187286,254.66031915777052,63511,63590,2017-10-20 10:30:00-04:00,2017-10-25 10:45:00-04:00,val
SPY,double_top,0,near_miss,63633,,2017-10-26 15:00:00-04:00,short,254.75625509687328,1.5280120510581412,256.64374640880953,254.24198794894187,63554,63633,2017-10-23 14:45:00-04:00,2017-10-26 15:00:00-04:00,val
SPY,double_top,0,near_miss,63641,,2017-10-27 10:30:00-04:00,short,255.90520443481162,0.036608317665553614,255.95883761790105,256.7433916823344,63562,63641,2017-10-24 10:15:00-04:00,2017-10-27 10:30:00-04:00,val
SPY,double_top,0,failed_breakout,63673,,2017-10-30 12:00:00-04:00,short,255.84537382674782,0.9492241944451223,257.6303584244848,255.94077580555486,63594,63673,2017-10-25 11:45:00-04:00,2017-10-30 12:00:00-04:00,val
SPY,double_top,0,failed_breakout,63733,,2017-11-01 14:00:00-04:00,short,257.26154598481577,0.47133471827777385,257.8354029817023,256.94866528172224,63654,63733,2017-10-27 13:45:00-04:00,2017-11-01 14:00:00-04:00,val
SPY,double_top,0,failed_breakout,63750,,2017-11-02 11:45:00-04:00,short,257.53281122940314,0.17632714209457845,257.8354029817023,256.7236728579054,63671,63750,2017-10-30 11:30:00-04:00,2017-11-02 11:45:00-04:00,val
SPY,double_top,0,near_miss,63855,,2017-11-08 12:00:00-05:00,short,258.42078709531853,0.2917464158545613,258.977336852397,258.2882535841454,63776,63855,2017-11-03 11:45:00-04:00,2017-11-08 12:00:00-05:00,val
SPY,double_top,0,near_miss,63881,,2017-11-09 12:00:00-05:00,short,258.42359130201896,0.30869587497090833,259.01684418403056,257.0413041250291,63802,63881,2017-11-06 11:45:00-05:00,2017-11-09 12:00:00-05:00,val
SPY,double_top,0,near_miss,63911,,2017-11-10 13:00:00-05:00,short,257.3269185996001,1.0781406449894462,259.01684418403056,256.62185935501054,63832,63911,2017-11-07 12:45:00-05:00,2017-11-10 13:00:00-05:00,val
SPY,double_top,0,near_miss,63933,,2017-11-13 12:00:00-05:00,short,257.74119978987005,0.16768001476305017,258.0244853041176,258.1123199852369,63854,63933,2017-11-08 11:45:00-05:00,2017-11-13 12:00:00-05:00,val
SPY,double_top,0,near_miss,63957,,2017-11-14 11:30:00-05:00,short,257.9634820405986,0.21510921450567366,258.33269720609087,257.3648907854943,63878,63957,2017-11-09 11:15:00-05:00,2017-11-14 11:30:00-05:00,val
SPY,double_top,0,near_miss,63972,,2017-11-14 15:15:00-05:00,short,257.6278554896368,0.3555790952541429,258.33269720609087,257.3644209047459,63893,63972,2017-11-09 15:00:00-05:00,2017-11-14 15:15:00-05:00,val
SPY,double_top,0,near_miss,63985,,2017-11-15 12:00:00-05:00,short,257.5433112011506,0.08027508371918657,257.63417196369096,256.9397249162808,63906,63985,2017-11-10 11:45:00-05:00,2017-11-15 12:00:00-05:00,val
SPY,double_top,0,near_miss,63999,,2017-11-15 15:30:00-05:00,short,256.84385294337727,0.399213918235489,257.61300060604856,256.1807860817645,63920,63999,2017-11-10 15:15:00-05:00,2017-11-15 15:30:00-05:00,val
SPY,double_top,0,near_miss,64035,,2017-11-17 11:30:00-05:00,short,256.7107236072089,1.1148611768903152,258.7780364510215,257.03513882310966,63956,64035,2017-11-14 11:15:00-05:00,2017-11-17 11:30:00-05:00,val
SPY,double_top,0,failed_breakout,64085,,2017-11-21 11:00:00-05:00,short,258.07129778665,0.5105615794359437,258.7780364510215,259.47943842056407,64006,64085,2017-11-16 10:45:00-05:00,2017-11-21 11:00:00-05:00,val
SPY,double_top,0,near_miss,64111,,2017-11-22 11:00:00-05:00,short,258.34377672045173,0.8455331200199225,259.9929373997928,259.0944668799801,64032,64111,2017-11-17 10:45:00-05:00,2017-11-22 11:00:00-05:00,val
SPY,double_top,0,near_miss,64227,,2017-11-30 10:30:00-05:00,short,262.64474573155456,0.1241784823463945,262.8898935887205,263.9458215176536,64148,64227,2017-11-27 10:15:00-05:00,2017-11-30 10:30:00-05:00,val
SPY,double_top,0,near_miss,64254,,2017-12-01 10:45:00-05:00,short,262.5954675648246,1.3009362522457195,265.14485279505914,263.72906374775425,64175,64254,2017-11-28 10:30:00-05:00,2017-12-01 10:45:00-05:00,val
SPY,double_top,1,confirmed_breakout,64255,64256.0,2017-12-01 11:00:00-05:00,short,264.87055237482826,0.15942817562847722,265.14485279505914,263.19057182437155,64176,64255,2017-11-28 10:45:00-05:00,2017-12-01 11:00:00-05:00,val
SPY,double_top,0,near_miss,64303,,2017-12-05 10:00:00-05:00,short,263.6034734756099,1.7753988794751194,265.8426364043157,262.3946011205249,64224,64303,2017-11-30 09:45:00-05:00,2017-12-05 10:00:00-05:00,val
SPY,double_top,0,failed_breakout,64320,,2017-12-05 14:15:00-05:00,short,264.625576983363,0.6532692230140924,265.8426364043157,263.5167307769859,64241,64320,2017-11-30 14:00:00-05:00,2017-12-05 14:15:00-05:00,val
SPY,double_top,0,near_miss,64361,,2017-12-07 11:30:00-05:00,short,263.21076073945676,0.8507018450245596,264.7150560084384,263.09929815497543,64282,64361,2017-12-04 11:15:00-05:00,2017-12-07 11:30:00-05:00,val
SPY,double_top,0,near_miss,64382,,2017-12-08 10:15:00-05:00,short,263.38549084025374,0.38957966291843604,264.1422718458201,264.4704203370816,64303,64382,2017-12-05 10:00:00-05:00,2017-12-08 10:15:00-05:00,val
SPY,double_top,0,failed_breakout,64408,,2017-12-11 10:15:00-05:00,short,264.00060206425,0.7099085820021287,265.2787494466842,265.2800914179979,64329,64408,2017-12-06 10:00:00-05:00,2017-12-11 10:15:00-05:00,val
SPY,double_top,0,failed_breakout,64438,,2017-12-12 11:15:00-05:00,short,265.22516988608083,0.46882807967244844,266.10924648482245,266.39117192032757,64359,64438,2017-12-07 11:00:00-05:00,2017-12-12 11:15:00-05:00,val
SPY,double_top,0,near_miss,64464,,2017-12-13 11:15:00-05:00,short,266.08641450750565,0.5381689225829405,267.1399203753548,266.90183107741706,64385,64464,2017-12-08 11:00:00-05:00,2017-12-13 11:15:00-05:00,val
SPY,double_top,0,near_miss,64477,,2017-12-13 14:30:00-05:00,short,267.08546080746163,0.15542359964604202,267.34184843886055,267.15457640035396,64398,64477,2017-12-08 14:15:00-05:00,2017-12-13 14:30:00-05:00,val
SPY,double_top,0,near_miss,64490,,2017-12-14 11:15:00-05:00,short,267.139524068203,0.1364528751485068,267.34184843886055,266.5435471248515,64411,64490,2017-12-11 11:00:00-05:00,2017-12-14 11:15:00-05:00,val
SPY,double_top,0,near_miss,64568,,2017-12-19 11:15:00-05:00,short,268.30859013493034,0.030165517387786167,268.3520878465442,267.7498344826122,64489,64568,2017-12-14 11:00:00-05:00,2017-12-19 11:15:00-05:00,val
SPY,double_top,0,near_miss,64712,,2017-12-27 14:45:00-05:00,short,267.0824230946645,0.31545354098977896,267.44358547736965,266.8745464590102,64633,64712,2017-12-21 14:30:00-05:00,2017-12-27 14:45:00-05:00,val
SPY,double_top,0,near_miss,64742,,2017-12-28 15:45:00-05:00,short,267.2177258142255,0.30795623020566154,267.6077786114927,267.38204376979434,64663,64742,2017-12-22 15:30:00-05:00,2017-12-28 15:45:00-05:00,val
SPY,double_top,0,near_miss,64759,,2017-12-29 13:30:00-05:00,short,267.5629608373554,0.13511807271572707,267.7883792086496,267.4848819272843,64680,64759,2017-12-26 13:15:00-05:00,2017-12-29 13:30:00-05:00,val
SPY,double_top,0,failed_breakout,64953,,2018-01-11 10:00:00-05:00,short,273.9543950569952,0.5910665894805902,274.9972797003494,274.4789334105194,64874,64953,2018-01-08 09:45:00-05:00,2018-01-11 10:00:00-05:00,val
SPY,double_top,0,failed_breakout,65067,,2018-01-18 12:30:00-05:00,short,277.3726233173177,1.8131262904041705,279.533139455461,277.42687370959584,64988,65067,2018-01-12 12:15:00-05:00,2018-01-18 12:30:00-05:00,val
SPY,double_top,0,failed_breakout,65089,,2018-01-19 11:30:00-05:00,short,279.17873778122845,0.3182300748371176,279.533139455461,279.3017699251629,65010,65089,2018-01-16 11:15:00-05:00,2018-01-19 11:30:00-05:00,val
SPY,double_top,0,near_miss,65096,,2018-01-19 13:15:00-05:00,short,279.4180336210994,0.10591775157683969,279.5871064886824,279.51408224842316,65017,65096,2018-01-16 13:00:00-05:00,2018-01-19 13:15:00-05:00,val
SPY,double_top,0,failed_breakout,65196,,2018-01-25 12:15:00-05:00,short,282.9758228306415,0.5984744549525658,283.88207232431006,283.4315255450474,65117,65196,2018-01-22 12:00:00-05:00,2018-01-25 12:15:00-05:00,val
SPY,double_top,0,near_miss,65213,,2018-01-26 10:00:00-05:00,short,283.22010724804437,0.2560022699768183,283.68569678916424,284.1839977300232,65134,65213,2018-01-23 09:45:00-05:00,2018-01-26 10:00:00-05:00,val
SPY,double_top,0,near_miss,65251,,2018-01-29 13:00:00-05:00,short,283.2340701075628,1.5758450196294689,285.93413346522027,284.33415498037056,65172,65251,2018-01-24 12:45:00-05:00,2018-01-29 13:00:00-05:00,val
SPY,double_top,1,confirmed_breakout,65263,65264.0,2018-01-29 16:00:00-05:00,short,285.57993483064655,0.2452379557227573,285.93413346522027,282.3347620442772,65184,65263,2018-01-24 15:45:00-05:00,2018-01-29 16:00:00-05:00,val
SPY,double_top,0,near_miss,65305,,2018-01-31 13:30:00-05:00,short,281.9407744761056,2.0945164539596135,285.7162121075184,280.43548354604036,65226,65305,2018-01-26 13:15:00-05:00,2018-01-31 13:30:00-05:00,val
SPY,double_top,0,near_miss,65317,,2018-02-01 10:00:00-05:00,short,282.18856516762554,0.11432553125530376,282.3543697526121,281.5456744687447,65238,65317,2018-01-29 09:45:00-05:00,2018-02-01 10:00:00-05:00,val
SPY,double_top,0,near_miss,65342,,2018-02-02 09:45:00-05:00,short,281.5913529694106,0.7781647656943278,282.48762382506027,279.0218352343057,65263,65342,2018-01-29 16:00:00-05:00,2018-02-02 09:45:00-05:00,val
SPY,double_top,0,near_miss,65442,,2018-02-07 15:15:00-05:00,short,263.89542626821736,3.715859696391476,270.88948201377247,266.21414030360853,65363,65442,2018-02-02 15:00:00-05:00,2018-02-07 15:15:00-05:00,val
SPY,double_top,1,confirmed_breakout,65444,65445.0,2018-02-07 15:45:00-05:00,short,269.83237091775305,0.5363816583608241,270.88948201377247,267.11361834163915,65365,65444,2018-02-02 15:30:00-05:00,2018-02-07 15:45:00-05:00,val
SPY,double_top,0,failed_breakout,65559,,2018-02-14 12:00:00-05:00,short,264.6832266812001,1.225265363679,265.93417637019303,265.704734636321,65480,65559,2018-02-09 11:45:00-05:00,2018-02-14 12:00:00-05:00,val
SPY,double_top,1,confirmed_breakout,65649,65650.0,2018-02-20 15:00:00-05:00,short,272.67807752108877,0.9341467842239126,274.2036226899517,270.1658532157761,65570,65649,2018-02-14 14:45:00-05:00,2018-02-20 15:00:00-05:00,val
SPY,double_top,0,near_miss,65685,,2018-02-22 11:00:00-05:00,short,271.9415111569307,1.2728431051665439,273.40788260352093,270.46715689483347,65606,65685,2018-02-16 10:45:00-05:00,2018-02-22 11:00:00-05:00,val
SPY,double_top,1,confirmed_breakout,65700,65701.0,2018-02-22 14:45:00-05:00,short,271.8254098574303,1.01347184269855,273.40788260352093,269.31652815730143,65621,65700,2018-02-16 14:30:00-05:00,2018-02-22 14:45:00-05:00,val
SPY,double_top,1,confirmed_breakout,65923,65924.0,2018-03-07 12:00:00-05:00,short,272.0601122895606,0.4647543483216623,272.6807711711788,270.0552456516783,65844,65923,2018-03-02 11:45:00-05:00,2018-03-07 12:00:00-05:00,val
SPY,double_top,0,failed_breakout,65959,,2018-03-08 14:30:00-05:00,short,271.1982589158633,1.7026708800669326,273.1210884206817,271.32732911993304,65880,65959,2018-03-05 14:15:00-05:00,2018-03-08 14:30:00-05:00,val
SPY,double_top,0,failed_breakout,66007,,2018-03-12 13:30:00-04:00,short,272.91017686680505,3.0766736920479048,278.8526126970242,275.7233263079521,65928,66007,2018-03-07 13:15:00-05:00,2018-03-12 13:30:00-04:00,val
SPY,double_top,0,near_miss,66018,,2018-03-13 09:45:00-04:00,short,278.77128208891025,0.049328976667254665,278.8526126970242,280.18067102333276,65939,66018,2018-03-07 16:00:00-05:00,2018-03-13 09:45:00-04:00,val
SPY,double_top,0,near_miss,66033,,2018-03-13 13:30:00-04:00,short,278.58893160129946,0.42657983139167754,279.24241343125146,277.8434201686083,65954,66033,2018-03-08 13:15:00-05:00,2018-03-13 13:30:00-04:00,val
SPY,double_top,0,near_miss,66073,,2018-03-15 10:30:00-04:00,short,275.67098349893297,1.8033773039463767,279.24241343125146,273.87662269605363,65994,66073,2018-03-12 10:15:00-04:00,2018-03-15 10:30:00-04:00,val
SPY,double_top,0,near_miss,66092,,2018-03-15 15:15:00-04:00,short,275.3063652690529,0.4388587646775477,275.7841398929536,274.48114123532247,66013,66092,2018-03-12 15:00:00-04:00,2018-03-15 15:15:00-04:00,val
SPY,double_top,0,near_miss,66130,,2018-03-19 11:45:00-04:00,short,274.59539505835676,0.6091174868603275,275.7841398929536,270.2008825131397,66051,66130,2018-03-14 11:30:00-04:00,2018-03-19 11:45:00-04:00,val
SPY,double_top,0,near_miss,66171,,2018-03-20 15:30:00-04:00,short,269.68106950650747,3.069033344490663,274.6248851974806,268.0809666555093,66092,66171,2018-03-15 15:15:00-04:00,2018-03-20 15:30:00-04:00,val
SPY,double_top,1,confirmed_breakout,66199,66200.0,2018-03-21 16:00:00-04:00,short,270.69696069263335,0.6976997787228925,271.9140004381969,267.4323002212771,66120,66199,2018-03-16 15:45:00-04:00,2018-03-21 16:00:00-04:00,val
SPY,double_top,1,confirmed_breakout,66221,66222.0,2018-03-22 15:00:00-04:00,short,266.937129440324,2.623694070421152,271.9140004381969,262.95630592957883,66142,66221,2018-03-19 14:45:00-04:00,2018-03-22 15:00:00-04:00,val
SPY,double_top,0,near_miss,66265,,2018-03-26 13:00:00-04:00,short,261.0340503033667,3.198260855484932,267.20764658329335,258.20173914451505,66186,66265,2018-03-21 12:45:00-04:00,2018-03-26 13:00:00-04:00,val
SPY,double_top,0,near_miss,66303,,2018-03-27 16:00:00-04:00,short,260.99239667197924,2.5569048895625883,265.8416273886737,257.9530951104374,66224,66303,2018-03-22 15:45:00-04:00,2018-03-27 16:00:00-04:00,val
SPY,double_top,0,failed_breakout,66410,,2018-04-04 10:15:00-04:00,short,256.1678819741484,5.051822698745809,263.8272732208968,253.6281773012542,66331,66410,2018-03-29 10:00:00-04:00,2018-04-04 10:15:00-04:00,val
SPY,double_top,0,failed_breakout,66458,,2018-04-05 15:45:00-04:00,short,258.4545917149349,3.7630952867412475,265.8232378784608,262.09690471325877,66379,66458,2018-04-02 15:30:00-04:00,2018-04-05 15:45:00-04:00,val
SPY,double_top,1,confirmed_breakout,66463,66464.0,2018-04-06 10:30:00-04:00,short,265.45518854220217,0.32308221717613606,265.8232378784608,262.98691778282387,66384,66463,2018-04-03 10:15:00-04:00,2018-04-06 10:30:00-04:00,val
SPY,double_top,0,failed_breakout,66515,,2018-04-10 10:30:00-04:00,short,260.119624565251,4.76664800081187,265.73330364029584,259.9333519991881,66436,66515,2018-04-05 10:15:00-04:00,2018-04-10 10:30:00-04:00,val
SPY,double_top,0,failed_breakout,66547,,2018-04-11 12:00:00-04:00,short,263.2412606817977,1.3545434479697178,265.152366767705,263.5754565520303,66468,66547,2018-04-06 11:45:00-04:00,2018-04-11 12:00:00-04:00,val
SPY,double_top,0,near_miss,66560,,2018-04-11 15:15:00-04:00,short,264.60185380561376,0.3641437477327827,265.152366767705,263.3258562522672,66481,66560,2018-04-06 15:00:00-04:00,2018-04-11 15:15:00-04:00,val
SPY,double_top,0,near_miss,66588,,2018-04-12 15:45:00-04:00,short,264.2320627014484,1.2397203698520798,266.1639378036129,265.3302796301479,66509,66588,2018-04-09 15:30:00-04:00,2018-04-12 15:45:00-04:00,val
SPY,double_top,0,failed_breakout,66601,,2018-04-13 12:30:00-04:00,short,266.02598402468976,0.2676099868668871,266.4232502195004,265.6923900131331,66522,66601,2018-04-10 12:15:00-04:00,2018-04-13 12:30:00-04:00,val
SPY,double_top,0,near_miss,66619,,2018-04-16 10:30:00-04:00,short,265.68193746217196,0.45891908125645386,266.4232502195004,266.6310809187435,66540,66619,2018-04-11 10:15:00-04:00,2018-04-16 10:30:00-04:00,val
SPY,double_top,0,near_miss,66700,,2018-04-19 11:15:00-04:00,short,270.85620024642,0.04100331850298744,270.8973045080055,268.608996681497,66621,66700,2018-04-16 11:00:00-04:00,2018-04-19 11:15:00-04:00,val
SPY,double_top,1,confirmed_breakout,66725,66726.0,2018-04-20 11:00:00-04:00,short,268.26638663135117,1.4163454325403109,270.8971026218404,265.2136545674597,66646,66725,2018-04-17 10:45:00-04:00,2018-04-20 11:00:00-04:00,val
SPY,double_top,0,near_miss,66767,,2018-04-23 15:00:00-04:00,short,266.539079879914,1.2851764637833298,268.46836150594254,264.3348235362167,66688,66767,2018-04-18 14:45:00-04:00,2018-04-23 15:00:00-04:00,val
SPY,double_top,0,near_miss,66786,,2018-04-24 13:15:00-04:00,short,266.32939021379633,0.6093503132694309,267.18015118145223,263.41064968673055,66707,66786,2018-04-19 13:00:00-04:00,2018-04-24 13:15:00-04:00,val
SPY,double_top,0,near_miss,66816,,2018-04-25 14:15:00-04:00,short,262.13326520934226,2.3948026594421776,266.69732987267935,260.3151973405578,66737,66816,2018-04-20 14:00:00-04:00,2018-04-25 14:15:00-04:00,val
SPY,double_top,0,near_miss,66862,,2018-04-27 12:45:00-04:00,short,262.2966272454711,2.2047836591863756,266.6440159444254,264.09521634081364,66783,66862,2018-04-24 12:30:00-04:00,2018-04-27 12:45:00-04:00,val
SPY,double_top,0,failed_breakout,66882,,2018-04-30 11:15:00-04:00,short,266.3766824468259,0.27199301112835883,266.65333497148316,267.20800698887166,66803,66882,2018-04-25 11:00:00-04:00,2018-04-30 11:15:00-04:00,val
SPY,double_top,0,near_miss,66893,,2018-04-30 14:00:00-04:00,short,266.6254619592391,0.30656823615623807,267.21072541930744,265.75343176384376,66814,66893,2018-04-25 13:45:00-04:00,2018-04-30 14:00:00-04:00,val
SPY,double_top,0,near_miss,66945,,2018-05-02 14:00:00-04:00,short,262.8766873881538,2.942219625764608,267.21072541930744,261.8477803742354,66866,66945,2018-04-27 13:45:00-04:00,2018-05-02 14:00:00-04:00,val
SPY,double_top,1,confirmed_breakout,66953,66954.0,2018-05-02 16:00:00-04:00,short,264.3917719467268,0.22537073120633977,264.80719674733683,261.0746292687937,66874,66953,2018-04-27 15:45:00-04:00,2018-05-02 16:00:00-04:00,val
SPY,double_top,0,near_miss,67049,,2018-05-08 14:00:00-04:00,short,266.5934435028459,0.474077070193232,267.5267891809961,265.54592292980675,66970,67049,2018-05-03 13:45:00-04:00,2018-05-08 14:00:00-04:00,val
SPY,double_top,1,confirmed_breakout,67157,67163.0,2018-05-14 15:00:00-04:00,short,272.16248465217217,0.8576685481212394,273.4610319424111,269.51233145187877,67078,67157,2018-05-09 14:45:00-04:00,2018-05-14 15:00:00-04:00,val
SPY,double_top,0,failed_breakout,67235,,2018-05-17 15:00:00-04:00,short,272.1875613173435,0.3312330672025041,272.65878049965875,271.8587669327975,67156,67235,2018-05-14 14:45:00-04:00,2018-05-17 15:00:00-04:00,val
SPY,double_top,0,near_miss,67259,,2018-05-18 14:30:00-04:00,short,271.6789058177645,0.5080568401547794,272.65878049965875,271.0519431598452,67180,67259,2018-05-15 14:15:00-04:00,2018-05-18 14:30:00-04:00,val
SPY,double_top,0,near_miss,67293,,2018-05-22 10:00:00-04:00,short,271.49455903521886,1.0678947753015677,273.4097628048611,272.87210522469843,67214,67293,2018-05-17 09:45:00-04:00,2018-05-22 10:00:00-04:00,val
SPY,double_top,1,confirmed_breakout,67313,67318.0,2018-05-22 15:00:00-04:00,short,273.26928568374433,0.27535587261371575,273.679520307855,271.2046441273863,67234,67313,2018-05-17 14:45:00-04:00,2018-05-22 15:00:00-04:00,val
SPY,double_top,0,near_miss,67321,,2018-05-23 10:30:00-04:00,short,273.621665291006,0.03111375777768899,273.679520307855,271.87888624222234,67242,67321,2018-05-18 10:15:00-04:00,2018-05-23 10:30:00-04:00,val
SPY,double_top,0,near_miss,67354,,2018-05-24 12:15:00-04:00,short,271.6454210056831,1.4466287421824404,273.6260377897124,270.9033712578176,67275,67354,2018-05-21 12:00:00-04:00,2018-05-24 12:15:00-04:00,val
SPY,double_top,0,failed_breakout,67379,,2018-05-25 12:00:00-04:00,short,271.9825255259431,0.6921983129975615,272.7913859718627,271.6978016870024,67300,67379,2018-05-22 11:45:00-04:00,2018-05-25 12:00:00-04:00,val
SPY,double_top,0,failed_breakout,67505,,2018-06-04 11:00:00-04:00,short,271.0492224312852,2.0855532173117126,273.56746248066975,272.56444678268826,67426,67505,2018-05-30 10:45:00-04:00,2018-06-04 11:00:00-04:00,val
SPY,double_top,0,failed_breakout,67541,,2018-06-05 13:30:00-04:00,short,273.4955084993274,0.8288405285398426,275.08123557506474,274.13115947146014,67462,67541,2018-05-31 13:15:00-04:00,2018-06-05 13:30:00-04:00,val
SPY,double_top,0,near_miss,67599,,2018-06-07 15:00:00-04:00,short,274.76279473159906,1.5528833893169462,277.5501206667673,275.63711661068305,67520,67599,2018-06-04 14:45:00-04:00,2018-06-07 15:00:00-04:00,val
SPY,double_top,0,failed_breakout,67615,,2018-06-08 12:30:00-04:00,short,277.05877699988196,0.2797872748893724,277.5501206667673,277.5602127251106,67536,67615,2018-06-05 12:15:00-04:00,2018-06-08 12:30:00-04:00,val
SPY,double_top,0,near_miss,67659,,2018-06-12 10:30:00-04:00,short,277.08257300593664,1.0304608344183634,279.0990597979347,277.65953916558163,67580,67659,2018-06-07 10:15:00-04:00,2018-06-12 10:30:00-04:00,val
SPY,double_top,0,near_miss,67680,,2018-06-12 15:45:00-04:00,short,278.8520135193425,0.1998864235889073,279.107121151839,278.5101135764111,67601,67680,2018-06-07 15:30:00-04:00,2018-06-12 15:45:00-04:00,val
SPY,double_top,0,near_miss,67704,,2018-06-13 15:15:00-04:00,short,278.71548635553137,0.39576484273152346,279.225823662502,278.5942351572685,67625,67704,2018-06-08 15:00:00-04:00,2018-06-13 15:15:00-04:00,val
SPY,double_top,0,near_miss,67722,,2018-06-14 13:15:00-04:00,short,278.67544340737646,0.31951734492321293,279.225823662502,278.3204826550768,67643,67722,2018-06-11 13:00:00-04:00,2018-06-14 13:15:00-04:00,val
SPY,double_top,0,near_miss,67728,,2018-06-14 14:45:00-04:00,short,278.66543650858455,0.060395039072489,278.7640978420974,278.5496049609275,67649,67728,2018-06-11 14:30:00-04:00,2018-06-14 14:45:00-04:00,val
SPY,double_top,0,near_miss,67736,,2018-06-15 10:15:00-04:00,short,278.6363662287791,0.05135291112105733,278.6878730265836,276.31864708887895,67657,67736,2018-06-12 10:00:00-04:00,2018-06-15 10:15:00-04:00,val
SPY,double_top,0,near_miss,67743,,2018-06-15 12:00:00-04:00,short,278.63340352970283,0.04552848061734949,278.6878730265836,276.3044715193827,67664,67743,2018-06-12 11:45:00-04:00,2018-06-15 12:00:00-04:00,val
SPY,double_top,0,near_miss,67769,,2018-06-18 12:00:00-04:00,short,276.37637613451466,1.4082863196179005,278.6699909940567,274.6517136803821,67690,67769,2018-06-13 11:45:00-04:00,2018-06-18 12:00:00-04:00,val
SPY,double_top,0,failed_breakout,67866,,2018-06-22 10:15:00-04:00,short,274.70811770344494,0.8641671314567247,276.40400601021884,274.66583286854325,67787,67866,2018-06-19 10:00:00-04:00,2018-06-22 10:15:00-04:00,val
SPY,double_top,0,near_miss,67896,,2018-06-25 11:15:00-04:00,short,274.4636603158231,0.616780498976425,275.4203179700145,270.7432195010236,67817,67896,2018-06-20 11:00:00-04:00,2018-06-25 11:15:00-04:00,val
SPY,double_top,0,near_miss,67948,,2018-06-27 11:15:00-04:00,short,270.19807718022554,3.596896857781701,275.4203179700145,269.1931031422183,67869,67948,2018-06-22 11:00:00-04:00,2018-06-27 11:15:00-04:00,val
SPY,double_top,0,near_miss,67958,,2018-06-27 13:45:00-04:00,short,272.06758631437907,0.4116475998186502,272.78883772239544,270.82835240018136,67879,67958,2018-06-22 13:30:00-04:00,2018-06-27 13:45:00-04:00,val
SPY,double_top,0,near_miss,67987,,2018-06-28 14:30:00-04:00,short,269.6869143155665,1.6204694063587226,272.81800615083137,269.27953059364125,67908,67987,2018-06-25 14:15:00-04:00,2018-06-28 14:30:00-04:00,val
SPY,double_top,0,near_miss,68020,,2018-07-02 09:45:00-04:00,short,269.72605473317634,1.7114683620673645,273.0782848974682,267.72853163793263,67941,68020,2018-06-26 16:00:00-04:00,2018-07-02 09:45:00-04:00,val
SPY,double_top,0,failed_breakout,68065,,2018-07-05 11:00:00-04:00,short,270.0839716398268,2.576551011396873,273.0782848974682,268.5534489886031,67986,68065,2018-06-28 14:15:00-04:00,2018-07-05 11:00:00-04:00,val
SPY,double_top,0,failed_breakout,68119,,2018-07-09 11:30:00-04:00,short,271.63723385625116,2.2279124786769557,275.4875322648772,275.08208752132305,68040,68119,2018-07-02 14:45:00-04:00,2018-07-09 11:30:00-04:00,val
SPY,double_top,0,failed_breakout,68162,,2018-07-10 15:45:00-04:00,short,275.45510137259595,1.6232846129016139,278.6692397061179,277.1167153870984,68083,68162,2018-07-05 15:30:00-04:00,2018-07-10 15:45:00-04:00,val
SPY,double_top,0,near_miss,68173,,2018-07-11 12:00:00-04:00,short,278.5588703159823,0.09822891544894219,278.6692397061179,276.8117710845511,68094,68173,2018-07-06 11:45:00-04:00,2018-07-11 12:00:00-04:00,val
SPY,double_top,0,near_miss,68196,,2018-07-12 11:15:00-04:00,short,277.09013123550096,0.7839058182908047,278.6449587567446,277.7560941817092,68117,68196,2018-07-09 11:00:00-04:00,2018-07-12 11:15:00-04:00,val
SPY,double_top,0,near_miss,68244,,2018-07-16 10:15:00-04:00,short,277.05265683164663,1.341404834097773,279.6850079806499,277.8485951659022,68165,68244,2018-07-11 10:00:00-04:00,2018-07-16 10:15:00-04:00,val
SPY,double_top,0,failed_breakout,68270,,2018-07-17 10:15:00-04:00,short,279.2511328457007,0.28067904660042586,279.6850079806499,278.8193209533996,68191,68270,2018-07-12 10:00:00-04:00,2018-07-17 10:15:00-04:00,val
SPY,double_top,0,near_miss,68303,,2018-07-18 12:00:00-04:00,short,279.13753046017894,0.8392983496806323,280.5750418157669,280.2107016503194,68224,68303,2018-07-13 11:45:00-04:00,2018-07-18 12:00:00-04:00,val
SPY,double_top,0,failed_breakout,68329,,2018-07-19 12:00:00-04:00,short,280.467913133999,0.30282251601840926,280.9664294842679,280.1471774839816,68250,68329,2018-07-16 11:45:00-04:00,2018-07-19 12:00:00-04:00,val
SPY,double_top,0,near_miss,68350,,2018-07-20 10:45:00-04:00,short,280.19450567984734,0.468220707975604,280.9664294842679,279.6917792920244,68271,68350,2018-07-17 10:30:00-04:00,2018-07-20 10:45:00-04:00,val
SPY,double_top,0,near_miss,68365,,2018-07-20 14:30:00-04:00,short,280.110982018486,0.154982145616259,280.359023291378,279.7450178543837,68286,68365,2018-07-17 14:15:00-04:00,2018-07-20 14:30:00-04:00,val
SPY,double_top,0,near_miss,68420,,2018-07-24 15:15:00-04:00,short,279.59170915862995,1.4339678210522493,281.87844892253776,279.7860321789478,68341,68420,2018-07-19 15:00:00-04:00,2018-07-24 15:15:00-04:00,val
SPY,double_top,0,failed_breakout,68470,,2018-07-26 14:45:00-04:00,short,281.1960471945883,1.5763399030822143,283.6663252728033,281.88366009691777,68391,68470,2018-07-23 14:30:00-04:00,2018-07-26 14:45:00-04:00,val
SPY,double_top,0,near_miss,68559,,2018-08-01 11:00:00-04:00,short,280.02665634197,0.8564245641501884,281.57951997594995,280.9835754358498,68480,68559,2018-07-27 10:45:00-04:00,2018-08-01 11:00:00-04:00,val
SPY,double_top,0,failed_breakout,68570,,2018-08-01 13:45:00-04:00,short,281.47527717858605,0.14523267435487242,281.6614997299319,280.57476732564515,68491,68570,2018-07-27 13:30:00-04:00,2018-08-01 13:45:00-04:00,val
SPY,double_top,0,near_miss,68589,,2018-08-02 12:00:00-04:00,short,280.7753726383161,0.49572160775727525,281.6614997299319,280.7142783922427,68510,68589,2018-07-30 11:45:00-04:00,2018-08-02 12:00:00-04:00,val
SPY,double_top,0,near_miss,68718,,2018-08-09 11:45:00-04:00,short,285.44502188163796,0.2837062137056705,285.7949924487681,285.31629378629435,68639,68718,2018-08-06 11:30:00-04:00,2018-08-09 11:45:00-04:00,val
SPY,double_top,0,near_miss,68727,,2018-08-09 14:00:00-04:00,short,285.6228025404413,0.05925847282412633,285.70165828461165,285.7307415271759,68648,68727,2018-08-06 13:45:00-04:00,2018-08-09 14:00:00-04:00,val
SPY,double_top,0,near_miss,68740,,2018-08-10 10:45:00-04:00,short,285.61371157489526,0.07741979303119706,285.70165828461165,283.2625802069688,68661,68740,2018-08-07 10:30:00-04:00,2018-08-10 10:45:00-04:00,val
SPY,double_top,0,near_miss,68778,,2018-08-13 13:45:00-04:00,short,282.9920176029989,1.6204258328538117,285.6806044512412,280.8595741671462,68699,68778,2018-08-08 13:30:00-04:00,2018-08-13 13:45:00-04:00,val
SPY,double_top,0,near_miss,68792,,2018-08-14 10:45:00-04:00,short,282.6016008201405,0.49252441068728103,283.5442824204642,282.9974755893127,68713,68792,2018-08-09 10:30:00-04:00,2018-08-14 10:45:00-04:00,val
SPY,double_top,0,near_miss,68822,,2018-08-15 11:45:00-04:00,short,282.52353560218586,0.7657746755635912,283.93465251430746,280.2142253244364,68743,68822,2018-08-10 11:30:00-04:00,2018-08-15 11:45:00-04:00,val
SPY,double_top,0,near_miss,68868,,2018-08-17 10:15:00-04:00,short,281.0271371482834,3.197399182675099,284.5144201476094,280.3526008173249,68789,68868,2018-08-14 10:00:00-04:00,2018-08-17 10:15:00-04:00,val
SPY,double_top,0,failed_breakout,68972,,2018-08-23 10:15:00-04:00,short,286.2901962220602,0.45349080666983355,287.0485365606182,286.07650919333014,68893,68972,2018-08-20 10:00:00-04:00,2018-08-23 10:15:00-04:00,val
SPY,double_top,0,near_miss,68985,,2018-08-23 13:30:00-04:00,short,286.3273772456482,0.12229606101300305,286.4605091164804,285.797703938987,68906,68985,2018-08-20 13:15:00-04:00,2018-08-23 13:30:00-04:00,val
SPY,double_top,0,near_miss,69003,,2018-08-24 11:30:00-04:00,short,285.9012462679025,0.3071103662294945,286.4605091164804,286.91288963377053,68924,69003,2018-08-21 11:15:00-04:00,2018-08-24 11:30:00-04:00,val
SPY,double_top,0,near_miss,69053,,2018-08-28 11:00:00-04:00,short,285.9061407286442,1.919504323823503,289.6950859531518,288.0704956761765,68974,69053,2018-08-23 10:45:00-04:00,2018-08-28 11:00:00-04:00,val
SPY,double_top,0,near_miss,69065,,2018-08-28 14:00:00-04:00,short,289.68087999400944,0.13555531794474973,289.93778467075657,289.78444468205527,68986,69065,2018-08-23 13:45:00-04:00,2018-08-28 14:00:00-04:00,val
SPY,double_top,0,near_miss,69109,,2018-08-30 12:00:00-04:00,short,289.77899163416896,0.9074742496972021,291.4351470969757,289.7525257503028,69030,69109,2018-08-27 11:45:00-04:00,2018-08-30 12:00:00-04:00,val
SPY,double_top,0,near_miss,69128,,2018-08-31 10:15:00-04:00,short,290.90180291991936,0.34404881164670087,291.4351470969757,290.3759511883533,69049,69128,2018-08-28 10:00:00-04:00,2018-08-31 10:15:00-04:00,val
SPY,double_top,0,near_miss,69187,,2018-09-05 12:00:00-04:00,short,289.33615639363006,1.0216385517442177,291.0565563661565,287.6683614482558,69108,69187,2018-08-30 11:45:00-04:00,2018-09-05 12:00:00-04:00,val
SPY,double_top,0,near_miss,69215,,2018-09-06 12:30:00-04:00,short,288.70785552157946,0.6628868522823836,289.6590335245921,286.9671131477176,69136,69215,2018-08-31 12:15:00-04:00,2018-09-06 12:30:00-04:00,val
SPY,double_top,0,failed_breakout,69249,,2018-09-07 14:30:00-04:00,short,287.95729180750544,0.6682370296374529,289.08245122313167,287.19176297036256,69170,69249,2018-09-04 14:15:00-04:00,2018-09-07 14:30:00-04:00,val
SPY,double_top,0,failed_breakout,69263,,2018-09-10 11:30:00-04:00,short,287.51032535178877,0.3897538940018421,288.1686064511541,288.23024610599816,69184,69263,2018-09-05 11:15:00-04:00,2018-09-10 11:30:00-04:00,val
SPY,double_top,0,near_miss,69276,,2018-09-10 14:45:00-04:00,short,287.61196095411367,0.3550695816456937,288.30250903109163,288.0849304183543,69197,69276,2018-09-05 14:30:00-04:00,2018-09-10 14:45:00-04:00,val
SPY,double_top,0,near_miss,69289,,2018-09-11 11:30:00-04:00,short,288.192894705099,0.09867593479270909,288.30250903109163,288.4413240652073,69210,69289,2018-09-06 11:15:00-04:00,2018-09-11 11:30:00-04:00,val
SPY,double_top,0,near_miss,69318,,2018-09-12 12:15:00-04:00,short,288.0995270823273,0.6625462340455215,289.24351438405387,288.0574537659545,69239,69318,2018-09-07 12:00:00-04:00,2018-09-12 12:15:00-04:00,val
SPY,double_top,0,failed_breakout,69326,,2018-09-12 14:15:00-04:00,short,288.9484845805524,0.1839440511984094,289.24351438405387,288.5360559488016,69247,69326,2018-09-07 14:00:00-04:00,2018-09-12 14:15:00-04:00,val
SPY,double_top,0,near_miss,69333,,2018-09-12 16:00:00-04:00,short,288.94230460010624,0.06967140170274888,289.02134287944773,289.10032859829727,69254,69333,2018-09-07 15:45:00-04:00,2018-09-12 16:00:00-04:00,val
SPY,double_top,0,near_miss,69366,,2018-09-14 11:15:00-04:00,short,288.8955031573807,0.9474677446781357,290.68333267994734,290.07253225532185,69287,69366,2018-09-11 11:00:00-04:00,2018-09-14 11:15:00-04:00,val
SPY,double_top,0,near_miss,69379,,2018-09-14 14:30:00-04:00,short,290.6615663578118,0.16783240177062453,290.9754648392176,290.5021675982294,69300,69379,2018-09-11 14:15:00-04:00,2018-09-14 14:30:00-04:00,val
SPY,double_top,0,near_miss,69395,,2018-09-17 12:00:00-04:00,short,290.5853327806322,0.2549754883975197,290.9754648392176,289.9150245116025,69316,69395,2018-09-12 11:45:00-04:00,2018-09-17 12:00:00-04:00,val
SPY,double_top,0,near_miss,69499,,2018-09-21 12:00:00-04:00,short,291.2299384301158,1.2108869738303838,293.5814538782899,291.6291130261696,69420,69499,2018-09-18 11:45:00-04:00,2018-09-21 12:00:00-04:00,unused
SPY,double_top,0,near_miss,69598,,2018-09-27 10:45:00-04:00,short,290.8407465603414,0.5631775663910616,291.55466850365013,290.8868224336089,69519,69598,2018-09-24 10:30:00-04:00,2018-09-27 10:45:00-04:00,test
SPY,double_top,0,near_miss,69620,,2018-09-28 09:45:00-04:00,short,290.9758852119975,0.5717925589982542,291.55466850365013,289.67820744100175,69541,69620,2018-09-24 16:00:00-04:00,2018-09-28 09:45:00-04:00,test
SPY,double_top,0,near_miss,69642,,2018-09-28 15:15:00-04:00,short,290.69011221148617,0.5036743263201515,291.5406870383414,290.0263256736798,69563,69642,2018-09-25 15:00:00-04:00,2018-09-28 15:15:00-04:00,test
SPY,double_top,0,near_miss,69647,,2018-10-01 10:00:00-04:00,short,290.82284494192396,0.02463647668463409,290.8480767999459,292.55536352331535,69568,69647,2018-09-26 09:45:00-04:00,2018-10-01 10:00:00-04:00,test
SPY,double_top,0,near_miss,69667,,2018-10-01 15:00:00-04:00,short,290.6742744247002,0.9319041119397866,292.3642802733341,291.0580958880602,69588,69667,2018-09-26 14:45:00-04:00,2018-10-01 15:00:00-04:00,test
SPY,double_top,0,failed_breakout,69701,,2018-10-03 10:30:00-04:00,short,291.5959823881256,0.6425517492547783,292.3642802733341,292.2974482507452,69622,69701,2018-09-28 10:15:00-04:00,2018-10-03 10:30:00-04:00,test
SPY,double_top,0,near_miss,69726,,2018-10-04 10:15:00-04:00,short,291.825628240328,0.614418372297564,292.7673052238245,289.51558162770243,69647,69726,2018-10-01 10:00:00-04:00,2018-10-04 10:15:00-04:00,test
SPY,double_top,1,confirmed_breakout,69758,69759.0,2018-10-05 11:45:00-04:00,short,288.58053655543176,2.413321429557186,292.7673052238245,284.62667857044283,69679,69758,2018-10-02 11:30:00-04:00,2018-10-05 11:45:00-04:00,test
SPY,double_top,0,near_miss,69790,,2018-10-08 13:15:00-04:00,short,287.2342758622525,1.2691998616156752,289.2204107461534,284.8808001383843,69711,69790,2018-10-03 13:00:00-04:00,2018-10-08 13:15:00-04:00,test
SPY,double_top,0,failed_breakout,69822,,2018-10-09 14:45:00-04:00,short,286.3688973259753,1.5860300799927245,288.123314110353,286.2139699200073,69743,69822,2018-10-04 14:30:00-04:00,2018-10-09 14:45:00-04:00,test
SPY,double_top,1,confirmed_breakout,69827,69828.0,2018-10-09 16:00:00-04:00,short,287.76036966354485,0.20293321638530415,288.123314110353,285.5270667836147,69748,69827,2018-10-04 15:45:00-04:00,2018-10-09 16:00:00-04:00,test
SPY,double_top,0,near_miss,69937,,2018-10-16 11:00:00-04:00,short,273.8405906999999,1.8475397724386085,276.0304791380591,276.2324602275614,69858,69937,2018-10-11 10:45:00-04:00,2018-10-16 11:00:00-04:00,test
SPY,double_top,0,failed_breakout,69968,,2018-10-17 12:15:00-04:00,short,275.79895704699726,2.097812684075336,279.76306032408604,278.41218731592465,69889,69968,2018-10-12 12:00:00-04:00,2018-10-17 12:15:00-04:00,test
SPY,double_top,1,confirmed_breakout,69991,69992.0,2018-10-18 11:30:00-04:00,short,279.10675544770373,0.98721334264809,280.4248772566176,276.23278665735194,69912,69991,2018-10-15 11:15:00-04:00,2018-10-18 11:30:00-04:00,test
SPY,double_top,0,failed_breakout,70029,,2018-10-19 14:30:00-04:00,short,276.26967795787283,2.9269098786817267,280.4248772566176,273.5430901213183,69950,70029,2018-10-16 14:15:00-04:00,2018-10-19 14:30:00-04:00,test
SPY,double_top,1,confirmed_breakout,70061,70062.0,2018-10-22 16:00:00-04:00,short,275.30632109297443,1.400237799421518,277.9682984164915,269.7597622005785,69982,70061,2018-10-17 15:45:00-04:00,2018-10-22 16:00:00-04:00,test
SPY,double_top,0,near_miss,70098,,2018-10-24 12:15:00-04:00,short,270.78680858711107,3.610273675223368,275.4448193683004,268.18972632477664,70019,70098,2018-10-19 12:00:00-04:00,2018-10-24 12:15:00-04:00,test
SPY,double_top,1,confirmed_breakout,70139,70140.0,2018-10-25 16:00:00-04:00,short,268.19325851405966,3.7516230720011663,273.3493451563685,262.36837692799884,70060,70139,2018-10-22 15:45:00-04:00,2018-10-25 16:00:00-04:00,test
SPY,double_top,1,confirmed_breakout,70161,70162.0,2018-10-26 15:00:00-04:00,short,265.38698919512143,3.190672500159849,270.5404180157532,260.81932749984014,70082,70161,2018-10-23 14:45:00-04:00,2018-10-26 15:00:00-04:00,test
SPY,double_top,0,near_miss,70184,,2018-10-29 14:15:00-04:00,short,265.6489381325885,1.7334817747804436,268.14993443992853,264.04651822521953,70105,70184,2018-10-24 14:00:00-04:00,2018-10-29 14:15:00-04:00,test
SPY,double_top,0,near_miss,70205,,2018-10-30 13:00:00-04:00,short,264.43341439770336,2.0285311946727234,268.14993443992853,262.6614688053273,70126,70205,2018-10-25 12:45:00-04:00,2018-10-30 13:00:00-04:00,test
SPY,double_top,0,near_miss,70214,,2018-10-30 15:15:00-04:00,short,264.69455894144005,0.35158036453151453,265.3183218671195,266.2784196354685,70135,70214,2018-10-25 15:00:00-04:00,2018-10-30 15:15:00-04:00,test
SPY,double_top,0,near_miss,70251,,2018-11-01 11:30:00-04:00,short,264.902550014612,4.0049234638070175,272.4966250897186,268.88507653619297,70172,70251,2018-10-29 11:15:00-04:00,2018-11-01 11:30:00-04:00,test
SPY,double_top,0,near_miss,70282,,2018-11-02 12:45:00-04:00,short,271.95462309282897,1.0888185885326607,273.5902582730047,269.63118141146737,70203,70282,2018-10-30 12:30:00-04:00,2018-11-02 12:45:00-04:00,test
SPY,double_top,0,failed_breakout,70396,,2018-11-08 15:15:00-05:00,short,274.2898930297367,3.393452230014418,280.7709877250794,276.5965477699856,70317,70396,2018-11-05 15:00:00-05:00,2018-11-08 15:15:00-05:00,test
SPY,double_top,1,confirmed_breakout,70426,70427.0,2018-11-12 09:45:00-05:00,short,277.041109846564,2.0962575491682855,280.7709877250794,273.5137424508317,70347,70426,2018-11-06 16:00:00-05:00,2018-11-12 09:45:00-05:00,test
SPY,double_top,0,near_miss,70473,,2018-11-13 15:00:00-05:00,short,273.20709116716205,2.443090935260045,277.50374706638513,269.60690906473997,70394,70473,2018-11-08 14:45:00-05:00,2018-11-13 15:00:00-05:00,test
SPY,double_top,0,near_miss,70492,,2018-11-14 13:15:00-05:00,short,272.3817967436339,0.9349979777782096,273.79661713845906,269.1650020222218,70413,70492,2018-11-09 13:00:00-05:00,2018-11-14 13:15:00-05:00,test
SPY,double_top,0,near_miss,70512,,2018-11-15 11:45:00-05:00,short,270.13125634660895,1.5457035996199124,272.8369723043652,268.6742964003801,70433,70512,2018-11-12 11:30:00-05:00,2018-11-15 11:45:00-05:00,test
SPY,double_top,0,near_miss,70555,,2018-11-16 16:00:00-05:00,short,269.2779017818848,2.4729090701505356,272.9846741159781,271.20709092984947,70476,70555,2018-11-13 15:45:00-05:00,2018-11-16 16:00:00-05:00,test
SPY,double_top,0,near_miss,70565,,2018-11-19 12:00:00-05:00,short,272.96412715421866,0.3033328713647734,273.5502459351888,269.2066671286352,70486,70565,2018-11-14 11:45:00-05:00,2018-11-19 12:00:00-05:00,test
SPY,double_top,0,near_miss,70589,,2018-11-20 11:30:00-05:00,short,269.2128939939354,2.209757959686385,273.5502459351888,262.95024204031364,70510,70589,2018-11-15 11:15:00-05:00,2018-11-20 11:30:00-05:00,test
SPY,double_top,0,near_miss,70635,,2018-11-23 10:00:00-05:00,short,264.50851359857734,3.4534071473611903,269.2950579720548,260.6565928526388,70556,70635,2018-11-19 09:45:00-05:00,2018-11-23 10:00:00-05:00,test
SPY,double_top,0,failed_breakout,70669,,2018-11-26 15:00:00-05:00,short,264.0710643127332,2.405113060770134,266.6287835198223,264.96488693922987,70590,70669,2018-11-20 11:45:00-05:00,2018-11-26 15:00:00-05:00,test
SPY,double_top,0,failed_breakout,70683,,2018-11-27 12:00:00-05:00,short,266.1848051595767,0.43485160332789974,266.9157422986248,267.1951483966721,70604,70683,2018-11-20 15:15:00-05:00,2018-11-27 12:00:00-05:00,test
SPY,double_top,0,near_miss,70694,,2018-11-27 14:45:00-05:00,short,266.8502521927844,0.2351607809942493,267.2550836489325,267.77483921900574,70615,70694,2018-11-21 11:30:00-05:00,2018-11-27 14:45:00-05:00,test
SPY,double_top,0,failed_breakout,70738,,2018-11-29 12:45:00-05:00,short,267.14923039907643,3.224839226514348,273.493055602249,270.95516077348566,70659,70738,2018-11-26 12:30:00-05:00,2018-11-29 12:45:00-05:00,test
SPY,double_top,0,failed_breakout,70760,,2018-11-30 11:45:00-05:00,short,273.328159257809,0.7525153002134743,274.66829351379585,273.5674846997865,70681,70760,2018-11-27 11:30:00-05:00,2018-11-30 11:45:00-05:00,test
SPY,double_top,1,confirmed_breakout,70813,70818.0,2018-12-04 12:00:00-05:00,short,274.2555059074507,2.4763683838564816,278.7954550688185,270.0236316161435,70734,70813,2018-11-29 11:45:00-05:00,2018-12-04 12:00:00-05:00,test
SPY,double_top,1,confirmed_breakout,70871,70874.0,2018-12-07 13:30:00-05:00,short,265.3470765843385,8.28132102867795,278.7954550688185,255.39867897132206,70792,70871,2018-12-03 13:15:00-05:00,2018-12-07 13:30:00-05:00,test
SPY,double_top,0,failed_breakout,70927,,2018-12-11 14:30:00-05:00,short,261.0018572858821,6.180180480744411,268.46134015721435,258.3598195192556,70848,70927,2018-12-06 14:15:00-05:00,2018-12-11 14:30:00-05:00,test
SPY,double_top,0,failed_breakout,70961,,2018-12-13 10:00:00-05:00,short,264.0854492040793,3.0218888348933888,268.31194070190656,262.7381111651066,70882,70961,2018-12-10 09:45:00-05:00,2018-12-13 10:00:00-05:00,test
SPY,double_top,1,confirmed_breakout,70985,70986.0,2018-12-13 16:00:00-05:00,short,264.9296853415975,1.7528483201363088,268.31194070190656,261.5771516798637,70906,70985,2018-12-10 15:45:00-05:00,2018-12-13 16:00:00-05:00,test
SPY,double_top,0,near_miss,71032,,2018-12-17 14:45:00-05:00,short,259.6026440497596,2.776005103823536,265.05312662156115,253.6339948961765,70953,71032,2018-12-12 14:30:00-05:00,2018-12-17 14:45:00-05:00,test
SPY,double_top,0,near_miss,71054,,2018-12-18 13:45:00-05:00,short,256.04809857877495,2.0604900661689385,259.7041716856051,254.31950993383106,70975,71054,2018-12-13 13:30:00-05:00,2018-12-18 13:45:00-05:00,test
SPY,double_top,0,near_miss,71063,,2018-12-18 16:00:00-05:00,short,256.4758555930208,0.23300823790788172,256.90472205757476,254.92699176209211,70984,71063,2018-12-13 15:45:00-05:00,2018-12-18 16:00:00-05:00,test
SPY,double_top,1,confirmed_breakout,71083,71084.0,2018-12-19 14:30:00-05:00,short,255.34298981638153,1.9366988263149096,257.65465522781807,251.63330117368508,71004,71083,2018-12-14 14:15:00-05:00,2018-12-19 14:30:00-05:00,test
SPY,double_top,1,confirmed_breakout,71121,71122.0,2018-12-21 11:00:00-05:00,short,247.3974851177626,5.232872675609428,257.65465522781807,240.19712732439058,71042,71121,2018-12-18 10:45:00-05:00,2018-12-21 11:00:00-05:00,test
SPY,double_top,1,confirmed_breakout,71231,71232.0,2018-12-28 15:30:00-05:00,short,248.2588561750248,0.5386838810279357,249.2940682999144,246.40131611897206,71152,71231,2018-12-24 12:15:00-05:00,2018-12-28 15:30:00-05:00,test
SPY,double_top,0,failed_breakout,71232,,2018-12-28 15:45:00-05:00,short,240.95884952182067,4.298760510134315,248.30101181219106,242.64123948986568,71153,71232,2018-12-24 12:30:00-05:00,2018-12-28 15:45:00-05:00,test
SPY,double_top,0,failed_breakout,71247,,2018-12-31 13:00:00-05:00,short,248.8727617857929,0.2765869004367687,249.2940682999144,249.08341309956324,71168,71247,2018-12-26 12:45:00-05:00,2018-12-31 13:00:00-05:00,test
SPY,double_top,1,confirmed_breakout,71259,71260.0,2018-12-31 16:00:00-05:00,short,248.88129353839503,0.19783017644340362,249.11189682976462,246.7021698235566,71180,71259,2018-12-26 15:45:00-05:00,2018-12-31 16:00:00-05:00,test
SPY,double_top,0,near_miss,71261,,2019-01-02 10:00:00-05:00,short,248.62981191132664,0.42845103982816113,249.11189682976462,246.75154896017185,71182,71261,2018-12-27 09:45:00-05:00,2019-01-02 10:00:00-05:00,test
SPY,double_top,1,confirmed_breakout,71287,71288.0,2019-01-03 10:00:00-05:00,short,248.43927988023216,1.1554056772621095,250.1430205150763,243.98459432273788,71208,71287,2018-12-28 09:45:00-05:00,2019-01-03 10:00:00-05:00,test
SPY,double_top,0,failed_breakout,71377,,2019-01-08 13:00:00-05:00,short,254.7785170926179,0.39634731521704225,255.25958214977922,254.80365268478295,71298,71377,2019-01-03 12:45:00-05:00,2019-01-08 13:00:00-05:00,test
SPY,double_top,0,near_miss,71423,,2019-01-10 11:30:00-05:00,short,255.02730459377807,1.7274251017936422,258.2498772413642,255.86257489820633,71344,71423,2019-01-07 11:15:00-05:00,2019-01-10 11:30:00-05:00,test
SPY,double_top,0,near_miss,71439,,2019-01-10 15:30:00-05:00,short,257.2794779209333,0.71332737579894,258.2498772413642,257.91667262420106,71360,71439,2019-01-07 15:15:00-05:00,2019-01-10 15:30:00-05:00,test
SPY,double_top,0,near_miss,71451,,2019-01-11 12:00:00-05:00,short,257.5976886921116,0.42789609996128775,258.3154362320455,258.0121039000387,71372,71451,2019-01-08 11:45:00-05:00,2019-01-11 12:00:00-05:00,test
SPY,double_top,0,failed_breakout,71477,,2019-01-14 12:00:00-05:00,short,257.9492857643941,0.45949832267893953,258.5021319421007,257.13050167732104,71398,71477,2019-01-09 11:45:00-05:00,2019-01-14 12:00:00-05:00,test
SPY,double_top,0,near_miss,71495,,2019-01-15 10:00:00-05:00,short,257.7686178080369,0.44309743677683855,258.5021319421007,258.68690256322316,71416,71495,2019-01-10 09:45:00-05:00,2019-01-15 10:00:00-05:00,test
SPY,double_top,0,near_miss,71501,,2019-01-15 11:30:00-05:00,short,257.89327121871287,0.029460151217278963,257.92416419233354,259.33053984878273,71422,71501,2019-01-10 11:15:00-05:00,2019-01-15 11:30:00-05:00,test
SPY,double_top,0,near_miss,71522,,2019-01-16 10:15:00-05:00,short,257.85836199104807,1.112319990469075,260.01719977070076,260.55768000953094,71443,71522,2019-01-11 10:00:00-05:00,2019-01-16 10:15:00-05:00,test
SPY,double_top,0,failed_breakout,71553,,2019-01-17 11:30:00-05:00,short,259.85243635003155,0.9006961307424035,261.4890651908471,260.5493038692576,71474,71553,2019-01-14 11:15:00-05:00,2019-01-17 11:30:00-05:00,test
SPY,double_top,0,near_miss,71600,,2019-01-22 10:15:00-05:00,short,261.1672344179834,2.747773783583284,266.34095121228626,260.92222621641673,71521,71600,2019-01-16 10:00:00-05:00,2019-01-22 10:15:00-05:00,test
SPY,double_top,0,failed_breakout,71640,,2019-01-23 13:45:00-05:00,short,262.048988052136,2.6522494285733274,266.34095121228626,259.79775057142666,71561,71640,2019-01-17 13:30:00-05:00,2019-01-23 13:45:00-05:00,test
SPY,double_top,0,near_miss,71671,,2019-01-24 15:00:00-05:00,short,262.0893649523792,1.1317831090521508,263.3807723737303,262.0182168909478,71592,71671,2019-01-18 14:45:00-05:00,2019-01-24 15:00:00-05:00,test
SPY,double_top,0,failed_breakout,71704,,2019-01-28 10:15:00-05:00,short,262.8645393068793,1.903742503919375,266.15579124786706,260.5562574960806,71625,71704,2019-01-23 10:00:00-05:00,2019-01-28 10:15:00-05:00,test
SPY,double_top,0,failed_breakout,71742,,2019-01-29 13:15:00-05:00,short,262.73994005568215,2.1616777346712297,266.15579124786706,261.15832226532876,71663,71742,2019-01-24 13:00:00-05:00,2019-01-29 13:15:00-05:00,test
SPY,double_top,0,failed_breakout,71756,,2019-01-30 10:15:00-05:00,short,263.42994007602556,0.18343768407635253,263.64744433283977,264.44656231592364,71677,71756,2019-01-25 10:00:00-05:00,2019-01-30 10:15:00-05:00,test
SPY,double_top,0,near_miss,71811,,2019-02-01 11:00:00-05:00,short,263.41130445010856,3.1514262487704627,269.5461502103939,266.9885737512295,71732,71811,2019-01-29 10:45:00-05:00,2019-02-01 11:00:00-05:00,test
SPY,double_top,0,failed_breakout,71895,,2019-02-06 12:30:00-05:00,short,272.4952151571225,0.3304898612473721,272.9245654156337,272.3095101387526,71816,71895,2019-02-01 12:15:00-05:00,2019-02-06 12:30:00-05:00,test
SPY,double_top,0,near_miss,71900,,2019-02-06 13:45:00-05:00,short,272.7730983029281,0.09031963602177484,272.9245654156337,272.87968036397825,71821,71900,2019-02-01 13:30:00-05:00,2019-02-06 13:45:00-05:00,test
SPY,double_top,0,near_miss,71945,,2019-02-08 12:00:00-05:00,short,269.2004130155425,1.9150758612984191,272.80227046226594,266.6949241387016,71866,71945,2019-02-05 11:45:00-05:00,2019-02-08 12:00:00-05:00,test
SPY,double_top,0,failed_breakout,72031,,2019-02-13 14:00:00-05:00,short,274.2037428628774,0.4727999348099843,275.14074595105217,274.49720006519004,71952,72031,2019-02-08 13:45:00-05:00,2019-02-13 14:00:00-05:00,test
SPY,double_top,1,confirmed_breakout,72039,72040.0,2019-02-13 16:00:00-05:00,short,274.98190687874995,0.19944819285950643,275.22196419216675,273.0505518071405,71960,72039,2019-02-08 15:45:00-05:00,2019-02-13 16:00:00-05:00,test
SPY,double_top,0,near_miss,72090,,2019-02-15 15:45:00-05:00,short,274.1887287026241,1.7033129130762745,276.56211903923395,275.40668708692374,72011,72090,2019-02-12 15:30:00-05:00,2019-02-15 15:45:00-05:00,test
SPY,double_top,0,failed_breakout,72126,,2019-02-20 11:45:00-05:00,short,276.5294898993539,0.8581551737773339,278.2131711070285,277.5718448262227,72047,72126,2019-02-14 11:30:00-05:00,2019-02-20 11:45:00-05:00,test
SPY,double_top,0,near_miss,72138,,2019-02-20 14:45:00-05:00,short,278.1014212838043,0.09952640475916041,278.2131711070285,278.1804735952408,72059,72138,2019-02-14 14:30:00-05:00,2019-02-20 14:45:00-05:00,test
SPY,double_top,0,near_miss,72153,,2019-02-21 12:00:00-05:00,short,278.036801141761,0.1948377773533707,278.2745535681303,277.52516222264666,72074,72153,2019-02-15 11:45:00-05:00,2019-02-21 12:00:00-05:00,test
SPY,double_top,0,near_miss,72198,,2019-02-25 10:15:00-05:00,short,277.18371629475763,1.4038834985669268,278.90064601851884,279.49611650143305,72119,72198,2019-02-20 10:00:00-05:00,2019-02-25 10:15:00-05:00,test
SPY,double_top,0,failed_breakout,72218,,2019-02-25 15:15:00-05:00,short,278.7187123846788,1.0767657792914633,280.69031030942165,278.97323422070855,72139,72218,2019-02-20 15:00:00-05:00,2019-02-25 15:15:00-05:00,test
SPY,double_top,0,failed_breakout,72239,,2019-02-26 14:00:00-05:00,short,279.64557809282326,0.5374895042747312,280.69031030942165,278.91251049572526,72160,72239,2019-02-21 13:45:00-05:00,2019-02-26 14:00:00-05:00,test
SPY,double_top,0,near_miss,72256,,2019-02-27 11:45:00-05:00,short,279.5108782672364,0.17217384357093124,279.6902793368404,278.39782615642906,72177,72256,2019-02-22 11:30:00-05:00,2019-02-27 11:45:00-05:00,test
SPY,double_top,0,near_miss,72283,,2019-02-28 12:00:00-05:00,short,278.60036709324794,0.841883163549312,279.6902793368404,278.2381168364507,72204,72283,2019-02-25 11:45:00-05:00,2019-02-28 12:00:00-05:00,test
SPY,double_top,0,failed_breakout,72303,,2019-03-01 10:30:00-05:00,short,278.9214863503446,0.2520227711577263,279.1942211767541,279.50797722884226,72224,72303,2019-02-26 10:15:00-05:00,2019-03-01 10:30:00-05:00,test
SPY,double_top,0,near_miss,72316,,2019-03-01 13:45:00-05:00,short,278.95318432361506,0.44981468307520345,279.6532009471301,279.3801853169248,72237,72316,2019-02-26 13:30:00-05:00,2019-03-01 13:45:00-05:00,test
SPY,double_top,0,near_miss,72341,,2019-03-04 13:30:00-05:00,short,279.52401813352503,0.7514678745753827,280.8977710690708,277.1985321254246,72262,72341,2019-02-27 13:15:00-05:00,2019-03-04 13:30:00-05:00,test
SPY,double_top,0,failed_breakout,72376,,2019-03-05 15:45:00-05:00,short,278.23678534487163,1.8292080291049047,280.8977710690708,277.7407919708951,72297,72376,2019-02-28 15:30:00-05:00,2019-03-05 15:45:00-05:00,test
SPY,double_top,0,near_miss,72386,,2019-03-06 11:45:00-05:00,short,279.19183392112154,0.09917050206661315,279.34779316749405,277.6008294979334,72307,72386,2019-03-01 11:30:00-05:00,2019-03-06 11:45:00-05:00,test
SPY,double_top,0,near_miss,72430,,2019-03-08 09:45:00-05:00,short,275.58351186866946,1.9531536194314185,279.34779316749405,270.8368463805686,72351,72430,2019-03-04 16:00:00-05:00,2019-03-08 09:45:00-05:00,test
SPY,double_top,0,near_miss,72538,,2019-03-14 10:45:00-04:00,short,279.6374907168121,1.1713311320801836,281.8808055589566,280.0186688679198,72459,72538,2019-03-11 10:30:00-04:00,2019-03-14 10:45:00-04:00,test
SPY,double_top,0,failed_breakout,72558,,2019-03-14 15:45:00-04:00,short,281.2966712269253,0.3568601734290269,281.8808055589566,281.133139826571,72479,72558,2019-03-11 15:30:00-04:00,2019-03-14 15:45:00-04:00,test
SPY,double_top,0,near_miss,72590,,2019-03-18 10:45:00-04:00,short,280.90058062911567,0.6328261274229021,281.64055627132507,281.5571738725771,72511,72590,2019-03-13 10:30:00-04:00,2019-03-18 10:45:00-04:00,test
SPY,double_top,0,failed_breakout,72602,,2019-03-18 13:45:00-04:00,short,281.5346079304105,0.2932353019475613,282.01513019339114,281.87676469805245,72523,72602,2019-03-13 13:30:00-04:00,2019-03-18 13:45:00-04:00,test
SPY,double_top,0,near_miss,72637,,2019-03-19 16:00:00-04:00,short,281.8501420712041,0.9728506286427319,283.63085520630256,281.4971493713573,72558,72637,2019-03-14 15:45:00-04:00,2019-03-19 16:00:00-04:00,test
SPY,double_top,0,failed_breakout,72672,,2019-03-21 11:45:00-04:00,short,281.09917015724244,1.801910856277118,283.63085520630256,281.8580891437229,72593,72672,2019-03-18 11:30:00-04:00,2019-03-21 11:45:00-04:00,test
SPY,double_top,1,confirmed_breakout,72697,72698.0,2019-03-22 11:30:00-04:00,short,282.12383533910884,1.21554940829526,284.5074626740716,279.2444505917047,72618,72697,2019-03-19 11:15:00-04:00,2019-03-22 11:30:00-04:00,test
SPY,double_top,1,confirmed_breakout,72716,72717.0,2019-03-25 09:45:00-04:00,short,280.3346126770688,2.176377145739025,284.5074626740716,275.813622854261,72637,72716,2019-03-19 16:00:00-04:00,2019-03-25 09:45:00-04:00,test
SPY,double_top,0,near_miss,72762,,2019-03-26 14:45:00-04:00,short,278.64446179131704,2.2285252277904988,281.23145706667117,277.9414747722095,72683,72762,2019-03-21 14:30:00-04:00,2019-03-26 14:45:00-04:00,test
SPY,double_top,1,confirmed_breakout,72775,72776.0,2019-03-27 11:30:00-04:00,short,280.26192748989666,0.6728425477506903,281.23145706667117,277.3371574522493,72696,72775,2019-03-22 11:15:00-04:00,2019-03-27 11:30:00-04:00,test
SPY,double_top,0,near_miss,72809,,2019-03-28 13:30:00-04:00,short,279.26965645777307,1.2245665862875512,280.6380830086235,279.08543341371245,72730,72809,2019-03-25 13:15:00-04:00,2019-03-28 13:30:00-04:00,test
SPY,double_top,0,near_miss,72892,,2019-04-02 14:45:00-04:00,short,285.67644814444253,0.04031652663383056,285.7425634094132,285.89968347336617,72813,72892,2019-03-28 14:30:00-04:00,2019-04-02 14:45:00-04:00,test
SPY,double_top,0,near_miss,72923,,2019-04-03 16:00:00-04:00,short,285.664342180468,0.8633320302539573,287.36438248870434,285.656667969746,72844,72923,2019-03-29 15:45:00-04:00,2019-04-03 16:00:00-04:00,test
SPY,double_top,0,failed_breakout,72942,,2019-04-04 14:15:00-04:00,short,286.55803212681576,0.5277350550335314,287.36438248870434,286.3322649449665,72863,72942,2019-04-01 14:00:00-04:00,2019-04-04 14:15:00-04:00,test
SPY,double_top,0,near_miss,72985,,2019-04-08 12:00:00-04:00,short,286.5684076826437,1.0008847243535115,288.33143293900025,287.0391152756465,72906,72985,2019-04-03 11:45:00-04:00,2019-04-08 12:00:00-04:00,test
SPY,double_top,0,near_miss,73011,,2019-04-09 12:00:00-04:00,short,288.01182713207334,0.3798672165177095,288.4519557581819,287.21013278348227,72932,73011,2019-04-04 11:45:00-04:00,2019-04-09 12:00:00-04:00,test
SPY,double_top,0,near_miss,73024,,2019-04-09 15:15:00-04:00,short,287.69025404280916,0.40104467881440087,288.4519557581819,286.6689553211856,72945,73024,2019-04-04 15:00:00-04:00,2019-04-09 15:15:00-04:00,test
SPY,double_top,0,near_miss,73071,,2019-04-11 14:00:00-04:00,short,287.2371335048504,0.848383681187272,288.44039268701016,287.01161631881274,72992,73071,2019-04-08 13:45:00-04:00,2019-04-11 14:00:00-04:00,test
SPY,double_top,0,failed_breakout,73116,,2019-04-15 12:15:00-04:00,short,287.88225046811897,1.3142498284124713,289.95260790605266,287.9557501715875,73037,73116,2019-04-10 12:00:00-04:00,2019-04-15 12:15:00-04:00,test
SPY,double_top,0,near_miss,73155,,2019-04-16 15:30:00-04:00,short,289.4642350328835,0.7036120539013382,290.383086267517,289.5863879460987,73076,73155,2019-04-11 15:15:00-04:00,2019-04-16 15:30:00-04:00,test
SPY,double_top,0,near_miss,73164,,2019-04-17 11:15:00-04:00,short,290.30488633042177,0.043566188787110605,290.383086267517,289.9064338112129,73085,73164,2019-04-12 11:00:00-04:00,2019-04-17 11:15:00-04:00,test
SPY,double_top,0,near_miss,73280,,2019-04-24 14:15:00-04:00,short,290.0533220408759,1.4130684800437052,292.86865549705846,291.1569315199563,73201,73280,2019-04-18 14:00:00-04:00,2019-04-24 14:15:00-04:00,test
SPY,double_top,0,near_miss,73296,,2019-04-25 11:45:00-04:00,short,292.53899763923704,0.20531566389587397,292.86865549705846,292.40468433610414,73217,73296,2019-04-22 11:30:00-04:00,2019-04-25 11:45:00-04:00,test
SPY,double_top,0,near_miss,73322,,2019-04-26 11:45:00-04:00,short,291.847387762602,0.7329009818031409,292.61997110920737,291.9270990181969,73243,73322,2019-04-23 11:30:00-04:00,2019-04-26 11:45:00-04:00,test
SPY,double_top,0,failed_breakout,73372,,2019-04-30 11:15:00-04:00,short,292.1148738028642,1.2471984104957414,294.18353804711694,290.88280158950425,73293,73372,2019-04-25 11:00:00-04:00,2019-04-30 11:15:00-04:00,test
SPY,double_top,0,near_miss,73412,,2019-05-01 14:45:00-04:00,short,293.0351955305312,1.2559578823847346,294.3987687787149,292.4840421176153,73333,73412,2019-04-26 14:30:00-04:00,2019-05-01 14:45:00-04:00,test
SPY,double_top,0,near_miss,73421,,2019-05-02 10:30:00-04:00,short,294.25417463324914,0.10748658189515936,294.3987687787149,292.21251341810483,73342,73421,2019-04-29 10:15:00-04:00,2019-05-02 10:30:00-04:00,test
SPY,double_top,0,near_miss,73479,,2019-05-06 12:00:00-04:00,short,290.7841796910522,3.3829633299342845,294.3245536515737,287.9570366700657,73400,73479,2019-05-01 11:45:00-04:00,2019-05-06 12:00:00-04:00,test
SPY,double_top,1,confirmed_breakout,73496,73497.0,2019-05-07 09:45:00-04:00,short,291.4281199215766,1.768952294874623,294.00973239039934,288.0410477051254,73417,73496,2019-05-01 16:00:00-04:00,2019-05-07 09:45:00-04:00,test
SPY,double_top,1,confirmed_breakout,73547,73548.0,2019-05-08 16:00:00-04:00,short,287.12417753642313,3.444946575756319,292.3844120425031,281.32505342424366,73468,73547,2019-05-03 15:45:00-04:00,2019-05-08 16:00:00-04:00,test
SPY,double_top,1,confirmed_breakout,73577,73578.0,2019-05-10 10:30:00-04:00,short,284.7035430257047,2.894138991285672,288.75383618185583,280.1958610087143,73498,73577,2019-05-07 10:15:00-04:00,2019-05-10 10:30:00-04:00,test
SPY,double_top,1,confirmed_breakout,73600,73601.0,2019-05-13 09:45:00-04:00,short,283.981240152126,2.705612713571952,286.93217787927114,279.4543872864281,73521,73600,2019-05-07 16:00:00-04:00,2019-05-13 09:45:00-04:00,test
SPY,double_top,0,failed_breakout,73632,,2019-05-14 11:15:00-04:00,short,280.82785899905315,3.1465728938460984,286.93217787927114,280.6534271061539,73553,73632,2019-05-09 11:00:00-04:00,2019-05-14 11:15:00-04:00,test
SPY,double_top,0,near_miss,73656,,2019-05-15 10:45:00-04:00,short,280.96557025097815,1.8556959287928407,284.6258464530146,282.20430407120716,73577,73656,2019-05-10 10:30:00-04:00,2019-05-15 10:45:00-04:00,test
SPY,double_top,0,failed_breakout,73703,,2019-05-16 16:00:00-04:00,short,283.71698244295993,2.8617395450783647,288.531597523062,284.76826045492163,73624,73703,2019-05-13 15:45:00-04:00,2019-05-16 16:00:00-04:00,test
SPY,double_top,0,near_miss,73708,,2019-05-17 10:45:00-04:00,short,288.46492804582874,0.04106816665785118,288.531597523062,287.05893183334217,73629,73708,2019-05-14 10:30:00-04:00,2019-05-17 10:45:00-04:00,test
SPY,double_top,0,failed_breakout,73723,,2019-05-17 14:30:00-04:00,short,287.1768946267589,0.7754945624020593,288.48039490191127,286.57450543759796,73644,73723,2019-05-14 14:15:00-04:00,2019-05-17 14:30:00-04:00,test
SPY,double_top,0,near_miss,73732,,2019-05-20 10:15:00-04:00,short,287.33647339329514,0.09796229969333581,287.44448790956636,284.3920377003067,73653,73732,2019-05-15 10:00:00-04:00,2019-05-20 10:15:00-04:00,test
SPY,double_top,0,near_miss,73789,,2019-05-22 11:30:00-04:00,short,284.0413340309487,2.991570936029575,287.44448790956636,283.10842906397045,73710,73789,2019-05-17 11:15:00-04:00,2019-05-22 11:30:00-04:00,test
SPY,double_top,1,confirmed_breakout,73807,73808.0,2019-05-22 16:00:00-04:00,short,285.63080213380175,0.6270648318934491,286.62132202439017,281.4729351681066,73728,73807,2019-05-17 15:45:00-04:00,2019-05-22 16:00:00-04:00,test
SPY,double_top,0,near_miss,73867,,2019-05-28 11:30:00-04:00,short,281.10871734762645,3.351954617903175,285.89441190700023,279.3480453820968,73788,73867,2019-05-22 11:15:00-04:00,2019-05-28 11:30:00-04:00,test
SPY,double_top,0,near_miss,73873,,2019-05-28 13:00:00-04:00,short,282.9946111976457,0.15022536558927868,283.2627411024111,282.75977463441075,73794,73873,2019-05-22 12:45:00-04:00,2019-05-28 13:00:00-04:00,test
SPY,double_top,0,near_miss,73915,,2019-05-30 10:30:00-04:00,short,277.9437297893638,2.6875127740157723,283.2627411024111,277.0124872259842,73836,73915,2019-05-24 10:15:00-04:00,2019-05-30 10:30:00-04:00,test
SPY,double_top,0,near_miss,73929,,2019-05-30 14:00:00-04:00,short,277.8205867603154,0.6986753598869768,279.0387802160567,278.061324640113,73850,73929,2019-05-24 13:45:00-04:00,2019-05-30 14:00:00-04:00,test
SPY,double_top,0,near_miss,73936,,2019-05-30 15:45:00-04:00,short,278.9522847088126,0.08483271377969004,279.0387802160567,278.9051672862203,73857,73936,2019-05-24 15:30:00-04:00,2019-05-30 15:45:00-04:00,test
SPY,double_top,1,confirmed_breakout,73937,73938.0,2019-05-30 16:00:00-04:00,short,278.6372948051425,0.22842022353387392,279.0354546291279,275.3615797764661,73858,73937,2019-05-24 15:45:00-04:00,2019-05-30 16:00:00-04:00,test
SPY,double_top,0,near_miss,73982,,2019-06-03 14:15:00-04:00,short,275.61118001592035,1.6241449548280116,278.6959754282248,273.455855045172,73903,73982,2019-05-29 14:00:00-04:00,2019-06-03 14:15:00-04:00,test
SPY,double_top,0,failed_breakout,74118,,2019-06-10 15:45:00-04:00,short,288.06268918033146,1.0743596759449474,290.0916483514071,288.19564032405503,74039,74118,2019-06-05 15:30:00-04:00,2019-06-10 15:45:00-04:00,test
SPY,double_top,0,failed_breakout,74135,,2019-06-11 13:30:00-04:00,short,289.4890428696777,0.5035006442159897,290.0916483514071,288.016499355784,74056,74135,2019-06-06 13:15:00-04:00,2019-06-11 13:30:00-04:00,test
SPY,double_top,0,near_miss,74149,,2019-06-12 10:30:00-04:00,short,288.91195186568774,0.507129484362224,289.8934386763803,287.75287051563777,74070,74149,2019-06-07 10:15:00-04:00,2019-06-12 10:30:00-04:00,test
SPY,double_top,0,near_miss,74156,,2019-06-12 12:15:00-04:00,short,288.8507805684128,0.0548763327207098,288.9447240237196,287.8351236672793,74077,74156,2019-06-07 12:00:00-04:00,2019-06-12 12:15:00-04:00,test
SPY,double_top,0,near_miss,74178,,2019-06-13 11:15:00-04:00,short,288.25040520286956,0.33288088972000196,288.8665897785474,288.66711911028,74099,74178,2019-06-10 11:00:00-04:00,2019-06-13 11:15:00-04:00,test
SPY,double_top,0,near_miss,74202,,2019-06-14 10:45:00-04:00,short,288.2738951690092,0.5831760862492956,289.41416010388525,288.2468239137507,74123,74202,2019-06-11 10:30:00-04:00,2019-06-14 10:45:00-04:00,test
SPY,double_top,0,near_miss,74221,,2019-06-14 15:30:00-04:00,short,288.86989088015014,0.2763945643571333,289.41416010388525,289.43360543564285,74142,74221,2019-06-11 15:15:00-04:00,2019-06-14 15:30:00-04:00,test
SPY,double_top,0,near_miss,74254,,2019-06-18 10:45:00-04:00,short,288.85566873066324,0.5002845724860094,289.83349582116927,292.519715427514,74175,74254,2019-06-13 10:30:00-04:00,2019-06-18 10:45:00-04:00,test
SPY,double_top,0,near_miss,74273,,2019-06-18 15:30:00-04:00,short,289.7524398288806,1.447786149876947,292.56695613634577,291.0222138501231,74194,74273,2019-06-13 15:15:00-04:00,2019-06-18 15:30:00-04:00,test
SPY,double_top,0,near_miss,74280,,2019-06-19 10:45:00-04:00,short,292.4836038779312,0.06074762493193475,292.56695613634577,292.1092523750681,74201,74280,2019-06-14 10:30:00-04:00,2019-06-19 10:45:00-04:00,test
SPY,double_top,0,near_miss,74295,,2019-06-19 14:30:00-04:00,short,292.3303187079267,0.09796970280990536,292.5217468693805,292.5320302971901,74216,74295,2019-06-14 14:15:00-04:00,2019-06-19 14:30:00-04:00,test
SPY,double_top,0,near_miss,74321,,2019-06-20 14:30:00-04:00,short,292.1763207778017,1.397186090133971,294.81218378377855,293.83281390986605,74242,74321,2019-06-17 14:15:00-04:00,2019-06-20 14:30:00-04:00,test
SPY,double_top,0,failed_breakout,74337,,2019-06-21 12:00:00-04:00,short,294.71983834028566,0.3787133564395049,295.3849196096717,294.1312866435605,74258,74337,2019-06-18 11:45:00-04:00,2019-06-21 12:00:00-04:00,test
SPY,double_top,0,near_miss,74362,,2019-06-24 11:45:00-04:00,short,294.4341173150905,0.5240010662491272,295.3849196096717,293.8459989337509,74283,74362,2019-06-19 11:30:00-04:00,2019-06-24 11:45:00-04:00,test
SPY,double_top,0,near_miss,74367,,2019-06-24 13:00:00-04:00,short,294.4015607875418,0.06913075017689607,294.5313171530075,294.0708692498231,74288,74367,2019-06-19 12:45:00-04:00,2019-06-24 13:00:00-04:00,test
SPY,double_top,0,failed_breakout,74506,,2019-07-01 15:15:00-04:00,short,292.5400696115631,1.4751247707161497,295.34128012083465,293.6148752292838,74427,74506,2019-06-26 15:00:00-04:00,2019-07-01 15:15:00-04:00,test
SPY,double_top,0,failed_breakout,74529,,2019-07-02 14:30:00-04:00,short,294.7866010641501,0.6469773201373528,295.5258766477403,295.05302267986264,74450,74529,2019-06-27 14:15:00-04:00,2019-07-02 14:30:00-04:00,test
SPY,double_top,0,failed_breakout,74559,,2019-07-05 12:00:00-04:00,short,295.32569040580756,1.4613957807367797,298.04829572534845,295.69860421926325,74480,74559,2019-06-28 15:15:00-04:00,2019-07-05 12:00:00-04:00,test
SPY,double_top,0,failed_breakout,74585,,2019-07-08 12:00:00-04:00,short,297.03726645765954,1.0591011168182831,298.1444394236072,295.6208988831817,74506,74585,2019-07-01 15:15:00-04:00,2019-07-08 12:00:00-04:00,test
SPY,double_top,0,failed_breakout,74633,,2019-07-10 11:00:00-04:00,short,296.5804059266193,0.8815591064106343,298.1444394236072,297.43844089358936,74554,74633,2019-07-05 10:45:00-04:00,2019-07-10 11:00:00-04:00,test
SPY,double_top,0,failed_breakout,74656,,2019-07-11 10:15:00-04:00,short,296.76575014648654,0.971135125966839,298.6942799024541,298.05886487403313,74577,74656,2019-07-08 10:00:00-04:00,2019-07-11 10:15:00-04:00,test
SPY,double_top,0,failed_breakout,74678,,2019-07-11 15:45:00-04:00,short,298.61187418484747,0.34329232201463356,299.21605311127007,298.55670767798534,74599,74678,2019-07-08 15:30:00-04:00,2019-07-11 15:45:00-04:00,test
SPY,double_top,0,failed_breakout,74724,,2019-07-15 14:15:00-04:00,short,298.7812929891417,1.1018166975330246,300.5501662620794,299.498183302467,74645,74724,2019-07-10 14:00:00-04:00,2019-07-15 14:15:00-04:00,test
SPY,double_top,0,near_miss,74747,,2019-07-16 13:30:00-04:00,short,300.4070717568066,0.18953609123440174,300.64304943400265,299.9704639087656,74668,74747,2019-07-11 13:15:00-04:00,2019-07-16 13:30:00-04:00,test
SPY,double_top,0,near_miss,74833,,2019-07-19 15:30:00-04:00,short,299.08594553993913,0.06294130230497785,299.15777199060943,297.72705869769504,74754,74833,2019-07-16 15:15:00-04:00,2019-07-19 15:30:00-04:00,test
SPY,double_top,0,failed_breakout,74944,,2019-07-26 10:45:00-04:00,short,299.8776602527744,0.4724929608380535,300.7978740324784,300.45750703916195,74865,74944,2019-07-23 10:30:00-04:00,2019-07-26 10:45:00-04:00,test
SPY,double_top,0,near_miss,74975,,2019-07-29 12:00:00-04:00,short,299.820852158452,1.0857080027010397,301.91068792755954,300.514291997299,74896,74975,2019-07-24 11:45:00-04:00,2019-07-29 12:00:00-04:00,test
SPY,double_top,0,failed_breakout,75000,,2019-07-30 11:45:00-04:00,short,301.42937927400885,0.27757254411471877,301.91068792755954,300.4024274558853,74921,75000,2019-07-25 11:30:00-04:00,2019-07-30 11:45:00-04:00,test
SPY,double_top,0,near_miss,75024,,2019-07-31 11:15:00-04:00,short,300.55980406095784,0.5663200687748713,301.5032157086876,300.2536799312251,74945,75024,2019-07-26 11:00:00-04:00,2019-07-31 11:15:00-04:00,test
SPY,double_top,0,near_miss,75030,,2019-07-31 12:45:00-04:00,short,300.7069165352664,0.05799864075959249,300.7807978012742,300.8220013592404,74951,75030,2019-07-26 12:30:00-04:00,2019-07-31 12:45:00-04:00,test
SPY,double_top,0,near_miss,75045,,2019-08-01 10:00:00-04:00,short,300.71606893529355,0.14256902145967842,300.93647811223224,298.51743097854035,74966,75045,2019-07-29 09:45:00-04:00,2019-08-01 10:00:00-04:00,test
SPY,double_top,0,near_miss,75068,,2019-08-01 15:45:00-04:00,short,298.8977672887156,1.6690854255939485,300.93647811223224,293.76091457440606,74989,75068,2019-07-29 15:30:00-04:00,2019-08-01 15:45:00-04:00,test
SPY,double_top,1,confirmed_breakout,75095,75096.0,2019-08-02 16:00:00-04:00,short,291.9018916631258,4.350285340156802,300.19722731638694,282.8397146598432,75016,75095,2019-07-30 15:45:00-04:00,2019-08-02 16:00:00-04:00,test
SPY,double_top,0,failed_breakout,75157,,2019-08-07 12:00:00-04:00,short,283.91230314267864,5.737492526618155,292.3071266901783,279.20250747338184,75078,75157,2019-08-02 11:45:00-04:00,2019-08-07 12:00:00-04:00,test
SPY,double_top,0,failed_breakout,75210,,2019-08-09 12:15:00-04:00,short,285.24527976254103,4.626844564029511,292.7517840047258,285.6931554359705,75131,75210,2019-08-06 12:00:00-04:00,2019-08-09 12:15:00-04:00,test
SPY,double_top,1,confirmed_breakout,75231,75232.0,2019-08-12 11:00:00-04:00,short,290.71706165913145,1.6655648741481173,292.7517840047258,286.9444351258519,75152,75231,2019-08-07 10:45:00-04:00,2019-08-12 11:00:00-04:00,test
SPY,double_top,1,confirmed_breakout,75282,75283.0,2019-08-14 10:45:00-04:00,short,288.179918211966,4.231092105820721,292.8085515737401,282.3789078941793,75203,75282,2019-08-09 10:30:00-04:00,2019-08-14 10:45:00-04:00,test
SPY,double_top,0,near_miss,75316,,2019-08-15 12:45:00-04:00,short,284.69346300588757,4.085159567089704,292.8085515737401,280.5748404329103,75237,75316,2019-08-12 12:30:00-04:00,2019-08-15 12:45:00-04:00,test
SPY,double_top,0,near_miss,75326,,2019-08-15 15:15:00-04:00,short,284.5723409597648,0.13293018750084684,284.7486935722145,284.72706981249917,75247,75326,2019-08-12 15:00:00-04:00,2019-08-15 15:15:00-04:00,test
SPY,double_top,1,confirmed_breakout,75403,75407.0,2019-08-20 15:00:00-04:00,short,291.67870513457933,0.47479129482746885,292.62077163459577,289.58520870517253,75324,75403,2019-08-15 14:45:00-04:00,2019-08-20 15:00:00-04:00,test
SPY,double_top,0,near_miss,75434,,2019-08-22 09:45:00-04:00,short,290.89005887141104,1.1988828618856928,292.4916622423756,292.5511171381143,75355,75434,2019-08-16 16:00:00-04:00,2019-08-22 09:45:00-04:00,test
SPY,double_top,1,confirmed_breakout,75437,75438.0,2019-08-22 10:30:00-04:00,short,292.3218451128563,0.24214420599315645,292.6363163953233,290.55785579400685,75358,75437,2019-08-19 10:15:00-04:00,2019-08-22 10:30:00-04:00,test
SPY,double_top,0,near_miss,75468,,2019-08-23 11:45:00-04:00,short,291.82104488947044,0.7516614563181179,292.6363163953233,287.01833854368186,75389,75468,2019-08-20 11:30:00-04:00,2019-08-23 11:45:00-04:00,test
SPY,double_top,0,failed_breakout,75513,,2019-08-27 10:00:00-04:00,short,285.80737002722384,4.024631734436355,292.5090962962538,285.28536826556365,75434,75513,2019-08-22 09:45:00-04:00,2019-08-27 10:00:00-04:00,test
SPY,double_top,0,failed_breakout,75528,,2019-08-27 13:45:00-04:00,short,286.96617071781105,0.7214034058575294,288.2202410202706,286.77859659414247,75449,75528,2019-08-22 13:30:00-04:00,2019-08-27 13:45:00-04:00,test
SPY,double_top,0,failed_breakout,75544,,2019-08-28 11:15:00-04:00,short,287.1029881448958,0.5965161104230106,288.2202410202706,287.153483889577,75465,75544,2019-08-23 11:00:00-04:00,2019-08-28 11:15:00-04:00,test
SPY,double_top,0,near_miss,75595,,2019-08-30 11:00:00-04:00,short,287.04988062175676,2.9128660707483505,292.74672589464325,290.15713392925164,75516,75595,2019-08-27 10:45:00-04:00,2019-08-30 11:00:00-04:00,test
SPY,double_top,0,near_miss,75605,,2019-08-30 13:30:00-04:00,short,292.6696333033523,0.26203272748006157,293.1166061670216,292.22796727251995,75526,75605,2019-08-27 13:15:00-04:00,2019-08-30 13:30:00-04:00,test
SPY,double_top,0,near_miss,75619,,2019-09-03 10:30:00-04:00,short,292.5496755284641,0.29076965759657014,293.1166061670216,289.95923034240343,75540,75619,2019-08-28 10:15:00-04:00,2019-09-03 10:30:00-04:00,test
SPY,double_top,0,near_miss,75702,,2019-09-06 11:45:00-04:00,short,297.79771853315725,0.06345903336455194,297.914623919328,298.31654096663544,75623,75702,2019-09-03 11:30:00-04:00,2019-09-06 11:45:00-04:00,test
SPY,double_top,0,near_miss,75737,,2019-09-09 14:00:00-04:00,short,297.87716856057597,0.3758445965631836,298.5914023949503,297.4241554034368,75658,75737,2019-09-04 13:45:00-04:00,2019-09-09 14:00:00-04:00,test
SPY,double_top,0,near_miss,75755,,2019-09-10 12:00:00-04:00,short,297.7673072812637,0.4509245235376511,298.5914023949503,296.4590754764624,75676,75755,2019-09-05 11:45:00-04:00,2019-09-10 12:00:00-04:00,test
SPY,double_top,0,near_miss,75773,,2019-09-11 10:00:00-04:00,short,296.6869932977773,0.782270815987431,297.84506121465245,297.78772918401256,75694,75773,2019-09-06 09:45:00-04:00,2019-09-11 10:00:00-04:00,test
SPY,double_top,0,near_miss,75830,,2019-09-13 11:15:00-04:00,short,296.95058456965825,2.6095494130397014,302.02680095251895,299.4404505869603,75751,75830,2019-09-10 11:00:00-04:00,2019-09-13 11:15:00-04:00,test
SPY,double_top,0,near_miss,75911,,2019-09-18 12:00:00-04:00,short,300.13691667264015,0.1517945309078641,300.39016847129705,300.03820546909213,75832,75911,2019-09-13 11:45:00-04:00,2019-09-18 12:00:00-04:00,test
SPY,double_top,0,near_miss,75916,,2019-09-18 13:15:00-04:00,short,300.3643257906044,0.027074596914189897,300.3926323037402,299.8529254030858,75837,75916,2019-09-13 13:00:00-04:00,2019-09-18 13:15:00-04:00,test
SPY,double_top,0,near_miss,75951,,2019-09-19 15:30:00-04:00,short,299.52651142194406,1.682475880877064,302.025342301902,299.80752411912295,75872,75951,2019-09-16 15:15:00-04:00,2019-09-19 15:30:00-04:00,test
SPY,double_top,0,near_miss,76067,,2019-09-26 12:00:00-04:00,short,295.6086735876469,2.5241039579235576,298.9614489064947,293.32589604207647,75988,76067,2019-09-23 11:45:00-04:00,2019-09-26 12:00:00-04:00,test
SPY,double_top,0,failed_breakout,76094,,2019-09-27 12:15:00-04:00,short,296.39537017259,0.8005320016995938,297.3041061846461,295.7394679983004,76015,76094,2019-09-24 12:00:00-04:00,2019-09-27 12:15:00-04:00,test
SPY,double_top,0,near_miss,76101,,2019-09-27 14:00:00-04:00,short,297.03474805888146,0.11993536310166064,297.2216686800331,295.11006463689836,76022,76101,2019-09-24 13:45:00-04:00,2019-09-27 14:00:00-04:00,test
SPY,double_top,1,confirmed_breakout,76140,76141.0,2019-10-01 10:45:00-04:00,short,297.14852604404274,0.15685966955027197,297.3568727893724,295.25314033044975,76061,76140,2019-09-26 10:30:00-04:00,2019-10-01 10:45:00-04:00,test
SPY,double_top,0,near_miss,76199,,2019-10-03 12:30:00-04:00,short,287.65892600464844,5.067481193051151,297.3568727893724,283.82251880694884,76120,76199,2019-09-30 12:15:00-04:00,2019-10-03 12:30:00-04:00,test
SPY,double_top,0,near_miss,76249,,2019-10-07 12:00:00-04:00,short,287.5744987358997,3.251497786183563,293.55605143813966,291.5785022138164,76170,76249,2019-10-02 11:45:00-04:00,2019-10-07 12:00:00-04:00,test
SPY,double_top,1,confirmed_breakout,76263,76266.0,2019-10-07 15:30:00-04:00,short,293.5219371252398,0.4001164076595387,294.28805562765893,289.80988359234044,76184,76263,2019-10-02 15:15:00-04:00,2019-10-07 15:30:00-04:00,test
SPY,double_top,0,near_miss,76268,,2019-10-08 10:15:00-04:00,short,294.26396277712064,0.10652691724880015,294.45292376108,289.4834730827512,76189,76268,2019-10-03 10:00:00-04:00,2019-10-08 10:15:00-04:00,test
SPY,double_top,0,near_miss,76297,,2019-10-09 11:00:00-04:00,short,290.0070273452471,2.4557796616049927,294.45292376108,288.294220338395,76218,76297,2019-10-04 10:45:00-04:00,2019-10-09 11:00:00-04:00,test
SPY,double_top,0,failed_breakout,76325,,2019-10-10 11:30:00-04:00,short,290.1487603495892,0.8555112113758696,291.5358528693061,293.1044887886241,76246,76325,2019-10-07 11:15:00-04:00,2019-10-10 11:30:00-04:00,test
SPY,double_top,0,failed_breakout,76377,,2019-10-14 11:30:00-04:00,short,291.5181815093805,3.2508391165489456,298.00218838255273,292.93916088345105,76298,76377,2019-10-09 11:15:00-04:00,2019-10-14 11:30:00-04:00,test
SPY,double_top,0,near_miss,76399,,2019-10-15 10:30:00-04:00,short,296.23815899178317,0.9032975772990994,298.00218838255273,297.5167024227009,76320,76399,2019-10-10 10:15:00-04:00,2019-10-15 10:30:00-04:00,test
SPY,double_top,0,near_miss,76427,,2019-10-16 11:00:00-04:00,short,296.20156550508415,1.6068203203300868,299.3360468952167,297.4131796796699,76348,76427,2019-10-11 10:45:00-04:00,2019-10-16 11:00:00-04:00,test
SPY,double_top,0,failed_breakout,76453,,2019-10-17 11:00:00-04:00,short,298.341386342026,0.5139536603652459,299.3360468952167,298.73604633963475,76374,76453,2019-10-14 10:45:00-04:00,2019-10-17 11:00:00-04:00,test
SPY,double_top,0,near_miss,76466,,2019-10-17 14:15:00-04:00,short,298.33973787973486,0.5087247872822331,299.32229222446836,298.61127521271777,76387,76466,2019-10-14 14:00:00-04:00,2019-10-17 14:15:00-04:00,test
SPY,double_top,1,confirmed_breakout,76482,76485.0,2019-10-18 11:45:00-04:00,short,299.1853240062583,0.15735532397815177,299.36306643600466,297.22264467602184,76403,76482,2019-10-15 11:30:00-04:00,2019-10-18 11:45:00-04:00,test
SPY,double_top,0,failed_breakout,76570,,2019-10-23 14:15:00-04:00,short,299.3983713276165,0.626998148006578,300.63186067497514,298.48300185199344,76491,76570,2019-10-18 14:00:00-04:00,2019-10-23 14:15:00-04:00,test
SPY,double_top,0,near_miss,76601,,2019-10-24 15:30:00-04:00,short,299.16482316263796,0.6011710832423205,300.1131102154896,299.7488289167577,76522,76601,2019-10-21 15:15:00-04:00,2019-10-24 15:30:00-04:00,test
SPY,double_top,0,near_miss,76683,,2019-10-30 10:00:00-04:00,short,303.4424368187432,0.17895734943124353,303.75051590302894,302.69104265056876,76604,76683,2019-10-25 09:45:00-04:00,2019-10-30 10:00:00-04:00,test
SPY,double_top,0,near_miss,76707,,2019-10-30 16:00:00-04:00,short,302.88963215042435,0.44467361475346934,303.75051590302894,303.6953263852465,76628,76707,2019-10-25 15:45:00-04:00,2019-10-30 16:00:00-04:00,test
SPY,double_top,0,near_miss,76719,,2019-10-31 12:30:00-04:00,short,302.86608648966717,0.3421962167142283,303.49846978543616,302.05780378328575,76640,76719,2019-10-28 12:15:00-04:00,2019-10-31 12:30:00-04:00,test
SPY,double_top,0,near_miss,76820,,2019-11-06 11:45:00-05:00,short,307.02593078947257,0.37631819133071076,307.51772279899603,306.1636818086693,76741,76820,2019-11-01 11:30:00-04:00,2019-11-06 11:45:00-05:00,test
SPY,double_top,0,near_miss,76863,,2019-11-07 16:00:00-05:00,short,306.6238904547832,1.5079496677585098,308.97690508247274,306.7120503322415,76784,76863,2019-11-04 15:45:00-05:00,2019-11-07 16:00:00-05:00,test
SPY,double_top,0,failed_breakout,76890,,2019-11-11 09:45:00-05:00,short,308.02399127157565,0.5747024676527985,308.97690508247274,307.0052975323472,76811,76890,2019-11-05 16:00:00-05:00,2019-11-11 09:45:00-05:00,test
SPY,double_top,0,near_miss,76899,,2019-11-11 12:00:00-05:00,short,308.19576495802346,0.11137276636281968,308.39379305278834,307.9986272336372,76820,76899,2019-11-06 11:45:00-05:00,2019-11-11 12:00:00-05:00,test
SPY,double_top,0,near_miss,76936,,2019-11-12 14:45:00-05:00,short,308.07218900278036,0.8423055248571814,309.43519600248675,307.75769447514284,76857,76936,2019-11-07 14:30:00-05:00,2019-11-12 14:45:00-05:00,test
SPY,double_top,0,failed_breakout,76968,,2019-11-14 09:45:00-05:00,short,308.64326551713475,0.6490444144367871,309.43519600248675,308.26095558556324,76889,76968,2019-11-08 16:00:00-05:00,2019-11-14 09:45:00-05:00,test
SPY,double_top,0,near_miss,76982,,2019-11-14 13:15:00-05:00,short,309.0214896469188,0.1257014903894742,309.1494238606563,308.92429850961054,76903,76982,2019-11-11 13:00:00-05:00,2019-11-14 13:15:00-05:00,test
SPY,double_top,0,near_miss,77080,,2019-11-20 11:45:00-05:00,short,311.8637651421496,0.2083143621798058,312.10028963439004,311.2416856378202,77001,77080,2019-11-15 11:30:00-05:00,2019-11-20 11:45:00-05:00,test
SPY,double_top,0,near_miss,77131,,2019-11-22 11:30:00-05:00,short,310.0949765877009,1.2170136339926785,312.10028963439004,309.07298636600734,77052,77131,2019-11-19 11:15:00-05:00,2019-11-22 11:30:00-05:00,test
SPY,double_top,0,near_miss,77136,,2019-11-22 12:45:00-05:00,short,310.4950343883798,0.08084604393496875,310.6280700556324,310.66915395606503,77057,77136,2019-11-19 12:30:00-05:00,2019-11-22 12:45:00-05:00,test
SPY,double_top,0,failed_breakout,77237,,2019-11-29 12:00:00-05:00,short,313.7556690954043,0.8471049057549749,315.31225355571434,313.902895094245,77158,77237,2019-11-25 11:45:00-05:00,2019-11-29 12:00:00-05:00,test
SPY,double_top,1,confirmed_breakout,77267,77268.0,2019-12-02 16:00:00-05:00,short,311.9245459429803,1.7844108204870395,315.31225355571434,306.42558917951294,77188,77267,2019-11-26 12:45:00-05:00,2019-12-02 16:00:00-05:00,test
SPY,double_top,0,near_miss,77328,,2019-12-05 11:45:00-05:00,short,308.40047968639794,3.5475074581414674,312.10565997122035,307.70249254185853,77249,77328,2019-12-02 11:30:00-05:00,2019-12-05 11:45:00-05:00,test
SPY,double_top,0,near_miss,77375,,2019-12-09 10:30:00-05:00,short,311.30429139651164,2.1499229430210107,315.11811436120684,312.820077056979,77296,77375,2019-12-04 10:15:00-05:00,2019-12-09 10:30:00-05:00,test
SPY,double_top,0,near_miss,77469,,2019-12-12 14:30:00-05:00,short,313.8084704541149,1.398580996172825,316.4066937520131,314.6014190038272,77390,77469,2019-12-09 14:15:00-05:00,2019-12-12 14:30:00-05:00,test
SPY,double_top,0,failed_breakout,77490,,2019-12-13 13:15:00-05:00,short,316.1722382020867,0.5678528870056425,317.0734884261716,316.89214711299434,77411,77490,2019-12-10 13:00:00-05:00,2019-12-13 13:15:00-05:00,test
SPY,double_top,0,failed_breakout,77529,,2019-12-17 10:00:00-05:00,short,316.9103363041651,1.598580993723374,319.94434616960547,317.9914190062766,77450,77529,2019-12-12 09:45:00-05:00,2019-12-17 10:00:00-05:00,test
SPY,double_top,0,near_miss,77542,,2019-12-17 13:15:00-05:00,short,319.7346931857599,0.12759106812603704,319.94434616960547,319.71240893187394,77463,77542,2019-12-12 13:00:00-05:00,2019-12-17 13:15:00-05:00,test
SPY,double_top,0,near_miss,77552,,2019-12-17 15:45:00-05:00,short,319.7681494990574,0.06211172573961221,319.88030011142763,319.6578882742604,77473,77552,2019-12-12 15:30:00-05:00,2019-12-17 15:45:00-05:00,test
SPY,double_top,0,near_miss,77633,,2019-12-23 10:00:00-05:00,short,320.70509078926915,0.23117632406155053,321.114480389598,321.07882367593845,77554,77633,2019-12-18 09:45:00-05:00,2019-12-23 10:00:00-05:00,test
SPY,double_top,0,near_miss,77639,,2019-12-23 11:30:00-05:00,short,321.11014701106274,0.025051020244802658,321.1559156730171,321.5649489797552,77560,77639,2019-12-18 11:15:00-05:00,2019-12-23 11:30:00-05:00,test
SPY,double_top,0,near_miss,77652,,2019-12-23 14:45:00-05:00,short,321.1242308106448,0.16331285223395753,321.4191716527404,321.21668714776604,77573,77652,2019-12-18 14:30:00-05:00,2019-12-23 14:45:00-05:00,test
SPY,double_top,0,near_miss,77657,,2019-12-23 16:00:00-05:00,short,321.4155901091722,0.011573967813205854,321.4351565012303,321.2284260321868,77578,77657,2019-12-18 15:45:00-05:00,2019-12-23 16:00:00-05:00,test
SPY,double_top,0,near_miss,77702,,2019-12-27 10:45:00-05:00,short,321.1706187561052,0.6785009618828326,322.26942870663464,322.2914990381172,77623,77702,2019-12-20 14:00:00-05:00,2019-12-27 10:45:00-05:00,test
SPY,double_top,0,near_miss,77722,,2019-12-27 15:45:00-05:00,short,322.2514923561622,0.467563956867707,323.16868391942523,322.1724360431323,77643,77722,2019-12-23 12:30:00-05:00,2019-12-27 15:45:00-05:00,test
SPY,double_top,0,near_miss,77730,,2019-12-30 11:15:00-05:00,short,323.09172277704147,0.05047494459824975,323.16868391942523,321.13952505540175,77651,77730,2019-12-23 14:30:00-05:00,2019-12-30 11:15:00-05:00,test
SPY,double_top,0,near_miss,77827,,2020-01-03 16:00:00-05:00,short,322.9991844816131,0.4587161296641966,323.72706820227336,321.9812838703358,77748,77827,2019-12-30 15:45:00-05:00,2020-01-03 16:00:00-05:00,test
SPY,double_top,0,near_miss,77834,,2020-01-06 11:15:00-05:00,short,323.0730235104424,0.0689619848396319,323.1887330202813,322.39103801516035,77755,77834,2019-12-31 11:00:00-05:00,2020-01-06 11:15:00-05:00,test
SPY,double_top,0,near_miss,77863,,2020-01-07 12:00:00-05:00,short,322.260298434474,0.7965175545422767,323.0952379702828,322.05348244545775,77784,77863,2020-01-02 11:45:00-05:00,2020-01-07 12:00:00-05:00,test
SPY,double_top,0,near_miss,77872,,2020-01-07 14:15:00-05:00,short,322.9409379322266,0.10814332637244206,323.07976850944823,322.63185667362757,77793,77872,2020-01-02 14:00:00-05:00,2020-01-07 14:15:00-05:00,test
SPY,double_top,0,near_miss,77881,,2020-01-08 10:00:00-05:00,short,323.007751845427,0.03984173722204787,323.07976850944823,323.67015826277793,77802,77881,2020-01-03 09:45:00-05:00,2020-01-08 10:00:00-05:00,test
SPY,double_top,0,failed_breakout,78009,,2020-01-14 16:00:00-05:00,short,326.15715150408505,1.3162208669615438,328.0391710888151,326.13377913303844,77930,78009,2020-01-09 15:45:00-05:00,2020-01-14 16:00:00-05:00,test
SPY,double_top,0,near_miss,78032,,2020-01-15 15:15:00-05:00,short,327.61010879490937,0.7033985616088785,328.5878436242214,327.2466014383911,77953,78032,2020-01-10 15:00:00-05:00,2020-01-15 15:15:00-05:00,test
SPY,double_top,0,near_miss,78040,,2020-01-16 10:45:00-05:00,short,328.36899382430266,0.12213586818012345,328.5878436242214,329.76786413181986,77961,78040,2020-01-13 10:30:00-05:00,2020-01-16 10:45:00-05:00,test
SPY,double_top,0,near_miss,78097,,2020-01-21 12:00:00-05:00,short,328.1457716052461,1.8818963737580816,331.66092019726426,330.1081036262419,78018,78097,2020-01-15 11:45:00-05:00,2020-01-21 12:00:00-05:00,test
SPY,double_top,0,near_miss,78112,,2020-01-21 15:45:00-05:00,short,331.4382874455642,0.3033918466963428,331.82243838725685,331.0466081533037,78033,78112,2020-01-15 15:30:00-05:00,2020-01-21 15:45:00-05:00,test
SPY,double_top,0,near_miss,78133,,2020-01-22 14:30:00-05:00,short,331.4636909951996,0.5276995932454724,332.1603427896333,331.57230040675455,78054,78133,2020-01-16 14:15:00-05:00,2020-01-22 14:30:00-05:00,test
SPY,double_top,0,near_miss,78142,,2020-01-23 10:15:00-05:00,short,332.0802341659644,0.0721197563179885,332.1603427896333,330.507880243682,78063,78142,2020-01-17 10:00:00-05:00,2020-01-23 10:15:00-05:00,test
SPY,double_top,1,confirmed_breakout,78178,78182.0,2020-01-24 12:45:00-05:00,short,330.33900280732473,1.5603714914071816,332.1443650549314,327.0296285085928,78099,78178,2020-01-21 12:30:00-05:00,2020-01-24 12:45:00-05:00,test
SPY,double_top,0,failed_breakout,78222,,2020-01-28 10:45:00-05:00,short,324.556555410181,3.601862594418094,331.6543835425324,323.2781374055819,78143,78222,2020-01-23 10:30:00-05:00,2020-01-28 10:45:00-05:00,test
SPY,double_top,0,near_miss,78254,,2020-01-29 12:15:00-05:00,short,324.33853285830406,1.6881529502420562,327.39091915042656,326.35184704975796,78175,78254,2020-01-24 12:00:00-05:00,2020-01-29 12:15:00-05:00,test
SPY,double_top,1,confirmed_breakout,78269,78270.0,2020-01-29 16:00:00-05:00,short,327.31272241843436,0.3940634962144145,328.02265267887105,325.18593650378557,78190,78269,2020-01-24 15:45:00-05:00,2020-01-29 16:00:00-05:00,test
SPY,double_top,0,near_miss,78307,,2020-01-31 12:30:00-05:00,short,324.5958056289198,2.3711701022212424,328.02265267887105,321.0488298977788,78228,78307,2020-01-28 12:15:00-05:00,2020-01-31 12:30:00-05:00,test
SPY,double_top,0,failed_breakout,78345,,2020-02-03 15:30:00-05:00,short,322.17770051879154,3.072950485034937,325.911298783411,321.87704951496505,78266,78345,2020-01-29 15:15:00-05:00,2020-02-03 15:30:00-05:00,test
SPY,double_top,0,failed_breakout,78381,,2020-02-05 11:30:00-05:00,short,324.4399694811407,2.6841397045241706,329.65821514708773,329.11586029547584,78302,78381,2020-01-31 11:15:00-05:00,2020-02-05 11:30:00-05:00,test
SPY,double_top,0,near_miss,78430,,2020-02-07 10:45:00-05:00,short,329.57541857499336,2.189076226037457,333.8707744549739,330.91092377396257,78351,78430,2020-02-04 10:30:00-05:00,2020-02-07 10:45:00-05:00,test
SPY,double_top,0,near_miss,78435,,2020-02-07 12:00:00-05:00,short,333.82959384222426,0.027920723778663614,333.8707744549739,333.15207927622134,78356,78435,2020-02-04 11:45:00-05:00,2020-02-07 12:00:00-05:00,test
SPY,double_top,0,near_miss,78449,,2020-02-07 15:30:00-05:00,short,333.10319404497835,0.4005400308543017,333.844254677032,331.8394599691457,78370,78449,2020-02-04 15:15:00-05:00,2020-02-07 15:30:00-05:00,test
SPY,double_top,0,near_miss,78504,,2020-02-12 09:45:00-05:00,short,332.39583276452504,2.276950618783758,336.18235329198427,334.70304938121626,78425,78504,2020-02-06 16:00:00-05:00,2020-02-12 09:45:00-05:00,test
SPY,double_top,0,failed_breakout,78539,,2020-02-13 12:00:00-05:00,short,335.6188517372214,1.0315817169978914,337.1185136164544,336.2684182830021,78460,78539,2020-02-10 11:45:00-05:00,2020-02-13 12:00:00-05:00,test
SPY,double_top,0,near_miss,78561,,2020-02-14 11:00:00-05:00,short,336.76156104922086,0.5963311355934593,337.59727075317426,336.91366886440653,78482,78561,2020-02-11 10:45:00-05:00,2020-02-14 11:00:00-05:00,test
SPY,double_top,0,failed_breakout,78575,,2020-02-14 14:30:00-05:00,short,337.240869694425,0.21847282808437285,337.59727075317426,336.6815271719156,78496,78575,2020-02-11 14:15:00-05:00,2020-02-14 14:30:00-05:00,test
SPY,double_top,0,near_miss,78594,,2020-02-18 12:45:00-05:00,short,336.83684942663893,0.31144951304827373,337.3214142918445,335.8185504869517,78515,78594,2020-02-12 12:30:00-05:00,2020-02-18 12:45:00-05:00,test
SPY,double_top,0,near_miss,78639,,2020-02-20 11:00:00-05:00,short,335.97808935797514,1.8882986511156332,338.7575924306517,336.49170134888436,78560,78639,2020-02-14 10:45:00-05:00,2020-02-20 11:00:00-05:00,test
SPY,double_top,0,near_miss,78669,,2020-02-21 12:00:00-05:00,short,336.02779517735223,1.597802922936296,338.7575924306517,332.81219707706373,78590,78669,2020-02-18 11:45:00-05:00,2020-02-21 12:00:00-05:00,test
SPY,double_top,0,near_miss,78720,,2020-02-25 11:45:00-05:00,short,322.91651444878835,7.037323038407635,336.49360376992536,311.27267696159237,78641,78720,2020-02-20 11:30:00-05:00,2020-02-25 11:45:00-05:00,test
SPY,double_top,0,near_miss,78757,,2020-02-26 14:30:00-05:00,short,314.3299241477358,5.417504856627943,323.41407120446667,306.76249514337206,78678,78757,2020-02-21 14:15:00-05:00,2020-02-26 14:30:00-05:00,test
SPY,double_top,0,near_miss,78789,,2020-02-27 16:00:00-05:00,short,306.0029993379945,5.5553461561844415,316.0807868042609,291.97465384381553,78710,78789,2020-02-24 15:45:00-05:00,2020-02-27 16:00:00-05:00,test
SPY,double_top,0,near_miss,78815,,2020-02-28 16:00:00-05:00,short,291.6542701920963,7.981224625705124,307.0359041840969,287.8687753742949,78736,78815,2020-02-25 15:45:00-05:00,2020-02-28 16:00:00-05:00,test
SPY,double_top,0,near_miss,78844,,2020-03-03 10:15:00-05:00,short,290.7977945693359,6.445013047299881,302.25052978176564,302.1149869527001,78765,78844,2020-02-27 10:00:00-05:00,2020-03-03 10:15:00-05:00,test
SPY,double_top,1,confirmed_breakout,78858,78859.0,2020-03-03 13:45:00-05:00,short,301.8044902897062,2.7678685164250965,306.894187830497,297.4421314835749,78779,78858,2020-02-27 13:30:00-05:00,2020-03-03 13:45:00-05:00,test
SPY,double_top,0,failed_breakout,78903,,2020-03-05 12:00:00-05:00,short,301.8872038432487,6.449382117174309,309.778984090349,299.2906178828257,78824,78903,2020-03-02 11:45:00-05:00,2020-03-05 12:00:00-05:00,test
SPY,double_top,0,near_miss,78955,,2020-03-09 12:00:00-04:00,short,293.08221884462483,8.591943121892655,309.778984090349,274.09805687810734,78876,78955,2020-03-04 11:45:00-05:00,2020-03-09 12:00:00-04:00,test
SPY,double_top,0,near_miss,79008,,2020-03-11 12:15:00-04:00,short,278.23022877582093,9.601288125003009,293.56933984268596,269.998711874997,78929,79008,2020-03-06 12:00:00-05:00,2020-03-11 12:15:00-04:00,test
SPY,double_top,0,near_miss,79066,,2020-03-13 13:45:00-04:00,short,253.00795563061084,2.610426631552457,255.89025842272065,255.92957336844756,78987,79066,2020-03-10 13:30:00-04:00,2020-03-13 13:45:00-04:00,test
SPY,double_top,1,confirmed_breakout,79075,79076.0,2020-03-13 16:00:00-04:00,short,253.98598167349596,3.224745530251681,259.0749483058894,237.6652544697483,78996,79075,2020-03-10 15:45:00-04:00,2020-03-13 16:00:00-04:00,test
SPY,double_top,1,confirmed_breakout,79125,79128.0,2020-03-17 15:30:00-04:00,short,243.76251104623833,10.011559244897114,259.0749483058894,230.5484407551029,79046,79125,2020-03-12 15:15:00-04:00,2020-03-17 15:30:00-04:00,test
SPY,double_top,1,confirmed_breakout,79127,79128.0,2020-03-17 16:00:00-04:00,short,248.3560203113055,1.2890023542348388,250.81685305469924,239.27099764576516,79048,79127,2020-03-12 15:45:00-04:00,2020-03-17 16:00:00-04:00,test
SPY,double_top,1,confirmed_breakout,79186,79187.0,2020-03-20 11:15:00-04:00,short,241.91213836695775,4.524842660398889,250.81685305469924,234.43515733960112,79107,79186,2020-03-17 11:00:00-04:00,2020-03-20 11:15:00-04:00,test
SPY,double_top,0,near_miss,79231,,2020-03-23 16:00:00-04:00,short,223.5270045891905,9.668191588469455,242.05710900001404,212.81180841153054,79152,79231,2020-03-18 15:45:00-04:00,2020-03-23 16:00:00-04:00,test
SPY,double_top,0,near_miss,79258,,2020-03-25 09:45:00-04:00,short,222.64494478088005,9.214059667453853,239.38472554136192,238.57594033254614,79179,79258,2020-03-19 16:00:00-04:00,2020-03-25 09:45:00-04:00,test
SPY,double_top,0,near_miss,79292,,2020-03-26 11:45:00-04:00,short,238.65766780176642,7.549086447045454,253.0287829562618,251.31091355295456,79213,79292,2020-03-23 11:30:00-04:00,2020-03-26 11:45:00-04:00,test
SPY,double_top,1,confirmed_breakout,79309,79310.0,2020-03-26 16:00:00-04:00,short,257.0599963092015,0.5038636003955048,257.9500805472421,251.5961363996045,79230,79309,2020-03-23 15:45:00-04:00,2020-03-26 16:00:00-04:00,test
SPY,double_top,0,failed_breakout,79311,,2020-03-27 10:00:00-04:00,short,252.31432889342608,2.7888822206807617,257.1776392719519,250.38111777931923,79232,79311,2020-03-24 09:45:00-04:00,2020-03-27 10:00:00-04:00,test
SPY,double_top,0,failed_breakout,79344,,2020-03-30 11:45:00-04:00,short,253.88355723225186,3.300427298860768,257.9500805472421,256.25957270113923,79265,79344,2020-03-25 11:30:00-04:00,2020-03-30 11:45:00-04:00,test
SPY,double_top,1,confirmed_breakout,79382,79388.0,2020-03-31 14:45:00-04:00,short,255.9798370644198,3.196599152672974,261.9349839192024,246.12340084732702,79303,79382,2020-03-26 14:30:00-04:00,2020-03-31 14:45:00-04:00,test
SPY,double_top,0,failed_breakout,79438,,2020-04-02 15:45:00-04:00,short,246.1374247604021,9.84836102314091,261.9349839192024,240.5916389768591,79359,79438,2020-03-30 15:30:00-04:00,2020-04-02 15:45:00-04:00,test
SPY,double_top,0,failed_breakout,79571,,2020-04-13 10:00:00-04:00,short,267.5604098422457,8.26645242130877,279.78845364411205,265.8835475786912,79492,79571,2020-04-07 09:45:00-04:00,2020-04-13 10:00:00-04:00,test
SPY,double_top,0,failed_breakout,79597,,2020-04-14 10:00:00-04:00,short,273.55509507612373,3.1429048658102374,279.78845364411205,279.69709513418974,79518,79597,2020-04-08 09:45:00-04:00,2020-04-14 10:00:00-04:00,test
SPY,double_top,0,near_miss,79631,,2020-04-15 12:00:00-04:00,short,273.5279982720131,5.007182414947863,283.4628151341662,271.1328175850521,79552,79631,2020-04-09 11:45:00-04:00,2020-04-15 12:00:00-04:00,test
SPY,double_top,0,failed_breakout,79658,,2020-04-16 12:15:00-04:00,short,277.0153129134168,3.7970848499888916,283.4628151341662,274.3729151500111,79579,79658,2020-04-13 12:00:00-04:00,2020-04-16 12:15:00-04:00,test
SPY,double_top,0,failed_breakout,79701,,2020-04-20 10:00:00-04:00,short,277.7491508072749,3.251146902661503,283.83861502722755,280.0988530973385,79622,79701,2020-04-15 09:45:00-04:00,2020-04-20 10:00:00-04:00,test
SPY,double_top,0,failed_breakout,79709,,2020-04-20 12:00:00-04:00,short,283.7427933583705,0.35734456068900045,284.3616608108914,285.572655439311,79630,79709,2020-04-15 11:45:00-04:00,2020-04-20 12:00:00-04:00,test
SPY,double_top,1,confirmed_breakout,79718,79719.0,2020-04-20 14:15:00-04:00,short,284.12063791052265,0.6484902992318098,285.1765956086175,281.9815097007682,79639,79718,2020-04-15 14:00:00-04:00,2020-04-20 14:15:00-04:00,test
SPY,double_top,0,failed_breakout,79889,,2020-04-29 11:30:00-04:00,short,287.2033673085984,0.6994275308330771,288.28246115360645,292.0805724691669,79810,79889,2020-04-24 11:15:00-04:00,2020-04-29 11:30:00-04:00,test
SPY,double_top,0,near_miss,79916,,2020-04-30 11:45:00-04:00,short,287.2987372957038,3.4371593748239206,293.9486648157989,287.57284062517607,79837,79916,2020-04-27 11:30:00-04:00,2020-04-30 11:45:00-04:00,test
SPY,double_top,1,confirmed_breakout,79933,79934.0,2020-04-30 16:00:00-04:00,short,289.6842781677482,2.2124708175692263,293.9486648157989,282.5975291824308,79854,79933,2020-04-27 15:45:00-04:00,2020-04-30 16:00:00-04:00,test
SPY,double_top,0,near_miss,79969,,2020-05-04 12:00:00-04:00,short,282.4030938025007,3.774268661842882,289.8448331548359,277.64573133815713,79890,79969,2020-04-29 11:45:00-04:00,2020-05-04 12:00:00-04:00,test
SPY,double_top,0,near_miss,80018,,2020-05-06 11:15:00-04:00,short,281.1765077241398,4.470479102466811,288.78408187936196,282.2495208975332,79939,80018,2020-05-01 11:00:00-04:00,2020-05-06 11:15:00-04:00,test
SPY,double_top,1,confirmed_breakout,80036,80037.0,2020-05-06 15:45:00-04:00,short,286.4817796662945,1.2159345911466062,288.78408187936196,283.0740654088534,79957,80036,2020-05-01 15:30:00-04:00,2020-05-06 15:45:00-04:00,test
SPY,double_top,0,near_miss,80066,,2020-05-08 10:15:00-04:00,short,286.0395464482941,1.7659241485343955,288.9995945581367,289.4340758514656,79987,80066,2020-05-05 10:00:00-04:00,2020-05-08 10:15:00-04:00,test
SPY,double_top,0,failed_breakout,80099,,2020-05-11 12:00:00-04:00,short,288.2549527154166,2.1307263631591127,291.7717635990147,289.8192736368409,80020,80099,2020-05-06 11:45:00-04:00,2020-05-11 12:00:00-04:00,test
SPY,double_top,0,failed_breakout,80124,,2020-05-12 11:45:00-04:00,short,291.2345818495973,1.271686019734716,293.2407721396493,291.05831398026527,80045,80124,2020-05-07 11:30:00-04:00,2020-05-12 11:45:00-04:00,test
SPY,double_top,0,failed_breakout,80254,,2020-05-19 11:45:00-04:00,short,283.3470979201804,6.273355898922944,295.6470729319397,289.0766441010771,80175,80254,2020-05-14 11:30:00-04:00,2020-05-19 11:45:00-04:00,test
SPY,double_top,1,confirmed_breakout,80266,80270.0,2020-05-19 14:45:00-04:00,short,295.1605799430604,0.30363544155346744,295.6470729319397,293.23636455844655,80187,80266,2020-05-14 14:30:00-04:00,2020-05-19 14:45:00-04:00,test
SPY,double_top,0,near_miss,80276,,2020-05-20 10:45:00-04:00,short,295.2565996165543,0.1374236919341456,295.5066887796889,297.26257630806583,80197,80276,2020-05-15 10:30:00-04:00,2020-05-20 10:45:00-04:00,test
SPY,double_top,0,failed_breakout,80295,,2020-05-20 15:30:00-04:00,short,294.74409251985526,1.5061767764471483,296.9938498129159,295.66382322355287,80216,80295,2020-05-15 15:15:00-04:00,2020-05-20 15:30:00-04:00,test
SPY,double_top,1,confirmed_breakout,80323,80324.0,2020-05-21 16:00:00-04:00,short,295.31773459524885,0.8585174285317976,296.9938498129159,292.7514825714682,80244,80323,2020-05-18 15:45:00-04:00,2020-05-21 16:00:00-04:00,test
SPY,double_top,0,near_miss,80381,,2020-05-27 11:00:00-04:00,short,293.98600996644143,4.200426316250457,301.01421833073834,293.83957368374956,80302,80381,2020-05-21 10:45:00-04:00,2020-05-27 11:00:00-04:00,test
SPY,double_top,0,near_miss,80434,,2020-05-29 11:15:00-04:00,short,299.3036316683656,4.256463174628834,306.1059713552505,297.2835368253712,80355,80434,2020-05-26 11:00:00-04:00,2020-05-29 11:15:00-04:00,test
SPY,double_top,0,near_miss,80547,,2020-06-04 13:30:00-04:00,short,306.64238220460015,2.8307089699102903,312.266181157861,307.6992910300897,80468,80547,2020-06-01 13:15:00-04:00,2020-06-04 13:30:00-04:00,test
SPY,double_top,1,confirmed_breakout,80553,80554.0,2020-06-04 15:00:00-04:00,short,311.2372330766546,0.5303131233930003,312.266181157861,309.019686876607,80474,80553,2020-06-01 14:45:00-04:00,2020-06-04 15:00:00-04:00,test
SPY,double_top,0,near_miss,80588,,2020-06-08 10:45:00-04:00,short,310.7068884062369,4.96947554772521,320.08381666569,315.4205244522748,80509,80588,2020-06-03 10:30:00-04:00,2020-06-08 10:45:00-04:00,test
SPY,double_top,0,failed_breakout,80619,,2020-06-09 12:00:00-04:00,short,319.82168834249205,1.19652158567294,321.95260319064,319.42347841432706,80540,80619,2020-06-04 11:45:00-04:00,2020-06-09 12:00:00-04:00,test
SPY,double_top,1,confirmed_breakout,80637,80638.0,2020-06-10 10:00:00-04:00,short,320.9048759139879,0.8947461947850002,321.95260319064,318.395253805215,80558,80637,2020-06-05 09:45:00-04:00,2020-06-10 10:00:00-04:00,test
SPY,double_top,1,confirmed_breakout,80661,80662.0,2020-06-10 16:00:00-04:00,short,319.8323562888139,1.3300990955201542,321.6466410269058,309.40990090447985,80582,80661,2020-06-05 15:45:00-04:00,2020-06-10 16:00:00-04:00,test
SPY,double_top,0,near_miss,80702,,2020-06-12 13:15:00-04:00,short,302.84215839554946,9.788878407565278,320.6782697417623,292.76112159243473,80623,80702,2020-06-09 13:00:00-04:00,2020-06-12 13:15:00-04:00,test
SPY,double_top,0,near_miss,80709,,2020-06-12 15:00:00-04:00,short,304.0294812189891,0.38122446106422103,304.5838038644672,301.7187755389358,80630,80709,2020-06-09 14:45:00-04:00,2020-06-12 15:00:00-04:00,test
SPY,double_top,0,near_miss,80796,,2020-06-18 10:45:00-04:00,short,312.5772616667728,0.821012633940029,313.5860859967619,310.65898736606,80717,80796,2020-06-15 10:30:00-04:00,2020-06-18 10:45:00-04:00,test
SPY,double_top,0,near_miss,80819,,2020-06-19 10:00:00-04:00,short,311.3721918753059,1.1574840354684852,313.5860859967619,311.8025159645315,80740,80819,2020-06-16 09:45:00-04:00,2020-06-19 10:00:00-04:00,test
SPY,double_top,0,near_miss,80835,,2020-06-19 14:00:00-04:00,short,311.03600707922374,0.8434715296575632,312.2856913929757,307.0465284703424,80756,80835,2020-06-16 13:45:00-04:00,2020-06-19 14:00:00-04:00,test
SPY,double_top,1,confirmed_breakout,80843,80844.0,2020-06-19 16:00:00-04:00,short,309.14359969428057,1.626471932420145,312.2856913929757,305.79352806757987,80764,80843,2020-06-16 15:45:00-04:00,2020-06-19 16:00:00-04:00,test
SPY,double_top,0,near_miss,80857,,2020-06-22 13:00:00-04:00,short,308.91393344713583,0.21348529250258252,309.2544518604257,310.2865147074974,80778,80857,2020-06-17 12:45:00-04:00,2020-06-22 13:00:00-04:00,test
SPY,double_top,0,near_miss,80900,,2020-06-24 10:45:00-04:00,short,308.87475661860026,2.5342840501289174,313.81769571860724,304.4057159498711,80821,80900,2020-06-19 10:30:00-04:00,2020-06-24 10:45:00-04:00,test
SPY,double_top,0,near_miss,80930,,2020-06-25 11:45:00-04:00,short,304.13592821043466,4.957049903056088,313.81769571860724,298.2529500969439,80851,80930,2020-06-22 11:30:00-04:00,2020-06-25 11:45:00-04:00,test
SPY,double_top,0,near_miss,80935,,2020-06-25 13:00:00-04:00,short,303.9807062248639,0.23298759495105514,304.36826050837425,304.42701240504897,80856,80935,2020-06-22 12:45:00-04:00,2020-06-25 13:00:00-04:00,test
SPY,double_top,0,near_miss,80950,,2020-06-26 10:15:00-04:00,short,303.8635801455207,0.3774506823818342,304.42293452454936,303.3525493176182,80871,80950,2020-06-23 10:00:00-04:00,2020-06-26 10:15:00-04:00,test
SPY,double_top,0,near_miss,80959,,2020-06-26 12:30:00-04:00,short,304.3844652359099,0.5011586294242534,305.3483132061189,301.13884137057573,80880,80959,2020-06-23 12:15:00-04:00,2020-06-26 12:30:00-04:00,test
SPY,double_top,0,failed_breakout,81004,,2020-06-30 10:45:00-04:00,short,300.6636728614187,3.6836364937804547,305.3483132061189,301.98636350621956,80925,81004,2020-06-25 10:30:00-04:00,2020-06-30 10:45:00-04:00,test
SPY,double_top,0,near_miss,81105,,2020-07-07 10:00:00-04:00,short,313.4497894926682,1.679302116920553,316.47402326254996,314.31069788307946,81026,81105,2020-07-01 09:45:00-04:00,2020-07-07 10:00:00-04:00,test
SPY,double_top,0,failed_breakout,81113,,2020-07-07 12:00:00-04:00,short,316.2166562360159,0.1749034520024111,316.47402326254996,316.5550965479976,81034,81113,2020-07-01 11:45:00-04:00,2020-07-07 12:00:00-04:00,test
SPY,double_top,0,near_miss,81123,,2020-07-07 14:30:00-04:00,short,316.2201503033185,0.2709689383860905,316.6731423699226,315.3990310616139,81044,81123,2020-07-01 14:15:00-04:00,2020-07-07 14:30:00-04:00,test
SPY,double_top,0,near_miss,81142,,2020-07-08 12:45:00-04:00,short,315.3005971433037,0.7235242790614507,316.6731423699226,313.47647572093854,81063,81142,2020-07-02 12:30:00-04:00,2020-07-08 12:45:00-04:00,test
SPY,double_top,0,near_miss,81169,,2020-07-09 13:00:00-04:00,short,314.24335266474816,1.0809895221020724,315.37510047480777,312.4290104778979,81090,81169,2020-07-06 12:45:00-04:00,2020-07-09 13:00:00-04:00,test
SPY,double_top,0,failed_breakout,81256,,2020-07-14 15:15:00-04:00,short,315.4401358104873,3.195411085427054,321.78595234568195,313.13458891457293,81177,81256,2020-07-09 15:00:00-04:00,2020-07-14 15:15:00-04:00,test
SPY,double_top,0,near_miss,81290,,2020-07-16 10:45:00-04:00,short,315.44941540927425,2.942378413176016,321.2984461987538,317.567621586824,81211,81290,2020-07-13 10:30:00-04:00,2020-07-16 10:45:00-04:00,test
SPY,double_top,0,near_miss,81295,,2020-07-16 12:00:00-04:00,short,321.21528210338107,0.13986209702557062,321.41184220205946,319.66013790297444,81216,81295,2020-07-13 11:45:00-04:00,2020-07-16 12:00:00-04:00,test
SPY,double_top,0,near_miss,81316,,2020-07-17 10:45:00-04:00,short,319.89715313204357,0.8836542462311172,321.41184220205946,319.3063457537689,81237,81316,2020-07-14 10:30:00-04:00,2020-07-17 10:45:00-04:00,test
SPY,double_top,0,near_miss,81324,,2020-07-17 12:45:00-04:00,short,320.03934141646926,0.3203330982682928,320.56957647498524,320.9896669017317,81245,81324,2020-07-14 12:30:00-04:00,2020-07-17 12:45:00-04:00,test
SPY,double_top,0,failed_breakout,81347,,2020-07-20 12:00:00-04:00,short,320.530228239603,0.6599759569144794,321.8108319180497,322.20002404308553,81268,81347,2020-07-15 11:45:00-04:00,2020-07-20 12:00:00-04:00,test
SPY,double_top,0,failed_breakout,81395,,2020-07-22 11:00:00-04:00,short,321.69144073443766,2.391898924744055,326.35584740031373,322.80810107525593,81316,81395,2020-07-17 10:45:00-04:00,2020-07-22 11:00:00-04:00,test
SPY,double_top,0,near_miss,81416,,2020-07-23 09:45:00-04:00,short,325.3922474622179,0.6330722847191623,326.35584740031373,325.97692771528085,81337,81416,2020-07-17 16:00:00-04:00,2020-07-23 09:45:00-04:00,test
SPY,double_top,0,near_miss,81435,,2020-07-23 14:30:00-04:00,short,325.5606653071435,0.5481747877197449,326.5228880961662,322.06182521228027,81356,81435,2020-07-20 14:15:00-04:00,2020-07-23 14:30:00-04:00,test
SPY,double_top,0,failed_breakout,81474,,2020-07-27 11:15:00-04:00,short,320.57620305723503,3.0515543723407177,326.5228880961662,319.1984456276593,81395,81474,2020-07-22 11:00:00-04:00,2020-07-27 11:15:00-04:00,test
SPY,double_top,0,near_miss,81525,,2020-07-29 11:00:00-04:00,short,320.6574729622394,1.259907990373506,323.10213514224057,322.4900920096265,81446,81525,2020-07-24 10:45:00-04:00,2020-07-29 11:00:00-04:00,test
SPY,double_top,1,confirmed_breakout,81546,81547.0,2020-07-30 09:45:00-04:00,short,322.5174140854566,1.3555348416183506,324.6437627119094,318.77446515838164,81467,81546,2020-07-24 16:00:00-04:00,2020-07-30 09:45:00-04:00,test
SPY,double_top,0,failed_breakout,81583,,2020-07-31 12:30:00-04:00,short,322.16783963129353,2.151952555533171,324.6437627119094,320.7280474444668,81504,81583,2020-07-28 12:15:00-04:00,2020-07-31 12:30:00-04:00,test
SPY,double_top,0,failed_breakout,81643,,2020-08-04 14:30:00-04:00,short,322.5869954984787,4.019379061751863,329.21692745871707,324.65062093824815,81564,81643,2020-07-30 14:15:00-04:00,2020-08-04 14:30:00-04:00,test
SPY,double_top,0,near_miss,81652,,2020-08-05 10:15:00-04:00,short,329.15844316243425,0.048968325485361675,329.21692745871707,331.93103167451466,81573,81652,2020-07-31 10:00:00-04:00,2020-08-05 10:15:00-04:00,test
SPY,double_top,0,near_miss,81689,,2020-08-06 13:00:00-04:00,short,329.022029787577,1.5762780148637603,331.99872008775935,330.84372198513626,81610,81689,2020-08-03 12:45:00-04:00,2020-08-06 13:00:00-04:00,test
SPY,double_top,0,near_miss,81720,,2020-08-07 14:15:00-04:00,short,331.79030554113956,1.2026346477056222,333.98716028993096,331.9673653522944,81641,81720,2020-08-04 14:00:00-04:00,2020-08-07 14:15:00-04:00,test
SPY,double_top,0,near_miss,81742,,2020-08-10 13:15:00-04:00,short,333.3110931729875,0.9141357994454893,334.4124762412687,334.1558642005545,81663,81742,2020-08-05 13:00:00-04:00,2020-08-10 13:15:00-04:00,test
SPY,double_top,0,near_miss,81781,,2020-08-12 10:00:00-04:00,short,334.32981262581774,1.3800725522483503,337.0072941148635,335.00992744775164,81702,81781,2020-08-07 09:45:00-04:00,2020-08-12 10:00:00-04:00,test
SPY,double_top,0,failed_breakout,81823,,2020-08-13 14:00:00-04:00,short,335.5711388494835,1.8147493929554344,337.76448237001426,335.7852506070446,81744,81823,2020-08-10 13:45:00-04:00,2020-08-13 14:00:00-04:00,test
SPY,double_top,0,near_miss,81830,,2020-08-13 15:45:00-04:00,short,337.7452442633404,0.07325821969436674,337.8725225960552,336.92674178030563,81751,81830,2020-08-10 15:30:00-04:00,2020-08-13 15:45:00-04:00,test
SPY,double_top,0,near_miss,81860,,2020-08-17 10:15:00-04:00,short,336.6817555046748,0.8052559551476861,337.8725225960552,336.8747440448523,81781,81860,2020-08-12 10:00:00-04:00,2020-08-17 10:15:00-04:00,test
SPY,double_top,0,near_miss,81895,,2020-08-18 12:30:00-04:00,short,336.7145404140507,0.8829649224609284,338.0935103494336,337.6070350775391,81816,81895,2020-08-13 12:15:00-04:00,2020-08-18 12:30:00-04:00,test
SPY,double_top,0,near_miss,81937,,2020-08-20 10:00:00-04:00,short,337.80033016338956,0.8904938943408638,339.2881377660272,335.84950610565915,81858,81937,2020-08-17 09:45:00-04:00,2020-08-20 10:00:00-04:00,test
SPY,double_top,0,near_miss,81979,,2020-08-21 14:00:00-04:00,short,337.22861561575434,1.5975484817530514,339.2881377660272,337.25245151824697,81900,81979,2020-08-18 13:45:00-04:00,2020-08-21 14:00:00-04:00,test
SPY,double_top,0,failed_breakout,82017,,2020-08-25 10:30:00-04:00,short,338.3151414102116,1.7495544217229053,341.76520123488143,340.9704455782771,81938,82017,2020-08-20 10:15:00-04:00,2020-08-25 10:30:00-04:00,test
SPY,double_top,0,failed_breakout,82103,,2020-08-28 12:30:00-04:00,short,348.39899265161057,0.5499912809561351,348.97259323975294,348.6800087190439,82024,82103,2020-08-25 12:15:00-04:00,2020-08-28 12:30:00-04:00,test
SPY,double_top,0,near_miss,82116,,2020-08-28 15:45:00-04:00,short,348.8821868718108,0.1929979667516477,349.17777643737196,350.4670020332484,82037,82116,2020-08-25 15:30:00-04:00,2020-08-28 15:45:00-04:00,test
SPY,double_top,0,near_miss,82134,,2020-08-31 13:45:00-04:00,short,349.1499853550135,0.5623980804409143,350.2469904335368,350.1276019195591,82055,82134,2020-08-26 13:30:00-04:00,2020-08-31 13:45:00-04:00,test
SPY,double_top,0,failed_breakout,82152,,2020-09-01 11:45:00-04:00,short,350.17517815890255,0.22893411697361898,350.56123411821557,350.6310658830264,82073,82152,2020-08-27 11:30:00-04:00,2020-09-01 11:45:00-04:00,test
SPY,double_top,0,near_miss,82205,,2020-09-03 12:00:00-04:00,short,350.4031228090691,3.33385576978759,356.91272303949785,344.7161442302124,82126,82205,2020-08-31 11:45:00-04:00,2020-09-03 12:00:00-04:00,test
SPY,double_top,1,confirmed_breakout,82247,82248.0,2020-09-04 16:00:00-04:00,short,339.4380358536989,10.101734263812773,356.91272303949785,324.3382657361872,82168,82247,2020-09-01 15:45:00-04:00,2020-09-04 16:00:00-04:00,test
SPY,double_top,1,confirmed_breakout,82267,82268.0,2020-09-08 14:30:00-04:00,short,336.49270568822186,2.9044939302757484,342.1668171955256,330.67550606972424,82188,82267,2020-09-02 14:15:00-04:00,2020-09-08 14:30:00-04:00,test
SPY,double_top,1,confirmed_breakout,82304,82305.0,2020-09-10 10:45:00-04:00,short,341.2881987489269,0.17684722485739712,341.47485958140766,338.6231527751426,82225,82304,2020-09-04 10:30:00-04:00,2020-09-10 10:45:00-04:00,test
SPY,double_top,0,near_miss,82307,,2020-09-10 11:30:00-04:00,short,335.122245137153,3.9191620666622384,341.4552323661609,336.89083793333776,82228,82307,2020-09-04 11:15:00-04:00,2020-09-10 11:30:00-04:00,test
SPY,double_top,1,confirmed_breakout,82338,82339.0,2020-09-11 12:45:00-04:00,short,335.1503996226691,3.273823678860822,341.47485958140766,329.86617632113916,82259,82338,2020-09-08 12:30:00-04:00,2020-09-11 12:45:00-04:00,test
SPY,double_top,1,confirmed_breakout,82426,82429.0,2020-09-16 15:15:00-04:00,short,340.57365699878045,0.8985459770142938,341.5115160776116,337.9114540229857,82347,82426,2020-09-11 15:00:00-04:00,2020-09-16 15:15:00-04:00,test
SPY,double_top,0,near_miss,82435,,2020-09-17 11:00:00-04:00,short,341.25099327034326,0.2381169568774908,341.54533058046366,336.0818830431225,82356,82435,2020-09-14 10:45:00-04:00,2020-09-17 11:00:00-04:00,test
SPY,double_top,0,near_miss,82466,,2020-09-18 12:15:00-04:00,short,334.2935503527753,3.735646442199311,341.54533058046366,328.78435355780067,82387,82466,2020-09-15 12:00:00-04:00,2020-09-18 12:15:00-04:00,test
SPY,double_top,0,near_miss,82491,,2020-09-21 12:00:00-04:00,short,330.43733835152943,2.0877288024079235,334.5130630094855,321.5322711975921,82412,82491,2020-09-16 11:45:00-04:00,2020-09-21 12:00:00-04:00,test
SPY,double_top,0,near_miss,82508,,2020-09-22 09:45:00-04:00,short,323.673643812537,3.459705366226842,330.53707129838915,324.97029463377316,82429,82508,2020-09-16 16:00:00-04:00,2020-09-22 09:45:00-04:00,test
SPY,double_top,0,near_miss,82547,,2020-09-23 13:00:00-04:00,short,323.4548882413954,3.299875835681007,329.77990109501434,325.360124164319,82468,82547,2020-09-18 12:45:00-04:00,2020-09-23 13:00:00-04:00,test
SPY,double_top,0,failed_breakout,82590,,2020-09-25 10:45:00-04:00,short,322.9889915735089,4.488921452438717,329.77990109501434,320.3810785475613,82511,82590,2020-09-22 10:30:00-04:00,2020-09-25 10:45:00-04:00,test
SPY,double_top,0,failed_breakout,82646,,2020-09-29 11:45:00-04:00,short,323.6406687716325,6.1661354285324705,334.43768344344903,326.12386457146755,82567,82646,2020-09-24 11:30:00-04:00,2020-09-29 11:45:00-04:00,test
SPY,double_top,0,near_miss,82651,,2020-09-29 13:00:00-04:00,short,334.30029935472464,0.07694004286395284,334.43768344344903,332.61305995713604,82572,82651,2020-09-24 12:45:00-04:00,2020-09-29 13:00:00-04:00,test
SPY,double_top,0,near_miss,82671,,2020-09-30 11:30:00-04:00,short,332.5478966685772,1.13350478579531,334.3167953517282,335.70649521420466,82592,82671,2020-09-25 11:15:00-04:00,2020-09-30 11:30:00-04:00,test
SPY,double_top,0,near_miss,82693,,2020-10-01 10:30:00-04:00,short,332.98931843995194,2.0274447783004916,336.987518879488,334.1625552216995,82614,82693,2020-09-28 10:15:00-04:00,2020-10-01 10:30:00-04:00,test
SPY,double_top,1,confirmed_breakout,82715,82716.0,2020-10-01 16:00:00-04:00,short,335.7724272542109,1.2169813299306043,336.9912982887951,332.5830186700694,82636,82715,2020-09-28 15:45:00-04:00,2020-10-01 16:00:00-04:00,test
SPY,double_top,0,failed_breakout,82741,,2020-10-02 16:00:00-04:00,short,334.50917039750556,1.4028628060310098,336.9912982887951,332.457137193969,82662,82741,2020-09-29 15:45:00-04:00,2020-10-02 16:00:00-04:00,test
SPY,double_top,0,near_miss,82768,,2020-10-06 09:45:00-04:00,short,334.77307686749486,1.8250161870118973,338.36341799073546,337.9049838129881,82689,82768,2020-09-30 16:00:00-04:00,2020-10-06 09:45:00-04:00,test
SPY,double_top,1,confirmed_breakout,82789,82790.0,2020-10-06 15:00:00-04:00,short,338.2830129704105,1.1641843330088477,340.53097661610315,334.91581566699114,82710,82789,2020-10-01 14:45:00-04:00,2020-10-06 15:00:00-04:00,test
SPY,double_top,1,confirmed_breakout,82932,82933.0,2020-10-14 11:45:00-04:00,short,350.479013807436,1.5450797444551654,353.2535542597265,346.63492025554484,82853,82932,2020-10-09 11:30:00-04:00,2020-10-14 11:45:00-04:00,test
SPY,double_top,0,near_miss,82958,,2020-10-15 11:45:00-04:00,short,348.1972123601401,1.3818208827793228,350.79463284405585,344.3681791172207,82879,82958,2020-10-12 11:30:00-04:00,2020-10-15 11:45:00-04:00,test
SPY,double_top,0,near_miss,82997,,2020-10-16 15:00:00-04:00,short,345.4413065891085,3.3614804199195873,349.2421403762732,346.5285195800804,82918,82997,2020-10-13 14:45:00-04:00,2020-10-16 15:00:00-04:00,test
SPY,double_top,0,near_miss,83007,,2020-10-19 11:00:00-04:00,short,349.16732796357456,0.14376612611823703,349.38004780311235,346.98623387388176,82928,83007,2020-10-14 10:45:00-04:00,2020-10-19 11:00:00-04:00,test
SPY,double_top,0,near_miss,83042,,2020-10-20 13:15:00-04:00,short,343.51728041424934,3.056068473490143,349.38004780311235,342.63393152650985,82963,83042,2020-10-15 13:00:00-04:00,2020-10-20 13:15:00-04:00,test
SPY,double_top,0,near_miss,83059,,2020-10-21 11:00:00-04:00,short,343.7220330918586,0.8842073751639532,345.4458309616784,343.16579262483606,82980,83059,2020-10-16 10:45:00-04:00,2020-10-21 11:00:00-04:00,test
SPY,double_top,0,near_miss,83068,,2020-10-21 13:15:00-04:00,short,344.83721327198964,0.3376600377189334,345.4458309616784,342.94233996228104,82989,83068,2020-10-16 13:00:00-04:00,2020-10-21 13:15:00-04:00,test
SPY,double_top,0,near_miss,83087,,2020-10-22 11:30:00-04:00,short,343.48202411577705,0.989858151540659,344.9039156577387,341.95014184845934,83008,83087,2020-10-19 11:15:00-04:00,2020-10-22 11:30:00-04:00,test
SPY,double_top,0,near_miss,83122,,2020-10-23 13:45:00-04:00,short,342.6083513240318,1.8333303699064913,344.8435145109798,342.5466696300935,83043,83122,2020-10-20 13:30:00-04:00,2020-10-23 13:45:00-04:00,test
SPY,double_top,1,confirmed_breakout,83131,83132.0,2020-10-23 16:00:00-04:00,short,344.20229260696215,0.6635524539479434,344.8881756108404,341.4364475460521,83052,83131,2020-10-20 15:45:00-04:00,2020-10-23 16:00:00-04:00,test
SPY,double_top,0,failed_breakout,83284,,2020-11-02 15:15:00-05:00,short,324.2034071735176,6.500161348896086,331.37047781012546,323.0698386511039,83205,83284,2020-10-28 15:00:00-04:00,2020-11-02 15:15:00-05:00,test
SPY,double_top,0,failed_breakout,83312,,2020-11-03 15:45:00-05:00,short,328.95643961695316,4.379577712467494,336.63537542413957,332.8104222875325,83233,83312,2020-10-29 15:30:00-04:00,2020-11-03 15:45:00-05:00,test
SPY,double_top,0,failed_breakout,83343,,2020-11-05 10:30:00-05:00,short,336.1779619087251,5.224471180639227,346.1694907545891,345.6355288193608,83264,83343,2020-11-02 10:15:00-05:00,2020-11-05 10:30:00-05:00,test
SPY,double_top,0,failed_breakout,83373,,2020-11-06 11:30:00-05:00,short,345.0428315571496,3.583959925281988,351.0840922102741,346.496040074718,83294,83373,2020-11-03 11:15:00-05:00,2020-11-06 11:30:00-05:00,test
SPY,double_top,0,near_miss,83419,,2020-11-10 10:00:00-05:00,short,349.77039946619357,6.212950818138097,360.8826083583892,347.3470491818619,83340,83419,2020-11-05 09:45:00-05:00,2020-11-10 10:00:00-05:00,test
SPY,double_top,0,failed_breakout,83472,,2020-11-12 10:15:00-05:00,short,353.6963998452253,5.1761031018238555,360.8826083583892,350.9138968981761,83393,83472,2020-11-09 10:00:00-05:00,2020-11-12 10:15:00-05:00,test
SPY,double_top,1,confirmed_breakout,83548,83549.0,2020-11-17 09:45:00-05:00,short,360.8271541976993,0.3521746876776888,361.31582662316475,358.05782531232234,83469,83548,2020-11-11 16:00:00-05:00,2020-11-17 09:45:00-05:00,test
SPY,double_top,0,near_miss,83579,,2020-11-18 11:00:00-05:00,short,360.21834166641287,0.9924462098322806,361.37874460490104,360.1275537901677,83500,83579,2020-11-13 10:45:00-05:00,2020-11-18 11:00:00-05:00,test
SPY,double_top,0,failed_breakout,83637,,2020-11-20 12:30:00-05:00,short,355.87610811976805,3.461099679680899,361.37874460490104,353.4489003203191,83558,83637,2020-11-17 12:15:00-05:00,2020-11-20 12:30:00-05:00,test
SPY,double_top,0,failed_breakout,83653,,2020-11-23 10:00:00-05:00,short,356.98296613311686,0.18695881437713524,357.29567099399685,357.96304118562284,83574,83653,2020-11-18 09:45:00-05:00,2020-11-23 10:00:00-05:00,test
SPY,double_top,0,near_miss,83664,,2020-11-23 12:45:00-05:00,short,356.567423810944,0.3845087975638535,357.0441789009912,355.85549120243616,83585,83664,2020-11-18 12:30:00-05:00,2020-11-23 12:45:00-05:00,test
SPY,double_top,0,near_miss,83713,,2020-11-25 12:00:00-05:00,short,356.1154693032516,3.829902042716185,363.03105637591113,358.3200979572838,83634,83713,2020-11-20 11:45:00-05:00,2020-11-25 12:00:00-05:00,test
SPY,double_top,0,failed_breakout,83807,,2020-12-02 16:00:00-05:00,short,365.8135456080638,0.676790604985058,366.9535679102029,366.07320939501494,83728,83807,2020-11-25 15:45:00-05:00,2020-12-02 16:00:00-05:00,test
SPY,double_top,0,near_miss,83831,,2020-12-03 15:30:00-05:00,short,365.94403966684246,0.7761139568634121,367.4132027315169,367.2838860431366,83752,83831,2020-11-30 15:15:00-05:00,2020-12-03 15:30:00-05:00,test
SPY,double_top,0,failed_breakout,83841,,2020-12-04 11:30:00-05:00,short,367.1310013488769,0.24241045285879181,367.4132027315169,368.7675895471412,83762,83841,2020-12-01 11:15:00-05:00,2020-12-04 11:30:00-05:00,test
SPY,double_top,0,near_miss,83860,,2020-12-07 09:45:00-05:00,short,367.1952935871805,0.9351001826226479,368.9271666676519,368.2248998173774,83781,83860,2020-12-01 16:00:00-05:00,2020-12-07 09:45:00-05:00,test
SPY,double_top,1,confirmed_breakout,83963,83964.0,2020-12-10 16:00:00-05:00,short,366.95020232841875,1.7221527631367053,370.35562200033456,362.7178472368633,83884,83963,2020-12-07 15:45:00-05:00,2020-12-10 16:00:00-05:00,test
SPY,double_top,0,near_miss,83973,,2020-12-11 12:00:00-05:00,short,366.53226679119604,0.2618515767844656,366.9890881827763,364.0681484232155,83894,83973,2020-12-08 11:45:00-05:00,2020-12-11 12:00:00-05:00,test
SPY,double_top,0,near_miss,84010,,2020-12-14 14:45:00-05:00,short,364.4176044686954,2.904084118826802,368.04422862185965,363.3659158811732,83931,84010,2020-12-09 14:30:00-05:00,2020-12-14 14:45:00-05:00,test
SPY,double_top,0,failed_breakout,84065,,2020-12-16 15:30:00-05:00,short,366.2282401881021,2.7713907670467393,369.955033288438,367.99860923295324,83986,84065,2020-12-11 15:15:00-05:00,2020-12-16 15:30:00-05:00,test
SPY,double_top,0,failed_breakout,84103,,2020-12-18 12:00:00-05:00,short,369.7851128246223,1.1722122796363692,371.95961692007927,367.4177877203636,84024,84103,2020-12-15 11:45:00-05:00,2020-12-18 12:00:00-05:00,test
SPY,double_top,0,near_miss,84157,,2020-12-22 12:30:00-05:00,short,364.9229854020363,4.950709092933209,371.95961692007927,362.1292909070668,84078,84157,2020-12-17 12:15:00-05:00,2020-12-22 12:30:00-05:00,test
SPY,double_top,0,failed_breakout,84175,,2020-12-23 10:30:00-05:00,short,367.4171343230431,0.31183703318737344,367.7877720698598,368.1881629668126,84096,84175,2020-12-18 10:15:00-05:00,2020-12-23 10:30:00-05:00,test
SPY,double_top,0,near_miss,84200,,2020-12-28 10:15:00-05:00,short,367.44567961424895,1.0120948809463925,369.2453783477895,370.5079051190536,84121,84200,2020-12-21 10:00:00-05:00,2020-12-28 10:15:00-05:00,test
SPY,double_top,0,failed_breakout,84235,,2020-12-29 12:30:00-05:00,short,368.9370482548689,1.9061491274839568,372.4410164169163,370.183850872516,84156,84235,2020-12-22 12:15:00-05:00,2020-12-29 12:30:00-05:00,test
SPY,double_top,0,near_miss,84243,,2020-12-29 14:30:00-05:00,short,372.3927963757305,0.08717223368722671,372.51892080191914,370.92282776631276,84164,84243,2020-12-22 14:15:00-05:00,2020-12-29 14:30:00-05:00,test
SPY,double_top,0,near_miss,84272,,2020-12-30 15:15:00-05:00,short,371.4901253956966,0.9914016161237669,372.51892080191914,370.8385983838762,84193,84272,2020-12-23 15:00:00-05:00,2020-12-30 15:15:00-05:00,test
SPY,double_top,0,failed_breakout,84301,,2020-12-31 16:00:00-05:00,short,371.7170614144353,0.3946918355204616,372.44413322172164,373.47530816447954,84222,84301,2020-12-28 15:45:00-05:00,2020-12-31 16:00:00-05:00,test
SPY,double_top,0,near_miss,84313,,2021-01-04 12:30:00-05:00,short,371.76721790982265,0.6550192928515912,373.06510112715864,365.8049807071484,84234,84313,2020-12-29 12:15:00-05:00,2021-01-04 12:30:00-05:00,test
SPY,double_top,0,failed_breakout,84428,,2021-01-08 15:15:00-05:00,short,374.99862934951096,3.1114316637240336,380.16007985272836,377.368568336276,84349,84428,2021-01-05 15:00:00-05:00,2021-01-08 15:15:00-05:00,test
SPY,double_top,0,failed_breakout,84441,,2021-01-11 12:00:00-05:00,short,379.24323977043986,0.7723067303779203,380.16007985272836,379.0476932696221,84362,84441,2021-01-06 11:45:00-05:00,2021-01-11 12:00:00-05:00,test
SPY,double_top,0,near_miss,84457,,2021-01-11 16:00:00-05:00,short,379.5473901370965,0.3293107613652637,379.88238864801644,378.41068923863475,84378,84457,2021-01-06 15:45:00-05:00,2021-01-11 16:00:00-05:00,test
SPY,double_top,0,near_miss,84475,,2021-01-12 14:00:00-05:00,short,378.88563431449944,0.5697481224822809,379.88238864801644,378.3102518775177,84396,84475,2021-01-07 13:45:00-05:00,2021-01-12 14:00:00-05:00,test
SPY,double_top,0,near_miss,84528,,2021-01-14 14:15:00-05:00,short,378.2732911243177,1.5448222360072918,380.6078504947029,378.7351777639927,84449,84528,2021-01-11 14:00:00-05:00,2021-01-14 14:15:00-05:00,test
SPY,double_top,0,near_miss,84568,,2021-01-19 11:15:00-05:00,short,376.22843046689366,2.3980558721483476,380.6078504947029,374.85194412785165,84489,84568,2021-01-13 11:00:00-05:00,2021-01-19 11:15:00-05:00,test
SPY,double_top,0,failed_breakout,84623,,2021-01-21 12:00:00-05:00,short,376.4504015103143,3.87660394636265,384.00888872997274,380.25339605363735,84544,84623,2021-01-15 11:45:00-05:00,2021-01-21 12:00:00-05:00,test
SPY,double_top,0,near_miss,84631,,2021-01-21 14:00:00-05:00,short,383.9808241881294,0.19022337336531336,384.3332063930167,383.9897766266347,84552,84631,2021-01-15 13:45:00-05:00,2021-01-21 14:00:00-05:00,test
SPY,double_top,0,near_miss,84648,,2021-01-22 11:45:00-05:00,short,384.04607149216775,0.3652067666717471,384.4893501246623,382.80479323332827,84569,84648,2021-01-19 11:30:00-05:00,2021-01-22 11:45:00-05:00,test
SPY,double_top,0,near_miss,84680,,2021-01-25 13:15:00-05:00,short,383.09813849811064,1.0733951439790417,384.4893501246623,382.35660485602097,84601,84680,2021-01-20 13:00:00-05:00,2021-01-25 13:15:00-05:00,test
SPY,double_top,0,near_miss,84709,,2021-01-26 14:00:00-05:00,short,382.23507015178666,1.8041992098033575,384.224821563663,382.74580079019665,84630,84709,2021-01-21 13:45:00-05:00,2021-01-26 14:00:00-05:00,test
SPY,double_top,1,confirmed_breakout,84717,84718.0,2021-01-26 16:00:00-05:00,short,384.0906706820796,0.29011555670115285,384.5367509138985,376.1698844432988,84638,84717,2021-01-21 15:45:00-05:00,2021-01-26 16:00:00-05:00,test
SPY,double_top,0,near_miss,84773,,2021-01-29 10:30:00-05:00,short,375.5618385724846,7.240521817808144,384.5367509138985,369.00947818219186,84694,84773,2021-01-26 10:15:00-05:00,2021-01-29 10:30:00-05:00,test
SPY,double_top,0,failed_breakout,84880,,2021-02-04 11:15:00-05:00,short,381.9313441021432,0.9816560454742671,383.0572499716296,383.3983439545257,84801,84880,2021-02-01 11:00:00-05:00,2021-02-04 11:15:00-05:00,test
SPY,double_top,0,failed_breakout,84929,,2021-02-08 10:30:00-05:00,short,382.85849775014697,2.5954947900180514,387.8507351087004,386.9345052099819,84850,84929,2021-02-03 10:15:00-05:00,2021-02-08 10:30:00-05:00,test
SPY,double_top,0,failed_breakout,84952,,2021-02-09 09:45:00-05:00,short,387.6402651572703,0.8351523351325909,389.10009987610533,388.7848476648674,84873,84952,2021-02-03 16:00:00-05:00,2021-02-09 09:45:00-05:00,test
SPY,double_top,0,failed_breakout,84990,,2021-02-10 12:45:00-05:00,short,389.0562632486281,0.9212466367961838,390.8549198947432,388.3287533632038,84911,84990,2021-02-05 12:30:00-05:00,2021-02-10 12:45:00-05:00,test
SPY,double_top,0,near_miss,85022,,2021-02-11 14:15:00-05:00,short,389.57216995277264,1.180138034993604,390.8549198947432,387.8798619650064,84943,85022,2021-02-08 14:00:00-05:00,2021-02-11 14:15:00-05:00,test
SPY,double_top,0,failed_breakout,85054,,2021-02-12 15:45:00-05:00,short,389.5732733203922,1.3270372595404751,391.1509250790761,390.5629627404595,84975,85054,2021-02-09 15:30:00-05:00,2021-02-12 15:45:00-05:00,test
SPY,double_top,0,failed_breakout,85074,,2021-02-16 14:15:00-05:00,short,391.0024779954188,1.0356066874065846,392.9252442865747,391.7743933125934,84995,85074,2021-02-10 14:00:00-05:00,2021-02-16 14:15:00-05:00,test
SPY,double_top,0,near_miss,85081,,2021-02-16 16:00:00-05:00,short,392.7848162284332,0.07418245672141666,392.9252442865747,392.2758175432786,85002,85081,2021-02-10 15:45:00-05:00,2021-02-16 16:00:00-05:00,test
SPY,double_top,0,near_miss,85087,,2021-02-17 11:00:00-05:00,short,392.75767995034596,0.053886428706164224,392.8303796743696,391.13611357129383,85008,85087,2021-02-11 10:45:00-05:00,2021-02-17 11:00:00-05:00,test
SPY,double_top,0,near_miss,85117,,2021-02-18 12:00:00-05:00,short,390.722930555297,1.5796603156633182,392.8303796743696,387.3503396843367,85038,85117,2021-02-12 11:45:00-05:00,2021-02-18 12:00:00-05:00,test
SPY,double_top,0,near_miss,85154,,2021-02-19 14:45:00-05:00,short,389.1508706167192,2.6172574037830145,391.7748020675511,387.53274259621696,85075,85154,2021-02-16 14:30:00-05:00,2021-02-19 14:45:00-05:00,test
SPY,double_top,1,confirmed_breakout,85185,85186.0,2021-02-22 16:00:00-05:00,short,388.08855804069395,2.226727804717598,391.7614539734533,379.9032721952824,85106,85185,2021-02-17 15:45:00-05:00,2021-02-22 16:00:00-05:00,test
SPY,double_top,0,failed_breakout,85248,,2021-02-25 12:15:00-05:00,short,384.0382335478427,6.131145726157513,391.4696408306306,380.5588542738425,85169,85248,2021-02-22 12:00:00-05:00,2021-02-25 12:15:00-05:00,test
SPY,double_top,1,confirmed_breakout,85341,85342.0,2021-03-02 16:00:00-05:00,short,388.1393342339366,1.21851581126856,389.9605746365725,384.1114841887314,85262,85341,2021-02-25 15:45:00-05:00,2021-03-02 16:00:00-05:00,test
SPY,double_top,0,near_miss,85388,,2021-03-04 14:45:00-05:00,short,381.80193349776397,3.5837075918444157,388.7551254538379,372.8862924081556,85309,85388,2021-03-01 14:30:00-05:00,2021-03-04 14:45:00-05:00,test
SPY,double_top,0,near_miss,85406,,2021-03-05 12:45:00-05:00,short,376.23775114513296,3.055936016252531,382.01615672537895,376.02406398374745,85327,85406,2021-03-02 12:30:00-05:00,2021-03-05 12:45:00-05:00,test
SPY,double_top,0,near_miss,85446,,2021-03-09 09:45:00-05:00,short,375.53682539303077,5.995757779062217,386.493948746794,379.9742422209378,85367,85446,2021-03-03 16:00:00-05:00,2021-03-09 09:45:00-05:00,test
SPY,double_top,0,failed_breakout,85478,,2021-03-10 11:15:00-05:00,short,384.55099461615123,3.3889614397328387,389.38596336497415,386.42103856026716,85399,85478,2021-03-05 11:00:00-05:00,2021-03-10 11:15:00-05:00,test
SPY,double_top,0,failed_breakout,85484,,2021-03-10 12:45:00-05:00,short,388.96632796450854,0.32869555056697664,389.38596336497415,389.21130444943304,85405,85484,2021-03-05 12:30:00-05:00,2021-03-10 12:45:00-05:00,test
SPY,double_top,0,near_miss,85505,,2021-03-11 11:30:00-05:00,short,389.12322605636,0.5913407533880104,390.22504995431916,394.198659246612,85426,85505,2021-03-08 11:15:00-05:00,2021-03-11 11:30:00-05:00,test
SPY,double_top,0,failed_breakout,85527,,2021-03-12 10:30:00-05:00,short,390.1372857875014,2.365932495882646,394.78138661244896,389.34406750411733,85448,85527,2021-03-09 10:15:00-05:00,2021-03-12 10:30:00-05:00,test
SPY,double_top,0,failed_breakout,85566,,2021-03-15 13:45:00-04:00,short,392.5015867567494,1.7548885407626926,394.78138661244896,392.6351114592373,85487,85566,2021-03-10 13:30:00-05:00,2021-03-15 13:45:00-04:00,test
SPY,double_top,0,failed_breakout,85596,,2021-03-16 14:45:00-04:00,short,393.49522983205645,1.8528476283926238,396.9645909383228,393.2471523716074,85517,85596,2021-03-11 14:30:00-05:00,2021-03-16 14:45:00-04:00,test
SPY,double_top,0,failed_breakout,85637,,2021-03-18 12:00:00-04:00,short,394.14111532322573,2.4518376854102826,396.9645909383228,393.4881623145897,85558,85637,2021-03-15 11:45:00-04:00,2021-03-18 12:00:00-04:00,test
SPY,double_top,1,confirmed_breakout,85647,85648.0,2021-03-18 14:30:00-04:00,short,395.6272803602199,0.3855578685940486,396.22131507894926,392.26444213140593,85568,85647,2021-03-15 14:15:00-04:00,2021-03-18 14:30:00-04:00,test
SPY,double_top,0,near_miss,85655,,2021-03-19 10:00:00-04:00,short,395.5941156124806,0.13957319561870918,395.8043613786787,388.39042680438126,85576,85655,2021-03-16 09:45:00-04:00,2021-03-19 10:00:00-04:00,test
SPY,double_top,0,near_miss,85688,,2021-03-22 11:45:00-04:00,short,389.8809481114356,3.4032060599461147,395.6630162375199,389.1667939400539,85609,85688,2021-03-17 11:30:00-04:00,2021-03-22 11:45:00-04:00,test
SPY,double_top,0,failed_breakout,85713,,2021-03-23 11:30:00-04:00,short,390.7451045872982,1.3678701875786032,393.3206574445102,391.9521298124214,85634,85713,2021-03-18 11:15:00-04:00,2021-03-23 11:30:00-04:00,test
SPY,double_top,1,confirmed_breakout,85723,85727.0,2021-03-23 14:00:00-04:00,short,392.65428281893344,0.36350199281332607,393.3206574445102,390.1264980071867,85644,85723,2021-03-18 13:45:00-04:00,2021-03-23 14:00:00-04:00,test
SPY,double_top,0,near_miss,85731,,2021-03-23 16:00:00-04:00,short,392.6531874455307,0.09404633198818146,392.77955537605436,389.4059536680118,85652,85731,2021-03-18 15:45:00-04:00,2021-03-23 16:00:00-04:00,test
SPY,double_top,0,near_miss,85754,,2021-03-24 15:15:00-04:00,short,390.7691032918652,1.4752870746443705,392.77955537605436,388.37471292535565,85675,85754,2021-03-19 15:00:00-04:00,2021-03-24 15:15:00-04:00,test
SPY,double_top,0,near_miss,85811,,2021-03-29 10:00:00-04:00,short,386.25119507934056,5.664950771962992,392.12306634564237,388.445049228037,85732,85811,2021-03-24 09:45:00-04:00,2021-03-29 10:00:00-04:00,test
SPY,double_top,0,failed_breakout,85845,,2021-03-30 12:00:00-04:00,short,391.887272979766,2.041814644772046,395.7351089034338,391.998185355228,85766,85845,2021-03-25 11:45:00-04:00,2021-03-30 12:00:00-04:00,test
SPY,double_top,0,failed_breakout,85892,,2021-04-01 10:45:00-04:00,short,394.113653242234,2.4836041736603534,397.45940592835495,396.7963958263396,85813,85892,2021-03-29 10:30:00-04:00,2021-04-01 10:45:00-04:00,test
SPY,double_top,0,failed_breakout,85944,,2021-04-06 10:45:00-04:00,short,397.228799427458,4.671154253559109,406.3405014336792,401.9988457464409,85865,85944,2021-03-31 10:30:00-04:00,2021-04-06 10:45:00-04:00,test
SPY,double_top,0,failed_breakout,85963,,2021-04-06 15:30:00-04:00,short,406.2708342564431,0.3354340524747954,406.8720351841566,405.9545659475252,85884,85963,2021-03-31 15:15:00-04:00,2021-04-06 15:30:00-04:00,test
SPY,double_top,0,near_miss,85982,,2021-04-07 13:45:00-04:00,short,406.3617876957191,0.3319723435457149,406.8720351841566,405.9580276564543,85903,85982,2021-04-01 13:30:00-04:00,2021-04-07 13:45:00-04:00,test
SPY,double_top,0,failed_breakout,86115,,2021-04-14 14:30:00-04:00,short,411.02719096781414,1.230868710710638,413.31728511967185,411.15913128928935,86036,86115,2021-04-09 14:15:00-04:00,2021-04-14 14:30:00-04:00,test
SPY,double_top,0,near_miss,86153,,2021-04-16 11:00:00-04:00,short,412.07795264458275,2.2466065441224714,415.33841329481646,414.36339345587754,86074,86153,2021-04-13 10:45:00-04:00,2021-04-16 11:00:00-04:00,test
SPY,double_top,0,failed_breakout,86183,,2021-04-19 12:00:00-04:00,short,415.29739070008327,0.9454597261470781,417.1472875576442,413.8945402738529,86104,86183,2021-04-14 11:45:00-04:00,2021-04-19 12:00:00-04:00,test
SPY,double_top,0,near_miss,86209,,2021-04-20 12:00:00-04:00,short,414.7063259500727,1.2560508470066907,417.1472875576442,410.2039491529933,86130,86209,2021-04-15 11:45:00-04:00,2021-04-20 12:00:00-04:00,test
SPY,double_top,0,failed_breakout,86323,,2021-04-26 14:30:00-04:00,short,413.0133427463881,3.889758429755318,417.7503566360365,414.0302415702447,86244,86323,2021-04-21 14:15:00-04:00,2021-04-26 14:30:00-04:00,test
SPY,double_top,0,near_miss,86336,,2021-04-27 11:15:00-04:00,short,417.6135378665377,0.1513689677931893,417.7794570326252,417.13863103220683,86257,86336,2021-04-22 11:00:00-04:00,2021-04-27 11:15:00-04:00,test
SPY,double_top,0,near_miss,86373,,2021-04-28 14:00:00-04:00,short,417.26481361558325,0.6063522787245006,417.9628747559903,416.7036477212755,86294,86373,2021-04-23 13:45:00-04:00,2021-04-28 14:00:00-04:00,test
SPY,double_top,0,failed_breakout,86399,,2021-04-29 14:00:00-04:00,short,417.646761263669,0.6336442929815576,418.59793635731086,417.98635570701845,86320,86399,2021-04-26 13:45:00-04:00,2021-04-29 14:00:00-04:00,test
SPY,double_top,0,near_miss,86417,,2021-04-30 12:00:00-04:00,short,418.0507514039776,0.9468745421577864,419.39731553495983,416.6931254578422,86338,86417,2021-04-27 11:45:00-04:00,2021-04-30 12:00:00-04:00,test
SPY,double_top,1,confirmed_breakout,86454,86460.0,2021-05-03 14:45:00-04:00,short,417.1869678473992,1.8235297543650972,419.39731553495983,413.0664702456349,86375,86454,2021-04-28 14:30:00-04:00,2021-05-03 14:45:00-04:00,test
SPY,double_top,0,near_miss,86466,,2021-05-04 11:15:00-04:00,short,418.529962570926,0.143139407702904,418.722524288689,412.1568605922971,86387,86466,2021-04-29 11:00:00-04:00,2021-05-04 11:15:00-04:00,test
SPY,double_top,0,near_miss,86515,,2021-05-06 10:30:00-04:00,short,413.3093109120371,4.487718705813336,418.722524288689,409.82228129418667,86436,86515,2021-05-03 10:15:00-04:00,2021-05-06 10:30:00-04:00,test
SPY,double_top,0,failed_breakout,86537,,2021-05-06 16:00:00-04:00,short,415.23509854516175,1.489124172182244,416.8715349470119,417.59087582781774,86458,86537,2021-05-03 15:45:00-04:00,2021-05-06 16:00:00-04:00,test
