symbol,pattern,label,reason,anchor_idx,breakout_idx,ts_event,direction,neckline,pattern_height,stop_price,target_price,window_start_idx,window_end_idx,window_start_ts,window_end_ts,split
SPY,head_shoulders,0,partial,82,,2008-01-25 10:45:00-05:00,short,135.29500314542128,0.6842857142857132,135.46,134.7757142857143,3,82,2008-01-22 10:30:00-05:00,2008-01-25 10:45:00-05:00,train
SPY,head_shoulders,0,partial,108,,2008-01-28 10:45:00-05:00,short,133.18474323201607,0.77785714285715,133.31,132.53214285714284,29,108,2008-01-23 10:30:00-05:00,2008-01-28 10:45:00-05:00,train
SPY,head_shoulders,0,partial,125,,2008-01-28 15:00:00-05:00,short,134.2447307995192,0.44928571428571373,134.28,133.8307142857143,46,125,2008-01-23 14:45:00-05:00,2008-01-28 15:00:00-05:00,train
SPY,head_shoulders,0,partial,127,,2008-01-28 15:30:00-05:00,short,134.22152712100925,0.4678571428571457,134.11,133.64214285714286,48,127,2008-01-23 15:15:00-05:00,2008-01-28 15:30:00-05:00,train
SPY,head_shoulders,0,partial,141,,2008-01-29 12:30:00-05:00,short,135.71533752294314,0.5714285714285755,135.5,134.92857142857142,62,141,2008-01-24 12:15:00-05:00,2008-01-29 12:30:00-05:00,train
SPY,head_shoulders,0,partial,144,,2008-01-29 13:15:00-05:00,short,135.67169488161898,0.44928571428571373,135.41,134.9607142857143,65,144,2008-01-24 13:00:00-05:00,2008-01-29 13:15:00-05:00,train
SPY,head_shoulders,0,partial,155,,2008-01-29 16:00:00-05:00,short,135.85593363698354,0.35642857142857004,136.07,135.7135714285714,76,155,2008-01-24 15:45:00-05:00,2008-01-29 16:00:00-05:00,train
SPY,head_shoulders,0,partial,157,,2008-01-30 10:00:00-05:00,short,135.82324730292652,0.40428571428571203,135.76,135.35571428571427,78,157,2008-01-25 09:45:00-05:00,2008-01-30 10:00:00-05:00,train
SPY,head_shoulders,0,partial,162,,2008-01-30 11:15:00-05:00,short,135.90352429625437,0.39285714285714285,135.9,135.50714285714287,83,162,2008-01-25 11:00:00-05:00,2008-01-30 11:15:00-05:00,train
SPY,head_shoulders,0,partial,169,,2008-01-30 13:00:00-05:00,short,135.76400238780454,0.3357142857142869,135.73,135.3942857142857,90,169,2008-01-25 12:45:00-05:00,2008-01-30 13:00:00-05:00,train
SPY,head_shoulders,0,partial,171,,2008-01-30 13:30:00-05:00,short,135.78095728228936,0.29571428571428676,135.87,135.5742857142857,92,171,2008-01-25 13:15:00-05:00,2008-01-30 13:30:00-05:00,train
SPY,head_shoulders,0,partial,173,,2008-01-30 14:00:00-05:00,short,135.7574025092183,0.2764285714285738,135.67,135.39357142857142,94,173,2008-01-25 13:45:00-05:00,2008-01-30 14:00:00-05:00,train
SPY,head_shoulders,0,partial,179,,2008-01-30 15:30:00-05:00,short,136.72069930333723,0.6514285714285697,137.22,136.56857142857143,100,179,2008-01-25 15:15:00-05:00,2008-01-30 15:30:00-05:00,train
SPY,head_shoulders,1,confirmed_breakout,181,182.0,2008-01-30 16:00:00-05:00,short,135.69982039642238,0.10496237462868407,135.90352429625437,133.57503762537132,102,181,2008-01-25 15:45:00-05:00,2008-01-30 16:00:00-05:00,train
SPY,head_shoulders,0,partial,188,,2008-01-31 11:15:00-05:00,short,135.30893596784185,1.105714285714281,134.99,133.88428571428574,109,188,2008-01-28 11:00:00-05:00,2008-01-31 11:15:00-05:00,train
SPY,head_shoulders,0,partial,234,,2008-02-04 09:45:00-05:00,short,138.99450788371854,0.46428571428571225,138.83,138.3657142857143,155,234,2008-01-29 16:00:00-05:00,2008-02-04 09:45:00-05:00,train
SPY,head_shoulders,0,partial,289,,2008-02-06 10:30:00-05:00,short,134.220779582887,0.5878571428571421,134.18,133.59214285714287,210,289,2008-02-01 10:15:00-05:00,2008-02-06 10:30:00-05:00,train
SPY,head_shoulders,0,partial,298,,2008-02-06 12:45:00-05:00,short,134.62954801916908,0.5064285714285717,134.49,133.98357142857145,219,298,2008-02-01 12:30:00-05:00,2008-02-06 12:45:00-05:00,train
SPY,head_shoulders,0,partial,322,,2008-02-07 12:15:00-05:00,short,132.74749998195787,0.6585714285714285,132.73,132.07142857142856,243,322,2008-02-04 12:00:00-05:00,2008-02-07 12:15:00-05:00,train
SPY,head_shoulders,0,partial,346,,2008-02-08 11:45:00-05:00,short,133.6588137674471,0.6207142857142876,133.71,133.08928571428572,267,346,2008-02-05 11:30:00-05:00,2008-02-08 11:45:00-05:00,train
SPY,head_shoulders,0,partial,361,,2008-02-08 15:30:00-05:00,short,132.87693545345394,0.4921428571428582,132.96,132.46785714285716,282,361,2008-02-05 15:15:00-05:00,2008-02-08 15:30:00-05:00,train
SPY,head_shoulders,0,partial,363,,2008-02-08 16:00:00-05:00,short,132.93458819286633,0.5271428571428609,133.12,132.59285714285716,284,363,2008-02-05 15:45:00-05:00,2008-02-08 16:00:00-05:00,train
SPY,head_shoulders,0,partial,369,,2008-02-11 11:00:00-05:00,short,132.72176383687972,0.5621428571428615,132.77,132.20785714285714,290,369,2008-02-06 10:45:00-05:00,2008-02-11 11:00:00-05:00,train
SPY,head_shoulders,0,partial,408,,2008-02-12 14:15:00-05:00,short,135.6788279886402,0.35642857142857004,135.85,135.4935714285714,329,408,2008-02-07 14:00:00-05:00,2008-02-12 14:15:00-05:00,train
SPY,head_shoulders,0,partial,415,,2008-02-12 16:00:00-05:00,short,135.28910504865428,0.5414285714285703,134.94,134.39857142857142,336,415,2008-02-07 15:45:00-05:00,2008-02-12 16:00:00-05:00,train
SPY,head_shoulders,0,partial,445,,2008-02-14 10:30:00-05:00,short,136.5260901803613,0.4307142857142838,136.7,136.2692857142857,366,445,2008-02-11 10:15:00-05:00,2008-02-14 10:30:00-05:00,train
SPY,head_shoulders,0,partial,483,,2008-02-15 13:30:00-05:00,short,134.27343717238043,0.39357142857142996,134.16,133.76642857142858,404,483,2008-02-12 13:15:00-05:00,2008-02-15 13:30:00-05:00,train
SPY,head_shoulders,0,partial,513,,2008-02-19 14:30:00-05:00,short,136.0143306617752,0.3335714285714277,136.0,135.66642857142858,434,513,2008-02-13 14:15:00-05:00,2008-02-19 14:30:00-05:00,train
SPY,head_shoulders,0,partial,529,,2008-02-20 12:00:00-05:00,short,134.43470913324558,0.4828571428571422,134.33,133.84714285714287,450,529,2008-02-14 11:45:00-05:00,2008-02-20 12:00:00-05:00,train
SPY,head_shoulders,0,partial,550,,2008-02-21 10:45:00-05:00,short,136.11666372790447,0.7057142857142874,135.87,135.1642857142857,471,550,2008-02-15 10:30:00-05:00,2008-02-21 10:45:00-05:00,train
SPY,head_shoulders,0,partial,594,,2008-02-22 15:15:00-05:00,short,133.32170519915317,0.3885714285714264,133.15,132.76142857142858,515,594,2008-02-19 15:00:00-05:00,2008-02-22 15:15:00-05:00,train
SPY,head_shoulders,0,partial,612,,2008-02-25 13:15:00-05:00,short,135.76651679303504,0.47142857142857303,135.81,135.33857142857144,533,612,2008-02-20 13:00:00-05:00,2008-02-25 13:15:00-05:00,train
SPY,head_shoulders,0,partial,615,,2008-02-25 14:00:00-05:00,short,135.71454699714508,0.39714285714285935,135.73,135.33285714285714,536,615,2008-02-20 13:45:00-05:00,2008-02-25 14:00:00-05:00,train
SPY,head_shoulders,0,partial,646,,2008-02-26 15:15:00-05:00,short,138.4013989198147,0.40071428571428463,138.25,137.8492857142857,567,646,2008-02-21 15:00:00-05:00,2008-02-26 15:15:00-05:00,train
SPY,head_shoulders,0,partial,654,,2008-02-27 10:45:00-05:00,short,138.16175938320623,0.5435714285714255,138.31,137.76642857142858,575,654,2008-02-22 10:30:00-05:00,2008-02-27 10:45:00-05:00,train
SPY,head_shoulders,0,partial,665,,2008-02-27 13:30:00-05:00,short,138.72100658016572,0.4314285714285668,138.8,138.36857142857144,586,665,2008-02-22 13:15:00-05:00,2008-02-27 13:30:00-05:00,train
SPY,head_shoulders,0,partial,694,,2008-02-28 14:15:00-05:00,short,136.9900938833788,0.3714285714285706,137.06,136.68857142857144,615,694,2008-02-25 14:00:00-05:00,2008-02-28 14:15:00-05:00,train
SPY,head_shoulders,0,partial,698,,2008-02-28 15:15:00-05:00,short,137.17260246452835,0.3607142857142845,137.28,136.9192857142857,619,698,2008-02-25 15:00:00-05:00,2008-02-28 15:15:00-05:00,train
SPY,head_shoulders,1,confirmed_breakout,701,702.0,2008-02-28 16:00:00-05:00,short,136.7557607834133,0.8814552094120245,138.72100658016572,134.13854479058799,622,701,2008-02-25 15:45:00-05:00,2008-02-28 16:00:00-05:00,train
SPY,head_shoulders,0,partial,736,,2008-03-03 11:45:00-05:00,short,133.15458257066396,0.4914285714285711,133.06,132.56857142857143,657,736,2008-02-27 11:30:00-05:00,2008-03-03 11:45:00-05:00,train
SPY,head_shoulders,0,partial,743,,2008-03-03 13:30:00-05:00,short,133.30610532709824,0.44285714285714406,133.31,132.86714285714285,664,743,2008-02-27 13:15:00-05:00,2008-03-03 13:30:00-05:00,train
SPY,head_shoulders,0,partial,751,,2008-03-03 15:30:00-05:00,short,132.96943251306652,0.41857142857142754,132.93,132.51142857142858,672,751,2008-02-27 15:15:00-05:00,2008-03-03 15:30:00-05:00,train
SPY,head_shoulders,0,partial,753,,2008-03-03 16:00:00-05:00,short,133.0049560723353,0.423571428571425,133.41,132.98642857142858,674,753,2008-02-27 15:45:00-05:00,2008-03-03 16:00:00-05:00,train
SPY,head_shoulders,0,partial,773,,2008-03-04 14:30:00-05:00,short,131.64454507831076,0.4371428571428595,131.33,130.89285714285717,694,773,2008-02-28 14:15:00-05:00,2008-03-04 14:30:00-05:00,train
SPY,head_shoulders,0,partial,793,,2008-03-05 13:00:00-05:00,short,133.9121417404099,0.4750000000000004,133.85,133.375,714,793,2008-02-29 12:45:00-05:00,2008-03-05 13:00:00-05:00,train
SPY,head_shoulders,0,partial,854,,2008-03-07 15:15:00-05:00,short,129.55497684449733,0.5264285714285738,129.73,129.20357142857142,775,854,2008-03-04 15:00:00-05:00,2008-03-07 15:15:00-05:00,train
SPY,head_shoulders,0,partial,857,,2008-03-07 16:00:00-05:00,short,129.61578559683036,0.6692857142857126,129.71,129.0407142857143,778,857,2008-03-04 15:45:00-05:00,2008-03-07 16:00:00-05:00,train
SPY,head_shoulders,0,partial,883,,2008-03-10 16:00:00-04:00,short,128.1939137962557,0.4671428571428556,127.86,127.39285714285714,804,883,2008-03-05 15:45:00-05:00,2008-03-10 16:00:00-04:00,train
SPY,head_shoulders,0,partial,895,,2008-03-11 12:30:00-04:00,short,129.68612360484065,0.7128571428571432,129.54,128.82714285714286,816,895,2008-03-06 12:15:00-05:00,2008-03-11 12:30:00-04:00,train
SPY,head_shoulders,0,partial,898,,2008-03-11 13:15:00-04:00,short,129.6335059857266,0.5499999999999992,129.62,129.07,819,898,2008-03-06 13:00:00-05:00,2008-03-11 13:15:00-04:00,train
SPY,head_shoulders,0,partial,923,,2008-03-12 13:00:00-04:00,short,132.85657501518926,0.4678571428571457,132.64,132.17214285714283,844,923,2008-03-07 12:45:00-05:00,2008-03-12 13:00:00-04:00,train
SPY,head_shoulders,0,partial,944,,2008-03-13 11:45:00-04:00,short,130.02538736624572,0.797857142857144,130.27,129.47214285714287,865,944,2008-03-10 11:30:00-04:00,2008-03-13 11:45:00-04:00,train
SPY,head_shoulders,1,confirmed_breakout,962,963.0,2008-03-14 09:45:00-04:00,short,130.187251414721,3.0100900183109616,132.85657501518926,126.41990998168905,883,962,2008-03-10 16:00:00-04:00,2008-03-14 09:45:00-04:00,train
SPY,head_shoulders,0,partial,1034,,2008-03-18 14:45:00-04:00,short,131.39085023754174,0.4964285714285767,130.64,130.14357142857142,955,1034,2008-03-13 14:30:00-04:00,2008-03-18 14:45:00-04:00,train
SPY,head_shoulders,0,partial,1050,,2008-03-19 12:15:00-04:00,short,133.58321979819186,0.7728571428571465,133.43,132.65714285714287,971,1050,2008-03-14 12:00:00-04:00,2008-03-19 12:15:00-04:00,train
SPY,head_shoulders,0,partial,1072,,2008-03-20 11:15:00-04:00,short,130.84484637049016,0.8299999999999983,130.99,130.16000000000003,993,1072,2008-03-17 11:00:00-04:00,2008-03-20 11:15:00-04:00,train
SPY,head_shoulders,0,partial,1074,,2008-03-20 11:45:00-04:00,short,130.87958376090535,0.7714285714285722,131.0,130.22857142857143,995,1074,2008-03-17 11:30:00-04:00,2008-03-20 11:45:00-04:00,train
SPY,head_shoulders,0,partial,1080,,2008-03-20 13:15:00-04:00,short,130.75037982400514,0.5628571428571446,130.7,130.13714285714283,1001,1080,2008-03-17 13:00:00-04:00,2008-03-20 13:15:00-04:00,train
SPY,head_shoulders,0,partial,1112,,2008-03-24 14:45:00-04:00,short,135.40580102430874,0.3135714285714276,135.51,135.19642857142856,1033,1112,2008-03-18 14:30:00-04:00,2008-03-24 14:45:00-04:00,train
SPY,head_shoulders,0,partial,1127,,2008-03-25 12:00:00-04:00,short,134.59007410231462,0.5528571428571374,134.46,133.90714285714287,1048,1127,2008-03-19 11:45:00-04:00,2008-03-25 12:00:00-04:00,train
SPY,head_shoulders,1,confirmed_breakout,1142,1143.0,2008-03-25 15:45:00-04:00,short,135.8972040693987,2.041161266135447,135.40580102430874,133.00883873386456,1063,1142,2008-03-19 15:30:00-04:00,2008-03-25 15:45:00-04:00,train
SPY,head_shoulders,0,partial,1164,,2008-03-26 14:45:00-04:00,short,133.80787474958888,0.3164285714285719,133.8,133.48357142857145,1085,1164,2008-03-20 14:30:00-04:00,2008-03-26 14:45:00-04:00,train
SPY,head_shoulders,0,partial,1166,,2008-03-26 15:15:00-04:00,short,133.90652825474695,0.3592857142857144,134.03,133.6707142857143,1087,1166,2008-03-20 15:00:00-04:00,2008-03-26 15:15:00-04:00,train
SPY,head_shoulders,0,partial,1169,,2008-03-26 16:00:00-04:00,short,133.88498909011727,0.37142857142857266,133.83,133.45857142857145,1090,1169,2008-03-20 15:45:00-04:00,2008-03-26 16:00:00-04:00,train
SPY,head_shoulders,0,partial,1287,,2008-04-02 13:00:00-04:00,short,137.1683147624135,0.4185714285714255,137.06,136.64142857142858,1208,1287,2008-03-28 12:45:00-04:00,2008-04-02 13:00:00-04:00,train
SPY,head_shoulders,0,partial,1290,,2008-04-02 13:45:00-04:00,short,137.11964500788517,0.39428571428571296,137.1,136.7057142857143,1211,1290,2008-03-28 13:30:00-04:00,2008-04-02 13:45:00-04:00,train
SPY,head_shoulders,0,partial,1292,,2008-04-02 14:15:00-04:00,short,137.152124479738,0.36428571428571593,137.4,137.03571428571428,1213,1292,2008-03-28 14:00:00-04:00,2008-04-02 14:15:00-04:00,train
SPY,head_shoulders,0,partial,1308,,2008-04-03 11:45:00-04:00,short,136.26364304006833,0.4592857142857168,136.31,135.85071428571428,1229,1308,2008-03-31 11:30:00-04:00,2008-04-03 11:45:00-04:00,train
SPY,head_shoulders,0,partial,1322,,2008-04-03 15:15:00-04:00,short,136.967005146869,0.3592857142857144,137.02,136.6607142857143,1243,1322,2008-03-31 15:00:00-04:00,2008-04-03 15:15:00-04:00,train
SPY,head_shoulders,0,partial,1331,,2008-04-04 11:00:00-04:00,short,136.7330233796677,0.43571428571428533,136.69,136.25428571428571,1252,1331,2008-04-01 10:45:00-04:00,2008-04-04 11:00:00-04:00,train
SPY,head_shoulders,0,partial,1347,,2008-04-04 15:00:00-04:00,short,137.49347748765553,0.33000000000000235,137.43,137.1,1268,1347,2008-04-01 14:45:00-04:00,2008-04-04 15:00:00-04:00,train
SPY,head_shoulders,0,partial,1351,,2008-04-04 16:00:00-04:00,short,137.2721301579709,0.36071428571428854,136.95,136.5892857142857,1272,1351,2008-04-01 15:45:00-04:00,2008-04-04 16:00:00-04:00,train
SPY,head_shoulders,0,partial,1369,,2008-04-07 14:00:00-04:00,short,138.04521611844717,0.287857142857145,137.95,137.66214285714284,1290,1369,2008-04-02 13:45:00-04:00,2008-04-07 14:00:00-04:00,train
SPY,head_shoulders,0,partial,1401,,2008-04-08 15:30:00-04:00,short,136.36987206426315,0.2814285714285753,136.4,136.11857142857144,1322,1401,2008-04-03 15:15:00-04:00,2008-04-08 15:30:00-04:00,train
SPY,head_shoulders,0,partial,1403,,2008-04-08 16:00:00-04:00,short,136.39578564665112,0.28571428571428975,136.45,136.1642857142857,1324,1403,2008-04-03 15:45:00-04:00,2008-04-08 16:00:00-04:00,train
SPY,head_shoulders,1,confirmed_breakout,1411,1412.0,2008-04-09 11:30:00-04:00,short,136.17137528364745,1.0978988742110687,138.04521611844717,134.34210112578893,1332,1411,2008-04-04 11:15:00-04:00,2008-04-09 11:30:00-04:00,train
SPY,head_shoulders,0,partial,1427,,2008-04-09 15:30:00-04:00,short,135.28560626516943,0.30357142857143266,135.16,134.85642857142855,1348,1427,2008-04-04 15:15:00-04:00,2008-04-09 15:30:00-04:00,train
SPY,head_shoulders,0,partial,1429,,2008-04-09 16:00:00-04:00,short,135.3027001531427,0.32500000000000284,135.39,135.065,1350,1429,2008-04-04 15:45:00-04:00,2008-04-09 16:00:00-04:00,train
SPY,head_shoulders,0,partial,1431,,2008-04-10 10:00:00-04:00,short,135.27466558788038,0.36499999999999894,135.09,134.725,1352,1431,2008-04-07 09:45:00-04:00,2008-04-10 10:00:00-04:00,train
SPY,head_shoulders,0,partial,1448,,2008-04-10 14:15:00-04:00,short,136.2932200818958,0.3899999999999985,136.25,135.86,1369,1448,2008-04-07 14:00:00-04:00,2008-04-10 14:15:00-04:00,train
SPY,head_shoulders,0,partial,1492,,2008-04-14 12:15:00-04:00,short,133.03667866613662,0.33928571428571835,132.91,132.57071428571427,1413,1492,2008-04-09 12:00:00-04:00,2008-04-14 12:15:00-04:00,train
SPY,head_shoulders,0,partial,1498,,2008-04-14 13:45:00-04:00,short,133.1516058608959,0.3085714285714301,133.16,132.85142857142856,1419,1498,2008-04-09 13:30:00-04:00,2008-04-14 13:45:00-04:00,train
SPY,head_shoulders,0,partial,1507,,2008-04-14 16:00:00-04:00,short,132.9093074619898,0.27428571428571047,132.81,132.53571428571428,1428,1507,2008-04-09 15:45:00-04:00,2008-04-14 16:00:00-04:00,train
SPY,head_shoulders,0,failed_breakout,1508,,2008-04-15 09:45:00-04:00,short,132.8165488049815,1.642255767288276,136.2932200818958,131.84774423271173,1429,1508,2008-04-09 16:00:00-04:00,2008-04-15 09:45:00-04:00,train
SPY,head_shoulders,0,partial,1510,,2008-04-15 10:15:00-04:00,short,132.98577361746908,0.32928571428571324,133.02,132.6907142857143,1431,1510,2008-04-10 10:00:00-04:00,2008-04-15 10:15:00-04:00,train
SPY,head_shoulders,0,partial,1521,,2008-04-15 13:00:00-04:00,short,132.68399588368675,0.33571428571428896,132.69,132.3542857142857,1442,1521,2008-04-10 12:45:00-04:00,2008-04-15 13:00:00-04:00,train
SPY,head_shoulders,0,partial,1566,,2008-04-17 11:15:00-04:00,short,136.13941517970142,0.37071428571428555,136.12,135.74928571428572,1487,1566,2008-04-14 11:00:00-04:00,2008-04-17 11:15:00-04:00,train
SPY,head_shoulders,0,partial,1572,,2008-04-17 12:45:00-04:00,short,136.00819814022572,0.3764285714285701,135.94,135.56357142857144,1493,1572,2008-04-14 12:30:00-04:00,2008-04-17 12:45:00-04:00,train
SPY,head_shoulders,0,partial,1604,,2008-04-18 14:15:00-04:00,short,139.19478707466087,0.3071428571428539,139.1,138.79285714285714,1525,1604,2008-04-15 14:00:00-04:00,2008-04-18 14:15:00-04:00,train
SPY,head_shoulders,0,partial,1624,,2008-04-21 12:45:00-04:00,short,138.30122375234083,0.39642857142857224,138.36,137.96357142857144,1545,1624,2008-04-16 12:30:00-04:00,2008-04-21 12:45:00-04:00,train
SPY,head_shoulders,0,partial,1627,,2008-04-21 13:30:00-04:00,short,138.34921232727808,0.33857142857142924,138.49,138.15142857142857,1548,1627,2008-04-16 13:15:00-04:00,2008-04-21 13:30:00-04:00,train
SPY,head_shoulders,0,partial,1631,,2008-04-21 14:30:00-04:00,short,138.31469614330504,0.3150000000000018,138.23,137.915,1552,1631,2008-04-16 14:15:00-04:00,2008-04-21 14:30:00-04:00,train
SPY,head_shoulders,1,confirmed_breakout,1637,1638.0,2008-04-21 16:00:00-04:00,short,138.91857680175644,1.7754962500566194,139.19478707466087,136.2145037499434,1558,1637,2008-04-16 15:45:00-04:00,2008-04-21 16:00:00-04:00,train
SPY,head_shoulders,0,partial,1660,,2008-04-22 15:15:00-04:00,short,137.2940180590906,0.42714285714285644,137.33,136.90285714285716,1581,1660,2008-04-17 15:00:00-04:00,2008-04-22 15:15:00-04:00,train
SPY,head_shoulders,0,partial,1674,,2008-04-23 12:15:00-04:00,short,138.07279116092883,0.3507142857142834,137.93,137.57928571428573,1595,1674,2008-04-18 12:00:00-04:00,2008-04-23 12:15:00-04:00,train
SPY,head_shoulders,0,failed_breakout,1684,,2008-04-23 14:45:00-04:00,short,136.80127691498708,0.4128442593960244,138.5163656266567,137.31715574060397,1605,1684,2008-04-18 14:30:00-04:00,2008-04-23 14:45:00-04:00,train
SPY,head_shoulders,0,partial,1685,,2008-04-23 15:00:00-04:00,short,137.71438212411428,0.33571428571428286,137.65,137.31428571428572,1606,1685,2008-04-18 14:45:00-04:00,2008-04-23 15:00:00-04:00,train
SPY,head_shoulders,0,partial,1691,,2008-04-24 10:00:00-04:00,short,137.80888722619756,0.34071428571428647,137.84,137.49928571428572,1612,1691,2008-04-21 09:45:00-04:00,2008-04-24 10:00:00-04:00,train
SPY,head_shoulders,0,partial,1696,,2008-04-24 11:15:00-04:00,short,137.61410802444556,0.39285714285714085,137.6,137.20714285714286,1617,1696,2008-04-21 11:00:00-04:00,2008-04-24 11:15:00-04:00,train
SPY,head_shoulders,0,partial,1713,,2008-04-24 15:30:00-04:00,short,139.28741238869844,0.3971428571428634,139.37,138.97285714285715,1634,1713,2008-04-21 15:15:00-04:00,2008-04-24 15:30:00-04:00,train
SPY,head_shoulders,0,partial,1732,,2008-04-25 13:45:00-04:00,short,138.58904166639482,0.3528571428571488,138.58,138.22714285714287,1653,1732,2008-04-22 13:30:00-04:00,2008-04-25 13:45:00-04:00,train
SPY,head_shoulders,0,partial,1764,,2008-04-28 15:15:00-04:00,short,140.05725202625226,0.20000000000000284,140.17,139.96999999999997,1685,1764,2008-04-23 15:00:00-04:00,2008-04-28 15:15:00-04:00,train
SPY,head_shoulders,0,partial,1781,,2008-04-29 13:00:00-04:00,short,139.0139396153898,0.30928571428571316,139.0,138.69071428571428,1702,1781,2008-04-24 12:45:00-04:00,2008-04-29 13:00:00-04:00,train
SPY,head_shoulders,0,partial,1804,,2008-04-30 12:15:00-04:00,short,139.61110696709045,0.3250000000000049,139.72,139.39499999999998,1725,1804,2008-04-25 12:00:00-04:00,2008-04-30 12:15:00-04:00,train
SPY,head_shoulders,0,partial,1807,,2008-04-30 13:00:00-04:00,short,139.60077266514952,0.3235714285714307,139.53,139.20642857142857,1728,1807,2008-04-25 12:45:00-04:00,2008-04-30 13:00:00-04:00,train
SPY,head_shoulders,0,partial,1814,,2008-04-30 14:45:00-04:00,short,139.76342525044134,0.3764285714285701,140.11,139.73357142857145,1735,1814,2008-04-25 14:30:00-04:00,2008-04-30 14:45:00-04:00,train
SPY,head_shoulders,0,partial,1825,,2008-05-01 11:00:00-04:00,short,138.961918477817,0.5642857142857106,139.1,138.53571428571428,1746,1825,2008-04-28 10:45:00-04:00,2008-05-01 11:00:00-04:00,train
SPY,head_shoulders,0,partial,1855,,2008-05-02 12:00:00-04:00,short,141.4706545796066,0.4314285714285729,141.49,141.05857142857144,1776,1855,2008-04-29 11:45:00-04:00,2008-05-02 12:00:00-04:00,train
SPY,head_shoulders,0,partial,1867,,2008-05-02 15:00:00-04:00,short,140.98964235958238,0.3450000000000029,140.8,140.455,1788,1867,2008-04-29 14:45:00-04:00,2008-05-02 15:00:00-04:00,train
SPY,head_shoulders,0,partial,1874,,2008-05-05 10:15:00-04:00,short,141.1106363777844,0.41642857142857437,141.41,140.9935714285714,1795,1874,2008-04-30 10:00:00-04:00,2008-05-05 10:15:00-04:00,train
SPY,head_shoulders,1,confirmed_breakout,1876,1877.0,2008-05-05 10:45:00-04:00,short,141.4724337600027,1.0603619005286191,141.4706545796066,139.44963809947137,1797,1876,2008-04-30 10:30:00-04:00,2008-05-05 10:45:00-04:00,train
SPY,head_shoulders,0,partial,1893,,2008-05-05 15:00:00-04:00,short,140.68158249907657,0.230714285714287,140.69,140.4592857142857,1814,1893,2008-04-30 14:45:00-04:00,2008-05-05 15:00:00-04:00,train
SPY,head_shoulders,0,partial,1895,,2008-05-05 15:30:00-04:00,short,140.70263611466905,0.22714285714285762,140.81,140.58285714285714,1816,1895,2008-04-30 15:15:00-04:00,2008-05-05 15:30:00-04:00,train
SPY,head_shoulders,0,partial,1902,,2008-05-06 10:45:00-04:00,short,140.40692082985177,0.3235714285714266,140.34,140.01642857142858,1823,1902,2008-05-01 10:30:00-04:00,2008-05-06 10:45:00-04:00,train
SPY,head_shoulders,0,partial,1928,,2008-05-07 10:45:00-04:00,short,141.7362188636742,0.3250000000000008,141.91,141.585,1849,1928,2008-05-02 10:30:00-04:00,2008-05-07 10:45:00-04:00,train
SPY,head_shoulders,0,partial,1997,,2008-05-09 15:00:00-04:00,short,138.7718477738448,0.2342857142857103,138.79,138.5557142857143,1918,1997,2008-05-06 14:45:00-04:00,2008-05-09 15:00:00-04:00,train
SPY,head_shoulders,0,partial,2032,,2008-05-13 10:45:00-04:00,short,140.2378727791861,0.3042857142857116,140.22,139.91571428571427,1953,2032,2008-05-08 10:30:00-04:00,2008-05-13 10:45:00-04:00,train
SPY,head_shoulders,0,partial,2037,,2008-05-13 12:00:00-04:00,short,140.1278698620112,0.32499999999999674,140.13,139.805,1958,2037,2008-05-08 11:45:00-04:00,2008-05-13 12:00:00-04:00,train
SPY,head_shoulders,0,partial,2075,,2008-05-14 15:00:00-04:00,short,141.90531594585264,0.29571428571428476,141.83,141.53428571428572,1996,2075,2008-05-09 14:45:00-04:00,2008-05-14 15:00:00-04:00,train
SPY,head_shoulders,0,partial,2089,,2008-05-15 12:00:00-04:00,short,141.24528152685392,0.41499999999999815,141.29,140.875,2010,2089,2008-05-12 11:45:00-04:00,2008-05-15 12:00:00-04:00,train
SPY,head_shoulders,0,partial,2110,,2008-05-16 10:45:00-04:00,short,142.1720992324487,0.3521428571428536,142.22,141.86785714285713,2031,2110,2008-05-13 10:30:00-04:00,2008-05-16 10:45:00-04:00,train
SPY,head_shoulders,0,partial,2116,,2008-05-16 12:15:00-04:00,short,141.99434681669507,0.34357142857142264,141.98,141.63642857142855,2037,2116,2008-05-13 12:00:00-04:00,2008-05-16 12:15:00-04:00,train
SPY,head_shoulders,0,partial,2148,,2008-05-19 13:45:00-04:00,short,143.86175802761798,0.23214285714285307,143.97,143.73785714285714,2069,2148,2008-05-14 13:30:00-04:00,2008-05-19 13:45:00-04:00,train
SPY,head_shoulders,0,partial,2182,,2008-05-20 15:45:00-04:00,short,141.4184665209392,0.3242857142857056,141.3,140.9757142857143,2103,2182,2008-05-15 15:30:00-04:00,2008-05-20 15:45:00-04:00,train
SPY,head_shoulders,0,partial,2188,,2008-05-21 10:45:00-04:00,short,141.5863934907394,0.3907142857142856,141.6,141.2092857142857,2109,2188,2008-05-16 10:30:00-04:00,2008-05-21 10:45:00-04:00,train
SPY,head_shoulders,0,partial,2195,,2008-05-21 12:30:00-04:00,short,141.42568404547936,0.3735714285714319,141.41,141.03642857142856,2116,2195,2008-05-16 12:15:00-04:00,2008-05-21 12:30:00-04:00,train
SPY,head_shoulders,0,partial,2197,,2008-05-21 13:00:00-04:00,short,141.45953316459148,0.335714285714291,141.54,141.2042857142857,2118,2197,2008-05-16 12:45:00-04:00,2008-05-21 13:00:00-04:00,train
SPY,head_shoulders,1,confirmed_breakout,2198,2202.0,2008-05-21 13:15:00-04:00,short,141.24395734040712,2.14662589977425,143.86175802761798,138.07337410022575,2119,2198,2008-05-16 13:00:00-04:00,2008-05-21 13:15:00-04:00,train
SPY,head_shoulders,0,partial,2215,,2008-05-22 11:00:00-04:00,short,139.76417356364894,0.5285714285714269,139.85,139.32142857142856,2136,2215,2008-05-19 10:45:00-04:00,2008-05-22 11:00:00-04:00,train
SPY,head_shoulders,0,partial,2217,,2008-05-22 11:30:00-04:00,short,139.76939832640068,0.46999999999999886,139.83,139.36,2138,2217,2008-05-19 11:15:00-04:00,2008-05-22 11:30:00-04:00,train
SPY,head_shoulders,0,partial,2222,,2008-05-22 12:45:00-04:00,short,139.65187882696924,0.35357142857142776,139.69,139.33642857142857,2143,2222,2008-05-19 12:30:00-04:00,2008-05-22 12:45:00-04:00,train
SPY,head_shoulders,0,partial,2228,,2008-05-22 14:15:00-04:00,short,139.7168655558293,0.3100000000000023,139.71,139.4,2149,2228,2008-05-19 14:00:00-04:00,2008-05-22 14:15:00-04:00,train
SPY,head_shoulders,0,partial,2254,,2008-05-23 14:15:00-04:00,short,137.90228032583377,0.3507142857142916,137.79,137.4392857142857,2175,2254,2008-05-20 14:00:00-04:00,2008-05-23 14:15:00-04:00,train
SPY,head_shoulders,0,partial,2267,,2008-05-27 11:00:00-04:00,short,138.14269371110205,0.3728571428571387,138.35,137.97714285714287,2188,2267,2008-05-21 10:45:00-04:00,2008-05-27 11:00:00-04:00,train
SPY,head_shoulders,0,partial,2277,,2008-05-27 13:30:00-04:00,short,137.9578383515675,0.30857142857143216,137.99,137.68142857142857,2198,2277,2008-05-21 13:15:00-04:00,2008-05-27 13:30:00-04:00,train
SPY,head_shoulders,0,partial,2293,,2008-05-28 11:00:00-04:00,short,138.6841077771468,0.3828571428571418,138.8,138.41714285714286,2214,2293,2008-05-22 10:45:00-04:00,2008-05-28 11:00:00-04:00,train
SPY,head_shoulders,0,partial,2301,,2008-05-28 13:00:00-04:00,short,138.5218571998874,0.4164285714285703,138.55,138.13357142857143,2222,2301,2008-05-22 12:45:00-04:00,2008-05-28 13:00:00-04:00,train
SPY,head_shoulders,0,partial,2335,,2008-05-29 15:00:00-04:00,short,140.50011760936707,0.2614285714285712,140.38,140.1185714285714,2256,2335,2008-05-23 14:45:00-04:00,2008-05-29 15:00:00-04:00,train
SPY,head_shoulders,0,partial,2342,,2008-05-30 10:15:00-04:00,short,140.3078570812498,0.28999999999999815,140.32,140.03,2263,2342,2008-05-27 10:00:00-04:00,2008-05-30 10:15:00-04:00,train
SPY,head_shoulders,0,partial,2344,,2008-05-30 10:45:00-04:00,short,140.35423603583317,0.3092857142857091,140.5,140.19071428571428,2265,2344,2008-05-27 10:30:00-04:00,2008-05-30 10:45:00-04:00,train
SPY,head_shoulders,0,partial,2347,,2008-05-30 11:30:00-04:00,short,140.3009218890181,0.31928571428570607,140.12,139.8007142857143,2268,2347,2008-05-27 11:15:00-04:00,2008-05-30 11:30:00-04:00,train
SPY,head_shoulders,0,failed_breakout,2354,,2008-05-30 13:15:00-04:00,short,140.3949790266821,0.4971873371303559,140.50011760936707,139.87281266286965,2275,2354,2008-05-27 13:00:00-04:00,2008-05-30 13:15:00-04:00,train
SPY,head_shoulders,0,partial,2363,,2008-05-30 15:30:00-04:00,short,140.49774184203687,0.18714285714285342,140.49,140.30285714285716,2284,2363,2008-05-27 15:15:00-04:00,2008-05-30 15:30:00-04:00,train
SPY,head_shoulders,0,partial,2388,,2008-06-02 15:15:00-04:00,short,138.44909293759466,0.27714285714285886,138.34,138.06285714285715,2309,2388,2008-05-28 15:00:00-04:00,2008-06-02 15:15:00-04:00,train
SPY,head_shoulders,0,partial,2403,,2008-06-03 12:30:00-04:00,short,139.25407555672444,0.31357142857142556,139.22,138.90642857142856,2324,2403,2008-05-29 12:15:00-04:00,2008-06-03 12:30:00-04:00,train
SPY,head_shoulders,0,failed_breakout,2413,,2008-06-03 15:00:00-04:00,short,137.77159454073242,0.9194849096718372,140.49774184203687,136.85051509032817,2334,2413,2008-05-29 14:45:00-04:00,2008-06-03 15:00:00-04:00,train
SPY,head_shoulders,0,partial,2420,,2008-06-04 10:15:00-04:00,short,138.14146618469792,0.5021428571428572,138.19,137.68785714285713,2341,2420,2008-05-30 10:00:00-04:00,2008-06-04 10:15:00-04:00,train
SPY,head_shoulders,0,partial,2430,,2008-06-04 12:45:00-04:00,short,138.69055442897834,0.37071428571429366,138.63,138.2592857142857,2351,2430,2008-05-30 12:30:00-04:00,2008-06-04 12:45:00-04:00,train
SPY,head_shoulders,0,partial,2432,,2008-06-04 13:15:00-04:00,short,138.68725996731249,0.35642857142857814,138.57,138.2135714285714,2353,2432,2008-05-30 13:00:00-04:00,2008-06-04 13:15:00-04:00,train
SPY,head_shoulders,0,partial,2435,,2008-06-04 14:00:00-04:00,short,138.7183456933599,0.32214285714286256,138.83,138.50785714285715,2356,2435,2008-05-30 13:45:00-04:00,2008-06-04 14:00:00-04:00,train
SPY,head_shoulders,0,partial,2443,,2008-06-04 16:00:00-04:00,short,138.15076673588658,0.519285714285713,138.04,137.5207142857143,2364,2443,2008-05-30 15:45:00-04:00,2008-06-04 16:00:00-04:00,train
SPY,head_shoulders,0,partial,2462,,2008-06-05 14:15:00-04:00,short,139.8938580088691,0.3207142857142803,139.84,139.51928571428573,2383,2462,2008-06-02 14:00:00-04:00,2008-06-05 14:15:00-04:00,train
SPY,head_shoulders,0,partial,2464,,2008-06-05 14:45:00-04:00,short,139.86581067126792,0.3399999999999953,139.77,139.43,2385,2464,2008-06-02 14:30:00-04:00,2008-06-05 14:45:00-04:00,train
SPY,head_shoulders,0,partial,2469,,2008-06-05 16:00:00-04:00,short,140.15550253954416,0.3728571428571428,140.64,140.26714285714286,2390,2469,2008-06-02 15:45:00-04:00,2008-06-05 16:00:00-04:00,train
SPY,head_shoulders,0,partial,2507,,2008-06-09 12:30:00-04:00,short,137.0203160209767,0.4400000000000018,137.0,136.56,2428,2507,2008-06-04 12:15:00-04:00,2008-06-09 12:30:00-04:00,train
SPY,head_shoulders,0,partial,2509,,2008-06-09 13:00:00-04:00,short,137.0367354899131,0.34857142857142825,137.15,136.80142857142857,2430,2509,2008-06-04 12:45:00-04:00,2008-06-09 13:00:00-04:00,train
SPY,head_shoulders,1,confirmed_breakout,2513,2514.0,2008-06-09 14:00:00-04:00,short,136.55709596162697,0.6205633392403342,140.15550253954416,135.12943666075967,2434,2513,2008-06-04 13:45:00-04:00,2008-06-09 14:00:00-04:00,train
SPY,head_shoulders,0,partial,2519,,2008-06-09 15:30:00-04:00,short,136.17721069734714,0.41285714285713887,135.86,135.44714285714286,2440,2519,2008-06-04 15:15:00-04:00,2008-06-09 15:30:00-04:00,train
SPY,head_shoulders,0,partial,2521,,2008-06-09 16:00:00-04:00,short,136.21933273629782,0.4514285714285669,136.64,136.1885714285714,2442,2521,2008-06-04 15:45:00-04:00,2008-06-09 16:00:00-04:00,train
SPY,head_shoulders,0,partial,2523,,2008-06-10 10:00:00-04:00,short,136.10485913357476,0.5442857142857106,135.78,135.2357142857143,2444,2523,2008-06-05 09:45:00-04:00,2008-06-10 10:00:00-04:00,train
SPY,head_shoulders,0,partial,2526,,2008-06-10 10:45:00-04:00,short,136.13517036532454,0.5499999999999972,136.16,135.61,2447,2526,2008-06-05 10:30:00-04:00,2008-06-10 10:45:00-04:00,train
SPY,head_shoulders,0,partial,2529,,2008-06-10 11:30:00-04:00,short,136.0897450559452,0.5171428571428517,135.96,135.44285714285715,2450,2529,2008-06-05 11:15:00-04:00,2008-06-10 11:30:00-04:00,train
SPY,head_shoulders,0,partial,2539,,2008-06-10 14:00:00-04:00,short,136.55225936300798,0.44785714285713346,136.5,136.05214285714285,2460,2539,2008-06-05 13:45:00-04:00,2008-06-10 14:00:00-04:00,train
SPY,head_shoulders,0,partial,2573,,2008-06-11 16:00:00-04:00,short,134.58321732772544,0.3714285714285706,133.95,133.57857142857142,2494,2573,2008-06-06 15:45:00-04:00,2008-06-11 16:00:00-04:00,train
SPY,head_shoulders,0,partial,2586,,2008-06-12 12:45:00-04:00,short,135.31924843398681,0.38785714285714334,135.41,135.02214285714285,2507,2586,2008-06-09 12:30:00-04:00,2008-06-12 12:45:00-04:00,train
SPY,head_shoulders,0,failed_breakout,2596,,2008-06-12 15:15:00-04:00,short,134.1381068625696,0.8049069725672666,136.55225936300798,133.48509302743273,2517,2596,2008-06-09 15:00:00-04:00,2008-06-12 15:15:00-04:00,train
SPY,head_shoulders,0,partial,2599,,2008-06-12 16:00:00-04:00,short,134.5095355390325,0.48785714285714576,134.44,133.95214285714286,2520,2599,2008-06-09 15:45:00-04:00,2008-06-12 16:00:00-04:00,train
SPY,head_shoulders,0,partial,2612,,2008-06-13 12:45:00-04:00,short,135.6903845821624,0.5778571428571431,135.55,134.97214285714287,2533,2612,2008-06-10 12:30:00-04:00,2008-06-13 12:45:00-04:00,train
SPY,head_shoulders,0,partial,2619,,2008-06-13 14:30:00-04:00,short,135.41519760526091,0.3235714285714307,135.24,134.91642857142858,2540,2619,2008-06-10 14:15:00-04:00,2008-06-13 14:30:00-04:00,train
SPY,head_shoulders,0,partial,2649,,2008-06-16 15:30:00-04:00,short,136.57084545450385,0.3007142857142822,136.6,136.2992857142857,2570,2649,2008-06-11 15:15:00-04:00,2008-06-16 15:30:00-04:00,train
SPY,head_shoulders,0,partial,2651,,2008-06-16 16:00:00-04:00,short,136.55926532690472,0.32214285714285446,136.44,136.11785714285713,2572,2651,2008-06-11 15:45:00-04:00,2008-06-16 16:00:00-04:00,train
SPY,head_shoulders,0,partial,2654,,2008-06-17 10:15:00-04:00,short,136.58379683981335,0.38071428571428456,136.59,136.20928571428573,2575,2654,2008-06-12 10:00:00-04:00,2008-06-17 10:15:00-04:00,train
SPY,head_shoulders,0,partial,2698,,2008-06-18 14:45:00-04:00,short,134.22167927423527,0.37499999999999795,134.21,133.835,2619,2698,2008-06-13 14:30:00-04:00,2008-06-18 14:45:00-04:00,train
SPY,head_shoulders,0,partial,2703,,2008-06-18 16:00:00-04:00,short,134.2954965072437,0.42071428571428676,134.33,133.90928571428572,2624,2703,2008-06-13 15:45:00-04:00,2008-06-18 16:00:00-04:00,train
SPY,head_shoulders,0,failed_breakout,2713,,2008-06-19 12:00:00-04:00,short,133.97299990693,0.17373913329177526,136.58379683981335,133.64626086670822,2634,2713,2008-06-16 11:45:00-04:00,2008-06-19 12:00:00-04:00,train
SPY,head_shoulders,0,partial,2729,,2008-06-19 16:00:00-04:00,short,134.65822085625092,0.3564285714285741,134.71,134.35357142857143,2650,2729,2008-06-16 15:45:00-04:00,2008-06-19 16:00:00-04:00,train
SPY,head_shoulders,0,partial,2788,,2008-06-24 11:15:00-04:00,short,131.12574649256086,0.36499999999999894,131.32,130.95499999999998,2709,2788,2008-06-19 11:00:00-04:00,2008-06-24 11:15:00-04:00,train
SPY,head_shoulders,0,partial,2802,,2008-06-24 14:45:00-04:00,short,131.92998449721452,0.34142857142856947,131.8,131.45857142857145,2723,2802,2008-06-19 14:30:00-04:00,2008-06-24 14:45:00-04:00,train
SPY,head_shoulders,0,partial,2807,,2008-06-24 16:00:00-04:00,short,131.66761934029708,0.33571428571428286,131.24,130.90428571428572,2728,2807,2008-06-19 15:45:00-04:00,2008-06-24 16:00:00-04:00,train
SPY,head_shoulders,0,partial,2831,,2008-06-25 15:30:00-04:00,short,132.56968110424185,0.5742857142857076,132.53,131.9557142857143,2752,2831,2008-06-20 15:15:00-04:00,2008-06-25 15:30:00-04:00,train
SPY,head_shoulders,0,partial,2888,,2008-06-30 10:15:00-04:00,short,127.82526620463051,0.5028571428571423,127.73,127.22714285714287,2809,2888,2008-06-25 10:00:00-04:00,2008-06-30 10:15:00-04:00,train
SPY,head_shoulders,0,partial,2901,,2008-06-30 13:30:00-04:00,short,128.52221617769214,0.40928571428571864,128.41,128.00071428571428,2822,2901,2008-06-25 13:15:00-04:00,2008-06-30 13:30:00-04:00,train
SPY,head_shoulders,0,partial,2907,,2008-06-30 15:00:00-04:00,short,128.36462521686153,0.3142857142857188,128.23,127.91571428571427,2828,2907,2008-06-25 14:45:00-04:00,2008-06-30 15:00:00-04:00,train
SPY,head_shoulders,0,partial,2910,,2008-06-30 15:45:00-04:00,short,128.39468673432177,0.3035714285714306,128.51,128.20642857142855,2831,2910,2008-06-25 15:30:00-04:00,2008-06-30 15:45:00-04:00,train
SPY,head_shoulders,0,partial,2929,,2008-07-01 14:00:00-04:00,short,126.72393798734444,0.519285714285716,126.91,126.39071428571428,2850,2929,2008-06-26 13:45:00-04:00,2008-07-01 14:00:00-04:00,train
SPY,head_shoulders,0,partial,2945,,2008-07-02 11:30:00-04:00,short,128.50461500933687,0.5107142857142861,128.23,127.7192857142857,2866,2945,2008-06-27 11:15:00-04:00,2008-07-02 11:30:00-04:00,train
SPY,head_shoulders,0,partial,2986,,2008-07-07 15:15:00-04:00,short,124.70176007767353,0.6071428571428571,125.06,124.45285714285714,2907,2986,2008-06-30 15:00:00-04:00,2008-07-07 15:15:00-04:00,train
SPY,head_shoulders,0,partial,2992,,2008-07-08 10:15:00-04:00,short,125.0529398592186,0.7657142857142846,125.01,124.24428571428572,2913,2992,2008-07-01 10:00:00-04:00,2008-07-08 10:15:00-04:00,train
SPY,head_shoulders,0,partial,2995,,2008-07-08 11:00:00-04:00,short,124.97360630086807,0.8142857142857137,124.76,123.94571428571429,2916,2995,2008-07-01 10:45:00-04:00,2008-07-08 11:00:00-04:00,train
SPY,head_shoulders,0,failed_breakout,3002,,2008-07-08 12:45:00-04:00,short,124.48889924507658,2.3483059089175953,128.50461500933687,123.2816940910824,2923,3002,2008-07-01 12:30:00-04:00,2008-07-08 12:45:00-04:00,train
SPY,head_shoulders,0,partial,3005,,2008-07-08 13:30:00-04:00,short,125.38970899766008,0.5278571428571439,125.4,124.87214285714286,2926,3005,2008-07-01 13:15:00-04:00,2008-07-08 13:30:00-04:00,train
SPY,head_shoulders,0,partial,3008,,2008-07-08 14:15:00-04:00,short,125.33660081094911,0.47142857142857103,125.17,124.69857142857143,2929,3008,2008-07-01 14:00:00-04:00,2008-07-08 14:15:00-04:00,train
SPY,head_shoulders,0,partial,3027,,2008-07-09 12:30:00-04:00,short,127.2381745817545,0.461428571428572,127.13,126.66857142857143,2948,3027,2008-07-02 12:15:00-04:00,2008-07-09 12:30:00-04:00,train
SPY,head_shoulders,0,partial,3051,,2008-07-10 12:00:00-04:00,short,124.63024184570749,0.6471428571428584,124.77,124.12285714285714,2972,3051,2008-07-07 11:45:00-04:00,2008-07-10 12:00:00-04:00,train
SPY,head_shoulders,0,partial,3060,,2008-07-10 14:15:00-04:00,short,124.99039112257877,0.5185714285714299,124.98,124.46142857142857,2981,3060,2008-07-07 14:00:00-04:00,2008-07-10 14:15:00-04:00,train
SPY,head_shoulders,1,confirmed_breakout,3070,3071.0,2008-07-11 10:15:00-04:00,short,124.30170279210674,2.2136858717261134,127.2381745817545,121.29631412827389,2991,3070,2008-07-08 10:00:00-04:00,2008-07-11 10:15:00-04:00,train
SPY,head_shoulders,0,partial,3084,,2008-07-11 13:45:00-04:00,short,123.21925048682216,0.6357142857142851,123.45,122.81428571428572,3005,3084,2008-07-08 13:30:00-04:00,2008-07-11 13:45:00-04:00,train
SPY,head_shoulders,0,partial,3099,,2008-07-14 11:00:00-04:00,short,124.12883351303428,1.0650000000000008,124.29,123.22500000000001,3020,3099,2008-07-09 10:45:00-04:00,2008-07-14 11:00:00-04:00,train
SPY,head_shoulders,0,partial,3116,,2008-07-14 15:15:00-04:00,short,123.01063944940434,0.5607142857142853,122.75,122.18928571428572,3037,3116,2008-07-09 15:00:00-04:00,2008-07-14 15:15:00-04:00,train
SPY,head_shoulders,0,partial,3118,,2008-07-14 15:45:00-04:00,short,123.07011851980756,0.5878571428571421,123.35,122.76214285714285,3039,3118,2008-07-09 15:30:00-04:00,2008-07-14 15:45:00-04:00,train
SPY,head_shoulders,0,partial,3128,,2008-07-15 11:45:00-04:00,short,121.57026219448741,0.8135714285714296,121.24,120.42642857142856,3049,3128,2008-07-10 11:30:00-04:00,2008-07-15 11:45:00-04:00,train
SPY,head_shoulders,0,partial,3143,,2008-07-15 15:30:00-04:00,short,122.56754030542596,0.7049999999999983,122.43,121.72500000000001,3064,3143,2008-07-10 15:15:00-04:00,2008-07-15 15:30:00-04:00,train
SPY,head_shoulders,0,partial,3149,,2008-07-16 10:30:00-04:00,short,122.14314175559306,0.7785714285714279,121.89,121.11142857142858,3070,3149,2008-07-11 10:15:00-04:00,2008-07-16 10:30:00-04:00,train
SPY,head_shoulders,0,partial,3197,,2008-07-17 16:00:00-04:00,short,125.61392381255622,0.5028571428571443,125.91,125.40714285714286,3118,3197,2008-07-14 15:45:00-04:00,2008-07-17 16:00:00-04:00,train
SPY,head_shoulders,0,partial,3199,,2008-07-18 10:00:00-04:00,short,125.59286661882533,0.5521428571428585,125.41,124.85785714285714,3120,3199,2008-07-15 09:45:00-04:00,2008-07-18 10:00:00-04:00,train
SPY,head_shoulders,0,partial,3207,,2008-07-18 12:00:00-04:00,short,125.78026503622617,0.5514285714285734,125.71,125.15857142857142,3128,3207,2008-07-15 11:45:00-04:00,2008-07-18 12:00:00-04:00,train
SPY,head_shoulders,0,partial,3215,,2008-07-18 14:00:00-04:00,short,125.59930080296526,0.43857142857143167,125.62,125.18142857142857,3136,3215,2008-07-15 13:45:00-04:00,2008-07-18 14:00:00-04:00,train
SPY,head_shoulders,0,partial,3218,,2008-07-18 14:45:00-04:00,short,125.6603405132888,0.3635714285714308,125.73,125.36642857142857,3139,3218,2008-07-15 14:30:00-04:00,2008-07-18 14:45:00-04:00,train
SPY,head_shoulders,0,partial,3220,,2008-07-18 15:15:00-04:00,short,125.64474139978657,0.3464285714285741,125.63,125.28357142857142,3141,3220,2008-07-15 15:00:00-04:00,2008-07-18 15:15:00-04:00,train
SPY,head_shoulders,0,failed_breakout,3228,,2008-07-21 10:45:00-04:00,short,125.6005072124915,0.18418132533086862,125.78026503622617,126.20581867466913,3149,3228,2008-07-16 10:30:00-04:00,2008-07-21 10:45:00-04:00,train
SPY,head_shoulders,0,partial,3231,,2008-07-21 11:30:00-04:00,short,126.22289289970506,0.3899999999999985,126.34,125.95,3152,3231,2008-07-16 11:15:00-04:00,2008-07-21 11:30:00-04:00,train
SPY,head_shoulders,0,partial,3238,,2008-07-21 13:15:00-04:00,short,126.06774964174862,0.34214285714285453,126.03,125.68785714285714,3159,3238,2008-07-16 13:00:00-04:00,2008-07-21 13:15:00-04:00,train
SPY,head_shoulders,0,partial,3289,,2008-07-23 13:00:00-04:00,short,128.18934257209008,0.4414285714285699,128.2,127.75857142857141,3210,3289,2008-07-18 12:45:00-04:00,2008-07-23 13:00:00-04:00,train
SPY,head_shoulders,0,partial,3294,,2008-07-23 14:15:00-04:00,short,128.14518811259032,0.43357142857142705,128.16,127.72642857142857,3215,3294,2008-07-18 14:00:00-04:00,2008-07-23 14:15:00-04:00,train
SPY,head_shoulders,0,partial,3298,,2008-07-23 15:15:00-04:00,short,128.2021781860931,0.46499999999999936,128.27,127.805,3219,3298,2008-07-18 15:00:00-04:00,2008-07-23 15:15:00-04:00,train
SPY,head_shoulders,0,partial,3332,,2008-07-25 10:45:00-04:00,short,125.84519921682448,0.4800000000000019,125.84,125.36,3253,3332,2008-07-22 10:30:00-04:00,2008-07-25 10:45:00-04:00,train
SPY,head_shoulders,0,partial,3336,,2008-07-25 11:45:00-04:00,short,125.91723837905457,0.5057142857142856,126.1,125.5942857142857,3257,3336,2008-07-22 11:30:00-04:00,2008-07-25 11:45:00-04:00,train
SPY,head_shoulders,0,partial,3339,,2008-07-25 12:30:00-04:00,short,125.89999080107687,0.47142857142857103,125.79,125.31857142857143,3260,3339,2008-07-22 12:15:00-04:00,2008-07-25 12:30:00-04:00,train
SPY,head_shoulders,0,partial,3341,,2008-07-25 13:00:00-04:00,short,125.90907619979991,0.442142857142857,125.94,125.49785714285714,3262,3341,2008-07-22 12:45:00-04:00,2008-07-25 13:00:00-04:00,train
SPY,head_shoulders,0,failed_breakout,3346,,2008-07-25 14:15:00-04:00,short,125.60309512253335,0.2990941677939247,128.2021781860931,125.33090583220607,3267,3346,2008-07-22 14:00:00-04:00,2008-07-25 14:15:00-04:00,train
SPY,head_shoulders,0,partial,3352,,2008-07-25 15:45:00-04:00,short,125.58013241355327,0.3578571428571432,125.4,125.04214285714286,3273,3352,2008-07-22 15:30:00-04:00,2008-07-25 15:45:00-04:00,train
SPY,head_shoulders,0,partial,3357,,2008-07-28 10:30:00-04:00,short,125.65089992991246,0.37428571428571494,125.72,125.34571428571428,3278,3357,2008-07-23 10:15:00-04:00,2008-07-28 10:30:00-04:00,train
SPY,head_shoulders,0,partial,3380,,2008-07-29 09:45:00-04:00,short,124.06706780651353,0.3500000000000004,123.97,123.62,3301,3380,2008-07-23 16:00:00-04:00,2008-07-29 09:45:00-04:00,train
SPY,head_shoulders,0,partial,3417,,2008-07-30 12:30:00-04:00,short,127.36863104049044,0.7949999999999997,127.29,126.495,3338,3417,2008-07-25 12:15:00-04:00,2008-07-30 12:30:00-04:00,train
SPY,head_shoulders,0,partial,3425,,2008-07-30 14:30:00-04:00,short,127.05730221269673,0.5542857142857146,127.16,126.60571428571428,3346,3425,2008-07-25 14:15:00-04:00,2008-07-30 14:30:00-04:00,train
SPY,head_shoulders,0,partial,3439,,2008-07-31 11:30:00-04:00,short,128.0928781983794,0.5428571428571415,127.89,127.34714285714286,3360,3439,2008-07-28 11:15:00-04:00,2008-07-31 11:30:00-04:00,train
SPY,head_shoulders,0,partial,3451,,2008-07-31 14:30:00-04:00,short,127.76231155581924,0.4057142857142862,127.72,127.31428571428572,3372,3451,2008-07-28 14:15:00-04:00,2008-07-31 14:30:00-04:00,train
SPY,head_shoulders,0,partial,3454,,2008-07-31 15:15:00-04:00,short,127.87673194082096,0.41999999999999965,128.18,127.76,3375,3454,2008-07-28 15:00:00-04:00,2008-07-31 15:15:00-04:00,train
SPY,head_shoulders,1,confirmed_breakout,3455,3456.0,2008-07-31 15:30:00-04:00,short,127.8978902756505,0.6559555701551574,128.0928781983794,126.44404442984484,3376,3455,2008-07-28 15:15:00-04:00,2008-07-31 15:30:00-04:00,train
SPY,head_shoulders,0,partial,3473,,2008-08-01 13:30:00-04:00,short,126.07833782479544,0.49214285714285716,126.22,125.72785714285715,3394,3473,2008-07-29 13:15:00-04:00,2008-08-01 13:30:00-04:00,train
SPY,head_shoulders,0,partial,3475,,2008-08-01 14:00:00-04:00,short,126.09137440542243,0.47714285714285765,126.2,125.72285714285715,3396,3475,2008-07-29 13:45:00-04:00,2008-08-01 14:00:00-04:00,train
SPY,head_shoulders,0,partial,3477,,2008-08-01 14:30:00-04:00,short,126.0595074092799,0.4557142857142854,126.04,125.58428571428573,3398,3477,2008-07-29 14:15:00-04:00,2008-08-01 14:30:00-04:00,train
SPY,head_shoulders,0,partial,3483,,2008-08-01 16:00:00-04:00,short,126.14897399177934,0.48499999999999943,126.11,125.625,3404,3483,2008-07-29 15:45:00-04:00,2008-08-01 16:00:00-04:00,train
SPY,head_shoulders,0,partial,3493,,2008-08-04 12:00:00-04:00,short,125.40926778169876,0.4414285714285709,125.6,125.15857142857142,3414,3493,2008-07-30 11:45:00-04:00,2008-08-04 12:00:00-04:00,train
SPY,head_shoulders,0,partial,3496,,2008-08-04 12:45:00-04:00,short,125.43709888273241,0.4278571428571435,125.57,125.14214285714284,3417,3496,2008-07-30 12:30:00-04:00,2008-08-04 12:45:00-04:00,train
SPY,head_shoulders,0,partial,3499,,2008-08-04 13:30:00-04:00,short,125.40586550265783,0.3728571428571428,125.28,124.90714285714286,3420,3499,2008-07-30 13:15:00-04:00,2008-08-04 13:30:00-04:00,train
SPY,head_shoulders,0,failed_breakout,3506,,2008-08-04 15:15:00-04:00,short,125.2873478515273,0.3333064428423711,126.14897399177934,125.40669355715762,3427,3506,2008-07-30 15:00:00-04:00,2008-08-04 15:15:00-04:00,train
SPY,head_shoulders,0,partial,3509,,2008-08-04 16:00:00-04:00,short,125.44659435304027,0.32500000000000184,124.92,124.595,3430,3509,2008-07-30 15:45:00-04:00,2008-08-04 16:00:00-04:00,train
SPY,head_shoulders,0,partial,3561,,2008-08-06 16:00:00-04:00,short,128.8509063583731,0.2942857142857126,129.09,128.7957142857143,3482,3561,2008-08-01 15:45:00-04:00,2008-08-06 16:00:00-04:00,train
SPY,head_shoulders,0,partial,3574,,2008-08-07 12:45:00-04:00,short,128.07352717933077,0.6671428571428615,128.13,127.46285714285713,3495,3574,2008-08-04 12:30:00-04:00,2008-08-07 12:45:00-04:00,train
SPY,head_shoulders,0,partial,3578,,2008-08-07 13:45:00-04:00,short,128.1412802192382,0.4664285714285735,128.34,127.87357142857142,3499,3578,2008-08-04 13:30:00-04:00,2008-08-07 13:45:00-04:00,train
SPY,head_shoulders,0,partial,3589,,2008-08-08 10:00:00-04:00,short,127.4039922605798,0.4950000000000025,127.36,126.865,3510,3589,2008-08-05 09:45:00-04:00,2008-08-08 10:00:00-04:00,train
SPY,head_shoulders,0,partial,3633,,2008-08-11 14:30:00-04:00,short,130.90868525063482,0.3114285714285724,130.71,130.39857142857144,3554,3633,2008-08-06 14:15:00-04:00,2008-08-11 14:30:00-04:00,train
SPY,head_shoulders,0,partial,3680,,2008-08-13 13:15:00-04:00,short,128.10195895894307,0.3700000000000005,128.07,127.69999999999999,3601,3680,2008-08-08 13:00:00-04:00,2008-08-13 13:15:00-04:00,train
SPY,head_shoulders,0,partial,3691,,2008-08-13 16:00:00-04:00,short,128.85957198653296,0.47285714285714825,128.82,128.34714285714284,3612,3691,2008-08-08 15:45:00-04:00,2008-08-13 16:00:00-04:00,train
SPY,head_shoulders,0,partial,3694,,2008-08-14 10:15:00-04:00,short,128.73358268284613,0.5721428571428626,128.44,127.86785714285713,3615,3694,2008-08-11 10:00:00-04:00,2008-08-14 10:15:00-04:00,train
SPY,head_shoulders,0,partial,3711,,2008-08-14 14:30:00-04:00,short,129.72102679895147,0.45285714285714107,129.7,129.24714285714285,3632,3711,2008-08-11 14:15:00-04:00,2008-08-14 14:30:00-04:00,train
SPY,head_shoulders,0,partial,3717,,2008-08-14 16:00:00-04:00,short,129.53344678480596,0.3921428571428578,129.54,129.14785714285713,3638,3717,2008-08-11 15:45:00-04:00,2008-08-14 16:00:00-04:00,train
SPY,head_shoulders,0,partial,3727,,2008-08-15 12:00:00-04:00,short,129.9386179203613,0.45214285714286007,129.89,129.43785714285713,3648,3727,2008-08-12 11:45:00-04:00,2008-08-15 12:00:00-04:00,train
SPY,head_shoulders,0,partial,3729,,2008-08-15 12:30:00-04:00,short,129.91988177767658,0.4450000000000013,129.78,129.335,3650,3729,2008-08-12 12:15:00-04:00,2008-08-15 12:30:00-04:00,train
SPY,head_shoulders,0,partial,3732,,2008-08-15 13:15:00-04:00,short,129.94861264176834,0.3707142857142876,129.99,129.61928571428572,3653,3732,2008-08-12 13:00:00-04:00,2008-08-15 13:15:00-04:00,train
SPY,head_shoulders,0,partial,3740,,2008-08-15 15:15:00-04:00,short,129.8397876863359,0.21142857142857402,129.87,129.65857142857143,3661,3740,2008-08-12 15:00:00-04:00,2008-08-15 15:15:00-04:00,train
SPY,head_shoulders,0,partial,3744,,2008-08-18 09:45:00-04:00,short,129.90511753116124,0.2250000000000004,129.91,129.685,3665,3744,2008-08-12 16:00:00-04:00,2008-08-18 09:45:00-04:00,train
SPY,head_shoulders,1,confirmed_breakout,3752,3753.0,2008-08-18 11:45:00-04:00,short,129.7451310329333,0.05057470718466561,129.94861264176834,129.02942529281535,3673,3752,2008-08-13 11:30:00-04:00,2008-08-18 11:45:00-04:00,train
SPY,head_shoulders,0,partial,3783,,2008-08-19 13:00:00-04:00,short,126.98866589548446,0.46000000000000085,127.04,126.58000000000001,3704,3783,2008-08-14 12:45:00-04:00,2008-08-19 13:00:00-04:00,train
SPY,head_shoulders,0,partial,3786,,2008-08-19 13:45:00-04:00,short,127.02977112967424,0.374285714285719,127.21,126.83571428571427,3707,3786,2008-08-14 13:30:00-04:00,2008-08-19 13:45:00-04:00,train
SPY,head_shoulders,0,partial,3798,,2008-08-20 10:15:00-04:00,short,126.85807633021824,0.37428571428571594,126.8,126.42571428571428,3719,3798,2008-08-15 10:00:00-04:00,2008-08-20 10:15:00-04:00,train
SPY,head_shoulders,0,partial,3805,,2008-08-20 12:00:00-04:00,short,127.24573661014581,0.43928571428571267,127.36,126.92071428571428,3726,3805,2008-08-15 11:45:00-04:00,2008-08-20 12:00:00-04:00,train
SPY,head_shoulders,0,partial,3816,,2008-08-20 14:45:00-04:00,short,127.03645239567423,0.32214285714285545,126.91,126.58785714285715,3737,3816,2008-08-15 14:30:00-04:00,2008-08-20 14:45:00-04:00,train
SPY,head_shoulders,0,partial,3825,,2008-08-21 10:30:00-04:00,short,127.22147039461002,0.48999999999999894,127.4,126.91000000000001,3746,3825,2008-08-18 10:15:00-04:00,2008-08-21 10:30:00-04:00,train
SPY,head_shoulders,0,partial,3828,,2008-08-21 11:15:00-04:00,short,127.1829644886527,0.5114285714285691,126.99,126.47857142857143,3749,3828,2008-08-18 11:00:00-04:00,2008-08-21 11:15:00-04:00,train
SPY,head_shoulders,0,failed_breakout,3835,,2008-08-21 13:00:00-04:00,short,127.12564042840222,0.31829181002801477,127.24573661014581,127.10170818997199,3756,3835,2008-08-18 12:45:00-04:00,2008-08-21 13:00:00-04:00,train
SPY,head_shoulders,0,partial,3857,,2008-08-22 12:00:00-04:00,short,129.00957482835048,0.41714285714286653,129.05,128.63285714285715,3778,3857,2008-08-19 11:45:00-04:00,2008-08-22 12:00:00-04:00,train
SPY,head_shoulders,0,partial,3860,,2008-08-22 12:45:00-04:00,short,128.97913052375046,0.4171428571428645,128.88,128.46285714285713,3781,3860,2008-08-19 12:30:00-04:00,2008-08-22 12:45:00-04:00,train
SPY,head_shoulders,0,partial,3873,,2008-08-22 16:00:00-04:00,short,129.24918719338044,0.2685714285714279,129.52,129.2514285714286,3794,3873,2008-08-19 15:45:00-04:00,2008-08-22 16:00:00-04:00,train
SPY,head_shoulders,0,partial,3923,,2008-08-26 15:30:00-04:00,short,126.98252130442127,0.2799999999999991,127.04,126.76,3844,3923,2008-08-21 15:15:00-04:00,2008-08-26 15:30:00-04:00,train
SPY,head_shoulders,0,partial,3948,,2008-08-27 15:15:00-04:00,short,128.48539748710982,0.3028571428571435,128.44,128.13714285714286,3869,3948,2008-08-22 15:00:00-04:00,2008-08-27 15:15:00-04:00,train
SPY,head_shoulders,0,partial,3950,,2008-08-27 15:45:00-04:00,short,128.42469373519612,0.28999999999999915,128.19,127.9,3871,3950,2008-08-22 15:30:00-04:00,2008-08-27 15:45:00-04:00,train
SPY,head_shoulders,0,partial,3978,,2008-08-29 09:45:00-04:00,short,130.05133541794726,0.259999999999999,129.99,129.73000000000002,3899,3978,2008-08-25 16:00:00-04:00,2008-08-29 09:45:00-04:00,train
SPY,head_shoulders,0,partial,4003,,2008-08-29 16:00:00-04:00,short,129.12271652714287,0.3278571428571451,128.69,128.36214285714286,3924,4003,2008-08-26 15:45:00-04:00,2008-08-29 16:00:00-04:00,train
SPY,head_shoulders,0,partial,4014,,2008-09-02 12:15:00-04:00,short,129.7787403708579,0.5507142857142883,129.72,129.1692857142857,3935,4014,2008-08-27 12:00:00-04:00,2008-09-02 12:15:00-04:00,train
SPY,head_shoulders,1,confirmed_breakout,4020,4021.0,2008-09-02 13:45:00-04:00,short,129.3597808715776,1.257874924741543,130.05133541794726,127.12212507525845,3941,4020,2008-08-27 13:30:00-04:00,2008-09-02 13:45:00-04:00,train
SPY,head_shoulders,0,partial,4052,,2008-09-03 15:15:00-04:00,short,127.35898713006833,0.3628571428571407,127.32,126.95714285714286,3973,4052,2008-08-28 15:00:00-04:00,2008-09-03 15:15:00-04:00,train
SPY,head_shoulders,0,partial,4055,,2008-09-03 16:00:00-04:00,short,127.46821042826376,0.41857142857142854,127.96,127.54142857142857,3976,4055,2008-08-28 15:45:00-04:00,2008-09-03 16:00:00-04:00,train
SPY,head_shoulders,0,partial,4092,,2008-09-05 12:15:00-04:00,short,123.09036142044545,0.6778571428571435,123.15,122.47214285714286,4013,4092,2008-09-02 12:00:00-04:00,2008-09-05 12:15:00-04:00,train
SPY,head_shoulders,0,partial,4117,,2008-09-08 12:00:00-04:00,short,126.22386533252954,1.2392857142857179,125.82,124.58071428571428,4038,4117,2008-09-03 11:45:00-04:00,2008-09-08 12:00:00-04:00,train
SPY,head_shoulders,0,partial,4126,,2008-09-08 14:15:00-04:00,short,125.9500611805754,0.8842857142857129,126.05,125.16571428571429,4047,4126,2008-09-03 14:00:00-04:00,2008-09-08 14:15:00-04:00,train
SPY,head_shoulders,0,partial,4137,,2008-09-09 10:30:00-04:00,short,126.57180554621188,0.6214285714285737,126.3,125.67857142857142,4058,4137,2008-09-04 10:15:00-04:00,2008-09-09 10:30:00-04:00,train
SPY,head_shoulders,0,partial,4170,,2008-09-10 12:15:00-04:00,short,123.41324928115482,0.6678571428571415,123.58,122.91214285714285,4091,4170,2008-09-05 12:00:00-04:00,2008-09-10 12:15:00-04:00,train
SPY,head_shoulders,0,partial,4184,,2008-09-10 15:45:00-04:00,short,124.10072118865057,0.6014285714285705,124.07,123.46857142857142,4105,4184,2008-09-05 15:30:00-04:00,2008-09-10 15:45:00-04:00,train
SPY,head_shoulders,1,confirmed_breakout,4185,4186.0,2008-09-10 16:00:00-04:00,short,122.49077222682006,1.2559473404916162,126.57180554621188,120.36405265950839,4106,4185,2008-09-05 15:45:00-04:00,2008-09-10 16:00:00-04:00,train
SPY,head_shoulders,0,partial,4193,,2008-09-11 11:30:00-04:00,short,122.97023529400725,0.7035714285714282,122.91,122.20642857142857,4114,4193,2008-09-08 11:15:00-04:00,2008-09-11 11:30:00-04:00,train
SPY,head_shoulders,0,partial,4199,,2008-09-11 13:00:00-04:00,short,123.2365285080686,0.6850000000000003,123.38,122.695,4120,4199,2008-09-08 12:45:00-04:00,2008-09-11 13:00:00-04:00,train
SPY,head_shoulders,0,partial,4201,,2008-09-11 13:30:00-04:00,short,123.21788105280683,0.5685714285714282,123.02,122.45142857142856,4122,4201,2008-09-08 13:15:00-04:00,2008-09-11 13:30:00-04:00,train
SPY,head_shoulders,0,partial,4224,,2008-09-12 12:45:00-04:00,short,125.13771371477327,0.6528571428571429,125.23,124.57714285714286,4145,4224,2008-09-09 12:30:00-04:00,2008-09-12 12:45:00-04:00,train
SPY,head_shoulders,0,partial,4231,,2008-09-12 14:30:00-04:00,short,125.0752105040475,0.48571428571428654,124.99,124.50428571428571,4152,4231,2008-09-09 14:15:00-04:00,2008-09-12 14:30:00-04:00,train
SPY,head_shoulders,0,partial,4237,,2008-09-12 16:00:00-04:00,short,125.3867660479935,0.547857142857144,125.75,125.20214285714286,4158,4237,2008-09-09 15:45:00-04:00,2008-09-12 16:00:00-04:00,train
SPY,head_shoulders,0,partial,4274,,2008-09-16 12:15:00-04:00,short,119.57850297775825,1.3028571428571425,119.63,118.32714285714286,4195,4274,2008-09-11 12:00:00-04:00,2008-09-16 12:15:00-04:00,train
SPY,head_shoulders,0,partial,4281,,2008-09-16 14:00:00-04:00,short,119.84514793236202,0.836428571428571,119.69,118.85357142857143,4202,4281,2008-09-11 13:45:00-04:00,2008-09-16 14:00:00-04:00,train
SPY,head_shoulders,0,partial,4283,,2008-09-16 14:30:00-04:00,short,119.59464946423397,0.933571428571428,118.75,117.81642857142857,4204,4283,2008-09-11 14:15:00-04:00,2008-09-16 14:30:00-04:00,train
SPY,head_shoulders,0,partial,4289,,2008-09-16 16:00:00-04:00,short,120.49454032985734,1.1985714285714277,121.96,120.76142857142857,4210,4289,2008-09-11 15:45:00-04:00,2008-09-16 16:00:00-04:00,train
SPY,head_shoulders,0,near_miss,4291,,2008-09-17 10:00:00-04:00,short,119.57850297775825,5.541618115631479,125.3867660479935,114.52838188436851,4212,4291,2008-09-12 09:45:00-04:00,2008-09-17 10:00:00-04:00,train
SPY,head_shoulders,0,partial,4308,,2008-09-17 14:15:00-04:00,short,117.59789644761727,1.0114285714285742,117.09,116.07857142857142,4229,4308,2008-09-12 14:00:00-04:00,2008-09-17 14:15:00-04:00,train
SPY,head_shoulders,0,partial,4313,,2008-09-17 15:30:00-04:00,short,118.11146518810477,1.145000000000002,118.72,117.575,4234,4313,2008-09-12 15:15:00-04:00,2008-09-17 15:30:00-04:00,train
SPY,head_shoulders,1,confirmed_breakout,4314,4315.0,2008-09-17 15:45:00-04:00,short,117.0388056029646,1.3791115896113837,120.49454032985734,114.92088841038861,4235,4314,2008-09-12 15:30:00-04:00,2008-09-17 15:45:00-04:00,train
SPY,head_shoulders,0,partial,4316,,2008-09-18 09:45:00-04:00,short,117.88449879334719,1.297857142857146,117.78,116.48214285714286,4237,4316,2008-09-12 16:00:00-04:00,2008-09-18 09:45:00-04:00,train
SPY,head_shoulders,0,partial,4319,,2008-09-18 10:30:00-04:00,short,118.01228877398276,1.3235714285714326,118.31,116.98642857142858,4240,4319,2008-09-15 10:15:00-04:00,2008-09-18 10:30:00-04:00,train
SPY,head_shoulders,0,partial,4331,,2008-09-18 13:30:00-04:00,short,116.02575871770061,0.9721428571428571,116.13,115.15785714285714,4252,4331,2008-09-15 13:15:00-04:00,2008-09-18 13:30:00-04:00,train
SPY,head_shoulders,0,partial,4359,,2008-09-19 14:00:00-04:00,short,125.14862979668885,1.0921428571428586,124.82,123.72785714285713,4280,4359,2008-09-16 13:45:00-04:00,2008-09-19 14:00:00-04:00,train
SPY,head_shoulders,0,partial,4414,,2008-09-23 14:45:00-04:00,short,119.79255298433465,0.6928571428571441,119.85,119.15714285714284,4335,4414,2008-09-18 14:30:00-04:00,2008-09-23 14:45:00-04:00,train
SPY,head_shoulders,0,partial,4417,,2008-09-23 15:30:00-04:00,short,119.91994548130877,0.7878571428571449,120.34,119.55214285714285,4338,4417,2008-09-18 15:15:00-04:00,2008-09-23 15:30:00-04:00,train
SPY,head_shoulders,0,partial,4433,,2008-09-24 13:00:00-04:00,short,118.7057675560807,0.6107142857142855,118.57,117.95928571428571,4354,4433,2008-09-19 12:45:00-04:00,2008-09-24 13:00:00-04:00,train
SPY,head_shoulders,0,partial,4440,,2008-09-24 14:45:00-04:00,short,118.9540560101424,0.6478571428571434,119.44,118.79214285714285,4361,4440,2008-09-19 14:30:00-04:00,2008-09-24 14:45:00-04:00,train
SPY,head_shoulders,0,partial,4445,,2008-09-24 16:00:00-04:00,short,118.83898002732145,0.7435714285714293,118.84,118.09642857142858,4366,4445,2008-09-19 15:45:00-04:00,2008-09-24 16:00:00-04:00,train
SPY,head_shoulders,0,partial,4464,,2008-09-25 14:15:00-04:00,short,121.19713656398979,0.7007142857142858,120.98,120.27928571428572,4385,4464,2008-09-22 14:00:00-04:00,2008-09-25 14:15:00-04:00,train
SPY,head_shoulders,0,partial,4485,,2008-09-26 13:00:00-04:00,short,119.32718107955515,0.7214285714285721,119.57,118.84857142857142,4406,4485,2008-09-23 12:45:00-04:00,2008-09-26 13:00:00-04:00,train
SPY,head_shoulders,1,confirmed_breakout,4497,4498.0,2008-09-26 16:00:00-04:00,short,119.4858464215311,2.126261036857329,121.19713656398979,116.31373896314267,4418,4497,2008-09-23 15:45:00-04:00,2008-09-26 16:00:00-04:00,train
SPY,head_shoulders,0,partial,4525,,2008-09-30 10:00:00-04:00,short,113.44215494302516,1.9314285714285748,113.11,111.17857142857143,4446,4525,2008-09-25 09:45:00-04:00,2008-09-30 10:00:00-04:00,train
SPY,head_shoulders,0,partial,4551,,2008-10-01 10:00:00-04:00,short,115.51121184385833,0.7414285714285701,115.27,114.52857142857142,4472,4551,2008-09-26 09:45:00-04:00,2008-10-01 10:00:00-04:00,train
SPY,head_shoulders,0,partial,4559,,2008-10-01 12:00:00-04:00,short,114.88137395585194,0.7614285714285691,114.93,114.16857142857144,4480,4559,2008-09-26 11:45:00-04:00,2008-10-01 12:00:00-04:00,train
SPY,head_shoulders,0,partial,4575,,2008-10-01 16:00:00-04:00,short,115.91645830675465,0.7235714285714293,116.0,115.27642857142857,4496,4575,2008-09-26 15:45:00-04:00,2008-10-01 16:00:00-04:00,train
SPY,head_shoulders,0,partial,4601,,2008-10-02 16:00:00-04:00,short,112.04185398865077,0.6864285714285734,111.3,110.61357142857142,4522,4601,2008-09-29 15:45:00-04:00,2008-10-02 16:00:00-04:00,train
SPY,head_shoulders,0,partial,4616,,2008-10-03 13:15:00-04:00,short,114.18571093393133,0.8178571428571421,114.83,114.01214285714286,4537,4616,2008-09-30 13:00:00-04:00,2008-10-03 13:15:00-04:00,train
SPY,head_shoulders,1,confirmed_breakout,4626,4628.0,2008-10-03 15:45:00-04:00,short,110.21644829545002,2.116806243169819,115.91645830675465,104.95319375683017,4547,4626,2008-09-30 15:30:00-04:00,2008-10-03 15:45:00-04:00,train
SPY,head_shoulders,0,partial,4650,,2008-10-06 15:15:00-04:00,short,102.90989054367965,1.383571428571427,103.55,102.16642857142857,4571,4650,2008-10-01 15:00:00-04:00,2008-10-06 15:15:00-04:00,train
SPY,head_shoulders,0,partial,4663,,2008-10-07 12:00:00-04:00,short,105.34267148360723,1.4514285714285708,105.16,103.70857142857143,4584,4663,2008-10-02 11:45:00-04:00,2008-10-07 12:00:00-04:00,train
SPY,head_shoulders,0,partial,4693,,2008-10-08 13:00:00-04:00,short,98.52709632613242,1.8014285714285683,97.97,96.16857142857143,4614,4693,2008-10-03 12:45:00-04:00,2008-10-08 13:00:00-04:00,train
SPY,head_shoulders,0,partial,4704,,2008-10-08 15:45:00-04:00,short,100.51975572966776,1.5157142857142847,100.75,99.23428571428572,4625,4704,2008-10-03 15:30:00-04:00,2008-10-08 15:45:00-04:00,train
SPY,head_shoulders,0,partial,4753,,2008-10-10 15:00:00-04:00,short,86.01057895280789,2.076428571428569,85.2,83.12357142857144,4674,4753,2008-10-07 14:45:00-04:00,2008-10-10 15:00:00-04:00,train
SPY,head_shoulders,0,partial,4799,,2008-10-14 13:30:00-04:00,short,100.8024001514485,1.1607142857142867,100.69,99.5292857142857,4720,4799,2008-10-09 13:15:00-04:00,2008-10-14 13:30:00-04:00,train
SPY,head_shoulders,0,partial,4807,,2008-10-14 15:30:00-04:00,short,99.52328872853639,1.095714285714287,99.65,98.55428571428573,4728,4807,2008-10-09 15:15:00-04:00,2008-10-14 15:30:00-04:00,train
SPY,head_shoulders,0,partial,4809,,2008-10-14 16:00:00-04:00,short,99.52731196575174,1.240714285714288,99.91,98.6692857142857,4730,4809,2008-10-09 15:45:00-04:00,2008-10-14 16:00:00-04:00,train
SPY,head_shoulders,0,partial,4845,,2008-10-16 12:00:00-04:00,short,89.42936582434085,1.8142857142857156,89.25,87.43571428571428,4766,4845,2008-10-13 11:45:00-04:00,2008-10-16 12:00:00-04:00,train
SPY,head_shoulders,0,partial,4883,,2008-10-17 15:00:00-04:00,short,96.38469287603382,1.4028571428571408,96.3,94.89714285714285,4804,4883,2008-10-14 14:45:00-04:00,2008-10-17 15:00:00-04:00,train
SPY,head_shoulders,0,partial,4896,,2008-10-20 11:45:00-04:00,short,95.55278591762738,1.4100000000000037,95.67,94.25999999999999,4817,4896,2008-10-15 11:30:00-04:00,2008-10-20 11:45:00-04:00,train
SPY,head_shoulders,0,partial,4921,,2008-10-21 11:30:00-04:00,short,97.57129530044004,1.0549999999999977,97.39,96.33500000000001,4842,4921,2008-10-16 11:15:00-04:00,2008-10-21 11:30:00-04:00,train
SPY,head_shoulders,0,partial,4932,,2008-10-21 14:15:00-04:00,short,96.44209227140954,0.7200000000000019,96.67,95.95,4853,4932,2008-10-16 14:00:00-04:00,2008-10-21 14:15:00-04:00,train
SPY,head_shoulders,1,confirmed_breakout,4937,4938.0,2008-10-21 15:30:00-04:00,short,96.5903099970399,1.4009355260194951,97.57129530044004,94.6990644739805,4858,4937,2008-10-16 15:15:00-04:00,2008-10-21 15:30:00-04:00,train
SPY,head_shoulders,0,partial,4969,,2008-10-23 10:30:00-04:00,short,90.14091033775647,1.702142857142855,89.75,88.04785714285714,4890,4969,2008-10-20 10:15:00-04:00,2008-10-23 10:30:00-04:00,train
SPY,head_shoulders,0,partial,4975,,2008-10-23 12:00:00-04:00,short,90.8468763116438,1.84642857142857,91.41,89.56357142857142,4896,4975,2008-10-20 11:45:00-04:00,2008-10-23 12:00:00-04:00,train
SPY,head_shoulders,0,partial,4998,,2008-10-24 11:15:00-04:00,short,87.4128420152681,2.2364285714285717,87.07,84.83357142857142,4919,4998,2008-10-21 11:00:00-04:00,2008-10-24 11:15:00-04:00,train
SPY,head_shoulders,0,partial,5002,,2008-10-24 12:15:00-04:00,short,87.68015558254288,2.0121428571428575,88.25,86.23785714285714,4923,5002,2008-10-21 12:00:00-04:00,2008-10-24 12:15:00-04:00,train
SPY,head_shoulders,0,partial,5011,,2008-10-24 14:30:00-04:00,short,87.17937860585027,1.0499999999999983,86.92,85.87,4932,5011,2008-10-21 14:15:00-04:00,2008-10-24 14:30:00-04:00,train
SPY,head_shoulders,0,partial,5036,,2008-10-27 14:15:00-04:00,short,88.2181052988823,1.0421428571428584,88.31,87.26785714285714,4957,5036,2008-10-22 14:00:00-04:00,2008-10-27 14:15:00-04:00,train
SPY,head_shoulders,0,partial,5055,,2008-10-28 12:30:00-04:00,short,86.16358157275278,1.288571428571425,86.01,84.72142857142858,4976,5055,2008-10-23 12:15:00-04:00,2008-10-28 12:30:00-04:00,train
SPY,head_shoulders,0,partial,5098,,2008-10-30 10:15:00-04:00,short,95.01834460894933,1.741428571428571,95.53,93.78857142857143,5019,5098,2008-10-27 10:00:00-04:00,2008-10-30 10:15:00-04:00,train
SPY,head_shoulders,0,partial,5112,,2008-10-30 13:45:00-04:00,short,94.20254776190875,0.9221428571428569,93.93,93.00785714285715,5033,5112,2008-10-27 13:30:00-04:00,2008-10-30 13:45:00-04:00,train
SPY,head_shoulders,0,partial,5144,,2008-10-31 15:15:00-04:00,short,97.3043244697115,0.8607142857142845,97.53,96.66928571428572,5065,5144,2008-10-28 15:00:00-04:00,2008-10-31 15:15:00-04:00,train
SPY,head_shoulders,0,partial,5146,,2008-10-31 15:45:00-04:00,short,97.1922146650502,1.0099999999999991,96.34,95.33,5067,5146,2008-10-28 15:30:00-04:00,2008-10-31 15:45:00-04:00,train
SPY,head_shoulders,0,partial,5148,,2008-11-03 09:45:00-05:00,short,97.21968705882483,1.2028571428571422,97.38,96.17714285714285,5069,5148,2008-10-28 16:00:00-04:00,2008-11-03 09:45:00-05:00,train
SPY,head_shoulders,0,partial,5155,,2008-11-03 11:30:00-05:00,short,96.95970403064055,1.1778571428571436,96.9,95.72214285714286,5076,5155,2008-10-29 11:15:00-04:00,2008-11-03 11:30:00-05:00,train
SPY,head_shoulders,0,partial,5159,,2008-11-03 12:30:00-05:00,short,97.05613008006213,0.8407142857142864,97.27,96.42928571428571,5080,5159,2008-10-29 12:15:00-04:00,2008-11-03 12:30:00-05:00,train
SPY,head_shoulders,0,partial,5171,,2008-11-03 15:30:00-05:00,short,96.55815624792547,0.4185714285714265,96.44,96.02142857142857,5092,5171,2008-10-29 15:15:00-04:00,2008-11-03 15:30:00-05:00,train
SPY,head_shoulders,0,partial,5191,,2008-11-04 14:00:00-05:00,short,100.06888403159795,0.7635714285714315,100.24,99.47642857142856,5112,5191,2008-10-30 13:45:00-04:00,2008-11-04 14:00:00-05:00,train
SPY,head_shoulders,0,partial,5197,,2008-11-04 15:30:00-05:00,short,99.79822012731415,0.5650000000000007,99.45,98.885,5118,5197,2008-10-30 15:15:00-04:00,2008-11-04 15:30:00-05:00,train
SPY,head_shoulders,1,confirmed_breakout,5199,5200.0,2008-11-04 16:00:00-05:00,short,100.172073651859,1.0183709533734913,100.06888403159795,97.8316290466265,5120,5199,2008-10-30 15:45:00-04:00,2008-11-04 16:00:00-05:00,train
SPY,head_shoulders,0,partial,5202,,2008-11-05 10:15:00-05:00,short,99.63067489363499,0.8092857142857152,99.41,98.60071428571428,5123,5202,2008-10-31 10:00:00-04:00,2008-11-05 10:15:00-05:00,train
SPY,head_shoulders,0,partial,5204,,2008-11-05 10:45:00-05:00,short,99.66021634658452,0.8221428571428575,99.86,99.03785714285715,5125,5204,2008-10-31 10:30:00-04:00,2008-11-05 10:45:00-05:00,train
SPY,head_shoulders,0,partial,5253,,2008-11-07 10:00:00-05:00,short,91.155418348251,0.9871428571428577,91.29,90.30285714285715,5174,5253,2008-11-04 09:45:00-05:00,2008-11-07 10:00:00-05:00,train
SPY,head_shoulders,0,partial,5272,,2008-11-07 14:45:00-05:00,short,92.5154894713265,0.6007142857142844,92.97,92.36928571428571,5193,5272,2008-11-04 14:30:00-05:00,2008-11-07 14:45:00-05:00,train
SPY,head_shoulders,0,partial,5275,,2008-11-07 15:30:00-05:00,short,92.29424527424169,0.7028571428571411,91.53,90.82714285714286,5196,5275,2008-11-04 15:15:00-05:00,2008-11-07 15:30:00-05:00,train
SPY,head_shoulders,0,partial,5286,,2008-11-10 11:45:00-05:00,short,93.73831997523456,0.970714285714286,93.5,92.52928571428572,5207,5286,2008-11-05 11:30:00-05:00,2008-11-10 11:45:00-05:00,train
SPY,head_shoulders,0,partial,5320,,2008-11-11 13:45:00-05:00,short,89.28095759889672,0.6042857142857139,89.12,88.5157142857143,5241,5320,2008-11-06 13:30:00-05:00,2008-11-11 13:45:00-05:00,train
SPY,head_shoulders,0,partial,5329,,2008-11-11 16:00:00-05:00,short,90.11579301238795,0.9942857142857144,90.11,89.11571428571429,5250,5329,2008-11-06 15:45:00-05:00,2008-11-11 16:00:00-05:00,train
SPY,head_shoulders,1,confirmed_breakout,5332,5333.0,2008-11-12 10:15:00-05:00,short,88.41045227046372,2.180656132743863,93.73831997523456,85.60934386725614,5253,5332,2008-11-07 10:00:00-05:00,2008-11-12 10:15:00-05:00,train
SPY,head_shoulders,0,partial,5371,,2008-11-13 13:30:00-05:00,short,84.59843069433349,1.0642857142857136,84.1,83.03571428571428,5292,5371,2008-11-10 13:15:00-05:00,2008-11-13 13:30:00-05:00,train
SPY,head_shoulders,0,partial,5406,,2008-11-14 15:45:00-05:00,short,89.79219264470721,1.2371428571428567,89.17,87.93285714285715,5327,5406,2008-11-11 15:30:00-05:00,2008-11-14 15:45:00-05:00,train
SPY,head_shoulders,0,partial,5417,,2008-11-17 12:00:00-05:00,short,86.72582872832646,1.2450000000000014,87.4,86.155,5338,5417,2008-11-12 11:45:00-05:00,2008-11-17 12:00:00-05:00,train
SPY,head_shoulders,0,partial,5428,,2008-11-17 14:45:00-05:00,short,87.25923930770008,0.9092857142857166,87.66,86.75071428571428,5349,5428,2008-11-12 14:30:00-05:00,2008-11-17 14:45:00-05:00,train
SPY,head_shoulders,0,partial,5442,,2008-11-18 11:45:00-05:00,short,86.16120328336959,0.9857142857142865,86.37,85.38428571428572,5363,5442,2008-11-13 11:30:00-05:00,2008-11-18 11:45:00-05:00,train
SPY,head_shoulders,0,partial,5444,,2008-11-18 12:15:00-05:00,short,86.23916396503952,0.9592857142857147,86.38,85.42071428571428,5365,5444,2008-11-13 12:00:00-05:00,2008-11-18 12:15:00-05:00,train
SPY,head_shoulders,0,partial,5458,,2008-11-18 15:45:00-05:00,short,84.4514258286807,1.1078571428571422,84.74,83.63214285714285,5379,5458,2008-11-13 15:30:00-05:00,2008-11-18 15:45:00-05:00,train
SPY,head_shoulders,0,partial,5464,,2008-11-19 10:45:00-05:00,short,85.29804722006652,1.2807142857142852,85.39,84.10928571428572,5385,5464,2008-11-14 10:30:00-05:00,2008-11-19 10:45:00-05:00,train
SPY,head_shoulders,0,partial,5496,,2008-11-20 12:15:00-05:00,short,80.16510376078516,1.2371428571428555,79.71,78.47285714285714,5417,5496,2008-11-17 12:00:00-05:00,2008-11-20 12:15:00-05:00,train
SPY,head_shoulders,0,partial,5500,,2008-11-20 13:15:00-05:00,short,80.50176991409637,1.1571428571428573,80.76,79.60285714285715,5421,5500,2008-11-17 13:00:00-05:00,2008-11-20 13:15:00-05:00,train
SPY,head_shoulders,0,partial,5522,,2008-11-21 12:15:00-05:00,short,76.07211659534394,1.3435714285714286,75.96,74.61642857142857,5443,5522,2008-11-18 12:00:00-05:00,2008-11-21 12:15:00-05:00,train
SPY,head_shoulders,0,partial,5526,,2008-11-21 13:15:00-05:00,short,76.20236614625084,1.1100000000000005,76.39,75.28,5447,5526,2008-11-18 13:00:00-05:00,2008-11-21 13:15:00-05:00,train
SPY,head_shoulders,0,partial,5533,,2008-11-21 15:00:00-05:00,short,75.755250354593,1.048571428571428,75.2,74.15142857142857,5454,5533,2008-11-18 14:45:00-05:00,2008-11-21 15:00:00-05:00,train
SPY,head_shoulders,0,partial,5569,,2008-11-25 11:00:00-05:00,short,85.78691261965062,1.257857142857146,85.42,84.16214285714285,5490,5569,2008-11-20 10:45:00-05:00,2008-11-25 11:00:00-05:00,train
SPY,head_shoulders,0,partial,5584,,2008-11-25 14:45:00-05:00,short,84.87678378255565,0.8185714285714332,84.83,84.01142857142857,5505,5584,2008-11-20 14:30:00-05:00,2008-11-25 14:45:00-05:00,train
SPY,head_shoulders,0,partial,5615,,2008-11-26 16:00:00-05:00,short,88.04892499842673,0.6207142857142866,89.04,88.41928571428572,5536,5615,2008-11-21 15:45:00-05:00,2008-11-26 16:00:00-05:00,train
SPY,head_shoulders,0,partial,5645,,2008-12-02 10:30:00-05:00,short,83.66813362838457,0.8778571428571433,83.92,83.04214285714286,5566,5645,2008-11-25 10:15:00-05:00,2008-12-02 10:30:00-05:00,train
SPY,head_shoulders,0,partial,5657,,2008-12-02 13:30:00-05:00,short,84.53187615563897,0.6600000000000027,84.79,84.13000000000001,5578,5657,2008-11-25 13:15:00-05:00,2008-12-02 13:30:00-05:00,train
SPY,head_shoulders,1,confirmed_breakout,5660,5661.0,2008-12-02 14:15:00-05:00,short,83.35111063712658,3.7863732614334253,88.04892499842673,78.95362673856657,5581,5660,2008-11-25 14:00:00-05:00,2008-12-02 14:15:00-05:00,train
SPY,head_shoulders,0,partial,5664,,2008-12-02 15:15:00-05:00,short,83.79110517544103,0.6807142857142868,82.99,82.3092857142857,5585,5664,2008-11-25 15:00:00-05:00,2008-12-02 15:15:00-05:00,train
SPY,head_shoulders,0,partial,5682,,2008-12-03 13:15:00-05:00,short,85.88352496951384,0.9142857142857171,85.82,84.90571428571428,5603,5682,2008-11-26 13:00:00-05:00,2008-12-03 13:15:00-05:00,train
SPY,head_shoulders,0,partial,5687,,2008-12-03 14:30:00-05:00,short,85.36079926419141,0.8335714285714297,85.57,84.73642857142856,5608,5687,2008-11-26 14:15:00-05:00,2008-12-03 14:30:00-05:00,train
SPY,head_shoulders,0,partial,5703,,2008-12-04 12:00:00-05:00,short,87.14038040865456,1.0342857142857136,87.2,86.16571428571429,5624,5703,2008-12-01 11:45:00-05:00,2008-12-04 12:00:00-05:00,train
SPY,head_shoulders,0,partial,5733,,2008-12-05 13:00:00-05:00,short,83.39946820748288,0.8392857142857143,83.41,82.57071428571429,5654,5733,2008-12-02 12:45:00-05:00,2008-12-05 13:00:00-05:00,train
SPY,head_shoulders,0,partial,5760,,2008-12-08 13:15:00-05:00,short,90.61638828314005,0.634285714285714,90.68,90.0457142857143,5681,5760,2008-12-03 13:00:00-05:00,2008-12-08 13:15:00-05:00,train
SPY,head_shoulders,0,partial,5763,,2008-12-08 14:00:00-05:00,short,90.56027826793506,0.5821428571428565,90.26,89.67785714285715,5684,5763,2008-12-03 13:45:00-05:00,2008-12-08 14:00:00-05:00,train
SPY,head_shoulders,0,partial,5771,,2008-12-08 16:00:00-05:00,short,91.29341032242773,0.6764285714285704,91.24,90.56357142857142,5692,5771,2008-12-03 15:45:00-05:00,2008-12-08 16:00:00-05:00,train
SPY,head_shoulders,0,partial,5773,,2008-12-09 10:00:00-05:00,short,91.15000293279031,0.7535714285714263,90.13,89.37642857142856,5694,5773,2008-12-04 09:45:00-05:00,2008-12-09 10:00:00-05:00,train
SPY,head_shoulders,0,partial,5778,,2008-12-09 11:15:00-05:00,short,91.32028521652268,0.827142857142853,91.35,90.52285714285713,5699,5778,2008-12-04 11:00:00-05:00,2008-12-09 11:15:00-05:00,train
SPY,head_shoulders,0,partial,5799,,2008-12-10 10:00:00-05:00,short,89.79176230933349,0.7871428571428589,89.82,89.03285714285714,5720,5799,2008-12-05 09:45:00-05:00,2008-12-10 10:00:00-05:00,train
SPY,head_shoulders,0,partial,5813,,2008-12-10 13:30:00-05:00,short,90.5008335164748,0.5892857142857143,90.46,89.87071428571429,5734,5813,2008-12-05 13:15:00-05:00,2008-12-10 13:30:00-05:00,train
SPY,head_shoulders,0,partial,5820,,2008-12-10 15:15:00-05:00,short,89.99906156006219,0.6707142857142868,90.16,89.48928571428571,5741,5820,2008-12-05 15:00:00-05:00,2008-12-10 15:15:00-05:00,train
SPY,head_shoulders,0,failed_breakout,5823,,2008-12-10 16:00:00-05:00,short,89.06040197362597,0.43148240362791057,91.32028521652268,89.91851759637208,5744,5823,2008-12-05 15:45:00-05:00,2008-12-10 16:00:00-05:00,train
SPY,head_shoulders,0,partial,5837,,2008-12-11 13:00:00-05:00,short,90.4662136135463,0.6321428571428568,90.81,90.17785714285715,5758,5837,2008-12-08 12:45:00-05:00,2008-12-11 13:00:00-05:00,train
SPY,head_shoulders,0,partial,5860,,2008-12-12 12:15:00-05:00,short,87.12010365891805,0.8521428571428535,87.07,86.21785714285714,5781,5860,2008-12-09 12:00:00-05:00,2008-12-12 12:15:00-05:00,train
SPY,head_shoulders,0,partial,5877,,2008-12-15 10:00:00-05:00,short,87.97657880901986,0.904285714285715,87.94,87.03571428571428,5798,5877,2008-12-10 09:45:00-05:00,2008-12-15 10:00:00-05:00,train
SPY,head_shoulders,0,partial,5899,,2008-12-15 15:30:00-05:00,short,87.03775478778009,0.4828571428571432,86.59,86.10714285714286,5820,5899,2008-12-10 15:15:00-05:00,2008-12-15 15:30:00-05:00,train
SPY,head_shoulders,0,partial,5950,,2008-12-17 15:15:00-05:00,short,91.60804580400402,0.5699999999999973,91.6,91.03,5871,5950,2008-12-12 15:00:00-05:00,2008-12-17 15:15:00-05:00,train
SPY,head_shoulders,0,partial,5957,,2008-12-18 10:30:00-05:00,short,91.29999374094734,0.6764285714285704,91.16,90.48357142857142,5878,5957,2008-12-15 10:15:00-05:00,2008-12-18 10:30:00-05:00,train
SPY,head_shoulders,0,partial,5959,,2008-12-18 11:00:00-05:00,short,91.30160282520866,0.6421428571428558,91.43,90.78785714285715,5880,5959,2008-12-15 10:45:00-05:00,2008-12-18 11:00:00-05:00,train
SPY,head_shoulders,0,partial,5982,,2008-12-19 10:15:00-05:00,short,89.45826097378438,1.000714285714285,89.75,88.74928571428572,5903,5982,2008-12-16 10:00:00-05:00,2008-12-19 10:15:00-05:00,train
SPY,head_shoulders,0,partial,5986,,2008-12-19 11:15:00-05:00,short,89.6235270436791,1.0064285714285706,89.76,88.75357142857143,5907,5986,2008-12-16 11:00:00-05:00,2008-12-19 11:15:00-05:00,train
SPY,head_shoulders,0,partial,6030,,2008-12-22 15:45:00-05:00,short,86.50860282107647,0.5064285714285717,86.12,85.61357142857143,5951,6030,2008-12-17 15:30:00-05:00,2008-12-22 15:45:00-05:00,train
SPY,head_shoulders,0,partial,6040,,2008-12-23 11:45:00-05:00,short,87.1392332839489,0.6235714285714309,87.1,86.47642857142856,5961,6040,2008-12-18 11:30:00-05:00,2008-12-23 11:45:00-05:00,train
SPY,head_shoulders,0,partial,6057,,2008-12-23 16:00:00-05:00,short,86.39836814149716,0.41357142857143003,86.17,85.75642857142857,5978,6057,2008-12-18 15:45:00-05:00,2008-12-23 16:00:00-05:00,train
SPY,head_shoulders,0,partial,6069,,2008-12-26 12:30:00-05:00,short,86.7903588549581,0.2749999999999986,86.74,86.465,5990,6069,2008-12-19 12:15:00-05:00,2008-12-26 12:30:00-05:00,train
SPY,head_shoulders,0,partial,6077,,2008-12-26 14:30:00-05:00,short,86.70821140989423,0.1414285714285717,86.72,86.57857142857142,5998,6077,2008-12-19 14:15:00-05:00,2008-12-26 14:30:00-05:00,train
SPY,head_shoulders,0,partial,6085,,2008-12-29 10:00:00-05:00,short,86.97564206547304,0.2085714285714297,86.96,86.75142857142856,6006,6085,2008-12-22 09:45:00-05:00,2008-12-29 10:00:00-05:00,train
SPY,head_shoulders,0,partial,6104,,2008-12-29 14:45:00-05:00,short,85.98428686548384,0.24285714285714327,86.01,85.76714285714286,6025,6104,2008-12-22 14:30:00-05:00,2008-12-29 14:45:00-05:00,train
SPY,head_shoulders,0,partial,6126,,2008-12-30 13:45:00-05:00,short,88.02250570809218,0.31428571428571267,87.93,87.61571428571429,6047,6126,2008-12-23 13:30:00-05:00,2008-12-30 13:45:00-05:00,train
SPY,head_shoulders,0,partial,6128,,2008-12-30 14:15:00-05:00,short,88.01289121317619,0.3249999999999988,87.92,87.595,6049,6128,2008-12-23 14:00:00-05:00,2008-12-30 14:15:00-05:00,train
SPY,head_shoulders,0,partial,6130,,2008-12-30 14:45:00-05:00,short,88.05002922521138,0.3335714285714277,88.15,87.81642857142857,6051,6130,2008-12-23 14:30:00-05:00,2008-12-30 14:45:00-05:00,train
SPY,head_shoulders,0,partial,6132,,2008-12-30 15:15:00-05:00,short,88.02938294956532,0.3114285714285704,87.85,87.53857142857143,6053,6132,2008-12-23 15:00:00-05:00,2008-12-30 15:15:00-05:00,train
SPY,head_shoulders,0,partial,6187,,2009-01-02 16:00:00-05:00,short,92.67457554340942,0.3407142857142834,92.98,92.63928571428572,6108,6187,2008-12-29 15:45:00-05:00,2009-01-02 16:00:00-05:00,train
SPY,head_shoulders,0,partial,6190,,2009-01-05 10:15:00-05:00,short,92.60404861520496,0.3992857142857125,92.52,92.12071428571429,6111,6190,2008-12-30 10:00:00-05:00,2009-01-05 10:15:00-05:00,train
SPY,head_shoulders,0,partial,6206,,2009-01-05 14:15:00-05:00,short,93.05426156466137,0.4771428571428536,93.32,92.84285714285714,6127,6206,2008-12-30 14:00:00-05:00,2009-01-05 14:15:00-05:00,train
SPY,head_shoulders,0,partial,6213,,2009-01-05 16:00:00-05:00,short,92.77052072640792,0.4442857142857132,92.8,92.35571428571428,6134,6213,2008-12-30 15:45:00-05:00,2009-01-05 16:00:00-05:00,train
SPY,head_shoulders,0,partial,6219,,2009-01-06 11:00:00-05:00,short,93.14046562543936,0.5935714285714307,93.08,92.48642857142856,6140,6219,2008-12-31 10:45:00-05:00,2009-01-06 11:00:00-05:00,train
SPY,head_shoulders,0,partial,6221,,2009-01-06 11:30:00-05:00,short,93.11694102213767,0.5842857142857178,93.02,92.43571428571428,6142,6221,2008-12-31 11:15:00-05:00,2009-01-06 11:30:00-05:00,train
SPY,head_shoulders,0,partial,6228,,2009-01-06 13:15:00-05:00,short,93.28196651248527,0.49428571428571744,93.22,92.72571428571428,6149,6228,2008-12-31 13:00:00-05:00,2009-01-06 13:15:00-05:00,train
SPY,head_shoulders,0,partial,6231,,2009-01-06 14:00:00-05:00,short,93.26790390220894,0.40285714285714597,93.23,92.82714285714286,6152,6231,2008-12-31 13:45:00-05:00,2009-01-06 14:00:00-05:00,train
SPY,head_shoulders,0,partial,6236,,2009-01-06 15:15:00-05:00,short,93.54997031079634,0.5057142857142856,93.68,93.17428571428572,6157,6236,2008-12-31 15:00:00-05:00,2009-01-06 15:15:00-05:00,train
SPY,head_shoulders,0,partial,6283,,2009-01-08 14:00:00-05:00,short,90.11748700022221,0.36642857142857316,90.08,89.71357142857143,6204,6283,2009-01-05 13:45:00-05:00,2009-01-08 14:00:00-05:00,train
SPY,head_shoulders,0,partial,6291,,2009-01-08 16:00:00-05:00,short,90.45930729763256,0.4442857142857152,91.08,90.63571428571429,6212,6291,2009-01-05 15:45:00-05:00,2009-01-08 16:00:00-05:00,train
SPY,head_shoulders,0,partial,6309,,2009-01-09 14:00:00-05:00,short,89.51680208940036,0.3549999999999989,89.41,89.05499999999999,6230,6309,2009-01-06 13:45:00-05:00,2009-01-09 14:00:00-05:00,train
SPY,head_shoulders,0,partial,6315,,2009-01-09 15:30:00-05:00,short,89.65733779341092,0.42857142857142755,89.59,89.16142857142857,6236,6315,2009-01-06 15:15:00-05:00,2009-01-09 15:30:00-05:00,train
SPY,head_shoulders,0,partial,6344,,2009-01-13 09:45:00-05:00,short,87.06406708150112,0.4964285714285686,87.22,86.72357142857143,6265,6344,2009-01-07 16:00:00-05:00,2009-01-13 09:45:00-05:00,train
SPY,head_shoulders,0,partial,6355,,2009-01-13 12:30:00-05:00,short,87.33141843655912,0.6085714285714283,87.3,86.69142857142857,6276,6355,2009-01-08 12:15:00-05:00,2009-01-13 12:30:00-05:00,train
SPY,head_shoulders,0,partial,6367,,2009-01-13 15:30:00-05:00,short,86.84139772604048,0.4571428571428555,86.98,86.52285714285715,6288,6367,2009-01-08 15:15:00-05:00,2009-01-13 15:30:00-05:00,train
SPY,head_shoulders,0,partial,6369,,2009-01-13 16:00:00-05:00,short,86.9099269283667,0.5164285714285697,87.1,86.58357142857142,6290,6369,2009-01-08 15:45:00-05:00,2009-01-13 16:00:00-05:00,train
SPY,head_shoulders,0,partial,6387,,2009-01-14 14:00:00-05:00,short,84.30466444322697,0.4035714285714341,84.24,83.83642857142856,6308,6387,2009-01-09 13:45:00-05:00,2009-01-14 14:00:00-05:00,train
SPY,head_shoulders,0,partial,6391,,2009-01-14 15:00:00-05:00,short,84.42756449997783,0.384285714285718,84.58,84.19571428571427,6312,6391,2009-01-09 14:45:00-05:00,2009-01-14 15:00:00-05:00,train
SPY,head_shoulders,0,partial,6411,,2009-01-15 13:30:00-05:00,short,82.40528177628045,0.6821428571428559,82.57,81.88785714285714,6332,6411,2009-01-12 13:15:00-05:00,2009-01-15 13:30:00-05:00,train
SPY,head_shoulders,0,partial,6429,,2009-01-16 11:30:00-05:00,short,84.86522818744552,0.7571428571428578,84.94,84.18285714285715,6350,6429,2009-01-13 11:15:00-05:00,2009-01-16 11:30:00-05:00,train
SPY,head_shoulders,0,partial,6438,,2009-01-16 13:45:00-05:00,short,84.09548959246924,0.5735714285714286,84.3,83.72642857142857,6359,6438,2009-01-13 13:30:00-05:00,2009-01-16 13:45:00-05:00,train
SPY,head_shoulders,1,confirmed_breakout,6447,6448.0,2009-01-16 16:00:00-05:00,short,84.72149248735397,1.3331412003725518,84.86522818744552,82.40685879962744,6368,6447,2009-01-13 15:45:00-05:00,2009-01-16 16:00:00-05:00,train
SPY,head_shoulders,0,partial,6474,,2009-01-21 09:45:00-05:00,short,81.52850897326618,1.212142857142857,81.52,80.30785714285715,6395,6474,2009-01-14 16:00:00-05:00,2009-01-21 09:45:00-05:00,train
SPY,head_shoulders,0,partial,6476,,2009-01-21 10:15:00-05:00,short,81.5787292111013,1.2400000000000009,81.91,80.67,6397,6476,2009-01-15 10:00:00-05:00,2009-01-21 10:15:00-05:00,train
SPY,head_shoulders,0,partial,6483,,2009-01-21 12:00:00-05:00,short,81.30019760287128,1.1357142857142861,81.31,80.17428571428572,6404,6483,2009-01-15 11:45:00-05:00,2009-01-21 12:00:00-05:00,train
SPY,head_shoulders,0,partial,6502,,2009-01-22 10:15:00-05:00,short,82.75259286219757,0.7485714285714268,82.64,81.89142857142858,6423,6502,2009-01-16 10:00:00-05:00,2009-01-22 10:15:00-05:00,train
SPY,head_shoulders,0,partial,6515,,2009-01-22 13:30:00-05:00,short,81.8768148546565,0.5135714285714273,82.03,81.51642857142858,6436,6515,2009-01-16 13:15:00-05:00,2009-01-22 13:30:00-05:00,train
SPY,head_shoulders,0,partial,6525,,2009-01-22 16:00:00-05:00,short,82.79460401939494,0.8571428571428602,82.78,81.92285714285714,6446,6525,2009-01-16 15:45:00-05:00,2009-01-22 16:00:00-05:00,train
SPY,head_shoulders,0,partial,6531,,2009-01-23 11:00:00-05:00,short,82.10454767126446,0.9500000000000018,81.54,80.59,6452,6531,2009-01-20 10:45:00-05:00,2009-01-23 11:00:00-05:00,train
SPY,head_shoulders,0,partial,6565,,2009-01-26 13:00:00-05:00,short,84.56439950454096,0.5714285714285704,84.51,83.93857142857144,6486,6565,2009-01-21 12:45:00-05:00,2009-01-26 13:00:00-05:00,train
SPY,head_shoulders,0,partial,6577,,2009-01-26 16:00:00-05:00,short,83.79164927774934,0.6142857142857149,83.72,83.10571428571428,6498,6577,2009-01-21 15:45:00-05:00,2009-01-26 16:00:00-05:00,train
SPY,head_shoulders,0,partial,6594,,2009-01-27 13:45:00-05:00,short,84.61915955183352,0.4350000000000002,84.83,84.395,6515,6594,2009-01-22 13:30:00-05:00,2009-01-27 13:45:00-05:00,train
SPY,head_shoulders,0,partial,6598,,2009-01-27 14:45:00-05:00,short,84.52940373314338,0.442142857142857,84.47,84.02785714285714,6519,6598,2009-01-22 14:30:00-05:00,2009-01-27 14:45:00-05:00,train
SPY,head_shoulders,0,partial,6625,,2009-01-28 15:00:00-05:00,short,87.17747117418956,0.34928571428571836,87.58,87.23071428571428,6546,6625,2009-01-23 14:45:00-05:00,2009-01-28 15:00:00-05:00,train
SPY,head_shoulders,0,partial,6627,,2009-01-28 15:30:00-05:00,short,87.1350749186157,0.41642857142857537,86.7,86.28357142857143,6548,6627,2009-01-23 15:15:00-05:00,2009-01-28 15:30:00-05:00,train
SPY,head_shoulders,0,partial,6629,,2009-01-28 16:00:00-05:00,short,87.1757481332285,0.49785714285714583,87.43,86.93214285714286,6550,6629,2009-01-23 15:45:00-05:00,2009-01-28 16:00:00-05:00,train
SPY,head_shoulders,0,partial,6691,,2009-02-02 12:00:00-05:00,short,82.2418503691401,0.5514285714285724,82.31,81.75857142857143,6612,6691,2009-01-28 11:45:00-05:00,2009-02-02 12:00:00-05:00,train
SPY,head_shoulders,0,partial,6698,,2009-02-02 13:45:00-05:00,short,82.46620006903792,0.3807142857142866,82.45,82.06928571428571,6619,6698,2009-01-28 13:30:00-05:00,2009-02-02 13:45:00-05:00,train
SPY,head_shoulders,0,partial,6704,,2009-02-02 15:15:00-05:00,short,82.22565331770441,0.38642857142857323,82.29,81.90357142857144,6625,6704,2009-01-28 15:00:00-05:00,2009-02-02 15:15:00-05:00,train
SPY,head_shoulders,0,partial,6720,,2009-02-03 12:45:00-05:00,short,82.87346046990459,0.44714285714285956,82.97,82.52285714285713,6641,6720,2009-01-29 12:30:00-05:00,2009-02-03 12:45:00-05:00,train
SPY,head_shoulders,0,partial,6723,,2009-02-03 13:30:00-05:00,short,82.8467490448284,0.3950000000000021,82.73,82.33500000000001,6644,6723,2009-01-29 13:15:00-05:00,2009-02-03 13:30:00-05:00,train
SPY,head_shoulders,0,partial,6744,,2009-02-04 12:15:00-05:00,short,84.76376181541688,0.4021428571428568,84.74,84.33785714285713,6665,6744,2009-01-30 12:00:00-05:00,2009-02-04 12:15:00-05:00,train
SPY,head_shoulders,0,partial,6764,,2009-02-05 10:45:00-05:00,short,83.09721540063813,0.7271428571428545,83.21,82.48285714285714,6685,6764,2009-02-02 10:30:00-05:00,2009-02-05 10:45:00-05:00,train
SPY,head_shoulders,0,partial,6813,,2009-02-09 10:00:00-05:00,short,86.88482606579532,0.39714285714285935,86.92,86.52285714285715,6734,6813,2009-02-04 09:45:00-05:00,2009-02-09 10:00:00-05:00,train
SPY,head_shoulders,0,partial,6815,,2009-02-09 10:30:00-05:00,short,86.81948857693722,0.41214285714285886,86.65,86.23785714285715,6736,6815,2009-02-04 10:15:00-05:00,2009-02-09 10:30:00-05:00,train
SPY,head_shoulders,0,partial,6827,,2009-02-09 13:30:00-05:00,short,87.20963750166966,0.38714285714286234,87.25,86.86285714285714,6748,6827,2009-02-04 13:15:00-05:00,2009-02-09 13:30:00-05:00,train
SPY,head_shoulders,0,partial,6834,,2009-02-09 15:15:00-05:00,short,86.97691236983763,0.3350000000000029,86.94,86.60499999999999,6755,6834,2009-02-04 15:00:00-05:00,2009-02-09 15:15:00-05:00,train
SPY,head_shoulders,0,partial,6837,,2009-02-09 16:00:00-05:00,short,87.02681075614782,0.37642857142857217,87.16,86.78357142857142,6758,6837,2009-02-04 15:45:00-05:00,2009-02-09 16:00:00-05:00,train
SPY,head_shoulders,1,confirmed_breakout,6839,6840.0,2009-02-10 10:00:00-05:00,short,87.02662514654303,0.29072337132164705,87.20963750166966,86.11927662867835,6760,6839,2009-02-05 09:45:00-05:00,2009-02-10 10:00:00-05:00,train
SPY,head_shoulders,0,partial,6863,,2009-02-10 16:00:00-05:00,short,83.19679092894089,0.6457142857142831,82.96,82.31428571428572,6784,6863,2009-02-05 15:45:00-05:00,2009-02-10 16:00:00-05:00,train
SPY,head_shoulders,0,partial,6876,,2009-02-11 12:45:00-05:00,short,83.51674558415975,0.49142857142857316,83.69,83.19857142857143,6797,6876,2009-02-06 12:30:00-05:00,2009-02-11 12:45:00-05:00,train
SPY,head_shoulders,0,partial,6884,,2009-02-11 14:45:00-05:00,short,83.17464694225072,0.3857142857142851,83.12,82.73428571428572,6805,6884,2009-02-06 14:30:00-05:00,2009-02-11 14:45:00-05:00,train
SPY,head_shoulders,0,partial,6889,,2009-02-11 16:00:00-05:00,short,83.33544918135546,0.4771428571428556,83.67,83.19285714285715,6810,6889,2009-02-06 15:45:00-05:00,2009-02-11 16:00:00-05:00,train
SPY,head_shoulders,0,partial,6900,,2009-02-12 12:15:00-05:00,short,82.31745502299151,0.6064285714285721,82.43,81.82357142857144,6821,6900,2009-02-09 12:00:00-05:00,2009-02-12 12:15:00-05:00,train
SPY,head_shoulders,0,partial,6904,,2009-02-12 13:15:00-05:00,short,82.4220693330023,0.44285714285714306,82.37,81.92714285714285,6825,6904,2009-02-09 13:00:00-05:00,2009-02-12 13:15:00-05:00,train
SPY,head_shoulders,0,partial,6912,,2009-02-12 15:15:00-05:00,short,81.98580400896768,0.4528571428571441,81.68,81.22714285714287,6833,6912,2009-02-09 15:00:00-05:00,2009-02-12 15:15:00-05:00,train
SPY,head_shoulders,0,partial,6924,,2009-02-13 11:45:00-05:00,short,83.43197140706415,0.8028571428571405,83.34,82.53714285714287,6845,6924,2009-02-10 11:30:00-05:00,2009-02-13 11:45:00-05:00,train
SPY,head_shoulders,0,partial,6931,,2009-02-13 13:30:00-05:00,short,83.26989591130938,0.384999999999999,83.33,82.945,6852,6931,2009-02-10 13:15:00-05:00,2009-02-13 13:30:00-05:00,train
SPY,head_shoulders,0,partial,6937,,2009-02-13 15:00:00-05:00,short,83.44753062077451,0.38999999999999957,83.54,83.15,6858,6937,2009-02-10 14:45:00-05:00,2009-02-13 15:00:00-05:00,train
SPY,head_shoulders,0,partial,6974,,2009-02-18 11:15:00-05:00,short,79.16652218619366,0.6492857142857125,79.07,78.42071428571428,6895,6974,2009-02-12 11:00:00-05:00,2009-02-18 11:15:00-05:00,train
SPY,head_shoulders,0,partial,6982,,2009-02-18 13:15:00-05:00,short,79.37065230435347,0.5635714285714296,79.33,78.76642857142856,6903,6982,2009-02-12 13:00:00-05:00,2009-02-18 13:15:00-05:00,train
SPY,head_shoulders,0,partial,6988,,2009-02-18 14:45:00-05:00,short,79.08923215479604,0.4892857142857149,78.79,78.30071428571429,6909,6988,2009-02-12 14:30:00-05:00,2009-02-18 14:45:00-05:00,train
SPY,head_shoulders,0,near_miss,6992,,2009-02-18 15:45:00-05:00,short,79.16652218619366,4.076878316421045,83.44753062077451,75.12312168357896,6913,6992,2009-02-12 15:30:00-05:00,2009-02-18 15:45:00-05:00,train
SPY,head_shoulders,0,partial,7001,,2009-02-19 11:30:00-05:00,short,79.46216405073325,0.5778571428571421,79.44,78.86214285714286,6922,7001,2009-02-13 11:15:00-05:00,2009-02-19 11:30:00-05:00,train
SPY,head_shoulders,0,partial,7038,,2009-02-20 14:15:00-05:00,short,76.5694572525329,0.490714285714284,76.42,75.92928571428571,6959,7038,2009-02-17 14:00:00-05:00,2009-02-20 14:15:00-05:00,train
SPY,head_shoulders,0,partial,7049,,2009-02-23 10:30:00-05:00,short,77.21837150179245,0.8135714285714286,77.06,76.24642857142857,6970,7049,2009-02-18 10:15:00-05:00,2009-02-23 10:30:00-05:00,train
SPY,head_shoulders,0,failed_breakout,7059,,2009-02-23 13:00:00-05:00,short,76.015106774035,1.0280733705256324,79.46216405073325,74.33192662947437,6980,7059,2009-02-18 12:45:00-05:00,2009-02-23 13:00:00-05:00,train
SPY,head_shoulders,0,partial,7075,,2009-02-24 10:30:00-05:00,short,75.31226981262527,0.6942857142857142,75.45,74.75571428571429,6996,7075,2009-02-19 10:15:00-05:00,2009-02-24 10:30:00-05:00,train
SPY,head_shoulders,0,partial,7080,,2009-02-24 11:45:00-05:00,short,75.52864311320968,0.5464285714285708,75.71,75.16357142857143,7001,7080,2009-02-19 11:30:00-05:00,2009-02-24 11:45:00-05:00,train
SPY,head_shoulders,0,partial,7083,,2009-02-24 12:30:00-05:00,short,75.5041140816557,0.4964285714285706,75.4,74.90357142857144,7004,7083,2009-02-19 12:15:00-05:00,2009-02-24 12:30:00-05:00,train
SPY,head_shoulders,0,partial,7098,,2009-02-25 09:45:00-05:00,short,77.10113021960485,0.5407142857142853,76.83,76.28928571428571,7019,7098,2009-02-19 16:00:00-05:00,2009-02-25 09:45:00-05:00,train
SPY,head_shoulders,0,partial,7113,,2009-02-25 13:30:00-05:00,short,76.2387019587692,0.529285714285713,76.18,75.65071428571429,7034,7113,2009-02-20 13:15:00-05:00,2009-02-25 13:30:00-05:00,train
SPY,head_shoulders,0,partial,7131,,2009-02-26 11:30:00-05:00,short,77.74778762057059,0.6614285714285698,77.69,77.02857142857142,7052,7131,2009-02-23 11:15:00-05:00,2009-02-26 11:30:00-05:00,train
SPY,head_shoulders,0,partial,7201,,2009-03-02 16:00:00-05:00,short,71.038594629526,0.529999999999997,70.58,70.05,7122,7201,2009-02-25 15:45:00-05:00,2009-03-02 16:00:00-05:00,train
SPY,head_shoulders,0,partial,7203,,2009-03-03 10:00:00-05:00,short,71.0629755576842,0.5857142857142839,71.2,70.61428571428571,7124,7203,2009-02-26 09:45:00-05:00,2009-03-03 10:00:00-05:00,train
SPY,head_shoulders,0,partial,7219,,2009-03-03 14:00:00-05:00,short,70.26868086607821,0.5335714285714275,70.39,69.85642857142858,7140,7219,2009-02-26 13:45:00-05:00,2009-03-03 14:00:00-05:00,train
SPY,head_shoulders,0,partial,7224,,2009-03-03 15:15:00-05:00,short,70.59121849542505,0.6114285714285727,70.64,70.02857142857142,7145,7224,2009-02-26 15:00:00-05:00,2009-03-03 15:15:00-05:00,train
SPY,head_shoulders,0,partial,7227,,2009-03-03 16:00:00-05:00,short,70.47090251305974,0.6257142857142861,70.04,69.41428571428573,7148,7227,2009-02-26 15:45:00-05:00,2009-03-03 16:00:00-05:00,train
SPY,head_shoulders,0,partial,7253,,2009-03-04 16:00:00-05:00,short,71.99592706239088,0.8500000000000004,71.73,70.88000000000001,7174,7253,2009-02-27 15:45:00-05:00,2009-03-04 16:00:00-05:00,train
SPY,head_shoulders,0,partial,7279,,2009-03-05 16:00:00-05:00,short,68.92363214410831,0.5271428571428578,68.77,68.24285714285713,7200,7279,2009-03-02 15:45:00-05:00,2009-03-05 16:00:00-05:00,train
SPY,head_shoulders,0,partial,7283,,2009-03-06 10:30:00-05:00,short,69.14088143121049,0.6471428571428584,69.08,68.43285714285715,7204,7283,2009-03-03 10:15:00-05:00,2009-03-06 10:30:00-05:00,train
SPY,head_shoulders,1,confirmed_breakout,7284,7285.0,2009-03-06 10:45:00-05:00,short,68.74510094769084,2.2986597338068577,71.99592706239088,65.79134026619315,7205,7284,2009-03-03 10:30:00-05:00,2009-03-06 10:45:00-05:00,train
SPY,head_shoulders,0,partial,7303,,2009-03-06 15:30:00-05:00,short,67.64448381714128,0.4685714285714277,67.21,66.74142857142857,7224,7303,2009-03-03 15:15:00-05:00,2009-03-06 15:30:00-05:00,train
SPY,head_shoulders,0,partial,7317,,2009-03-09 12:30:00-04:00,short,69.02290930122707,0.807857142857142,69.13,68.32214285714285,7238,7317,2009-03-04 12:15:00-05:00,2009-03-09 12:30:00-04:00,train
SPY,head_shoulders,0,partial,7331,,2009-03-09 16:00:00-04:00,short,68.33176999258042,0.5800000000000024,68.07,67.49,7252,7331,2009-03-04 15:45:00-05:00,2009-03-09 16:00:00-04:00,train
SPY,head_shoulders,0,partial,7368,,2009-03-11 12:15:00-04:00,short,72.93696919812507,0.4885714285714298,72.99,72.50142857142856,7289,7368,2009-03-06 12:00:00-05:00,2009-03-11 12:15:00-04:00,train
SPY,head_shoulders,0,partial,7379,,2009-03-11 15:00:00-04:00,short,72.47822891226981,0.471428571428569,72.38,71.90857142857142,7300,7379,2009-03-06 14:45:00-05:00,2009-03-11 15:00:00-04:00,train
SPY,head_shoulders,0,partial,7383,,2009-03-11 16:00:00-04:00,short,72.64394443245624,0.5335714285714265,72.6,72.06642857142857,7304,7383,2009-03-06 15:45:00-05:00,2009-03-11 16:00:00-04:00,train
SPY,head_shoulders,0,partial,7385,,2009-03-12 10:00:00-04:00,short,72.5941869305684,0.5699999999999993,72.51,71.94000000000001,7306,7385,2009-03-09 09:45:00-04:00,2009-03-12 10:00:00-04:00,train
SPY,head_shoulders,0,partial,7417,,2009-03-13 11:30:00-04:00,short,75.55990510937401,0.8121428571428585,75.47,74.65785714285714,7338,7417,2009-03-10 11:15:00-04:00,2009-03-13 11:30:00-04:00,train
SPY,head_shoulders,0,partial,7423,,2009-03-13 13:00:00-04:00,short,75.32809504288431,0.4914285714285701,75.4,74.90857142857143,7344,7423,2009-03-10 12:45:00-04:00,2009-03-13 13:00:00-04:00,train
SPY,head_shoulders,0,partial,7454,,2009-03-16 14:15:00-04:00,short,77.51380795070301,0.3299999999999983,77.37,77.04,7375,7454,2009-03-11 14:00:00-04:00,2009-03-16 14:15:00-04:00,train
SPY,head_shoulders,0,partial,7470,,2009-03-17 11:45:00-04:00,short,76.24010087252576,0.5942857142857149,76.32,75.72571428571428,7391,7470,2009-03-12 11:30:00-04:00,2009-03-17 11:45:00-04:00,train
SPY,head_shoulders,0,partial,7519,,2009-03-19 11:00:00-04:00,short,79.77158368910624,0.9735714285714262,79.8,78.82642857142856,7440,7519,2009-03-16 10:45:00-04:00,2009-03-19 11:00:00-04:00,train
SPY,head_shoulders,0,partial,7530,,2009-03-19 13:45:00-04:00,short,79.31417313577967,0.43714285714285744,79.29,78.85285714285715,7451,7530,2009-03-16 13:30:00-04:00,2009-03-19 13:45:00-04:00,train
SPY,head_shoulders,0,partial,7532,,2009-03-19 14:15:00-04:00,short,79.35789934747068,0.41714285714285737,79.69,79.27285714285713,7453,7532,2009-03-16 14:00:00-04:00,2009-03-19 14:15:00-04:00,train
SPY,head_shoulders,0,partial,7565,,2009-03-20 16:00:00-04:00,short,77.05739517949364,0.4599999999999988,76.71,76.25,7486,7565,2009-03-17 15:45:00-04:00,2009-03-20 16:00:00-04:00,train
SPY,head_shoulders,0,partial,7612,,2009-03-24 14:45:00-04:00,short,81.82560649005231,0.38428571428571495,81.86,81.47571428571429,7533,7612,2009-03-19 14:30:00-04:00,2009-03-24 14:45:00-04:00,train
SPY,head_shoulders,0,partial,7618,,2009-03-25 09:45:00-04:00,short,81.50985705825849,0.5135714285714295,81.54,81.02642857142858,7539,7618,2009-03-19 16:00:00-04:00,2009-03-25 09:45:00-04:00,train
SPY,head_shoulders,0,partial,7629,,2009-03-25 12:30:00-04:00,short,82.01264060289029,0.5435714285714306,81.88,81.33642857142857,7550,7629,2009-03-20 12:15:00-04:00,2009-03-25 12:30:00-04:00,train
SPY,head_shoulders,0,partial,7642,,2009-03-25 15:45:00-04:00,short,80.34355648078083,0.7664285714285707,80.4,79.63357142857143,7563,7642,2009-03-20 15:30:00-04:00,2009-03-25 15:45:00-04:00,train
SPY,head_shoulders,0,partial,7664,,2009-03-26 14:45:00-04:00,short,82.58423157238603,0.480714285714286,82.5,82.01928571428572,7585,7664,2009-03-23 14:30:00-04:00,2009-03-26 14:45:00-04:00,train
SPY,head_shoulders,0,partial,7666,,2009-03-26 15:15:00-04:00,short,82.54360053951527,0.5135714285714273,82.45,81.93642857142858,7587,7666,2009-03-23 15:00:00-04:00,2009-03-26 15:15:00-04:00,train
SPY,head_shoulders,0,partial,7669,,2009-03-26 16:00:00-04:00,short,82.7136703520485,0.5428571428571404,83.17,82.62714285714286,7590,7669,2009-03-23 15:45:00-04:00,2009-03-26 16:00:00-04:00,train
SPY,head_shoulders,0,partial,7690,,2009-03-27 14:45:00-04:00,short,81.84442747424514,0.36857142857143443,81.68,81.31142857142858,7611,7690,2009-03-24 14:30:00-04:00,2009-03-27 14:45:00-04:00,train
SPY,head_shoulders,0,partial,7692,,2009-03-27 15:15:00-04:00,short,81.8489855235307,0.4021428571428629,81.96,81.55785714285713,7613,7692,2009-03-24 15:00:00-04:00,2009-03-27 15:15:00-04:00,train
SPY,head_shoulders,1,confirmed_breakout,7695,7696.0,2009-03-27 16:00:00-04:00,short,81.6696342079276,0.25746644569198907,82.7136703520485,78.91253355430801,7616,7695,2009-03-24 15:45:00-04:00,2009-03-27 16:00:00-04:00,train
SPY,head_shoulders,0,partial,7720,,2009-03-30 15:45:00-04:00,short,78.44394394283002,0.38428571428571395,78.49,78.10571428571428,7641,7720,2009-03-25 15:30:00-04:00,2009-03-30 15:45:00-04:00,train
SPY,head_shoulders,0,failed_breakout,7835,,2009-04-06 12:00:00-04:00,short,82.54274589076626,0.19199028208073798,83.98272390900443,82.34800971791927,7756,7835,2009-04-01 11:45:00-04:00,2009-04-06 12:00:00-04:00,train
SPY,head_shoulders,0,failed_breakout,8010,,2009-04-16 10:15:00-04:00,short,84.08625228180898,0.9545452141267816,85.79077574141414,84.18545478587322,7931,8010,2009-04-13 10:00:00-04:00,2009-04-16 10:15:00-04:00,train
SPY,head_shoulders,1,confirmed_breakout,8204,8205.0,2009-04-27 13:15:00-04:00,short,86.47161709747094,0.2469372671661887,86.78483662144374,85.67306273283381,8125,8204,2009-04-22 13:00:00-04:00,2009-04-27 13:15:00-04:00,train
SPY,head_shoulders,0,failed_breakout,8325,,2009-05-04 11:00:00-04:00,short,87.12311571767276,0.9940074244136241,88.5056998008271,88.61599257558638,8246,8325,2009-04-29 10:45:00-04:00,2009-05-04 11:00:00-04:00,train
SPY,head_shoulders,1,confirmed_breakout,8357,8358.0,2009-05-05 12:30:00-04:00,short,90.68859211485245,0.39659395028348854,90.40183262605767,89.71340604971651,8278,8357,2009-04-30 12:15:00-04:00,2009-05-05 12:30:00-04:00,train
SPY,head_shoulders,1,confirmed_breakout,8473,8474.0,2009-05-11 15:30:00-04:00,short,91.84035790343398,1.4245665109891803,92.75332190794073,89.91543348901082,8394,8473,2009-05-06 15:15:00-04:00,2009-05-11 15:30:00-04:00,train
SPY,head_shoulders,0,failed_breakout,8804,,2009-05-29 13:45:00-04:00,short,90.14825507651925,1.6479569721171146,91.43073785328957,89.76204302788288,8725,8804,2009-05-26 13:30:00-04:00,2009-05-29 13:45:00-04:00,train
SPY,head_shoulders,1,confirmed_breakout,9073,9074.0,2009-06-12 16:00:00-04:00,short,94.68219105837164,1.450316043592835,95.64169917272828,92.15968395640716,8994,9073,2009-06-09 15:45:00-04:00,2009-06-12 16:00:00-04:00,train
SPY,head_shoulders,1,confirmed_breakout,9203,9204.0,2009-06-19 16:00:00-04:00,short,91.7702370646666,0.09313495579952757,92.43793054436527,90.53686504420047,9124,9203,2009-06-16 15:45:00-04:00,2009-06-19 16:00:00-04:00,train
SPY,head_shoulders,1,confirmed_breakout,9863,9869.0,2009-07-29 12:00:00-04:00,short,97.66295792915864,0.49466999500815234,97.86085433731067,96.59533000499185,9784,9863,2009-07-23 11:45:00-04:00,2009-07-29 12:00:00-04:00,train
SPY,head_shoulders,1,confirmed_breakout,9930,9931.0,2009-07-31 15:45:00-04:00,short,99.34108975899345,1.1292368630134746,99.4116995842147,97.70076313698652,9851,9930,2009-07-28 15:30:00-04:00,2009-07-31 15:45:00-04:00,train
SPY,head_shoulders,1,confirmed_breakout,9985,9986.0,2009-08-05 10:00:00-04:00,short,100.45515696166703,0.25042245025237264,100.57182735183784,99.62957754974762,9906,9985,2009-07-31 09:45:00-04:00,2009-08-05 10:00:00-04:00,train
SPY,head_shoulders,1,confirmed_breakout,10089,10090.0,2009-08-11 10:00:00-04:00,short,100.71310421459583,1.5236509573852572,101.70243295803505,98.59634904261475,10010,10089,2009-08-06 09:45:00-04:00,2009-08-11 10:00:00-04:00,train
SPY,head_shoulders,0,failed_breakout,10389,,2009-08-26 13:30:00-04:00,short,103.21037361056071,0.5590165249266761,103.65009420599677,102.32098347507332,10310,10389,2009-08-21 13:15:00-04:00,2009-08-26 13:30:00-04:00,train
SPY,head_shoulders,1,confirmed_breakout,10451,10452.0,2009-08-28 16:00:00-04:00,short,103.2768318202218,0.577468857359051,103.43999176122195,101.78253114264095,10372,10451,2009-08-25 15:45:00-04:00,2009-08-28 16:00:00-04:00,train
SPY,head_shoulders,0,failed_breakout,10933,,2009-09-25 13:00:00-04:00,short,104.40551452885673,1.1332672415020824,107.3686535966676,103.09673275849792,10854,10933,2009-09-22 12:45:00-04:00,2009-09-25 13:00:00-04:00,train
SPY,head_shoulders,1,confirmed_breakout,10996,10997.0,2009-09-29 15:45:00-04:00,short,106.70578614761472,0.5973500742939848,106.4137445830789,105.42264992570601,10917,10996,2009-09-24 15:30:00-04:00,2009-09-29 15:45:00-04:00,train
SPY,head_shoulders,1,confirmed_breakout,11411,11412.0,2009-10-21 15:30:00-04:00,short,109.27869760408377,1.1133675487045736,109.96488599015977,107.20663245129542,11332,11411,2009-10-16 15:15:00-04:00,2009-10-21 15:30:00-04:00,train
SPY,head_shoulders,1,confirmed_breakout,11671,11672.0,2009-11-04 15:30:00-05:00,short,105.95128567210676,0.3583243099884186,105.81113383564924,104.64167569001158,11592,11671,2009-10-30 15:15:00-04:00,2009-11-04 15:30:00-05:00,train
SPY,head_shoulders,1,confirmed_breakout,11908,11909.0,2009-11-18 09:45:00-05:00,short,111.46008729314401,1.0962208696846716,111.44652439984806,109.69377913031533,11829,11908,2009-11-12 16:00:00-05:00,2009-11-18 09:45:00-05:00,train
SPY,head_shoulders,0,failed_breakout,12159,,2009-12-03 14:00:00-05:00,short,111.11855788549492,0.21967787879074763,111.55994735562922,111.28032212120925,12080,12159,2009-11-30 13:45:00-05:00,2009-12-03 14:00:00-05:00,train
SPY,head_shoulders,0,failed_breakout,12221,,2009-12-08 10:00:00-05:00,short,110.13049966847288,0.6175941880541558,111.62156627791241,109.07240581194584,12142,12221,2009-12-03 09:45:00-05:00,2009-12-08 10:00:00-05:00,train
SPY,head_shoulders,1,confirmed_breakout,12370,12373.0,2009-12-15 14:45:00-05:00,short,112.03521800897326,0.2003003528076448,111.81636850716777,111.08969964719236,12291,12370,2009-12-10 14:30:00-05:00,2009-12-15 14:45:00-05:00,train
SPY,head_shoulders,1,confirmed_breakout,12433,12435.0,2009-12-18 11:00:00-05:00,short,110.0670405739606,0.87997486974308,111.94619226552292,108.56002513025692,12354,12433,2009-12-15 10:45:00-05:00,2009-12-18 11:00:00-05:00,train
SPY,head_shoulders,0,failed_breakout,12637,,2009-12-31 13:00:00-05:00,short,112.28110345576137,0.12382126938094018,112.75408291982409,112.15617873061906,12558,12637,2009-12-28 12:45:00-05:00,2009-12-31 13:00:00-05:00,train
SPY,head_shoulders,0,failed_breakout,13103,,2010-01-28 12:30:00-05:00,short,108.70082541275407,0.7121915398730465,110.24781513208497,107.41780846012695,13024,13103,2010-01-25 12:15:00-05:00,2010-01-28 12:30:00-05:00,train
SPY,head_shoulders,0,failed_breakout,13359,,2010-02-11 11:30:00-05:00,short,106.8206270423459,0.6771693229980258,107.42988054402974,106.76283067700197,13280,13359,2010-02-08 11:15:00-05:00,2010-02-11 11:30:00-05:00,train
SPY,head_shoulders,1,confirmed_breakout,13535,13536.0,2010-02-23 10:00:00-05:00,short,111.25354182795657,0.42473150304701335,111.31447609345902,109.58526849695299,13456,13535,2010-02-18 09:45:00-05:00,2010-02-23 10:00:00-05:00,train
SPY,head_shoulders,0,failed_breakout,13729,,2010-03-04 13:00:00-05:00,short,112.42223897308546,0.3451279140118828,112.715913721638,112.05487208598812,13650,13729,2010-03-01 12:45:00-05:00,2010-03-04 13:00:00-05:00,train
SPY,head_shoulders,0,failed_breakout,13865,,2010-03-11 14:30:00-05:00,short,114.85655265552968,0.18854871161300935,114.95791850420605,114.66145128838698,13786,13865,2010-03-08 14:15:00-05:00,2010-03-11 14:30:00-05:00,train
SPY,head_shoulders,1,confirmed_breakout,13903,13904.0,2010-03-15 11:00:00-04:00,short,115.5630551543282,0.10610958406657289,115.45482967650315,114.65389041593343,13824,13903,2010-03-10 10:45:00-05:00,2010-03-15 11:00:00-04:00,train
SPY,head_shoulders,1,confirmed_breakout,14144,14145.0,2010-03-26 12:45:00-04:00,short,117.17021439854847,0.7404542666083813,117.84944533575538,115.77954573339161,14065,14144,2010-03-23 12:30:00-04:00,2010-03-26 12:45:00-04:00,train
SPY,head_shoulders,0,failed_breakout,14219,,2010-03-31 12:00:00-04:00,short,117.27060351824284,0.2118907458789323,117.46477496046181,117.16810925412106,14140,14219,2010-03-26 11:45:00-04:00,2010-03-31 12:00:00-04:00,train
SPY,head_shoulders,1,confirmed_breakout,14335,14336.0,2010-04-07 15:00:00-04:00,short,118.75754273083507,0.29784120713243567,119.00046183700603,117.61215879286756,14256,14335,2010-04-01 14:45:00-04:00,2010-04-07 15:00:00-04:00,train
SPY,head_shoulders,0,failed_breakout,14530,,2010-04-19 11:45:00-04:00,short,118.98157879717827,0.740297606767669,121.34095765484982,118.30970239323233,14451,14530,2010-04-14 11:30:00-04:00,2010-04-19 11:45:00-04:00,train
SPY,head_shoulders,1,confirmed_breakout,15011,15012.0,2010-05-13 15:00:00-04:00,short,117.1060216678677,0.0851064742883807,117.29935969731007,116.34489352571163,14932,15011,2010-05-10 14:45:00-04:00,2010-05-13 15:00:00-04:00,train
SPY,head_shoulders,1,confirmed_breakout,15119,15120.0,2010-05-19 16:00:00-04:00,short,111.01217825927176,1.988111470689816,114.20829395455634,107.24188852931019,15040,15119,2010-05-14 15:45:00-04:00,2010-05-19 16:00:00-04:00,train
SPY,head_shoulders,1,confirmed_breakout,15301,15302.0,2010-05-28 16:00:00-04:00,short,109.7465237946837,1.1299811138000138,110.23562438616601,107.53001888619998,15222,15301,2010-05-25 15:45:00-04:00,2010-05-28 16:00:00-04:00,train
SPY,head_shoulders,0,failed_breakout,15643,,2010-06-18 10:30:00-04:00,short,111.5381056417636,0.5083330252400629,112.0990591905477,111.36166697475994,15564,15643,2010-06-15 10:15:00-04:00,2010-06-18 10:30:00-04:00,train
SPY,head_shoulders,1,confirmed_breakout,16142,16143.0,2010-07-16 11:45:00-04:00,short,108.12580160514969,0.4711941135459057,109.7573034141219,106.8888058864541,16063,16142,2010-07-13 11:30:00-04:00,2010-07-16 11:45:00-04:00,train
SPY,head_shoulders,0,failed_breakout,16345,,2010-07-28 10:30:00-04:00,short,111.47763536395287,0.06954247678547176,111.5769492345334,111.10045752321453,16266,16345,2010-07-23 10:15:00-04:00,2010-07-28 10:30:00-04:00,train
SPY,head_shoulders,0,failed_breakout,16366,,2010-07-28 15:45:00-04:00,short,111.14304720943329,0.09303607520719481,111.52628373582942,110.7969639247928,16287,16366,2010-07-23 15:30:00-04:00,2010-07-28 15:45:00-04:00,train
SPY,head_shoulders,1,confirmed_breakout,16465,16466.0,2010-08-03 14:30:00-04:00,short,113.01690424205074,0.631384353580529,112.68064229739281,111.72861564641947,16386,16465,2010-07-29 14:15:00-04:00,2010-08-03 14:30:00-04:00,train
SPY,head_shoulders,1,confirmed_breakout,16527,16528.0,2010-08-06 10:30:00-04:00,short,112.5390833343604,0.41087527387627176,112.83090459653194,111.29912472612372,16448,16527,2010-08-03 10:15:00-04:00,2010-08-06 10:30:00-04:00,train
SPY,head_shoulders,1,confirmed_breakout,16679,16680.0,2010-08-13 16:00:00-04:00,short,108.38306847062842,0.050628548777439164,108.66250533360012,107.74937145122256,16600,16679,2010-08-10 15:45:00-04:00,2010-08-13 16:00:00-04:00,train
SPY,head_shoulders,1,confirmed_breakout,16757,16758.0,2010-08-18 16:00:00-04:00,short,110.10496714727493,1.1161457433415194,110.11475410199192,108.33385425665848,16678,16757,2010-08-13 15:45:00-04:00,2010-08-18 16:00:00-04:00,train
SPY,head_shoulders,1,confirmed_breakout,16985,16986.0,2010-08-31 14:30:00-04:00,short,105.59926312326073,1.294065745908128,106.7127763552912,103.69593425409187,16906,16985,2010-08-26 14:15:00-04:00,2010-08-31 14:30:00-04:00,train
SPY,head_shoulders,0,failed_breakout,17099,,2010-09-08 10:30:00-04:00,short,110.0896452947492,1.0251760194143458,110.69069352888943,109.40482398058566,17020,17099,2010-09-02 10:15:00-04:00,2010-09-08 10:30:00-04:00,train
SPY,head_shoulders,1,confirmed_breakout,17199,17200.0,2010-09-13 16:00:00-04:00,short,112.68724791594275,0.4370763325694895,112.53352828110708,111.65292366743051,17120,17199,2010-09-08 15:45:00-04:00,2010-09-13 16:00:00-04:00,train
SPY,head_shoulders,1,confirmed_breakout,17225,17226.0,2010-09-14 16:00:00-04:00,short,113.08959869247161,0.19400186809252773,112.96531106523356,111.97599813190747,17146,17225,2010-09-09 15:45:00-04:00,2010-09-14 16:00:00-04:00,train
SPY,head_shoulders,1,confirmed_breakout,17441,17442.0,2010-09-27 11:30:00-04:00,short,115.0467159455398,0.2402810343690902,114.73214728752816,114.1397189656309,17362,17441,2010-09-22 11:15:00-04:00,2010-09-27 11:30:00-04:00,train
SPY,head_shoulders,0,failed_breakout,17489,,2010-09-29 10:30:00-04:00,short,113.76416321476756,0.4093781170667512,114.70755786171031,113.82062188293325,17410,17489,2010-09-24 10:15:00-04:00,2010-09-29 10:30:00-04:00,train
SPY,head_shoulders,0,failed_breakout,17550,,2010-10-01 12:45:00-04:00,short,114.08352199429935,0.4167611209457931,114.88418314712615,113.92323887905421,17471,17550,2010-09-28 12:30:00-04:00,2010-10-01 12:45:00-04:00,train
SPY,head_shoulders,0,failed_breakout,17657,,2010-10-07 13:30:00-04:00,short,115.69467142519514,0.07172292193592966,116.11106776719187,115.43827707806408,17578,17657,2010-10-04 13:15:00-04:00,2010-10-07 13:30:00-04:00,train
SPY,head_shoulders,0,failed_breakout,17909,,2010-10-21 11:30:00-04:00,short,116.31425389019023,1.266475924413058,118.32271223619742,117.29352407558694,17830,17909,2010-10-18 11:15:00-04:00,2010-10-21 11:30:00-04:00,train
SPY,head_shoulders,0,failed_breakout,17954,,2010-10-25 09:45:00-04:00,short,117.64938066609038,0.5668800390405977,118.60715981607957,118.86311996095941,17875,17954,2010-10-19 16:00:00-04:00,2010-10-25 09:45:00-04:00,train
SPY,head_shoulders,1,confirmed_breakout,17978,17979.0,2010-10-25 15:45:00-04:00,short,119.39807548443619,0.203893566588647,119.07154966210929,118.47610643341136,17899,17978,2010-10-20 15:30:00-04:00,2010-10-25 15:45:00-04:00,train
SPY,head_shoulders,0,failed_breakout,18244,,2010-11-09 10:45:00-05:00,short,122.1166910470623,0.07243368435221953,122.52329732963936,122.58756631564778,18165,18244,2010-11-04 10:30:00-04:00,2010-11-09 10:45:00-05:00,train
SPY,head_shoulders,0,failed_breakout,18301,,2010-11-11 12:00:00-05:00,short,120.69044945797577,0.47086652737681334,122.60105690869901,120.73913347262318,18222,18301,2010-11-08 11:45:00-05:00,2010-11-11 12:00:00-05:00,train
SPY,head_shoulders,0,failed_breakout,18791,,2010-12-09 14:00:00-05:00,short,123.06856569305238,0.6595926158712047,123.51705494067129,122.94040738412879,18712,18791,2010-12-06 13:45:00-05:00,2010-12-09 14:00:00-05:00,train
SPY,head_shoulders,1,confirmed_breakout,18893,18899.0,2010-12-15 13:30:00-05:00,short,124.65691537596877,0.23299208251034997,125.04810051201508,123.75700791748964,18814,18893,2010-12-10 13:15:00-05:00,2010-12-15 13:30:00-05:00,val
SPY,head_shoulders,0,failed_breakout,19173,,2010-12-31 12:00:00-05:00,short,125.67782184203958,0.4952893310704667,126.14412914921127,125.25471066892953,19094,19173,2010-12-28 11:45:00-05:00,2010-12-31 12:00:00-05:00,val
SPY,head_shoulders,1,confirmed_breakout,19418,19419.0,2011-01-13 14:45:00-05:00,short,128.9849388250233,0.44007841167970696,128.55324601213883,127.7399215883203,19339,19418,2011-01-10 14:30:00-05:00,2011-01-13 14:45:00-05:00,val
SPY,head_shoulders,0,failed_breakout,19892,,2011-02-10 09:45:00-05:00,short,132.10088490762155,0.08713290192210366,132.4114592669771,131.5728670980779,19813,19892,2011-02-04 16:00:00-05:00,2011-02-10 09:45:00-05:00,val
SPY,head_shoulders,0,failed_breakout,19996,,2011-02-16 09:45:00-05:00,short,133.01037058979796,0.2949358908537931,133.340918130217,133.2950641091462,19917,19996,2011-02-10 16:00:00-05:00,2011-02-16 09:45:00-05:00,val
SPY,head_shoulders,1,confirmed_breakout,20316,20317.0,2011-03-07 11:45:00-05:00,short,132.02753910616127,1.7831299545310912,133.3987053010288,129.51687004546892,20237,20316,2011-03-02 11:30:00-05:00,2011-03-07 11:45:00-05:00,val
SPY,head_shoulders,1,confirmed_breakout,20385,20386.0,2011-03-09 16:00:00-05:00,short,131.71917781890116,0.2213196473457515,132.72267860901508,130.11868035265425,20306,20385,2011-03-04 15:45:00-05:00,2011-03-09 16:00:00-05:00,val
SPY,head_shoulders,1,confirmed_breakout,20463,20464.0,2011-03-14 16:00:00-04:00,short,129.30237186423483,1.099102968934858,130.83279667694575,126.18089703106514,20384,20463,2011-03-09 15:45:00-05:00,2011-03-14 16:00:00-04:00,val
SPY,head_shoulders,0,failed_breakout,20849,,2011-04-04 15:00:00-04:00,short,133.18459060307913,0.05866795485914622,133.55681717801744,133.02133204514087,20770,20849,2011-03-30 14:45:00-04:00,2011-04-04 15:00:00-04:00,val
SPY,head_shoulders,0,failed_breakout,20895,,2011-04-06 13:30:00-04:00,short,133.52575356235405,0.24821332441001687,133.6367281350755,133.16178667558998,20816,20895,2011-04-01 13:15:00-04:00,2011-04-06 13:30:00-04:00,val
SPY,head_shoulders,0,failed_breakout,20929,,2011-04-07 15:30:00-04:00,short,133.33549767077776,0.27928394762398057,133.63378398625676,132.890716052376,20850,20929,2011-04-04 15:15:00-04:00,2011-04-07 15:30:00-04:00,val
SPY,head_shoulders,0,failed_breakout,20976,,2011-04-11 14:15:00-04:00,short,132.7527795310083,0.2998295978810006,133.40135112993016,132.420170402119,20897,20976,2011-04-06 14:00:00-04:00,2011-04-11 14:15:00-04:00,val
SPY,head_shoulders,1,confirmed_breakout,21686,21687.0,2011-05-20 09:45:00-04:00,short,134.5838801191803,0.09135104865845278,134.51918790862743,133.79864895134153,21607,21686,2011-05-16 16:00:00-04:00,2011-05-20 09:45:00-04:00,val
SPY,head_shoulders,0,failed_breakout,21928,,2011-06-03 11:45:00-04:00,short,131.08236363065225,0.9286218041096959,134.39990519665884,129.87137819589032,21849,21928,2011-05-31 11:30:00-04:00,2011-06-03 11:45:00-04:00,val
SPY,head_shoulders,0,failed_breakout,22083,,2011-06-13 11:30:00-04:00,short,127.6310210326973,1.61932320531605,129.72815870372483,126.31067679468396,22004,22083,2011-06-08 11:15:00-04:00,2011-06-13 11:30:00-04:00,val
SPY,head_shoulders,0,failed_breakout,22109,,2011-06-14 11:30:00-04:00,short,127.53071914429621,0.15563360076926358,127.97123531091914,129.06436639923072,22030,22109,2011-06-09 11:15:00-04:00,2011-06-14 11:30:00-04:00,val
SPY,head_shoulders,0,failed_breakout,22177,,2011-06-16 15:30:00-04:00,short,126.89827901314656,2.0423455347367536,129.52836768327364,124.91765446526324,22098,22177,2011-06-13 15:15:00-04:00,2011-06-16 15:30:00-04:00,val
SPY,head_shoulders,0,failed_breakout,22321,,2011-06-24 12:30:00-04:00,short,125.82605823237009,1.242741748990369,129.57970292072642,125.95725825100963,22242,22321,2011-06-21 12:15:00-04:00,2011-06-24 12:30:00-04:00,val
SPY,head_shoulders,0,failed_breakout,22501,,2011-07-06 12:00:00-04:00,short,133.8023993398145,0.08930832413255985,133.84930033361718,133.81069167586745,22422,22501,2011-06-30 11:45:00-04:00,2011-07-06 12:00:00-04:00,val
SPY,head_shoulders,1,confirmed_breakout,22569,22570.0,2011-07-08 16:00:00-04:00,short,133.85521525569,1.6496470272965382,135.49428658377295,131.20035297270346,22490,22569,2011-07-05 15:45:00-04:00,2011-07-08 16:00:00-04:00,val
SPY,head_shoulders,1,confirmed_breakout,22657,22658.0,2011-07-14 12:00:00-04:00,short,132.30912524526096,0.7187155391997919,132.89739371970145,130.9012844608002,22578,22657,2011-07-11 11:45:00-04:00,2011-07-14 12:00:00-04:00,val
SPY,head_shoulders,0,failed_breakout,22859,,2011-07-26 10:30:00-04:00,short,133.95576968066132,0.4209176376513142,134.57860133070508,132.8490823623487,22780,22859,2011-07-21 10:15:00-04:00,2011-07-26 10:30:00-04:00,val
SPY,head_shoulders,1,confirmed_breakout,22933,22934.0,2011-07-28 16:00:00-04:00,short,129.2870505979346,0.4377333303609987,133.64878322935496,128.132266669639,22854,22933,2011-07-25 15:45:00-04:00,2011-07-28 16:00:00-04:00,val
SPY,head_shoulders,1,confirmed_breakout,23256,23257.0,2011-08-16 12:15:00-04:00,short,120.09657485276523,0.6922549735063797,120.2118148814601,118.71774502649362,23177,23256,2011-08-11 12:00:00-04:00,2011-08-16 12:15:00-04:00,val
SPY,head_shoulders,1,confirmed_breakout,23297,23298.0,2011-08-17 16:00:00-04:00,short,119.4377607788971,1.056823562395735,120.40937727071844,114.67317643760427,23218,23297,2011-08-12 15:45:00-04:00,2011-08-17 16:00:00-04:00,val
SPY,head_shoulders,1,confirmed_breakout,23451,23452.0,2011-08-25 15:30:00-04:00,short,116.76761568421678,1.0499442740017173,117.7240223600452,114.88005572599829,23372,23451,2011-08-22 15:15:00-04:00,2011-08-25 15:30:00-04:00,val
SPY,head_shoulders,1,confirmed_breakout,23572,23574.0,2011-09-01 13:15:00-04:00,short,122.55486174536739,1.009337048332199,122.77992476188753,120.4606629516678,23493,23572,2011-08-29 13:00:00-04:00,2011-09-01 13:15:00-04:00,val
SPY,head_shoulders,1,confirmed_breakout,24063,24064.0,2011-09-29 12:30:00-04:00,short,116.68814143933493,3.8500080250476003,119.09567442354218,111.8899919749524,23984,24063,2011-09-26 12:15:00-04:00,2011-09-29 12:30:00-04:00,val
SPY,head_shoulders,1,confirmed_breakout,24549,24550.0,2011-10-26 10:30:00-04:00,short,123.82536270835789,1.9583270272456872,125.44389472559314,121.04167297275431,24470,24549,2011-10-21 10:15:00-04:00,2011-10-26 10:30:00-04:00,val
SPY,head_shoulders,0,near_miss,24615,,2011-10-28 14:00:00-04:00,short,128.44981758161455,4.828641985429698,128.62067368055125,123.63135801457031,24536,24615,2011-10-25 13:45:00-04:00,2011-10-28 14:00:00-04:00,val
SPY,head_shoulders,1,confirmed_breakout,24762,24763.0,2011-11-07 11:45:00-05:00,short,125.36091827170661,1.5959080030615382,125.9086978036893,123.12409199693846,24683,24762,2011-11-02 11:30:00-04:00,2011-11-07 11:45:00-05:00,val
SPY,head_shoulders,0,failed_breakout,24844,,2011-11-10 12:45:00-05:00,short,123.4797803966978,1.799814555479898,127.2837212551568,122.0001854445201,24765,24844,2011-11-07 12:30:00-05:00,2011-11-10 12:45:00-05:00,val
SPY,head_shoulders,1,confirmed_breakout,24917,24918.0,2011-11-15 11:30:00-05:00,short,125.56520493318635,2.038819925675938,126.7274903958728,122.87118007432406,24838,24917,2011-11-10 11:15:00-05:00,2011-11-15 11:30:00-05:00,val
SPY,head_shoulders,1,confirmed_breakout,24958,24959.0,2011-11-16 15:15:00-05:00,short,125.60670189089062,0.9129367512505837,126.30953546385534,123.89706324874942,24879,24958,2011-11-11 15:00:00-05:00,2011-11-16 15:15:00-05:00,val
SPY,head_shoulders,0,failed_breakout,25053,,2011-11-22 13:00:00-05:00,short,117.96878388763928,0.7473358884236063,122.18349862385136,118.9826641115764,24974,25053,2011-11-17 12:45:00-05:00,2011-11-22 13:00:00-05:00,val
SPY,head_shoulders,0,failed_breakout,25165,,2011-11-30 11:30:00-05:00,short,120.29183067819325,0.46835232012439576,120.42682619014732,123.6916476798756,25086,25165,2011-11-23 14:45:00-05:00,2011-11-30 11:30:00-05:00,val
SPY,head_shoulders,0,failed_breakout,25278,,2011-12-06 13:45:00-05:00,short,126.18775785751461,1.167645294238497,126.88509098275043,125.1323547057615,25199,25278,2011-12-01 13:30:00-05:00,2011-12-06 13:45:00-05:00,val
SPY,head_shoulders,0,failed_breakout,25317,,2011-12-08 10:30:00-05:00,short,125.60693631742271,0.6370413633189145,126.52835799844114,124.66295863668108,25238,25317,2011-12-05 10:15:00-05:00,2011-12-08 10:30:00-05:00,val
SPY,head_shoulders,0,failed_breakout,25510,,2011-12-19 13:15:00-05:00,short,121.51784403366725,0.3736588220121462,122.51698568763862,120.66634117798786,25431,25510,2011-12-14 13:00:00-05:00,2011-12-19 13:15:00-05:00,val
SPY,head_shoulders,1,confirmed_breakout,25754,25755.0,2012-01-03 15:45:00-05:00,short,128.42515074611785,0.7010462450249122,127.86126639053793,126.88895375497509,25675,25754,2011-12-28 15:30:00-05:00,2012-01-03 15:45:00-05:00,val
SPY,head_shoulders,0,failed_breakout,25830,,2012-01-06 15:15:00-05:00,short,127.95096086569473,0.32353708972095774,127.93262854475911,127.57646291027905,25751,25830,2012-01-03 15:00:00-05:00,2012-01-06 15:15:00-05:00,val
SPY,head_shoulders,0,failed_breakout,25847,,2012-01-09 13:00:00-05:00,short,127.84339656500396,0.04362244610584298,127.89826743857968,127.82637755389416,25768,25847,2012-01-04 12:45:00-05:00,2012-01-09 13:00:00-05:00,val
SPY,head_shoulders,1,confirmed_breakout,25886,25887.0,2012-01-11 09:45:00-05:00,short,129.53576430627592,0.2928262065847491,129.2095064737928,128.34717379341524,25807,25886,2012-01-05 16:00:00-05:00,2012-01-11 09:45:00-05:00,val
SPY,head_shoulders,0,failed_breakout,26118,,2012-01-24 15:45:00-05:00,short,131.24332331114056,0.5397914467333464,131.7510888430061,130.76020855326666,26039,26118,2012-01-19 15:30:00-05:00,2012-01-24 15:45:00-05:00,val
SPY,head_shoulders,1,confirmed_breakout,26197,26198.0,2012-01-27 16:00:00-05:00,short,131.47443289891652,1.3423756497782051,132.61705051168516,129.1776243502218,26118,26197,2012-01-24 15:45:00-05:00,2012-01-27 16:00:00-05:00,val
SPY,head_shoulders,1,confirmed_breakout,26287,26288.0,2012-02-02 12:30:00-05:00,short,133.0992813582437,0.4616947025853335,132.86119796058858,131.82830529741466,26208,26287,2012-01-30 12:15:00-05:00,2012-02-02 12:30:00-05:00,val
SPY,head_shoulders,1,confirmed_breakout,26353,26354.0,2012-02-06 16:00:00-05:00,short,134.75327439803516,0.6469904902730832,134.43431695857495,133.4230095097269,26274,26353,2012-02-01 15:45:00-05:00,2012-02-06 16:00:00-05:00,val
SPY,head_shoulders,0,failed_breakout,26646,,2012-02-23 11:15:00-05:00,short,136.06825347493674,0.7297024981228333,136.84321893686183,135.73029750187717,26567,26646,2012-02-17 11:00:00-05:00,2012-02-23 11:15:00-05:00,val
SPY,head_shoulders,0,failed_breakout,26773,,2012-03-01 10:30:00-05:00,short,137.36487637021477,0.2966834320815792,137.64086998897798,137.29331656791842,26694,26773,2012-02-27 10:15:00-05:00,2012-03-01 10:30:00-05:00,val
SPY,head_shoulders,1,confirmed_breakout,26824,26825.0,2012-03-05 10:15:00-05:00,short,137.27418820403196,0.5186950567226916,137.78197003458897,135.9913049432773,26745,26824,2012-02-29 10:00:00-05:00,2012-03-05 10:15:00-05:00,val
SPY,head_shoulders,0,failed_breakout,27087,,2012-03-19 11:00:00-04:00,short,140.37009137369253,0.3810520246296676,140.6061526702252,140.19894797537034,27008,27087,2012-03-14 10:45:00-04:00,2012-03-19 11:00:00-04:00,val
SPY,head_shoulders,0,failed_breakout,27145,,2012-03-21 12:30:00-04:00,short,140.11222421835785,0.8636416331240468,141.0990706944801,139.62635836687596,27066,27145,2012-03-16 12:15:00-04:00,2012-03-21 12:30:00-04:00,val
SPY,head_shoulders,0,failed_breakout,27189,,2012-03-23 10:30:00-04:00,short,139.06205181727586,0.6833403882145035,140.44909098053887,138.1066596117855,27110,27189,2012-03-20 10:15:00-04:00,2012-03-23 10:30:00-04:00,val
SPY,head_shoulders,0,failed_breakout,27299,,2012-03-29 12:00:00-04:00,short,139.82175564054856,0.3364365166946186,141.62154911821673,138.88356348330538,27220,27299,2012-03-26 11:45:00-04:00,2012-03-29 12:00:00-04:00,val
SPY,head_shoulders,1,confirmed_breakout,27925,27928.0,2012-05-03 12:30:00-04:00,short,140.3597147858765,1.4624896650988148,141.35260996680583,138.0875103349012,27846,27925,2012-04-30 12:15:00-04:00,2012-05-03 12:30:00-04:00,val
SPY,head_shoulders,0,failed_breakout,28126,,2012-05-15 10:45:00-04:00,short,134.19708240528462,0.7693930027665772,136.41281315390512,133.69060699723343,28047,28126,2012-05-10 10:30:00-04:00,2012-05-15 10:45:00-04:00,val
SPY,head_shoulders,1,confirmed_breakout,28381,28382.0,2012-05-29 16:00:00-04:00,short,133.30548643320387,0.6588659962422128,133.2842469464578,131.51113400375777,28302,28381,2012-05-23 15:45:00-04:00,2012-05-29 16:00:00-04:00,val
SPY,head_shoulders,1,confirmed_breakout,28927,28928.0,2012-06-27 16:00:00-04:00,short,133.2423830966647,0.24159384851859045,133.10524688476443,131.9184061514814,28848,28927,2012-06-22 15:45:00-04:00,2012-06-27 16:00:00-04:00,val
SPY,head_shoulders,1,confirmed_breakout,29045,29046.0,2012-07-05 16:00:00-04:00,short,137.3171336425812,0.5770308144180945,137.16185944126474,135.0229691855819,28966,29045,2012-06-29 12:45:00-04:00,2012-07-05 16:00:00-04:00,val
SPY,head_shoulders,1,confirmed_breakout,29149,29150.0,2012-07-11 16:00:00-04:00,short,133.6853934594108,0.559009472416534,135.3811638094319,132.31099052758347,29070,29149,2012-07-06 15:45:00-04:00,2012-07-11 16:00:00-04:00,val
SPY,head_shoulders,0,failed_breakout,29671,,2012-08-09 10:00:00-04:00,short,140.35210100427855,0.5834020033181275,140.7356628554036,139.87659799668188,29592,29671,2012-08-06 09:45:00-04:00,2012-08-09 10:00:00-04:00,val
SPY,head_shoulders,0,failed_breakout,29734,,2012-08-13 12:45:00-04:00,short,140.30008895899635,0.2734517666831664,140.6077087072767,139.95654823331682,29655,29734,2012-08-08 12:30:00-04:00,2012-08-13 12:45:00-04:00,val
SPY,head_shoulders,0,failed_breakout,29787,,2012-08-15 13:00:00-04:00,short,140.92176877811713,0.4512575158867662,141.0922818414875,140.50874248411324,29708,29787,2012-08-10 12:45:00-04:00,2012-08-15 13:00:00-04:00,val
SPY,head_shoulders,0,failed_breakout,29939,,2012-08-23 12:00:00-04:00,short,141.22049595213667,0.9958027789053574,142.63762019727815,140.12419722109465,29860,29939,2012-08-20 11:45:00-04:00,2012-08-23 12:00:00-04:00,val
SPY,head_shoulders,0,failed_breakout,30032,,2012-08-28 15:45:00-04:00,short,141.4826241729173,0.35511326418696854,141.83996557271658,141.14488673581303,29953,30032,2012-08-23 15:30:00-04:00,2012-08-28 15:45:00-04:00,val
SPY,head_shoulders,0,failed_breakout,30105,,2012-08-31 14:30:00-04:00,short,140.06241009669606,0.7105402890996118,141.70609594496966,140.67945971090037,30026,30105,2012-08-28 14:15:00-04:00,2012-08-31 14:30:00-04:00,val
SPY,head_shoulders,1,confirmed_breakout,30240,30241.0,2012-09-10 15:45:00-04:00,short,144.30800791565773,0.030494217856727346,144.26374650696965,143.49950578214327,30161,30240,2012-09-05 15:30:00-04:00,2012-09-10 15:45:00-04:00,val
SPY,head_shoulders,0,failed_breakout,30459,,2012-09-21 12:00:00-04:00,short,146.2993491293884,0.6618529639072506,147.01887590339607,145.69814703609276,30380,30459,2012-09-18 11:45:00-04:00,2012-09-21 12:00:00-04:00,val
SPY,head_shoulders,1,confirmed_breakout,30646,30649.0,2012-10-02 13:15:00-04:00,short,144.88032105338164,0.872113638913703,145.18912028692046,143.2478863610863,30567,30646,2012-09-27 13:00:00-04:00,2012-10-02 13:15:00-04:00,val
SPY,head_shoulders,1,confirmed_breakout,30969,30970.0,2012-10-18 16:00:00-04:00,short,145.7129105553187,0.23484048341717312,146.17047241667865,144.6551595165828,30890,30969,2012-10-15 15:45:00-04:00,2012-10-18 16:00:00-04:00,val
SPY,head_shoulders,1,confirmed_breakout,31705,31706.0,2012-12-03 14:30:00-05:00,short,142.45087563351552,0.125220603290785,142.2020042345187,141.52477939670922,31626,31705,2012-11-28 14:15:00-05:00,2012-12-03 14:30:00-05:00,val
SPY,head_shoulders,0,failed_breakout,31784,,2012-12-06 14:45:00-05:00,short,141.75778339617193,0.40129679375075966,141.84884455635367,141.38870320624923,31705,31784,2012-12-03 14:30:00-05:00,2012-12-06 14:45:00-05:00,val
SPY,head_shoulders,0,failed_breakout,31929,,2012-12-14 12:00:00-05:00,short,142.5384227699527,1.0227102204839298,144.15943584927786,141.20728977951606,31850,31929,2012-12-11 11:45:00-05:00,2012-12-14 12:00:00-05:00,val
SPY,head_shoulders,1,confirmed_breakout,32049,32050.0,2012-12-20 16:00:00-05:00,short,144.1423223917477,0.2369124771611837,145.15511530893025,142.4230875228388,31970,32049,2012-12-17 15:45:00-05:00,2012-12-20 16:00:00-05:00,val
SPY,head_shoulders,0,failed_breakout,32308,,2013-01-08 12:15:00-05:00,short,145.58040832044068,0.5753004105513639,146.3342644340226,144.74469958944863,32229,32308,2013-01-03 12:00:00-05:00,2013-01-08 12:15:00-05:00,val
SPY,head_shoulders,0,failed_breakout,32437,,2013-01-15 12:00:00-05:00,short,146.67086021156047,0.14976338699872827,146.93244719769726,146.49023661300126,32358,32437,2013-01-10 11:45:00-05:00,2013-01-15 12:00:00-05:00,val
SPY,head_shoulders,0,failed_breakout,32659,,2013-01-28 15:30:00-05:00,short,150.03879639174576,0.21869688039109292,150.06065524165436,149.7513031196089,32580,32659,2013-01-23 15:15:00-05:00,2013-01-28 15:30:00-05:00,val
SPY,head_shoulders,1,confirmed_breakout,32707,32712.0,2013-01-30 14:30:00-05:00,short,150.86886414452084,0.22130740864159293,150.66389100846627,149.8186925913584,32628,32707,2013-01-25 14:15:00-05:00,2013-01-30 14:30:00-05:00,val
SPY,head_shoulders,0,failed_breakout,32745,,2013-02-01 11:00:00-05:00,short,149.67408620850318,0.21491526912137715,150.5974399475457,150.77508473087863,32666,32745,2013-01-29 10:45:00-05:00,2013-02-01 11:00:00-05:00,val
SPY,head_shoulders,0,failed_breakout,32797,,2013-02-05 11:00:00-05:00,short,149.8674139428455,1.322498942750542,151.23962626559407,149.55750105724945,32718,32797,2013-01-31 10:45:00-05:00,2013-02-05 11:00:00-05:00,val
SPY,head_shoulders,1,confirmed_breakout,32847,32848.0,2013-02-07 10:30:00-05:00,short,151.03539410276522,0.8589055463614841,151.21656793817198,149.3010944536385,32768,32847,2013-02-04 10:15:00-05:00,2013-02-07 10:30:00-05:00,val
SPY,head_shoulders,0,failed_breakout,32915,,2013-02-11 14:30:00-05:00,short,151.81871783483908,0.3313578669923345,151.73791060538235,151.33864213300765,32836,32915,2013-02-06 14:15:00-05:00,2013-02-11 14:30:00-05:00,val
SPY,head_shoulders,0,failed_breakout,32975,,2013-02-14 10:00:00-05:00,short,152.15822258664792,0.19345590118098244,152.29964329129686,151.63654409881903,32896,32975,2013-02-11 09:45:00-05:00,2013-02-14 10:00:00-05:00,val
SPY,head_shoulders,0,failed_breakout,33517,,2013-03-15 15:30:00-04:00,short,155.79679001894453,0.28377456638057197,156.55214505917823,155.35622543361941,33438,33517,2013-03-12 15:15:00-04:00,2013-03-15 15:30:00-04:00,val
SPY,head_shoulders,0,failed_breakout,33655,,2013-03-25 11:00:00-04:00,short,154.85279248406655,1.2283783530301662,155.64919984745927,154.07162164696985,33576,33655,2013-03-20 10:45:00-04:00,2013-03-25 11:00:00-04:00,val
SPY,head_shoulders,0,failed_breakout,33850,,2013-04-04 14:15:00-04:00,short,155.2964505954555,1.2713439137796172,157.03609011013734,154.2786560862204,33771,33850,2013-04-01 14:00:00-04:00,2013-04-04 14:15:00-04:00,val
SPY,head_shoulders,0,failed_breakout,34102,,2013-04-18 12:15:00-04:00,short,153.72824636024004,0.43575729185485557,157.02701660804613,154.02424270814515,34023,34102,2013-04-15 12:00:00-04:00,2013-04-18 12:15:00-04:00,val
SPY,head_shoulders,0,failed_breakout,34500,,2013-05-09 14:15:00-04:00,short,163.13762473227771,0.08284137634319677,163.17368432497116,163.3871586236568,34421,34500,2013-05-06 14:00:00-04:00,2013-05-09 14:15:00-04:00,val
SPY,head_shoulders,0,failed_breakout,34520,,2013-05-10 12:45:00-04:00,short,163.06582002295787,0.26899794301561997,163.36137961779056,162.60100205698438,34441,34520,2013-05-07 12:30:00-04:00,2013-05-10 12:45:00-04:00,val
SPY,head_shoulders,0,failed_breakout,34565,,2013-05-14 11:00:00-04:00,short,163.54522386156722,0.11404306952138654,163.54141530687426,164.8559569304786,34486,34565,2013-05-09 10:45:00-04:00,2013-05-14 11:00:00-04:00,val
SPY,head_shoulders,0,failed_breakout,34701,,2013-05-21 12:30:00-04:00,short,167.03262231542118,0.548801915249669,167.27418338481593,166.80119808475033,34622,34701,2013-05-16 12:15:00-04:00,2013-05-21 12:30:00-04:00,val
SPY,head_shoulders,0,failed_breakout,34766,,2013-05-23 15:45:00-04:00,short,164.62459317889676,1.7170953319608202,168.17261869769052,163.67290466803917,34687,34766,2013-05-20 15:30:00-04:00,2013-05-23 15:45:00-04:00,val
SPY,head_shoulders,0,failed_breakout,35078,,2013-06-11 15:45:00-04:00,short,163.89375058582354,0.9144362750327844,164.9868988795773,162.2755637249672,34999,35078,2013-06-06 15:30:00-04:00,2013-06-11 15:45:00-04:00,val
SPY,head_shoulders,0,failed_breakout,35592,,2013-07-11 10:45:00-04:00,short,164.98580100178887,0.6928253680898422,165.1734276467985,165.97717463191015,35513,35592,2013-07-08 10:30:00-04:00,2013-07-11 10:45:00-04:00,val
SPY,head_shoulders,0,failed_breakout,35696,,2013-07-17 10:45:00-04:00,short,167.4216097859837,0.8504143447861452,168.22699667764508,167.22958565521387,35617,35696,2013-07-12 10:30:00-04:00,2013-07-17 10:45:00-04:00,val
SPY,head_shoulders,0,failed_breakout,35829,,2013-07-24 11:30:00-04:00,short,169.23128940839885,0.13055990441421272,169.52447578219983,168.87944009558578,35750,35829,2013-07-19 11:15:00-04:00,2013-07-24 11:30:00-04:00,val
SPY,head_shoulders,1,confirmed_breakout,36059,36060.0,2013-08-06 10:30:00-04:00,short,170.7137821455544,0.20450318770119225,170.79117137591828,169.4654968122988,35980,36059,2013-08-01 10:15:00-04:00,2013-08-06 10:30:00-04:00,val
SPY,head_shoulders,0,failed_breakout,36165,,2013-08-12 11:00:00-04:00,short,169.3596333592676,0.6336390872484685,169.97472506610325,168.61636091275153,36086,36165,2013-08-07 10:45:00-04:00,2013-08-12 11:00:00-04:00,val
SPY,head_shoulders,0,failed_breakout,36345,,2013-08-21 10:30:00-04:00,short,164.70322710405944,0.18124777795247837,165.95969651007061,165.00875222204752,36266,36345,2013-08-16 10:15:00-04:00,2013-08-21 10:30:00-04:00,val
SPY,head_shoulders,0,failed_breakout,36557,,2013-09-03 11:30:00-04:00,short,163.63412431057142,0.7683257812631723,164.7752290200548,163.65167421873682,36478,36557,2013-08-28 11:15:00-04:00,2013-09-03 11:30:00-04:00,val
SPY,head_shoulders,0,failed_breakout,36763,,2013-09-13 11:00:00-04:00,short,169.21505748571545,0.29001785048285456,169.30460662603505,168.83998214951714,36684,36763,2013-09-10 10:45:00-04:00,2013-09-13 11:00:00-04:00,val
SPY,head_shoulders,1,confirmed_breakout,36887,36888.0,2013-09-19 16:00:00-04:00,short,173.05074139652208,1.1673705193330193,173.07297305009948,170.90262948066697,36808,36887,2013-09-16 15:45:00-04:00,2013-09-19 16:00:00-04:00,val
SPY,head_shoulders,1,confirmed_breakout,37043,37044.0,2013-09-27 16:00:00-04:00,short,168.5696021734279,0.14521418249975682,169.5558982952859,167.57478581750024,36964,37043,2013-09-24 15:45:00-04:00,2013-09-27 16:00:00-04:00,val
SPY,head_shoulders,1,confirmed_breakout,37124,37125.0,2013-10-03 10:15:00-04:00,short,168.70354149943003,0.9345128883769291,169.18313540561368,166.92548711162308,37045,37124,2013-09-30 10:00:00-04:00,2013-10-03 10:15:00-04:00,val
SPY,head_shoulders,1,confirmed_breakout,37204,37205.0,2013-10-08 10:45:00-04:00,short,168.13012629815557,0.825449259155107,168.80270283945157,165.93455074084488,37125,37204,2013-10-03 10:30:00-04:00,2013-10-08 10:45:00-04:00,val
SPY,head_shoulders,0,failed_breakout,37391,,2013-10-17 12:00:00-04:00,short,171.864746661575,0.4242554752548813,171.83650631888392,172.1457445247451,37312,37391,2013-10-14 11:45:00-04:00,2013-10-17 12:00:00-04:00,val
SPY,head_shoulders,0,failed_breakout,37674,,2013-11-01 11:15:00-04:00,short,176.06441786564696,0.9759427008233956,177.15615417398132,174.5540572991766,37595,37674,2013-10-29 11:00:00-04:00,2013-11-01 11:15:00-04:00,val
SPY,head_shoulders,0,failed_breakout,37995,,2013-11-19 13:30:00-05:00,short,179.50846677402976,0.2620357680532095,180.19198357263465,178.62796423194678,37916,37995,2013-11-14 13:15:00-05:00,2013-11-19 13:30:00-05:00,val
SPY,head_shoulders,1,confirmed_breakout,38201,38202.0,2013-12-02 16:00:00-05:00,short,181.1602613525798,0.5537178493695762,181.55877405095123,179.47628215063042,38122,38201,2013-11-26 12:45:00-05:00,2013-12-02 16:00:00-05:00,val
SPY,head_shoulders,0,failed_breakout,38266,,2013-12-05 12:45:00-05:00,short,179.16217399806754,0.5697794433024512,179.99836156213323,178.82022055669754,38187,38266,2013-12-02 12:30:00-05:00,2013-12-05 12:45:00-05:00,val
SPY,head_shoulders,1,confirmed_breakout,38360,38361.0,2013-12-11 10:15:00-05:00,short,180.89324753641782,0.5812000155552823,181.46450842208287,179.1187999844447,38281,38360,2013-12-06 10:00:00-05:00,2013-12-11 10:15:00-05:00,val
SPY,head_shoulders,0,failed_breakout,38495,,2013-12-18 11:30:00-05:00,short,178.38085040685044,0.32340780318435236,179.36094714663318,178.42659219681565,38416,38495,2013-12-13 11:15:00-05:00,2013-12-18 11:30:00-05:00,val
SPY,head_shoulders,0,failed_breakout,38636,,2013-12-30 10:45:00-05:00,short,183.87068850168015,0.6408112592929456,183.93021023444294,183.06918874070706,38557,38636,2013-12-20 14:00:00-05:00,2013-12-30 10:45:00-05:00,val
SPY,head_shoulders,1,confirmed_breakout,38690,38691.0,2014-01-02 11:15:00-05:00,short,184.3728322434047,0.24899022327758757,184.35762771077918,183.2010097767224,38611,38690,2013-12-27 11:00:00-05:00,2014-01-02 11:15:00-05:00,val
SPY,head_shoulders,0,failed_breakout,38796,,2014-01-08 11:45:00-05:00,short,183.64637589116805,0.16220732759259704,183.51084798834574,183.5177926724074,38717,38796,2014-01-03 11:30:00-05:00,2014-01-08 11:45:00-05:00,val
SPY,head_shoulders,0,failed_breakout,38840,,2014-01-10 09:45:00-05:00,short,183.2367401627779,0.2063088285625838,183.55423087858583,183.5536911714374,38761,38840,2014-01-06 16:00:00-05:00,2014-01-10 09:45:00-05:00,val
SPY,head_shoulders,0,failed_breakout,38979,,2014-01-17 12:00:00-05:00,short,183.98383754508288,0.20420660491592457,184.65105624975092,184.07579339508408,38900,38979,2014-01-14 11:45:00-05:00,2014-01-17 12:00:00-05:00,val
SPY,head_shoulders,0,failed_breakout,39638,,2014-02-25 14:15:00-05:00,short,185.07861488300688,1.1041810555788913,185.8568976653248,183.8658189444211,39559,39638,2014-02-20 14:00:00-05:00,2014-02-25 14:15:00-05:00,val
SPY,head_shoulders,1,confirmed_breakout,39799,39800.0,2014-03-05 15:30:00-05:00,short,188.62088802768955,0.4824343195467691,187.77742871419986,187.10756568045323,39720,39799,2014-02-28 15:15:00-05:00,2014-03-05 15:30:00-05:00,val
SPY,head_shoulders,0,failed_breakout,39865,,2014-03-10 12:30:00-04:00,short,187.9272388216132,0.6812593235062252,188.43805016372784,187.04874067649376,39786,39865,2014-03-05 12:15:00-05:00,2014-03-10 12:30:00-04:00,val
SPY,head_shoulders,0,failed_breakout,39929,,2014-03-12 15:30:00-04:00,short,186.66502653459918,0.7965512471828617,188.17204774547906,186.04344875281714,39850,39929,2014-03-07 15:15:00-05:00,2014-03-12 15:30:00-04:00,val
SPY,head_shoulders,0,failed_breakout,39971,,2014-03-14 13:00:00-04:00,short,185.18878242173992,0.6742737754255756,187.24647142757934,184.72572622457443,39892,39971,2014-03-11 12:45:00-04:00,2014-03-14 13:00:00-04:00,val
SPY,head_shoulders,0,failed_breakout,40093,,2014-03-21 11:00:00-04:00,short,185.93865569112046,0.305019004069635,187.7489041466985,187.46498099593038,40014,40093,2014-03-18 10:45:00-04:00,2014-03-21 11:00:00-04:00,val
SPY,head_shoulders,0,failed_breakout,40408,,2014-04-08 11:45:00-04:00,short,184.23502386200698,1.1205125167961114,188.88045798923588,183.7094874832039,40329,40408,2014-04-03 11:30:00-04:00,2014-04-08 11:45:00-04:00,val
SPY,head_shoulders,1,confirmed_breakout,40711,40713.0,2014-04-24 16:00:00-04:00,short,187.81723468001636,1.1174287151681312,188.23312656379102,185.71257128483188,40632,40711,2014-04-21 15:45:00-04:00,2014-04-24 16:00:00-04:00,val
SPY,head_shoulders,0,failed_breakout,40856,,2014-05-02 13:15:00-04:00,short,188.238102274213,0.2918218820931031,188.49130638940107,188.0081781179069,40777,40856,2014-04-29 13:00:00-04:00,2014-05-02 13:15:00-04:00,val
SPY,head_shoulders,1,confirmed_breakout,41053,41054.0,2014-05-14 10:30:00-04:00,short,190.49728623640803,0.6479468520618923,190.0456544074202,188.8820531479381,40974,41053,2014-05-09 10:15:00-04:00,2014-05-14 10:30:00-04:00,val
SPY,head_shoulders,0,failed_breakout,41579,,2014-06-12 12:00:00-04:00,short,194.74929936146685,0.24384715369171772,195.3875247344289,193.98615284630827,41500,41579,2014-06-09 11:45:00-04:00,2014-06-12 12:00:00-04:00,val
SPY,head_shoulders,0,failed_breakout,41699,,2014-06-18 16:00:00-04:00,short,194.7663577794956,0.255128483472447,194.8641811589296,195.99487151652755,41620,41699,2014-06-13 15:45:00-04:00,2014-06-18 16:00:00-04:00,val
SPY,head_shoulders,0,failed_breakout,41761,,2014-06-23 12:00:00-04:00,short,195.80925871011502,0.23831943303619596,196.2557030067904,195.3816805669638,41682,41761,2014-06-18 11:45:00-04:00,2014-06-23 12:00:00-04:00,val
SPY,head_shoulders,0,failed_breakout,41839,,2014-06-26 12:00:00-04:00,short,194.47077286087412,0.7826652593972199,196.24744022925654,194.10733474060277,41760,41839,2014-06-23 11:45:00-04:00,2014-06-26 12:00:00-04:00,val
SPY,head_shoulders,0,failed_breakout,41949,,2014-07-02 13:30:00-04:00,short,197.32758694026867,0.4665261342431961,197.33451579635192,196.7534738657568,41870,41949,2014-06-27 13:15:00-04:00,2014-07-02 13:30:00-04:00,val
SPY,head_shoulders,1,confirmed_breakout,42001,42002.0,2014-07-08 10:00:00-04:00,short,197.60160131171762,0.7344823885964047,198.03479089112165,195.6955176114036,41922,42001,2014-07-01 13:15:00-04:00,2014-07-08 10:00:00-04:00,val
SPY,head_shoulders,0,failed_breakout,42081,,2014-07-11 10:30:00-04:00,short,196.05805313488096,0.8354197759513511,197.00293916901134,195.51458022404864,42002,42081,2014-07-08 10:15:00-04:00,2014-07-11 10:30:00-04:00,val
SPY,head_shoulders,1,confirmed_breakout,42137,42138.0,2014-07-15 11:30:00-04:00,short,197.96424395729161,0.3661524987539053,197.66840165325,196.58384750124608,42058,42137,2014-07-10 11:15:00-04:00,2014-07-15 11:30:00-04:00,val
SPY,head_shoulders,1,confirmed_breakout,42341,42343.0,2014-07-25 10:30:00-04:00,short,198.96713380993071,0.06296592223338848,198.86113719245833,197.77703407776661,42262,42341,2014-07-22 10:15:00-04:00,2014-07-25 10:30:00-04:00,val
SPY,head_shoulders,1,confirmed_breakout,42441,42442.0,2014-07-30 16:00:00-04:00,short,196.53212161088805,1.0207081434058694,198.06337054833847,194.35929185659413,42362,42441,2014-07-25 15:45:00-04:00,2014-07-30 16:00:00-04:00,val
SPY,head_shoulders,0,failed_breakout,42569,,2014-08-06 15:30:00-04:00,short,191.74562783883118,1.2018231390668177,193.58730930462303,190.9181768609332,42490,42569,2014-08-01 15:15:00-04:00,2014-08-06 15:30:00-04:00,val
SPY,head_shoulders,0,failed_breakout,42886,,2014-08-25 10:15:00-04:00,short,199.41016391532202,0.48003164168608237,199.58612223436756,199.7199683583139,42807,42886,2014-08-20 10:00:00-04:00,2014-08-25 10:15:00-04:00,val
SPY,head_shoulders,0,failed_breakout,42955,,2014-08-27 14:30:00-04:00,short,200.35238733405401,0.3607686576830531,200.57113097662693,199.98923134231694,42876,42955,2014-08-22 14:15:00-04:00,2014-08-27 14:30:00-04:00,val
SPY,head_shoulders,0,failed_breakout,42992,,2014-08-29 10:45:00-04:00,short,199.70824958518838,0.16445592184231828,200.34952207904544,199.89554407815768,42913,42992,2014-08-26 10:30:00-04:00,2014-08-29 10:45:00-04:00,val
SPY,head_shoulders,0,failed_breakout,43130,,2014-09-08 12:45:00-04:00,short,199.59821235240577,0.7941560369919216,201.1565872545014,200.0358439630081,43051,43130,2014-09-03 12:30:00-04:00,2014-09-08 12:45:00-04:00,val
SPY,head_shoulders,0,failed_breakout,43274,,2014-09-16 09:45:00-04:00,short,198.65252496142193,0.3928090330599048,199.992847274715,198.4771909669401,43195,43274,2014-09-10 16:00:00-04:00,2014-09-16 09:45:00-04:00,val
SPY,head_shoulders,1,confirmed_breakout,43382,43383.0,2014-09-22 10:45:00-04:00,short,200.29154107142196,0.20644376905485728,201.61791700515874,199.07355623094514,43303,43382,2014-09-17 10:30:00-04:00,2014-09-22 10:45:00-04:00,val
SPY,head_shoulders,0,failed_breakout,43527,,2014-09-29 14:30:00-04:00,short,197.42678150297868,0.5836177357403187,197.75654370806282,196.2763822642597,43448,43527,2014-09-24 14:15:00-04:00,2014-09-29 14:30:00-04:00,val
SPY,head_shoulders,1,confirmed_breakout,43559,43560.0,2014-09-30 16:00:00-04:00,short,197.10362347457698,0.5970585557907668,197.73670596469663,195.19294144420923,43480,43559,2014-09-25 15:45:00-04:00,2014-09-30 16:00:00-04:00,val
SPY,head_shoulders,0,failed_breakout,44045,,2014-10-27 14:00:00-04:00,short,195.9963409705088,0.23472452388477905,196.03372088448992,195.69527547611523,43966,44045,2014-10-22 13:45:00-04:00,2014-10-27 14:00:00-04:00,val
SPY,head_shoulders,0,failed_breakout,44116,,2014-10-30 12:15:00-04:00,short,197.90650922051563,1.1878340754859664,198.48344836735026,197.50216592451403,44037,44116,2014-10-27 12:00:00-04:00,2014-10-30 12:15:00-04:00,val
SPY,head_shoulders,0,failed_breakout,44235,,2014-11-05 16:00:00-05:00,short,200.3887498197095,1.1226255813312775,202.1279969814148,201.24737441866873,44156,44235,2014-10-31 15:45:00-04:00,2014-11-05 16:00:00-05:00,val
SPY,head_shoulders,0,failed_breakout,44349,,2014-11-12 12:00:00-05:00,short,203.90962254835534,0.3340232872506874,204.02521502760854,203.71597671274932,44270,44349,2014-11-07 11:45:00-05:00,2014-11-12 12:00:00-05:00,val
SPY,head_shoulders,0,failed_breakout,44427,,2014-11-17 12:00:00-05:00,short,204.02470005620782,0.3769486943888012,204.36522721006872,203.5630513056112,44348,44427,2014-11-12 11:45:00-05:00,2014-11-17 12:00:00-05:00,val
SPY,head_shoulders,0,failed_breakout,44499,,2014-11-20 10:30:00-05:00,short,204.94826263280657,1.0516301692398713,205.68685048317303,204.08836983076012,44420,44499,2014-11-17 10:15:00-05:00,2014-11-20 10:30:00-05:00,val
SPY,head_shoulders,0,failed_breakout,44667,,2014-12-02 10:00:00-05:00,short,205.7249272245724,1.1904624669000725,207.6591208971829,205.11953753309993,44588,44667,2014-11-25 13:15:00-05:00,2014-12-02 10:00:00-05:00,val
SPY,head_shoulders,0,failed_breakout,45156,,2014-12-30 11:45:00-05:00,short,208.77881586809778,0.09281846539249727,208.8095184663192,207.8871815346075,45077,45156,2014-12-23 15:00:00-05:00,2014-12-30 11:45:00-05:00,val
SPY,head_shoulders,0,failed_breakout,45450,,2015-01-15 13:45:00-05:00,short,198.60947829511215,2.8135168600633733,204.55711252821345,196.33648313993663,45371,45450,2015-01-12 13:30:00-05:00,2015-01-15 13:45:00-05:00,val
SPY,head_shoulders,0,failed_breakout,45742,,2015-02-02 15:15:00-05:00,short,199.0282184335672,0.7406101170371358,201.088245761501,199.55938988296288,45663,45742,2015-01-28 15:00:00-05:00,2015-02-02 15:15:00-05:00,val
SPY,head_shoulders,0,failed_breakout,45874,,2015-02-09 15:45:00-05:00,short,205.2568477099564,1.9494287321244599,206.870986450142,202.80057126787554,45795,45874,2015-02-04 15:30:00-05:00,2015-02-09 15:45:00-05:00,val
SPY,head_shoulders,1,confirmed_breakout,46058,46059.0,2015-02-20 09:45:00-05:00,short,210.10169683396202,0.14103337308273467,210.07756579096818,208.74896662691725,45979,46058,2015-02-13 16:00:00-05:00,2015-02-20 09:45:00-05:00,val
SPY,head_shoulders,0,failed_breakout,46181,,2015-02-26 14:30:00-05:00,short,211.37391499899567,0.3968849550645075,211.92883700890044,210.61311504493548,46102,46181,2015-02-23 14:15:00-05:00,2015-02-26 14:30:00-05:00,val
SPY,head_shoulders,0,failed_breakout,46197,,2015-02-27 12:00:00-05:00,short,211.18477106841345,0.0672507920846499,211.46195006499116,211.32274920791534,46118,46197,2015-02-24 11:45:00-05:00,2015-02-27 12:00:00-05:00,val
SPY,head_shoulders,0,failed_breakout,46292,,2015-03-05 09:45:00-05:00,short,209.75474803071543,0.6386795552147362,211.66452068844646,209.60132044478527,46213,46292,2015-02-27 16:00:00-05:00,2015-03-05 09:45:00-05:00,val
SPY,head_shoulders,1,confirmed_breakout,46322,46323.0,2015-03-06 10:45:00-05:00,short,210.4687360209475,0.2398158760825595,210.48826033426553,209.13018412391745,46243,46322,2015-03-03 10:30:00-05:00,2015-03-06 10:45:00-05:00,val
SPY,head_shoulders,0,failed_breakout,46585,,2015-03-20 11:30:00-04:00,short,209.9721182511593,1.4907515721564266,209.9212882095227,209.03924842784357,46506,46585,2015-03-17 11:15:00-04:00,2015-03-20 11:30:00-04:00,val
SPY,head_shoulders,0,failed_breakout,46910,,2015-04-08 14:45:00-04:00,short,207.87896734683613,0.4059886872810239,208.44486453413344,207.50401131271897,46831,46910,2015-04-02 14:30:00-04:00,2015-04-08 14:45:00-04:00,val
SPY,head_shoulders,0,failed_breakout,47149,,2015-04-21 16:00:00-04:00,short,209.78797306696796,0.08462257448323385,209.982899825028,209.53537742551677,47070,47149,2015-04-16 15:45:00-04:00,2015-04-21 16:00:00-04:00,val
SPY,head_shoulders,0,failed_breakout,47289,,2015-04-29 12:00:00-04:00,short,209.82370999189976,0.6491259141244257,212.0088720152666,209.81087408587558,47210,47289,2015-04-24 11:45:00-04:00,2015-04-29 12:00:00-04:00,val
SPY,head_shoulders,0,failed_breakout,47615,,2015-05-15 15:30:00-04:00,short,212.23811541192728,0.33103501412583114,212.1925760687395,211.92896498587416,47536,47615,2015-05-12 15:15:00-04:00,2015-05-15 15:30:00-04:00,val
SPY,head_shoulders,0,failed_breakout,47686,,2015-05-20 13:45:00-04:00,short,212.91063806182893,0.2724481010853026,213.29648750118807,212.4675518989147,47607,47686,2015-05-15 13:30:00-04:00,2015-05-20 13:45:00-04:00,val
SPY,head_shoulders,0,failed_breakout,47727,,2015-05-22 11:00:00-04:00,short,213.441865598818,0.09063527652460834,213.41945389187308,213.2793647234754,47648,47727,2015-05-19 10:45:00-04:00,2015-05-22 11:00:00-04:00,val
SPY,head_shoulders,0,failed_breakout,47907,,2015-06-03 10:30:00-04:00,short,211.2944253494373,0.7788238433419679,212.01325683318927,211.69117615665803,47828,47907,2015-05-29 10:15:00-04:00,2015-06-03 10:30:00-04:00,val
SPY,head_shoulders,1,confirmed_breakout,47934,47935.0,2015-06-04 10:45:00-04:00,short,212.1170513198938,0.3488605466306183,212.12024238904874,210.53113945336938,47855,47934,2015-06-01 10:30:00-04:00,2015-06-04 10:45:00-04:00,val
SPY,head_shoulders,0,failed_breakout,48485,,2015-07-06 12:00:00-04:00,short,207.0582443007233,0.5575159161527097,207.54349856583087,206.39248408384728,48406,48485,2015-06-30 11:45:00-04:00,2015-07-06 12:00:00-04:00,val
SPY,head_shoulders,0,failed_breakout,48573,,2015-07-09 14:30:00-04:00,short,204.9764328728213,1.9512012015163407,207.12775424186145,203.20879879848366,48494,48573,2015-07-06 14:15:00-04:00,2015-07-09 14:30:00-04:00,val
SPY,head_shoulders,0,failed_breakout,48728,,2015-07-17 14:15:00-04:00,short,212.1239788235849,0.2501929532851648,212.0746875833529,211.83980704671484,48649,48728,2015-07-14 14:00:00-04:00,2015-07-17 14:15:00-04:00,val
SPY,head_shoulders,0,failed_breakout,48797,,2015-07-22 12:00:00-04:00,short,211.67201445322735,1.118277995844835,212.95380112543774,210.13172200415516,48718,48797,2015-07-17 11:45:00-04:00,2015-07-22 12:00:00-04:00,val
SPY,head_shoulders,0,failed_breakout,49042,,2015-08-04 14:45:00-04:00,short,208.8882459496141,1.4569477163897773,211.11783326659923,207.85305228361023,48963,49042,2015-07-30 14:30:00-04:00,2015-08-04 14:45:00-04:00,val
SPY,head_shoulders,1,confirmed_breakout,49255,49256.0,2015-08-14 16:00:00-04:00,short,209.5248711855609,1.1932683769375387,209.294023139203,207.08673162306246,49176,49255,2015-08-11 15:45:00-04:00,2015-08-14 16:00:00-04:00,val
SPY,head_shoulders,1,confirmed_breakout,49515,49516.0,2015-08-28 16:00:00-04:00,short,198.91264195376317,0.4417854976608453,198.89977599003012,197.43821450233915,49436,49515,2015-08-25 15:45:00-04:00,2015-08-28 16:00:00-04:00,val
SPY,head_shoulders,0,failed_breakout,49728,,2015-09-11 10:45:00-04:00,short,194.01044885243164,0.35244585108370075,197.8316172539483,194.8175541489163,49649,49728,2015-09-08 10:30:00-04:00,2015-09-11 10:45:00-04:00,val
SPY,head_shoulders,0,failed_breakout,49899,,2015-09-21 14:30:00-04:00,short,195.23026501075927,3.138836901207412,200.93529285044258,192.78116309879258,49820,49899,2015-09-16 14:15:00-04:00,2015-09-21 14:30:00-04:00,val
SPY,head_shoulders,0,failed_breakout,50349,,2015-10-15 10:00:00-04:00,short,199.54946324846293,0.633523024220068,201.60602130196554,199.51647697577994,50270,50349,2015-10-12 09:45:00-04:00,2015-10-15 10:00:00-04:00,val
SPY,head_shoulders,1,confirmed_breakout,50466,50467.0,2015-10-21 13:15:00-04:00,short,203.06908090688418,0.4211587769482037,203.2931547367381,201.5988412230518,50387,50466,2015-10-16 13:00:00-04:00,2015-10-21 13:15:00-04:00,val
SPY,head_shoulders,1,confirmed_breakout,50555,50556.0,2015-10-26 16:00:00-04:00,short,207.7416173565438,0.9935192827072115,207.39153911004558,205.32648071729278,50476,50555,2015-10-21 15:45:00-04:00,2015-10-26 16:00:00-04:00,val
SPY,head_shoulders,0,failed_breakout,51117,,2015-11-25 13:30:00-05:00,short,208.19242985972096,1.302664766105977,209.71485008706338,208.207335233894,51038,51117,2015-11-20 13:15:00-05:00,2015-11-25 13:30:00-05:00,val
SPY,head_shoulders,0,failed_breakout,51151,,2015-11-30 12:00:00-05:00,short,209.37795322177826,0.15681896991961253,209.56141738276733,208.6831810300804,51072,51151,2015-11-23 15:15:00-05:00,2015-11-30 12:00:00-05:00,val
SPY,head_shoulders,0,failed_breakout,51329,,2015-12-09 11:00:00-05:00,short,206.7973567232978,0.21850037130923283,207.82039484293432,207.93149962869077,51250,51329,2015-12-04 10:45:00-05:00,2015-12-09 11:00:00-05:00,val
SPY,head_shoulders,0,failed_breakout,51381,,2015-12-11 11:00:00-05:00,short,202.93787646228998,1.2223801877621838,207.58078341336397,201.8476198122378,51302,51381,2015-12-08 10:45:00-05:00,2015-12-11 11:00:00-05:00,val
SPY,head_shoulders,1,confirmed_breakout,51504,51505.0,2015-12-17 15:45:00-05:00,short,206.34971323771305,1.2419212978660141,207.24469665926424,203.64807870213397,51425,51504,2015-12-14 15:30:00-05:00,2015-12-17 15:45:00-05:00,val
SPY,head_shoulders,0,failed_breakout,51970,,2016-01-15 11:45:00-05:00,short,187.60547371336867,2.4729686591504674,193.48275072210242,184.91703134084952,51891,51970,2016-01-12 11:30:00-05:00,2016-01-15 11:45:00-05:00,val
SPY,head_shoulders,1,confirmed_breakout,52145,52146.0,2016-01-27 10:00:00-05:00,short,190.15820637559708,0.46368902243148113,189.9798435307635,188.2363109775685,52066,52145,2016-01-22 09:45:00-05:00,2016-01-27 10:00:00-05:00,val
SPY,head_shoulders,1,confirmed_breakout,52172,52173.0,2016-01-28 10:15:00-05:00,short,188.945500224765,1.425921806696465,190.64221967276245,186.30407819330352,52093,52172,2016-01-25 10:00:00-05:00,2016-01-28 10:15:00-05:00,val
SPY,head_shoulders,1,confirmed_breakout,52871,52872.0,2016-03-07 16:00:00-05:00,short,200.75949583797598,1.0649947058405473,200.75370012135141,197.83500529415946,52792,52871,2016-03-02 15:45:00-05:00,2016-03-07 16:00:00-05:00,val
SPY,head_shoulders,0,failed_breakout,53049,,2016-03-16 15:00:00-04:00,short,201.0984288381803,0.7930291822010815,202.7008880516622,202.03697081779893,52970,53049,2016-03-11 14:45:00-05:00,2016-03-16 15:00:00-04:00,unused
SPY,head_shoulders,0,failed_breakout,53117,,2016-03-21 12:30:00-04:00,short,204.45484994119477,1.4435722960992905,204.7759267320002,202.8664277039007,53038,53117,2016-03-16 12:15:00-04:00,2016-03-21 12:30:00-04:00,unused
SPY,head_shoulders,0,failed_breakout,53150,,2016-03-22 14:15:00-04:00,short,204.50799111755393,0.27073528334767616,204.68538325031957,204.82926471665232,53071,53150,2016-03-17 14:00:00-04:00,2016-03-22 14:15:00-04:00,test
SPY,head_shoulders,1,confirmed_breakout,53362,53363.0,2016-04-04 15:15:00-04:00,short,207.12768839930604,0.35563250096222987,206.73419793433573,205.56436749903776,53283,53362,2016-03-30 15:00:00-04:00,2016-04-04 15:15:00-04:00,test
SPY,head_shoulders,0,failed_breakout,53463,,2016-04-08 14:30:00-04:00,short,203.25700992977187,0.5659092561606371,205.7910647476729,204.36409074383937,53384,53463,2016-04-05 14:15:00-04:00,2016-04-08 14:30:00-04:00,test
SPY,head_shoulders,0,failed_breakout,53793,,2016-04-27 12:30:00-04:00,short,208.7752305946654,0.36276006638303215,208.84248859219917,208.57723993361697,53714,53793,2016-04-22 12:15:00-04:00,2016-04-27 12:30:00-04:00,test
SPY,head_shoulders,0,failed_breakout,54263,,2016-05-23 13:00:00-04:00,short,205.55276306853278,0.9629954434044805,205.7160735663435,204.59700455659552,54184,54263,2016-05-18 12:45:00-04:00,2016-05-23 13:00:00-04:00,test
SPY,head_shoulders,0,failed_breakout,54415,,2016-06-01 12:00:00-04:00,short,209.58085517071788,0.4597234258624212,210.21846682451246,209.32027657413758,54336,54415,2016-05-26 11:45:00-04:00,2016-06-01 12:00:00-04:00,test
SPY,head_shoulders,0,failed_breakout,54451,,2016-06-02 14:30:00-04:00,short,209.92713530633694,0.4062281717839653,210.18496240941545,210.14377182821605,54372,54451,2016-05-27 14:15:00-04:00,2016-06-02 14:30:00-04:00,test
SPY,head_shoulders,1,confirmed_breakout,54589,54590.0,2016-06-10 10:00:00-04:00,short,211.2772713525984,0.5711004962228969,212.29026637296502,209.5888995037771,54510,54589,2016-06-07 09:45:00-04:00,2016-06-10 10:00:00-04:00,test
SPY,head_shoulders,0,failed_breakout,54727,,2016-06-17 12:00:00-04:00,short,205.20002467207402,0.9396672080799817,208.6975736554285,205.19033279192,54648,54727,2016-06-14 11:45:00-04:00,2016-06-17 12:00:00-04:00,test
SPY,head_shoulders,0,failed_breakout,54794,,2016-06-21 15:45:00-04:00,short,208.41010186815456,1.5485547457625444,208.89742405698033,206.96144525423745,54715,54794,2016-06-16 15:30:00-04:00,2016-06-21 15:45:00-04:00,test
SPY,head_shoulders,0,failed_breakout,55455,,2016-07-28 12:00:00-04:00,short,216.11968961354674,0.36660841590298787,216.64953446913827,215.803391584097,55376,55455,2016-07-25 11:45:00-04:00,2016-07-28 12:00:00-04:00,test
SPY,head_shoulders,0,failed_breakout,55646,,2016-08-08 14:15:00-04:00,short,218.1440137318271,0.04656091947492769,218.14360905065539,217.90343908052506,55567,55646,2016-08-03 14:00:00-04:00,2016-08-08 14:15:00-04:00,test
SPY,head_shoulders,0,failed_breakout,55897,,2016-08-22 12:00:00-04:00,short,218.28665773059106,0.215146893121414,218.6758325168582,217.98485310687857,55818,55897,2016-08-17 11:45:00-04:00,2016-08-22 12:00:00-04:00,test
SPY,head_shoulders,1,confirmed_breakout,55963,55964.0,2016-08-24 15:30:00-04:00,short,218.6558569584085,0.7869278770307062,219.2558522363424,216.72307212296928,55884,55963,2016-08-19 15:15:00-04:00,2016-08-24 15:30:00-04:00,test
SPY,head_shoulders,1,confirmed_breakout,56079,56080.0,2016-08-31 12:00:00-04:00,short,217.91518826098164,1.2434222842217935,218.49126301158665,215.5465777157782,56000,56079,2016-08-26 11:45:00-04:00,2016-08-31 12:00:00-04:00,test
SPY,head_shoulders,0,failed_breakout,56209,,2016-09-08 12:00:00-04:00,short,218.78071288684038,0.37329705869333907,218.90109553060418,218.35670294130665,56130,56209,2016-09-02 11:45:00-04:00,2016-09-08 12:00:00-04:00,test
SPY,head_shoulders,1,confirmed_breakout,56602,56603.0,2016-09-29 12:45:00-04:00,short,216.5643512311138,0.26463518322302093,216.39939749520462,214.725364816777,56523,56602,2016-09-26 12:30:00-04:00,2016-09-29 12:45:00-04:00,test
SPY,head_shoulders,1,confirmed_breakout,56679,56683.0,2016-10-04 12:30:00-04:00,short,215.63899705368658,1.4819784422861346,216.78944991213694,212.99802155771386,56600,56679,2016-09-29 12:15:00-04:00,2016-10-04 12:30:00-04:00,test
SPY,head_shoulders,0,failed_breakout,56755,,2016-10-07 12:00:00-04:00,short,215.14505658157117,0.557411466837948,215.89431504539255,213.86258853316204,56676,56755,2016-10-04 11:45:00-04:00,2016-10-07 12:00:00-04:00,test
SPY,head_shoulders,0,failed_breakout,57012,,2016-10-21 11:15:00-04:00,short,213.75625524835016,0.6305201603978787,214.4580443241091,212.8194798396021,56933,57012,2016-10-18 11:00:00-04:00,2016-10-21 11:15:00-04:00,test
SPY,head_shoulders,0,failed_breakout,57087,,2016-10-26 10:30:00-04:00,short,214.2379850698453,0.23895108783730734,214.84323755172204,212.9510489121627,57008,57087,2016-10-21 10:15:00-04:00,2016-10-26 10:30:00-04:00,test
SPY,head_shoulders,1,confirmed_breakout,57152,57153.0,2016-10-28 13:45:00-04:00,short,213.07011704942144,0.15182837663220994,213.7146516959515,211.7081716233678,57073,57152,2016-10-25 13:30:00-04:00,2016-10-28 13:45:00-04:00,test
SPY,head_shoulders,1,confirmed_breakout,57346,57347.0,2016-11-09 10:15:00-05:00,short,214.6569780979847,0.2974920922174533,214.21846194888064,213.26250790778255,57267,57346,2016-11-04 10:00:00-04:00,2016-11-09 10:15:00-05:00,test
SPY,head_shoulders,0,failed_breakout,57672,,2016-11-29 10:15:00-05:00,short,221.15476206974702,0.509770635875384,221.2931711273312,220.0302293641246,57593,57672,2016-11-22 13:30:00-05:00,2016-11-29 10:15:00-05:00,test
SPY,head_shoulders,1,confirmed_breakout,57723,57726.0,2016-12-01 10:00:00-05:00,short,221.18895720018264,0.12175570657763046,221.24309791523683,219.89824429342238,57644,57723,2016-11-28 09:45:00-05:00,2016-12-01 10:00:00-05:00,test
SPY,head_shoulders,0,failed_breakout,57809,,2016-12-06 12:00:00-05:00,short,220.95220617308743,0.5388678521121051,220.9444558148602,220.5511321478879,57730,57809,2016-12-01 11:45:00-05:00,2016-12-06 12:00:00-05:00,test
SPY,head_shoulders,1,confirmed_breakout,57974,57975.0,2016-12-14 14:15:00-05:00,short,227.72409119776958,0.8753220807333548,227.8602944051152,225.47467791926664,57895,57974,2016-12-09 14:00:00-05:00,2016-12-14 14:15:00-05:00,test
SPY,head_shoulders,1,confirmed_breakout,58116,58117.0,2016-12-22 10:45:00-05:00,short,226.4659898216675,0.4280692811493054,226.25401990154853,224.8419307188507,58037,58116,2016-12-19 10:30:00-05:00,2016-12-22 10:45:00-05:00,test
SPY,head_shoulders,0,failed_breakout,58424,,2017-01-11 09:45:00-05:00,short,226.61091818102665,1.269872007489397,227.48601893365256,225.3001279925106,58345,58424,2017-01-05 16:00:00-05:00,2017-01-11 09:45:00-05:00,test
SPY,head_shoulders,0,failed_breakout,58511,,2017-01-17 12:00:00-05:00,short,227.03100205680104,0.5960317584737993,227.10321051615983,226.01396824152621,58432,58511,2017-01-11 11:45:00-05:00,2017-01-17 12:00:00-05:00,test
SPY,head_shoulders,1,confirmed_breakout,58615,58616.0,2017-01-23 12:00:00-05:00,short,226.65510158228253,0.6544245289339017,226.79119156246358,224.7655754710661,58536,58615,2017-01-18 11:45:00-05:00,2017-01-23 12:00:00-05:00,test
SPY,head_shoulders,0,failed_breakout,58842,,2017-02-03 10:15:00-05:00,short,227.61811475027298,0.10439554254159589,227.64959673242194,228.7956044574584,58763,58842,2017-01-31 10:00:00-05:00,2017-02-03 10:15:00-05:00,test
SPY,head_shoulders,0,failed_breakout,58912,,2017-02-07 14:45:00-05:00,short,229.08898634805632,1.1331125333335308,229.34891486028926,227.84688746666646,58833,58912,2017-02-02 14:30:00-05:00,2017-02-07 14:45:00-05:00,test
SPY,head_shoulders,0,failed_breakout,59166,,2017-02-22 13:15:00-05:00,short,236.30233423447163,0.11042028629958622,236.34150108872421,236.2995797137004,59087,59166,2017-02-16 13:00:00-05:00,2017-02-22 13:15:00-05:00,test
SPY,head_shoulders,0,failed_breakout,59227,,2017-02-24 15:30:00-05:00,short,235.98359458774192,0.41052091227663823,236.44802679527697,235.83947908772336,59148,59227,2017-02-21 15:15:00-05:00,2017-02-24 15:30:00-05:00,test
SPY,head_shoulders,0,failed_breakout,59917,,2017-04-04 12:30:00-04:00,short,234.49955390728735,0.909070860432081,236.28788598773312,234.3509291395679,59838,59917,2017-03-30 12:15:00-04:00,2017-04-04 12:30:00-04:00,test
SPY,head_shoulders,0,failed_breakout,59986,,2017-04-07 10:15:00-04:00,short,235.46059439141587,1.7436938912252629,237.0428290747341,233.52630610877475,59907,59986,2017-04-04 10:00:00-04:00,2017-04-07 10:15:00-04:00,test
SPY,head_shoulders,1,confirmed_breakout,60038,60039.0,2017-04-11 10:15:00-04:00,short,235.43118615706737,0.3144841024872278,235.78722795374438,233.91551589751276,59959,60038,2017-04-06 10:00:00-04:00,2017-04-11 10:15:00-04:00,test
SPY,head_shoulders,0,failed_breakout,60355,,2017-04-28 11:30:00-04:00,short,238.25787897676673,0.6291072256607038,239.1657426277235,237.6408927743393,60276,60355,2017-04-25 11:15:00-04:00,2017-04-28 11:30:00-04:00,test
SPY,head_shoulders,0,failed_breakout,60591,,2017-05-11 12:00:00-04:00,short,239.44814313849074,0.4723428358464048,239.89744119221547,238.2076571641536,60512,60591,2017-05-08 11:45:00-04:00,2017-05-11 12:00:00-04:00,test
SPY,head_shoulders,0,failed_breakout,60672,,2017-05-16 12:45:00-04:00,short,240.27538883921446,0.3603523509826232,240.20152351557496,239.80964764901736,60593,60672,2017-05-11 12:30:00-04:00,2017-05-16 12:45:00-04:00,test
SPY,head_shoulders,0,failed_breakout,61056,,2017-06-07 11:15:00-04:00,short,243.50308533515138,0.17198003064521572,244.13125303047622,243.4080199693548,60977,61056,2017-06-02 11:00:00-04:00,2017-06-07 11:15:00-04:00,test
SPY,head_shoulders,0,failed_breakout,61874,,2017-07-24 10:45:00-04:00,short,246.4852189098998,0.4659420819311606,247.23077681724146,246.03405791806884,61795,61874,2017-07-19 10:30:00-04:00,2017-07-24 10:45:00-04:00,test
SPY,head_shoulders,0,failed_breakout,61984,,2017-07-28 12:15:00-04:00,short,246.56342090464784,0.73741582165556,247.80966570711516,245.97258417834445,61905,61984,2017-07-25 12:00:00-04:00,2017-07-28 12:15:00-04:00,test
SPY,head_shoulders,0,failed_breakout,62088,,2017-08-03 12:15:00-04:00,short,246.70231322137008,0.4017819034374952,247.3027760637091,246.5382180965625,62009,62088,2017-07-31 12:00:00-04:00,2017-08-03 12:15:00-04:00,test
SPY,head_shoulders,0,failed_breakout,62208,,2017-08-10 09:45:00-04:00,short,246.62130589738314,0.9932346685088191,248.3730569831434,244.92676533149117,62129,62208,2017-08-04 16:00:00-04:00,2017-08-10 09:45:00-04:00,test
SPY,head_shoulders,0,failed_breakout,62304,,2017-08-15 14:15:00-04:00,short,246.511560568858,0.03534960252179076,246.57159329519882,246.51465039747822,62225,62304,2017-08-10 14:00:00-04:00,2017-08-15 14:15:00-04:00,test
SPY,head_shoulders,0,failed_breakout,62476,,2017-08-24 11:45:00-04:00,short,244.87175430135363,1.3432402925111546,245.2231877657208,242.74675970748885,62397,62476,2017-08-21 11:30:00-04:00,2017-08-24 11:45:00-04:00,test
SPY,head_shoulders,0,failed_breakout,62555,,2017-08-29 12:00:00-04:00,short,244.38946524881666,0.6550493850214139,244.95884348271224,243.7449506149786,62476,62555,2017-08-24 11:45:00-04:00,2017-08-29 12:00:00-04:00,test
SPY,head_shoulders,0,failed_breakout,62907,,2017-09-18 15:30:00-04:00,short,248.52391706553348,0.4126575520543554,250.10572276361222,249.21734244794564,62828,62907,2017-09-13 15:15:00-04:00,2017-09-18 15:30:00-04:00,test
SPY,head_shoulders,0,failed_breakout,62990,,2017-09-22 10:15:00-04:00,short,249.37058831766,0.16416892932116411,250.01341725364395,249.13583107067885,62911,62990,2017-09-19 10:00:00-04:00,2017-09-22 10:15:00-04:00,test
SPY,head_shoulders,0,failed_breakout,63287,,2017-10-09 13:00:00-04:00,short,254.30686799841453,0.7929344979087887,254.5191232661124,253.4270655020912,63208,63287,2017-10-04 12:45:00-04:00,2017-10-09 13:00:00-04:00,test
SPY,head_shoulders,0,failed_breakout,63416,,2017-10-16 12:45:00-04:00,short,255.0965930583271,0.19056520472761918,255.15870032161646,254.78943479527237,63337,63416,2017-10-11 12:30:00-04:00,2017-10-16 12:45:00-04:00,test
SPY,head_shoulders,0,failed_breakout,63911,,2017-11-10 13:00:00-05:00,short,256.97919310858924,1.235207634647054,259.01684418403056,256.46479236535293,63832,63911,2017-11-07 12:45:00-05:00,2017-11-10 13:00:00-05:00,test
SPY,head_shoulders,1,confirmed_breakout,63972,63976.0,2017-11-14 15:15:00-05:00,short,257.4744262091971,0.5801804260968311,258.33269720609087,255.17981957390316,63893,63972,2017-11-09 15:00:00-05:00,2017-11-14 15:15:00-05:00,test
SPY,head_shoulders,0,failed_breakout,64085,,2017-11-21 11:00:00-05:00,short,258.47708306823773,1.4944395051005586,258.7780364510215,258.49556049489945,64006,64085,2017-11-16 10:45:00-05:00,2017-11-21 11:00:00-05:00,test
SPY,head_shoulders,1,confirmed_breakout,64255,64256.0,2017-12-01 11:00:00-05:00,short,265.1738970161621,0.8809897028984892,265.14485279505914,262.46901029710153,64176,64255,2017-11-28 10:45:00-05:00,2017-12-01 11:00:00-05:00,test
SPY,head_shoulders,1,confirmed_breakout,64320,64323.0,2017-12-05 14:15:00-05:00,short,265.00589456764317,1.5498373071979472,265.8426364043157,261.95016269280205,64241,64320,2017-11-30 14:00:00-05:00,2017-12-05 14:15:00-05:00,test
SPY,head_shoulders,0,failed_breakout,64490,,2017-12-14 11:15:00-05:00,short,267.15090580730646,0.2279332836403114,267.34184843886055,266.4520667163597,64411,64490,2017-12-11 11:00:00-05:00,2017-12-14 11:15:00-05:00,test
SPY,head_shoulders,0,failed_breakout,65089,,2018-01-19 11:30:00-05:00,short,279.48709878726197,1.0151752585902045,279.533139455461,278.6048247414098,65010,65089,2018-01-16 11:15:00-05:00,2018-01-19 11:30:00-05:00,test
SPY,head_shoulders,1,confirmed_breakout,65261,65262.0,2018-01-29 15:30:00-05:00,short,286.30173936082616,0.8955520322084567,285.93413346522027,283.9344479677915,65182,65261,2018-01-24 15:15:00-05:00,2018-01-29 15:30:00-05:00,test
SPY,head_shoulders,1,confirmed_breakout,65444,65445.0,2018-02-07 15:45:00-05:00,short,270.4465376056361,3.1043333889627434,270.88948201377247,264.54566661103723,65365,65444,2018-02-02 15:30:00-05:00,2018-02-07 15:45:00-05:00,test
SPY,head_shoulders,1,confirmed_breakout,65700,65701.0,2018-02-22 14:45:00-05:00,short,271.7673592076801,1.5461910899967393,273.40788260352093,268.78380891000324,65621,65700,2018-02-16 14:30:00-05:00,2018-02-22 14:45:00-05:00,test
SPY,head_shoulders,1,confirmed_breakout,66012,66013.0,2018-03-12 14:45:00-04:00,short,279.7689170203324,1.0789655395361137,278.8526126970242,277.2310344604639,65933,66012,2018-03-07 14:30:00-05:00,2018-03-12 14:45:00-04:00,test
SPY,head_shoulders,0,failed_breakout,66073,,2018-03-15 10:30:00-04:00,short,275.4806825357351,1.2243847195454691,279.24241343125146,274.45561528045454,65994,66073,2018-03-12 10:15:00-04:00,2018-03-15 10:30:00-04:00,test
SPY,head_shoulders,1,confirmed_breakout,66121,66122.0,2018-03-16 16:00:00-04:00,short,274.53488695531877,0.6441719072550995,275.7841398929536,271.7358280927449,66042,66121,2018-03-13 15:45:00-04:00,2018-03-16 16:00:00-04:00,test
SPY,head_shoulders,1,confirmed_breakout,66223,66224.0,2018-03-22 15:30:00-04:00,short,266.1538312627595,3.331944824987602,271.9140004381969,261.1580551750124,66144,66223,2018-03-19 15:15:00-04:00,2018-03-22 15:30:00-04:00,test
SPY,head_shoulders,1,confirmed_breakout,66459,66460.0,2018-04-05 16:00:00-04:00,short,266.41605477339573,1.0543823585397263,265.8232378784608,263.20561764146026,66380,66459,2018-04-02 15:45:00-04:00,2018-04-05 16:00:00-04:00,test
SPY,head_shoulders,1,confirmed_breakout,66559,66560.0,2018-04-11 15:00:00-04:00,short,265.179075130869,0.921583814041071,265.152366767705,262.7684161859589,66480,66559,2018-04-06 14:45:00-04:00,2018-04-11 15:00:00-04:00,test
SPY,head_shoulders,0,failed_breakout,66619,,2018-04-16 10:30:00-04:00,short,265.5881065814853,0.5536509959550813,266.4232502195004,266.5363490040449,66540,66619,2018-04-11 10:15:00-04:00,2018-04-16 10:30:00-04:00,test
SPY,head_shoulders,0,failed_breakout,67259,,2018-05-18 14:30:00-04:00,short,271.6471148490408,0.6301740259336839,272.65878049965875,270.9298259740663,67180,67259,2018-05-15 14:15:00-04:00,2018-05-18 14:30:00-04:00,test
SPY,head_shoulders,1,confirmed_breakout,67317,67318.0,2018-05-22 16:00:00-04:00,short,273.7885819470774,0.1691327875631714,273.679520307855,271.31086721243685,67238,67317,2018-05-17 15:45:00-04:00,2018-05-22 16:00:00-04:00,test
SPY,head_shoulders,0,failed_breakout,67722,,2018-06-14 13:15:00-04:00,short,278.6713010334294,0.5296683853902664,279.225823662502,278.1103316146097,67643,67722,2018-06-11 13:00:00-04:00,2018-06-14 13:15:00-04:00,test
SPY,head_shoulders,1,confirmed_breakout,67733,67734.0,2018-06-14 16:00:00-04:00,short,278.6319221801647,0.05298814734260304,278.6878730265836,276.1270118526574,67654,67733,2018-06-11 15:45:00-04:00,2018-06-14 16:00:00-04:00,test
SPY,head_shoulders,0,failed_breakout,68065,,2018-07-05 11:00:00-04:00,short,270.20540773315463,3.160488964300555,273.0782848974682,267.96951103569944,67986,68065,2018-06-28 14:15:00-04:00,2018-07-05 11:00:00-04:00,test
SPY,head_shoulders,1,confirmed_breakout,68163,68164.0,2018-07-10 16:00:00-04:00,short,278.9550961385423,0.5065952126955722,278.6692397061179,276.91340478730444,68084,68163,2018-07-05 15:45:00-04:00,2018-07-10 16:00:00-04:00,test
SPY,head_shoulders,0,failed_breakout,68270,,2018-07-17 10:15:00-04:00,short,279.5303044030409,1.0620111389646922,279.6850079806499,278.03798886103533,68191,68270,2018-07-12 10:00:00-04:00,2018-07-17 10:15:00-04:00,test
SPY,head_shoulders,0,failed_breakout,68350,,2018-07-20 10:45:00-04:00,short,280.1476358305642,0.6547491812127078,280.9664294842679,279.5052508187873,68271,68350,2018-07-17 10:30:00-04:00,2018-07-20 10:45:00-04:00,test
SPY,head_shoulders,0,failed_breakout,68589,,2018-08-02 12:00:00-04:00,short,280.60872870015663,0.4195240647691776,281.6614997299319,280.7904759352308,68510,68589,2018-07-30 11:45:00-04:00,2018-08-02 12:00:00-04:00,test
SPY,head_shoulders,1,confirmed_breakout,68735,68736.0,2018-08-09 16:00:00-04:00,short,285.6021412551094,0.0838144526500173,285.70165828461165,283.72618554735,68656,68735,2018-08-06 15:45:00-04:00,2018-08-09 16:00:00-04:00,test
SPY,head_shoulders,0,failed_breakout,69003,,2018-08-24 11:30:00-04:00,short,285.782876551862,0.25150158687267776,286.4605091164804,286.96849841312735,68924,69003,2018-08-21 11:15:00-04:00,2018-08-24 11:30:00-04:00,test
SPY,head_shoulders,1,confirmed_breakout,69128,69134.0,2018-08-31 10:15:00-04:00,short,291.40592227270525,0.8312328855207056,291.4351470969757,289.0187671144793,69049,69128,2018-08-28 10:00:00-04:00,2018-08-31 10:15:00-04:00,test
SPY,head_shoulders,0,failed_breakout,69289,,2018-09-11 11:30:00-04:00,short,288.4321027202106,0.3146497675168689,288.30250903109163,288.22535023248315,69210,69289,2018-09-06 11:15:00-04:00,2018-09-11 11:30:00-04:00,test
SPY,head_shoulders,0,failed_breakout,69326,,2018-09-12 14:15:00-04:00,short,289.046441214963,0.4582908608524576,289.24351438405387,288.26170913914757,69247,69326,2018-09-07 14:00:00-04:00,2018-09-12 14:15:00-04:00,test
SPY,head_shoulders,0,failed_breakout,69395,,2018-09-17 12:00:00-04:00,short,290.5635517585809,0.35383035516650807,290.9754648392176,289.8161696448335,69316,69395,2018-09-12 11:45:00-04:00,2018-09-17 12:00:00-04:00,test
SPY,head_shoulders,0,failed_breakout,69620,,2018-09-28 09:45:00-04:00,short,291.0344452943818,0.619324887149503,291.55466850365013,289.6306751128505,69541,69620,2018-09-24 16:00:00-04:00,2018-09-28 09:45:00-04:00,test
SPY,head_shoulders,0,failed_breakout,69701,,2018-10-03 10:30:00-04:00,short,291.99922962212423,1.3443653623493788,292.3642802733341,291.5956346376506,69622,69701,2018-09-28 10:15:00-04:00,2018-10-03 10:30:00-04:00,test
SPY,head_shoulders,0,failed_breakout,69765,,2018-10-05 13:30:00-04:00,short,287.82104701215815,2.253522558241798,292.7673052238245,284.1664774417582,69686,69765,2018-10-02 13:15:00-04:00,2018-10-05 13:30:00-04:00,test
SPY,head_shoulders,1,confirmed_breakout,69827,69828.0,2018-10-09 16:00:00-04:00,short,288.0482604920075,0.8427624942459602,288.123314110353,284.88723750575406,69748,69827,2018-10-04 15:45:00-04:00,2018-10-09 16:00:00-04:00,test
SPY,head_shoulders,0,failed_breakout,70029,,2018-10-19 14:30:00-04:00,short,275.5439139488463,2.3737785493160573,280.4248772566176,274.09622145068397,69950,70029,2018-10-16 14:15:00-04:00,2018-10-19 14:30:00-04:00,test
SPY,head_shoulders,0,failed_breakout,70205,,2018-10-30 13:00:00-04:00,short,264.29835620493833,2.906170885635049,268.14993443992853,261.78382911436495,70126,70205,2018-10-25 12:45:00-04:00,2018-10-30 13:00:00-04:00,test
SPY,head_shoulders,1,confirmed_breakout,70426,70427.0,2018-11-12 09:45:00-05:00,short,277.3013600859936,4.993950470030654,280.7709877250794,270.61604952996936,70347,70426,2018-11-06 16:00:00-05:00,2018-11-12 09:45:00-05:00,test
SPY,head_shoulders,1,confirmed_breakout,70581,70582.0,2018-11-19 16:00:00-05:00,short,268.5876884672215,1.5864476237123313,273.5502459351888,264.3435523762877,70502,70581,2018-11-14 15:45:00-05:00,2018-11-19 16:00:00-05:00,test
SPY,head_shoulders,1,confirmed_breakout,70985,70986.0,2018-12-13 16:00:00-05:00,short,264.974912277536,3.8646760103194424,268.31194070190656,259.46532398968054,70906,70985,2018-12-10 15:45:00-05:00,2018-12-13 16:00:00-05:00,test
SPY,head_shoulders,0,near_miss,71130,,2018-12-21 13:15:00-05:00,short,247.3974851177626,10.048594868892053,257.65465522781807,233.54140513110795,71051,71130,2018-12-18 13:00:00-05:00,2018-12-21 13:15:00-05:00,test
SPY,head_shoulders,1,confirmed_breakout,71241,71242.0,2018-12-31 11:30:00-05:00,short,249.48666739656102,0.6259417177108446,249.2940682999144,247.13405828228915,71162,71241,2018-12-26 11:15:00-05:00,2018-12-31 11:30:00-05:00,test
SPY,head_shoulders,1,confirmed_breakout,71259,71260.0,2018-12-31 16:00:00-05:00,short,248.9393277600262,0.3466717346319115,249.11189682976462,246.5533282653681,71180,71259,2018-12-26 15:45:00-05:00,2018-12-31 16:00:00-05:00,test
SPY,head_shoulders,0,failed_breakout,71439,,2019-01-10 15:30:00-05:00,short,257.6471796886321,1.3381010881296902,258.2498772413642,257.2918989118703,71360,71439,2019-01-07 15:15:00-05:00,2019-01-10 15:30:00-05:00,test
SPY,head_shoulders,0,failed_breakout,71495,,2019-01-15 10:00:00-05:00,short,257.72500830133,0.6649849092386262,258.5021319421007,258.46501509076137,71416,71495,2019-01-10 09:45:00-05:00,2019-01-15 10:00:00-05:00,test
SPY,head_shoulders,0,failed_breakout,71640,,2019-01-23 13:45:00-05:00,short,262.148340574294,4.689373248782431,266.34095121228626,257.76062675121756,71561,71640,2019-01-17 13:30:00-05:00,2019-01-23 13:45:00-05:00,test
SPY,head_shoulders,0,failed_breakout,71742,,2019-01-29 13:15:00-05:00,short,262.70100278968306,3.356147384319627,266.15579124786706,259.96385261568037,71663,71742,2019-01-24 13:00:00-05:00,2019-01-29 13:15:00-05:00,test
SPY,head_shoulders,0,failed_breakout,71900,,2019-02-06 13:45:00-05:00,short,272.8158495561289,0.21559399250691058,272.9245654156337,272.7544060074931,71821,71900,2019-02-01 13:30:00-05:00,2019-02-06 13:45:00-05:00,test
SPY,head_shoulders,1,confirmed_breakout,72138,72144.0,2019-02-20 14:45:00-05:00,short,279.1210524520965,0.2816883512728623,278.2131711070285,277.1183116487271,72059,72138,2019-02-14 14:30:00-05:00,2019-02-20 14:45:00-05:00,test
SPY,head_shoulders,0,failed_breakout,72239,,2019-02-26 14:00:00-05:00,short,279.69854184757435,1.5478878867339745,280.69031030942165,277.902112113266,72160,72239,2019-02-21 13:45:00-05:00,2019-02-26 14:00:00-05:00,test
SPY,head_shoulders,0,failed_breakout,72283,,2019-02-28 12:00:00-05:00,short,277.68985591925946,0.46393581147538043,279.6902793368404,278.6160641885246,72204,72283,2019-02-25 11:45:00-05:00,2019-02-28 12:00:00-05:00,test
SPY,head_shoulders,0,failed_breakout,72376,,2019-03-05 15:45:00-05:00,short,277.35181280267244,2.1380474038087414,280.8977710690708,277.43195259619125,72297,72376,2019-02-28 15:30:00-05:00,2019-03-05 15:45:00-05:00,test
SPY,head_shoulders,1,confirmed_breakout,72429,72430.0,2019-03-07 16:00:00-05:00,short,274.4068851124351,0.7050517326152317,279.34779316749405,272.0849482673848,72350,72429,2019-03-04 15:45:00-05:00,2019-03-07 16:00:00-05:00,test
SPY,head_shoulders,1,confirmed_breakout,72558,72560.0,2019-03-14 15:45:00-04:00,short,282.22386033551794,1.2185268800157587,281.8808055589566,279.5514731199842,72479,72558,2019-03-11 15:30:00-04:00,2019-03-14 15:45:00-04:00,test
SPY,head_shoulders,0,failed_breakout,72672,,2019-03-21 11:45:00-04:00,short,281.00529866799724,2.156199092079248,283.63085520630256,281.5038009079208,72593,72672,2019-03-18 11:30:00-04:00,2019-03-21 11:45:00-04:00,test
SPY,head_shoulders,1,confirmed_breakout,72716,72717.0,2019-03-25 09:45:00-04:00,short,279.9686353143788,3.4002311202127657,284.5074626740716,274.58976887978724,72637,72716,2019-03-19 16:00:00-04:00,2019-03-25 09:45:00-04:00,test
SPY,head_shoulders,1,confirmed_breakout,72774,72775.0,2019-03-27 11:15:00-04:00,short,280.76389960324894,1.7503750864336212,281.23145706667117,277.14962491356636,72695,72774,2019-03-22 11:00:00-04:00,2019-03-27 11:15:00-04:00,test
SPY,head_shoulders,0,failed_breakout,72942,,2019-04-04 14:15:00-04:00,short,286.7696955351613,1.0415319267169139,287.36438248870434,285.8184680732831,72863,72942,2019-04-01 14:00:00-04:00,2019-04-04 14:15:00-04:00,test
SPY,head_shoulders,0,failed_breakout,73024,,2019-04-09 15:15:00-04:00,short,287.6500574066511,0.627712928179335,288.4519557581819,286.44228707182066,72945,73024,2019-04-04 15:00:00-04:00,2019-04-09 15:15:00-04:00,test
SPY,head_shoulders,0,failed_breakout,73164,,2019-04-17 11:15:00-04:00,short,290.35583489390893,0.256519909300323,290.383086267517,289.69348009069967,73085,73164,2019-04-12 11:00:00-04:00,2019-04-17 11:15:00-04:00,test
SPY,head_shoulders,1,confirmed_breakout,73287,73288.0,2019-04-24 16:00:00-04:00,short,292.8433660798527,0.9383947390527396,292.86865549705846,290.4116052609473,73208,73287,2019-04-18 15:45:00-04:00,2019-04-24 16:00:00-04:00,test
SPY,head_shoulders,1,confirmed_breakout,73415,73416.0,2019-05-01 15:30:00-04:00,short,294.5589194089286,0.3731527272253743,294.3987687787149,292.47684727277465,73336,73415,2019-04-26 15:15:00-04:00,2019-05-01 15:30:00-04:00,test
SPY,head_shoulders,0,failed_breakout,73632,,2019-05-14 11:15:00-04:00,short,280.45687298104457,4.342135294677291,286.93217787927114,279.4578647053227,73553,73632,2019-05-09 11:00:00-04:00,2019-05-14 11:15:00-04:00,test
SPY,head_shoulders,1,confirmed_breakout,73701,73702.0,2019-05-16 15:30:00-04:00,short,289.17711988625905,0.42276539744841557,288.531597523062,286.7972346025516,73622,73701,2019-05-13 15:15:00-04:00,2019-05-16 15:30:00-04:00,test
SPY,head_shoulders,0,failed_breakout,73915,,2019-05-30 10:30:00-04:00,short,277.4626934647655,0.7491662293636523,283.2627411024111,278.95083377063634,73836,73915,2019-05-24 10:15:00-04:00,2019-05-30 10:30:00-04:00,test
SPY,head_shoulders,1,confirmed_breakout,73931,73932.0,2019-05-30 14:30:00-04:00,short,279.6798048185608,0.40983777824328627,279.0387802160567,277.56016222175674,73852,73931,2019-05-24 14:15:00-04:00,2019-05-30 14:30:00-04:00,test
SPY,head_shoulders,1,confirmed_breakout,74130,74131.0,2019-06-11 12:15:00-04:00,short,290.14735995706826,1.2060628118374552,290.0916483514071,287.39393718816257,74051,74130,2019-06-06 12:00:00-04:00,2019-06-11 12:15:00-04:00,test
SPY,head_shoulders,0,failed_breakout,74221,,2019-06-14 15:30:00-04:00,short,288.90045476277277,0.8040622260273267,289.41416010388525,288.90593777397265,74142,74221,2019-06-11 15:15:00-04:00,2019-06-14 15:30:00-04:00,test
SPY,head_shoulders,1,confirmed_breakout,74275,74276.0,2019-06-18 16:00:00-04:00,short,293.8491859024565,0.6902776026479955,292.56695613634577,291.549722397352,74196,74275,2019-06-13 15:45:00-04:00,2019-06-18 16:00:00-04:00,test
SPY,head_shoulders,0,failed_breakout,74362,,2019-06-24 11:45:00-04:00,short,294.3994844635517,0.7689798240024857,295.3849196096717,293.6010201759975,74283,74362,2019-06-19 11:30:00-04:00,2019-06-24 11:45:00-04:00,test
SPY,head_shoulders,0,failed_breakout,74633,,2019-07-10 11:00:00-04:00,short,296.2593687966991,1.2923866947477336,298.1444394236072,297.02761330525226,74554,74633,2019-07-05 10:45:00-04:00,2019-07-10 11:00:00-04:00,test
SPY,head_shoulders,1,confirmed_breakout,74991,74992.0,2019-07-29 16:00:00-04:00,short,301.9923637644537,1.0040799661066444,301.91068792755954,299.2759200338933,74912,74991,2019-07-24 15:45:00-04:00,2019-07-29 16:00:00-04:00,test
SPY,head_shoulders,1,confirmed_breakout,75059,75060.0,2019-08-01 13:30:00-04:00,short,297.79097498210297,1.1690882968923688,300.93647811223224,295.07091170310764,74980,75059,2019-07-29 13:15:00-04:00,2019-08-01 13:30:00-04:00,test
SPY,head_shoulders,0,failed_breakout,75316,,2019-08-15 12:45:00-04:00,short,284.56189865848836,6.075841183165096,292.8085515737401,278.58415881683493,75237,75316,2019-08-12 12:30:00-04:00,2019-08-15 12:45:00-04:00,test
SPY,head_shoulders,1,confirmed_breakout,75465,75466.0,2019-08-23 11:00:00-04:00,short,291.0120599132318,0.4685636588934585,292.6363163953233,287.89143634110656,75386,75465,2019-08-20 10:45:00-04:00,2019-08-23 11:00:00-04:00,test
SPY,head_shoulders,0,failed_breakout,75544,,2019-08-28 11:15:00-04:00,short,287.1154260928126,1.2043185107923478,288.2202410202706,286.54568148920765,75465,75544,2019-08-23 11:00:00-04:00,2019-08-28 11:15:00-04:00,test
SPY,head_shoulders,1,confirmed_breakout,75617,75618.0,2019-09-03 10:00:00-04:00,short,292.4763679993657,0.48695878863202324,293.1166061670216,288.953041211368,75538,75617,2019-08-28 09:45:00-04:00,2019-09-03 10:00:00-04:00,test
SPY,head_shoulders,1,confirmed_breakout,75747,75748.0,2019-09-10 10:00:00-04:00,short,297.75094496306826,0.7913704772957431,298.5914023949503,295.38862952270426,75668,75747,2019-09-05 09:45:00-04:00,2019-09-10 10:00:00-04:00,test
SPY,head_shoulders,0,failed_breakout,76297,,2019-10-09 11:00:00-04:00,short,288.8150854243225,0.6997932357841705,294.45292376108,290.05020676421583,76218,76297,2019-10-04 10:45:00-04:00,2019-10-09 11:00:00-04:00,test
SPY,head_shoulders,0,failed_breakout,76453,,2019-10-17 11:00:00-04:00,short,298.4344220305887,2.111088815942992,299.3360468952167,297.138911184057,76374,76453,2019-10-14 10:45:00-04:00,2019-10-17 11:00:00-04:00,test
SPY,head_shoulders,0,failed_breakout,76707,,2019-10-30 16:00:00-04:00,short,302.8083373462598,0.551963496779365,303.75051590302894,303.5880365032206,76628,76707,2019-10-25 15:45:00-04:00,2019-10-30 16:00:00-04:00,test
SPY,head_shoulders,0,failed_breakout,76890,,2019-11-11 09:45:00-05:00,short,308.3040114349341,1.5129541376140878,308.97690508247274,306.0670458623859,76811,76890,2019-11-05 16:00:00-05:00,2019-11-11 09:45:00-05:00,test
SPY,head_shoulders,0,failed_breakout,76968,,2019-11-14 09:45:00-05:00,short,308.80824317683715,1.0330516803016394,309.43519600248675,307.8769483196984,76889,76968,2019-11-08 16:00:00-05:00,2019-11-14 09:45:00-05:00,test
SPY,head_shoulders,1,confirmed_breakout,77267,77268.0,2019-12-02 16:00:00-05:00,short,311.6498774701167,2.4111085981078872,315.31225355571434,305.7988914018921,77188,77267,2019-11-26 12:45:00-05:00,2019-12-02 16:00:00-05:00,test
SPY,head_shoulders,0,failed_breakout,77542,,2019-12-17 13:15:00-05:00,short,319.9229836445329,0.8372878464221571,319.94434616960547,319.0027121535778,77463,77542,2019-12-12 13:00:00-05:00,2019-12-17 13:15:00-05:00,test
SPY,head_shoulders,1,confirmed_breakout,77723,77724.0,2019-12-27 16:00:00-05:00,short,323.3590688200485,0.2679226016745133,323.16868391942523,321.2820773983255,77644,77723,2019-12-23 12:45:00-05:00,2019-12-27 16:00:00-05:00,test
SPY,head_shoulders,0,failed_breakout,77881,,2020-01-08 10:00:00-05:00,short,323.0300231498271,0.09985579452143156,323.07976850944823,323.61014420547855,77802,77881,2020-01-03 09:45:00-05:00,2020-01-08 10:00:00-05:00,test
SPY,head_shoulders,0,failed_breakout,78040,,2020-01-16 10:45:00-05:00,short,328.44887645897563,0.45849770393766676,328.5878436242214,329.4315022960623,77961,78040,2020-01-13 10:30:00-05:00,2020-01-16 10:45:00-05:00,test
SPY,head_shoulders,1,confirmed_breakout,78139,78140.0,2020-01-22 16:00:00-05:00,short,332.74420373448027,0.22238781692232124,332.1603427896333,329.4376121830777,78060,78139,2020-01-16 15:45:00-05:00,2020-01-22 16:00:00-05:00,test
SPY,head_shoulders,0,failed_breakout,78307,,2020-01-31 12:30:00-05:00,short,323.9165764315411,1.864619895980411,328.02265267887105,321.5553801040196,78228,78307,2020-01-28 12:15:00-05:00,2020-01-31 12:30:00-05:00,test
SPY,head_shoulders,1,confirmed_breakout,78425,78426.0,2020-02-06 16:00:00-05:00,short,334.0848443582581,0.2964311287835244,333.8707744549739,332.0635688712165,78346,78425,2020-02-03 15:45:00-05:00,2020-02-06 16:00:00-05:00,test
SPY,head_shoulders,0,failed_breakout,78575,,2020-02-14 14:30:00-05:00,short,337.3330444338873,0.5223155897814422,337.59727075317426,336.37768441021854,78496,78575,2020-02-11 14:15:00-05:00,2020-02-14 14:30:00-05:00,test
SPY,head_shoulders,1,confirmed_breakout,78660,78661.0,2020-02-21 09:45:00-05:00,short,336.0366712165267,2.7493245394833252,338.7575924306517,331.3506754605167,78581,78660,2020-02-14 16:00:00-05:00,2020-02-21 09:45:00-05:00,test
SPY,head_shoulders,0,near_miss,79125,,2020-03-17 15:30:00-04:00,short,243.76251104623833,10.601756029507897,259.0749483058894,237.44824397049211,79046,79125,2020-03-12 15:15:00-04:00,2020-03-17 15:30:00-04:00,test
SPY,head_shoulders,0,failed_breakout,79344,,2020-03-30 11:45:00-04:00,short,251.5894623433438,1.948897263690526,257.9500805472421,257.6111027363095,79265,79344,2020-03-25 11:30:00-04:00,2020-03-30 11:45:00-04:00,test
SPY,head_shoulders,1,confirmed_breakout,79649,79650.0,2020-04-16 10:00:00-04:00,short,278.177751127218,7.532444553630569,283.4628151341662,268.52755544636943,79570,79649,2020-04-13 09:45:00-04:00,2020-04-16 10:00:00-04:00,test
SPY,head_shoulders,1,confirmed_breakout,79933,79934.0,2020-04-30 16:00:00-04:00,short,289.87901619811913,5.432814830276527,293.9486648157989,279.3771851697235,79854,79933,2020-04-27 15:45:00-04:00,2020-04-30 16:00:00-04:00,test
SPY,head_shoulders,1,confirmed_breakout,80035,80036.0,2020-05-06 15:30:00-04:00,short,287.54283405472546,4.212200112243124,288.78408187936196,281.0277998877569,79956,80035,2020-05-01 15:15:00-04:00,2020-05-06 15:30:00-04:00,test
SPY,head_shoulders,0,near_miss,80266,,2020-05-19 14:45:00-04:00,short,295.1605799430604,12.053238225672828,295.6470729319397,283.8767617743272,80187,80266,2020-05-14 14:30:00-04:00,2020-05-19 14:45:00-04:00,test
SPY,head_shoulders,1,confirmed_breakout,80323,80324.0,2020-05-21 16:00:00-04:00,short,295.43507047430666,2.06723481452633,296.9938498129159,291.5427651854737,80244,80323,2020-05-18 15:45:00-04:00,2020-05-21 16:00:00-04:00,test
SPY,head_shoulders,1,confirmed_breakout,80553,80554.0,2020-06-04 15:00:00-04:00,short,311.73667338883445,2.227604830437997,312.266181157861,307.322395169562,80474,80553,2020-06-01 14:45:00-04:00,2020-06-04 15:00:00-04:00,test
SPY,head_shoulders,1,confirmed_breakout,80637,80638.0,2020-06-10 10:00:00-04:00,short,321.38945982755183,1.3897865097560498,321.95260319064,317.90021349024397,80558,80637,2020-06-05 09:45:00-04:00,2020-06-10 10:00:00-04:00,test
SPY,head_shoulders,0,failed_breakout,80819,,2020-06-19 10:00:00-04:00,short,311.2626400760816,1.4835487932942328,313.5860859967619,311.47645120670575,80740,80819,2020-06-16 09:45:00-04:00,2020-06-19 10:00:00-04:00,test
SPY,head_shoulders,0,failed_breakout,80852,,2020-06-22 11:45:00-04:00,short,308.9858990788686,1.9593370831056518,312.2856913929757,307.16066291689435,80773,80852,2020-06-17 11:30:00-04:00,2020-06-22 11:45:00-04:00,test
SPY,head_shoulders,1,confirmed_breakout,80921,80922.0,2020-06-24 16:00:00-04:00,short,303.7822842993775,7.772090388464051,313.81769571860724,294.26790961153597,80842,80921,2020-06-19 15:45:00-04:00,2020-06-24 16:00:00-04:00,test
SPY,head_shoulders,0,failed_breakout,81004,,2020-06-30 10:45:00-04:00,short,298.4544523890646,1.6614965404261284,305.3483132061189,304.0085034595739,80925,81004,2020-06-25 10:30:00-04:00,2020-06-30 10:45:00-04:00,test
SPY,head_shoulders,1,confirmed_breakout,81113,81116.0,2020-07-07 12:00:00-04:00,short,317.9459479506083,0.9490837123709639,316.47402326254996,315.09091628762906,81034,81113,2020-07-01 11:45:00-04:00,2020-07-07 12:00:00-04:00,test
SPY,head_shoulders,0,failed_breakout,81142,,2020-07-08 12:45:00-04:00,short,315.2270328905025,0.7472490778088172,316.6731423699226,313.45275092219117,81063,81142,2020-07-02 12:30:00-04:00,2020-07-08 12:45:00-04:00,test
SPY,head_shoulders,0,failed_breakout,81316,,2020-07-17 10:45:00-04:00,short,319.35439414384575,0.4291710936203117,321.41184220205946,319.7608289063797,81237,81316,2020-07-14 10:30:00-04:00,2020-07-17 10:45:00-04:00,test
SPY,head_shoulders,0,failed_breakout,81416,,2020-07-23 09:45:00-04:00,short,325.9665105751493,1.7292840886710792,326.35584740031373,324.88071591132893,81337,81416,2020-07-17 16:00:00-04:00,2020-07-23 09:45:00-04:00,test
SPY,head_shoulders,0,failed_breakout,81474,,2020-07-27 11:15:00-04:00,short,320.0777568322442,2.557250708993422,326.5228880961662,319.6927492910066,81395,81474,2020-07-22 11:00:00-04:00,2020-07-27 11:15:00-04:00,test
SPY,head_shoulders,0,failed_breakout,81583,,2020-07-31 12:30:00-04:00,short,321.9665694910178,2.3805845931168506,324.6437627119094,320.49941540688314,81504,81583,2020-07-28 12:15:00-04:00,2020-07-31 12:30:00-04:00,test
SPY,head_shoulders,0,failed_breakout,81860,,2020-08-17 10:15:00-04:00,short,336.12689180450144,0.35847154112036606,337.8725225960552,337.32152845887964,81781,81860,2020-08-12 10:00:00-04:00,2020-08-17 10:15:00-04:00,test
SPY,head_shoulders,0,failed_breakout,81979,,2020-08-21 14:00:00-04:00,short,336.9639329548121,1.879537940832165,339.2881377660272,336.97046205916786,81900,81979,2020-08-18 13:45:00-04:00,2020-08-21 14:00:00-04:00,test
SPY,head_shoulders,0,failed_breakout,82343,,2020-09-11 14:00:00-04:00,short,334.33202640583477,0.8004407451065276,341.47485958140766,330.6795592548935,82264,82343,2020-09-08 13:45:00-04:00,2020-09-11 14:00:00-04:00,test
SPY,head_shoulders,0,failed_breakout,82466,,2020-09-18 12:15:00-04:00,short,333.6412900792533,1.164017674816364,341.54533058046366,331.3559823251836,82387,82466,2020-09-15 12:00:00-04:00,2020-09-18 12:15:00-04:00,test
SPY,head_shoulders,0,failed_breakout,82590,,2020-09-25 10:45:00-04:00,short,322.8943563128444,6.572520458433644,329.77990109501434,318.29747954156636,82511,82590,2020-09-22 10:30:00-04:00,2020-09-25 10:45:00-04:00,test
SPY,head_shoulders,0,failed_breakout,82741,,2020-10-02 16:00:00-04:00,short,334.3384600114643,1.7992863471245073,336.9912982887951,332.0607136528755,82662,82741,2020-09-29 15:45:00-04:00,2020-10-02 16:00:00-04:00,test
SPY,head_shoulders,0,failed_breakout,83042,,2020-10-20 13:15:00-04:00,short,342.92253856695197,1.2535180723082249,349.38004780311235,344.4364819276918,82963,83042,2020-10-15 13:00:00-04:00,2020-10-20 13:15:00-04:00,test
SPY,head_shoulders,1,confirmed_breakout,83059,83060.0,2020-10-21 11:00:00-04:00,short,345.1893754341363,0.9020861581443,345.4458309616784,342.0979138418557,82980,83059,2020-10-16 10:45:00-04:00,2020-10-21 11:00:00-04:00,test
SPY,head_shoulders,0,failed_breakout,83841,,2020-12-04 11:30:00-05:00,short,367.2581758148092,0.5789418031486093,367.4132027315169,368.4310581968514,83762,83841,2020-12-01 11:15:00-05:00,2020-12-04 11:30:00-05:00,test
SPY,head_shoulders,0,failed_breakout,84272,,2020-12-30 15:15:00-05:00,short,370.7299814125102,0.4111784198835835,372.51892080191914,371.4188215801164,84193,84272,2020-12-23 15:00:00-05:00,2020-12-30 15:15:00-05:00,test
SPY,head_shoulders,0,failed_breakout,84441,,2021-01-11 12:00:00-05:00,short,379.69479407053865,1.639326962446603,380.16007985272836,378.1806730375534,84362,84441,2021-01-06 11:45:00-05:00,2021-01-11 12:00:00-05:00,test
SPY,head_shoulders,1,confirmed_breakout,84467,84468.0,2021-01-12 12:00:00-05:00,short,378.6449958335551,0.6057168019823962,379.88238864801644,376.1442831980176,84388,84467,2021-01-07 11:45:00-05:00,2021-01-12 12:00:00-05:00,test
SPY,head_shoulders,0,failed_breakout,84680,,2021-01-25 13:15:00-05:00,short,382.0005318734129,0.8922995244163303,384.4893501246623,382.5377004755837,84601,84680,2021-01-20 13:00:00-05:00,2021-01-25 13:15:00-05:00,test
SPY,head_shoulders,0,failed_breakout,84773,,2021-01-29 10:30:00-05:00,short,371.0729795674346,2.690509734343948,384.5367509138985,373.55949026565605,84694,84773,2021-01-26 10:15:00-05:00,2021-01-29 10:30:00-05:00,test
SPY,head_shoulders,0,failed_breakout,85022,,2021-02-11 14:15:00-05:00,short,389.7917047204937,1.414470802603205,390.8549198947432,387.6455291973968,84943,85022,2021-02-08 14:00:00-05:00,2021-02-11 14:15:00-05:00,test
SPY,head_shoulders,1,confirmed_breakout,85081,85082.0,2021-02-16 16:00:00-05:00,short,394.1710792985555,0.5365032210335698,392.9252442865747,389.9934967789664,85002,85081,2021-02-10 15:45:00-05:00,2021-02-16 16:00:00-05:00,test
SPY,head_shoulders,0,failed_breakout,85117,,2021-02-18 12:00:00-05:00,short,389.29860597876274,0.47964960303346516,392.8303796743696,388.45035039696654,85038,85117,2021-02-12 11:45:00-05:00,2021-02-18 12:00:00-05:00,test
SPY,head_shoulders,1,confirmed_breakout,85484,85488.0,2021-03-10 12:45:00-05:00,short,391.85327669228064,0.9290969406606564,389.38596336497415,388.81090305933935,85405,85484,2021-03-05 12:30:00-05:00,2021-03-10 12:45:00-05:00,test
SPY,head_shoulders,0,failed_breakout,85566,,2021-03-15 13:45:00-04:00,short,393.90738733305903,3.3661003010296895,394.78138661244896,391.0238996989703,85487,85566,2021-03-10 13:30:00-05:00,2021-03-15 13:45:00-04:00,test
SPY,head_shoulders,0,failed_breakout,85637,,2021-03-18 12:00:00-04:00,short,394.2302029771801,3.190962187658897,396.9645909383228,392.7490378123411,85558,85637,2021-03-15 11:45:00-04:00,2021-03-18 12:00:00-04:00,test
SPY,head_shoulders,1,confirmed_breakout,85723,85726.0,2021-03-23 14:00:00-04:00,short,393.5780787374666,1.1590657821277546,393.3206574445102,390.32093421787226,85644,85723,2021-03-18 13:45:00-04:00,2021-03-23 14:00:00-04:00,test
SPY,head_shoulders,1,confirmed_breakout,85754,85758.0,2021-03-24 15:15:00-04:00,short,388.22004826043536,0.45885336940580146,392.77955537605436,385.4811466305942,85675,85754,2021-03-19 15:00:00-04:00,2021-03-24 15:15:00-04:00,test
SPY,head_shoulders,0,failed_breakout,85982,,2021-04-07 13:45:00-04:00,short,406.3747810441871,0.5589725451924892,406.8720351841566,405.73102745480753,85903,85982,2021-04-01 13:30:00-04:00,2021-04-07 13:45:00-04:00,test
SPY,head_shoulders,1,confirmed_breakout,86204,86205.0,2021-04-20 10:45:00-04:00,short,414.61539291160955,2.1681624921819775,417.1472875576442,410.18183750781805,86125,86204,2021-04-15 10:30:00-04:00,2021-04-20 10:45:00-04:00,test
SPY,head_shoulders,0,failed_breakout,86454,,2021-05-03 14:45:00-04:00,short,416.9301673305786,1.6033646478028345,419.39731553495983,417.4466353521972,86375,86454,2021-04-28 14:30:00-04:00,2021-05-03 14:45:00-04:00,test
SPY,head_shoulders,0,failed_breakout,86515,,2021-05-06 10:30:00-04:00,short,407.253354987726,1.2366920495407498,418.722524288689,413.07330795045925,86436,86515,2021-05-03 10:15:00-04:00,2021-05-06 10:30:00-04:00,test
