symbol,pattern,label,reason,anchor_idx,breakout_idx,ts_event,direction,neckline,pattern_height,stop_price,target_price,window_start_idx,window_end_idx,window_start_ts,window_end_ts,split
SPY,inverse_head_shoulders,0,partial,82,,2008-01-25 10:45:00-05:00,long,135.29500314542128,0.6842857142857132,135.46,136.14428571428573,3,82,2008-01-22 10:30:00-05:00,2008-01-25 10:45:00-05:00,train
SPY,inverse_head_shoulders,0,partial,108,,2008-01-28 10:45:00-05:00,long,133.18474323201607,0.77785714285715,133.31,134.08785714285716,29,108,2008-01-23 10:30:00-05:00,2008-01-28 10:45:00-05:00,train
SPY,inverse_head_shoulders,0,partial,125,,2008-01-28 15:00:00-05:00,long,134.2447307995192,0.44928571428571373,134.28,134.7292857142857,46,125,2008-01-23 14:45:00-05:00,2008-01-28 15:00:00-05:00,train
SPY,inverse_head_shoulders,0,partial,127,,2008-01-28 15:30:00-05:00,long,134.22152712100925,0.4678571428571457,134.11,134.57785714285717,48,127,2008-01-23 15:15:00-05:00,2008-01-28 15:30:00-05:00,train
SPY,inverse_head_shoulders,0,partial,141,,2008-01-29 12:30:00-05:00,long,135.71533752294314,0.5714285714285755,135.5,136.07142857142858,62,141,2008-01-24 12:15:00-05:00,2008-01-29 12:30:00-05:00,train
SPY,inverse_head_shoulders,0,partial,144,,2008-01-29 13:15:00-05:00,long,135.67169488161898,0.44928571428571373,135.41,135.8592857142857,65,144,2008-01-24 13:00:00-05:00,2008-01-29 13:15:00-05:00,train
SPY,inverse_head_shoulders,0,partial,155,,2008-01-29 16:00:00-05:00,long,135.85593363698354,0.35642857142857004,136.07,136.42642857142857,76,155,2008-01-24 15:45:00-05:00,2008-01-29 16:00:00-05:00,train
SPY,inverse_head_shoulders,0,partial,157,,2008-01-30 10:00:00-05:00,long,135.82324730292652,0.40428571428571203,135.76,136.1642857142857,78,157,2008-01-25 09:45:00-05:00,2008-01-30 10:00:00-05:00,train
SPY,inverse_head_shoulders,0,partial,162,,2008-01-30 11:15:00-05:00,long,135.90352429625437,0.39285714285714285,135.9,136.29285714285714,83,162,2008-01-25 11:00:00-05:00,2008-01-30 11:15:00-05:00,train
SPY,inverse_head_shoulders,0,partial,169,,2008-01-30 13:00:00-05:00,long,135.76400238780454,0.3357142857142869,135.73,136.06571428571428,90,169,2008-01-25 12:45:00-05:00,2008-01-30 13:00:00-05:00,train
SPY,inverse_head_shoulders,0,partial,171,,2008-01-30 13:30:00-05:00,long,135.78095728228936,0.29571428571428676,135.87,136.1657142857143,92,171,2008-01-25 13:15:00-05:00,2008-01-30 13:30:00-05:00,train
SPY,inverse_head_shoulders,0,partial,173,,2008-01-30 14:00:00-05:00,long,135.7574025092183,0.2764285714285738,135.67,135.94642857142856,94,173,2008-01-25 13:45:00-05:00,2008-01-30 14:00:00-05:00,train
SPY,inverse_head_shoulders,0,partial,179,,2008-01-30 15:30:00-05:00,long,136.72069930333723,0.6514285714285697,137.22,137.87142857142857,100,179,2008-01-25 15:15:00-05:00,2008-01-30 15:30:00-05:00,train
SPY,inverse_head_shoulders,0,partial,188,,2008-01-31 11:15:00-05:00,long,135.30893596784185,1.105714285714281,134.99,136.09571428571428,109,188,2008-01-28 11:00:00-05:00,2008-01-31 11:15:00-05:00,train
SPY,inverse_head_shoulders,0,partial,234,,2008-02-04 09:45:00-05:00,long,138.99450788371854,0.46428571428571225,138.83,139.29428571428573,155,234,2008-01-29 16:00:00-05:00,2008-02-04 09:45:00-05:00,train
SPY,inverse_head_shoulders,0,partial,289,,2008-02-06 10:30:00-05:00,long,134.220779582887,0.5878571428571421,134.18,134.76785714285714,210,289,2008-02-01 10:15:00-05:00,2008-02-06 10:30:00-05:00,train
SPY,inverse_head_shoulders,0,partial,298,,2008-02-06 12:45:00-05:00,long,134.62954801916908,0.5064285714285717,134.49,134.99642857142857,219,298,2008-02-01 12:30:00-05:00,2008-02-06 12:45:00-05:00,train
SPY,inverse_head_shoulders,0,partial,322,,2008-02-07 12:15:00-05:00,long,132.74749998195787,0.6585714285714285,132.73,133.38857142857142,243,322,2008-02-04 12:00:00-05:00,2008-02-07 12:15:00-05:00,train
SPY,inverse_head_shoulders,0,partial,346,,2008-02-08 11:45:00-05:00,long,133.6588137674471,0.6207142857142876,133.71,134.3307142857143,267,346,2008-02-05 11:30:00-05:00,2008-02-08 11:45:00-05:00,train
SPY,inverse_head_shoulders,0,partial,361,,2008-02-08 15:30:00-05:00,long,132.87693545345394,0.4921428571428582,132.96,133.45214285714286,282,361,2008-02-05 15:15:00-05:00,2008-02-08 15:30:00-05:00,train
SPY,inverse_head_shoulders,0,partial,363,,2008-02-08 16:00:00-05:00,long,132.93458819286633,0.5271428571428609,133.12,133.64714285714285,284,363,2008-02-05 15:45:00-05:00,2008-02-08 16:00:00-05:00,train
SPY,inverse_head_shoulders,0,partial,369,,2008-02-11 11:00:00-05:00,long,132.72176383687972,0.5621428571428615,132.77,133.33214285714288,290,369,2008-02-06 10:45:00-05:00,2008-02-11 11:00:00-05:00,train
SPY,inverse_head_shoulders,1,confirmed_breakout,371,377.0,2008-02-11 11:30:00-05:00,long,133.03188122987666,1.3966809113502165,132.74749998195787,135.2766809113502,292,371,2008-02-06 11:15:00-05:00,2008-02-11 11:30:00-05:00,train
SPY,inverse_head_shoulders,0,partial,408,,2008-02-12 14:15:00-05:00,long,135.6788279886402,0.35642857142857004,135.85,136.20642857142857,329,408,2008-02-07 14:00:00-05:00,2008-02-12 14:15:00-05:00,train
SPY,inverse_head_shoulders,0,partial,415,,2008-02-12 16:00:00-05:00,long,135.28910504865428,0.5414285714285703,134.94,135.48142857142858,336,415,2008-02-07 15:45:00-05:00,2008-02-12 16:00:00-05:00,train
SPY,inverse_head_shoulders,0,failed_breakout,425,,2008-02-13 12:00:00-05:00,long,136.10570973464945,0.578722995423135,132.72176383687972,136.35872299542314,346,425,2008-02-08 11:45:00-05:00,2008-02-13 12:00:00-05:00,train
SPY,inverse_head_shoulders,0,partial,445,,2008-02-14 10:30:00-05:00,long,136.5260901803613,0.4307142857142838,136.7,137.13071428571428,366,445,2008-02-11 10:15:00-05:00,2008-02-14 10:30:00-05:00,train
SPY,inverse_head_shoulders,0,partial,483,,2008-02-15 13:30:00-05:00,long,134.27343717238043,0.39357142857142996,134.16,134.55357142857142,404,483,2008-02-12 13:15:00-05:00,2008-02-15 13:30:00-05:00,train
SPY,inverse_head_shoulders,0,partial,513,,2008-02-19 14:30:00-05:00,long,136.0143306617752,0.3335714285714277,136.0,136.33357142857142,434,513,2008-02-13 14:15:00-05:00,2008-02-19 14:30:00-05:00,train
SPY,inverse_head_shoulders,0,partial,529,,2008-02-20 12:00:00-05:00,long,134.43470913324558,0.4828571428571422,134.33,134.81285714285715,450,529,2008-02-14 11:45:00-05:00,2008-02-20 12:00:00-05:00,train
SPY,inverse_head_shoulders,0,partial,550,,2008-02-21 10:45:00-05:00,long,136.11666372790447,0.7057142857142874,135.87,136.5757142857143,471,550,2008-02-15 10:30:00-05:00,2008-02-21 10:45:00-05:00,train
SPY,inverse_head_shoulders,0,partial,594,,2008-02-22 15:15:00-05:00,long,133.32170519915317,0.3885714285714264,133.15,133.53857142857143,515,594,2008-02-19 15:00:00-05:00,2008-02-22 15:15:00-05:00,train
SPY,inverse_head_shoulders,0,partial,612,,2008-02-25 13:15:00-05:00,long,135.76651679303504,0.47142857142857303,135.81,136.28142857142856,533,612,2008-02-20 13:00:00-05:00,2008-02-25 13:15:00-05:00,train
SPY,inverse_head_shoulders,0,partial,615,,2008-02-25 14:00:00-05:00,long,135.71454699714508,0.39714285714285935,135.73,136.12714285714284,536,615,2008-02-20 13:45:00-05:00,2008-02-25 14:00:00-05:00,train
SPY,inverse_head_shoulders,0,partial,646,,2008-02-26 15:15:00-05:00,long,138.4013989198147,0.40071428571428463,138.25,138.6507142857143,567,646,2008-02-21 15:00:00-05:00,2008-02-26 15:15:00-05:00,train
SPY,inverse_head_shoulders,0,partial,654,,2008-02-27 10:45:00-05:00,long,138.16175938320623,0.5435714285714255,138.31,138.85357142857143,575,654,2008-02-22 10:30:00-05:00,2008-02-27 10:45:00-05:00,train
SPY,inverse_head_shoulders,0,partial,665,,2008-02-27 13:30:00-05:00,long,138.72100658016572,0.4314285714285668,138.8,139.23142857142858,586,665,2008-02-22 13:15:00-05:00,2008-02-27 13:30:00-05:00,train
SPY,inverse_head_shoulders,0,partial,694,,2008-02-28 14:15:00-05:00,long,136.9900938833788,0.3714285714285706,137.06,137.43142857142857,615,694,2008-02-25 14:00:00-05:00,2008-02-28 14:15:00-05:00,train
SPY,inverse_head_shoulders,0,partial,698,,2008-02-28 15:15:00-05:00,long,137.17260246452835,0.3607142857142845,137.28,137.6407142857143,619,698,2008-02-25 15:00:00-05:00,2008-02-28 15:15:00-05:00,train
SPY,inverse_head_shoulders,0,partial,736,,2008-03-03 11:45:00-05:00,long,133.15458257066396,0.4914285714285711,133.06,133.55142857142857,657,736,2008-02-27 11:30:00-05:00,2008-03-03 11:45:00-05:00,train
SPY,inverse_head_shoulders,0,partial,743,,2008-03-03 13:30:00-05:00,long,133.30610532709824,0.44285714285714406,133.31,133.75285714285715,664,743,2008-02-27 13:15:00-05:00,2008-03-03 13:30:00-05:00,train
SPY,inverse_head_shoulders,0,partial,751,,2008-03-03 15:30:00-05:00,long,132.96943251306652,0.41857142857142754,132.93,133.34857142857143,672,751,2008-02-27 15:15:00-05:00,2008-03-03 15:30:00-05:00,train
SPY,inverse_head_shoulders,0,partial,753,,2008-03-03 16:00:00-05:00,long,133.0049560723353,0.423571428571425,133.41,133.83357142857142,674,753,2008-02-27 15:45:00-05:00,2008-03-03 16:00:00-05:00,train
SPY,inverse_head_shoulders,0,partial,773,,2008-03-04 14:30:00-05:00,long,131.64454507831076,0.4371428571428595,131.33,131.76714285714286,694,773,2008-02-28 14:15:00-05:00,2008-03-04 14:30:00-05:00,train
SPY,inverse_head_shoulders,0,partial,793,,2008-03-05 13:00:00-05:00,long,133.9121417404099,0.4750000000000004,133.85,134.325,714,793,2008-02-29 12:45:00-05:00,2008-03-05 13:00:00-05:00,train
SPY,inverse_head_shoulders,0,partial,854,,2008-03-07 15:15:00-05:00,long,129.55497684449733,0.5264285714285738,129.73,130.25642857142856,775,854,2008-03-04 15:00:00-05:00,2008-03-07 15:15:00-05:00,train
SPY,inverse_head_shoulders,0,partial,857,,2008-03-07 16:00:00-05:00,long,129.61578559683036,0.6692857142857126,129.71,130.37928571428571,778,857,2008-03-04 15:45:00-05:00,2008-03-07 16:00:00-05:00,train
SPY,inverse_head_shoulders,0,partial,883,,2008-03-10 16:00:00-04:00,long,128.1939137962557,0.4671428571428556,127.86,128.32714285714286,804,883,2008-03-05 15:45:00-05:00,2008-03-10 16:00:00-04:00,train
SPY,inverse_head_shoulders,0,partial,895,,2008-03-11 12:30:00-04:00,long,129.68612360484065,0.7128571428571432,129.54,130.25285714285712,816,895,2008-03-06 12:15:00-05:00,2008-03-11 12:30:00-04:00,train
SPY,inverse_head_shoulders,0,partial,898,,2008-03-11 13:15:00-04:00,long,129.6335059857266,0.5499999999999992,129.62,130.17000000000002,819,898,2008-03-06 13:00:00-05:00,2008-03-11 13:15:00-04:00,train
SPY,inverse_head_shoulders,1,confirmed_breakout,901,902.0,2008-03-11 14:00:00-04:00,long,129.69908060631622,1.4699978060553747,128.1939137962557,131.84999780605537,822,901,2008-03-06 13:45:00-05:00,2008-03-11 14:00:00-04:00,train
SPY,inverse_head_shoulders,0,partial,923,,2008-03-12 13:00:00-04:00,long,132.85657501518926,0.4678571428571457,132.64,133.10785714285714,844,923,2008-03-07 12:45:00-05:00,2008-03-12 13:00:00-04:00,train
SPY,inverse_head_shoulders,0,partial,944,,2008-03-13 11:45:00-04:00,long,130.02538736624572,0.797857142857144,130.27,131.06785714285715,865,944,2008-03-10 11:30:00-04:00,2008-03-13 11:45:00-04:00,train
SPY,inverse_head_shoulders,0,partial,962,,2008-03-14 09:45:00-04:00,long,132.01255312712286,0.730000000000002,132.31,133.04,883,962,2008-03-10 16:00:00-04:00,2008-03-14 09:45:00-04:00,train
SPY,inverse_head_shoulders,0,partial,1034,,2008-03-18 14:45:00-04:00,long,131.39085023754174,0.4964285714285767,130.64,131.13642857142855,955,1034,2008-03-13 14:30:00-04:00,2008-03-18 14:45:00-04:00,train
SPY,inverse_head_shoulders,0,partial,1050,,2008-03-19 12:15:00-04:00,long,133.58321979819186,0.7728571428571465,133.43,134.20285714285714,971,1050,2008-03-14 12:00:00-04:00,2008-03-19 12:15:00-04:00,train
SPY,inverse_head_shoulders,0,partial,1072,,2008-03-20 11:15:00-04:00,long,130.84484637049016,0.8299999999999983,130.99,131.82,993,1072,2008-03-17 11:00:00-04:00,2008-03-20 11:15:00-04:00,train
SPY,inverse_head_shoulders,0,partial,1074,,2008-03-20 11:45:00-04:00,long,130.87958376090535,0.7714285714285722,131.0,131.77142857142857,995,1074,2008-03-17 11:30:00-04:00,2008-03-20 11:45:00-04:00,train
SPY,inverse_head_shoulders,0,partial,1080,,2008-03-20 13:15:00-04:00,long,130.75037982400514,0.5628571428571446,130.7,131.26285714285714,1001,1080,2008-03-17 13:00:00-04:00,2008-03-20 13:15:00-04:00,train
SPY,inverse_head_shoulders,0,partial,1112,,2008-03-24 14:45:00-04:00,long,135.40580102430874,0.3135714285714276,135.51,135.82357142857143,1033,1112,2008-03-18 14:30:00-04:00,2008-03-24 14:45:00-04:00,train
SPY,inverse_head_shoulders,0,partial,1127,,2008-03-25 12:00:00-04:00,long,134.59007410231462,0.5528571428571374,134.46,135.01285714285714,1048,1127,2008-03-19 11:45:00-04:00,2008-03-25 12:00:00-04:00,train
SPY,inverse_head_shoulders,0,failed_breakout,1137,,2008-03-25 14:30:00-04:00,long,137.19246573354692,0.8438698205954722,130.75037982400514,136.06386982059547,1058,1137,2008-03-19 14:15:00-04:00,2008-03-25 14:30:00-04:00,train
SPY,inverse_head_shoulders,0,partial,1142,,2008-03-25 15:45:00-04:00,long,135.19733835542792,0.32642857142857096,135.12,135.44642857142858,1063,1142,2008-03-19 15:30:00-04:00,2008-03-25 15:45:00-04:00,train
SPY,inverse_head_shoulders,0,partial,1164,,2008-03-26 14:45:00-04:00,long,133.80787474958888,0.3164285714285719,133.8,134.11642857142857,1085,1164,2008-03-20 14:30:00-04:00,2008-03-26 14:45:00-04:00,train
SPY,inverse_head_shoulders,0,partial,1166,,2008-03-26 15:15:00-04:00,long,133.90652825474695,0.3592857142857144,134.03,134.3892857142857,1087,1166,2008-03-20 15:00:00-04:00,2008-03-26 15:15:00-04:00,train
SPY,inverse_head_shoulders,0,partial,1169,,2008-03-26 16:00:00-04:00,long,133.88498909011727,0.37142857142857266,133.83,134.20142857142858,1090,1169,2008-03-20 15:45:00-04:00,2008-03-26 16:00:00-04:00,train
SPY,inverse_head_shoulders,1,confirmed_breakout,1179,1180.0,2008-03-27 12:00:00-04:00,long,133.15355569601638,0.20622101354814504,133.80787474958888,134.22622101354816,1100,1179,2008-03-24 11:45:00-04:00,2008-03-27 12:00:00-04:00,train
SPY,inverse_head_shoulders,0,partial,1287,,2008-04-02 13:00:00-04:00,long,137.1683147624135,0.4185714285714255,137.06,137.47857142857143,1208,1287,2008-03-28 12:45:00-04:00,2008-04-02 13:00:00-04:00,train
SPY,inverse_head_shoulders,0,partial,1290,,2008-04-02 13:45:00-04:00,long,137.11964500788517,0.39428571428571296,137.1,137.4942857142857,1211,1290,2008-03-28 13:30:00-04:00,2008-04-02 13:45:00-04:00,train
SPY,inverse_head_shoulders,0,partial,1292,,2008-04-02 14:15:00-04:00,long,137.152124479738,0.36428571428571593,137.4,137.76428571428573,1213,1292,2008-03-28 14:00:00-04:00,2008-04-02 14:15:00-04:00,train
SPY,inverse_head_shoulders,0,partial,1308,,2008-04-03 11:45:00-04:00,long,136.26364304006833,0.4592857142857168,136.31,136.76928571428573,1229,1308,2008-03-31 11:30:00-04:00,2008-04-03 11:45:00-04:00,train
SPY,inverse_head_shoulders,0,partial,1322,,2008-04-03 15:15:00-04:00,long,136.967005146869,0.3592857142857144,137.02,137.37928571428571,1243,1322,2008-03-31 15:00:00-04:00,2008-04-03 15:15:00-04:00,train
SPY,inverse_head_shoulders,0,partial,1331,,2008-04-04 11:00:00-04:00,long,136.7330233796677,0.43571428571428533,136.69,137.12571428571428,1252,1331,2008-04-01 10:45:00-04:00,2008-04-04 11:00:00-04:00,train
SPY,inverse_head_shoulders,1,confirmed_breakout,1337,1338.0,2008-04-04 12:30:00-04:00,long,136.86827483600555,0.7897511288062162,136.26364304006833,138.40975112880622,1258,1337,2008-04-01 12:15:00-04:00,2008-04-04 12:30:00-04:00,train
SPY,inverse_head_shoulders,0,partial,1347,,2008-04-04 15:00:00-04:00,long,137.49347748765553,0.33000000000000235,137.43,137.76000000000002,1268,1347,2008-04-01 14:45:00-04:00,2008-04-04 15:00:00-04:00,train
SPY,inverse_head_shoulders,0,partial,1351,,2008-04-04 16:00:00-04:00,long,137.2721301579709,0.36071428571428854,136.95,137.31071428571428,1272,1351,2008-04-01 15:45:00-04:00,2008-04-04 16:00:00-04:00,train
SPY,inverse_head_shoulders,0,partial,1369,,2008-04-07 14:00:00-04:00,long,138.04521611844717,0.287857142857145,137.95,138.23785714285714,1290,1369,2008-04-02 13:45:00-04:00,2008-04-07 14:00:00-04:00,train
SPY,inverse_head_shoulders,0,partial,1401,,2008-04-08 15:30:00-04:00,long,136.36987206426315,0.2814285714285753,136.4,136.68142857142857,1322,1401,2008-04-03 15:15:00-04:00,2008-04-08 15:30:00-04:00,train
SPY,inverse_head_shoulders,0,partial,1403,,2008-04-08 16:00:00-04:00,long,136.39578564665112,0.28571428571428975,136.45,136.73571428571427,1324,1403,2008-04-03 15:45:00-04:00,2008-04-08 16:00:00-04:00,train
SPY,inverse_head_shoulders,0,partial,1427,,2008-04-09 15:30:00-04:00,long,135.28560626516943,0.30357142857143266,135.16,135.46357142857144,1348,1427,2008-04-04 15:15:00-04:00,2008-04-09 15:30:00-04:00,train
SPY,inverse_head_shoulders,0,partial,1429,,2008-04-09 16:00:00-04:00,long,135.3027001531427,0.32500000000000284,135.39,135.71499999999997,1350,1429,2008-04-04 15:45:00-04:00,2008-04-09 16:00:00-04:00,train
SPY,inverse_head_shoulders,0,partial,1431,,2008-04-10 10:00:00-04:00,long,135.27466558788038,0.36499999999999894,135.09,135.455,1352,1431,2008-04-07 09:45:00-04:00,2008-04-10 10:00:00-04:00,train
SPY,inverse_head_shoulders,0,partial,1448,,2008-04-10 14:15:00-04:00,long,136.2932200818958,0.3899999999999985,136.25,136.64,1369,1448,2008-04-07 14:00:00-04:00,2008-04-10 14:15:00-04:00,train
SPY,inverse_head_shoulders,0,partial,1492,,2008-04-14 12:15:00-04:00,long,133.03667866613662,0.33928571428571835,132.91,133.24928571428572,1413,1492,2008-04-09 12:00:00-04:00,2008-04-14 12:15:00-04:00,train
SPY,inverse_head_shoulders,0,partial,1498,,2008-04-14 13:45:00-04:00,long,133.1516058608959,0.3085714285714301,133.16,133.46857142857144,1419,1498,2008-04-09 13:30:00-04:00,2008-04-14 13:45:00-04:00,train
SPY,inverse_head_shoulders,0,partial,1507,,2008-04-14 16:00:00-04:00,long,132.9093074619898,0.27428571428571047,132.81,133.08428571428573,1428,1507,2008-04-09 15:45:00-04:00,2008-04-14 16:00:00-04:00,train
SPY,inverse_head_shoulders,0,partial,1510,,2008-04-15 10:15:00-04:00,long,132.98577361746908,0.32928571428571324,133.02,133.3492857142857,1431,1510,2008-04-10 10:00:00-04:00,2008-04-15 10:15:00-04:00,train
SPY,inverse_head_shoulders,0,partial,1521,,2008-04-15 13:00:00-04:00,long,132.68399588368675,0.33571428571428896,132.69,133.0257142857143,1442,1521,2008-04-10 12:45:00-04:00,2008-04-15 13:00:00-04:00,train
SPY,inverse_head_shoulders,0,partial,1566,,2008-04-17 11:15:00-04:00,long,136.13941517970142,0.37071428571428555,136.12,136.4907142857143,1487,1566,2008-04-14 11:00:00-04:00,2008-04-17 11:15:00-04:00,train
SPY,inverse_head_shoulders,0,partial,1572,,2008-04-17 12:45:00-04:00,long,136.00819814022572,0.3764285714285701,135.94,136.31642857142856,1493,1572,2008-04-14 12:30:00-04:00,2008-04-17 12:45:00-04:00,train
SPY,inverse_head_shoulders,0,partial,1604,,2008-04-18 14:15:00-04:00,long,139.19478707466087,0.3071428571428539,139.1,139.40714285714284,1525,1604,2008-04-15 14:00:00-04:00,2008-04-18 14:15:00-04:00,train
SPY,inverse_head_shoulders,0,partial,1624,,2008-04-21 12:45:00-04:00,long,138.30122375234083,0.39642857142857224,138.36,138.7564285714286,1545,1624,2008-04-16 12:30:00-04:00,2008-04-21 12:45:00-04:00,train
SPY,inverse_head_shoulders,0,partial,1627,,2008-04-21 13:30:00-04:00,long,138.34921232727808,0.33857142857142924,138.49,138.82857142857145,1548,1627,2008-04-16 13:15:00-04:00,2008-04-21 13:30:00-04:00,train
SPY,inverse_head_shoulders,0,partial,1631,,2008-04-21 14:30:00-04:00,long,138.31469614330504,0.3150000000000018,138.23,138.545,1552,1631,2008-04-16 14:15:00-04:00,2008-04-21 14:30:00-04:00,train
SPY,inverse_head_shoulders,0,partial,1637,,2008-04-21 16:00:00-04:00,long,138.5163656266567,0.23714285714286273,138.79,139.02714285714285,1558,1637,2008-04-16 15:45:00-04:00,2008-04-21 16:00:00-04:00,train
SPY,inverse_head_shoulders,0,partial,1660,,2008-04-22 15:15:00-04:00,long,137.2940180590906,0.42714285714285644,137.33,137.75714285714287,1581,1660,2008-04-17 15:00:00-04:00,2008-04-22 15:15:00-04:00,train
SPY,inverse_head_shoulders,0,partial,1674,,2008-04-23 12:15:00-04:00,long,138.07279116092883,0.3507142857142834,137.93,138.28071428571428,1595,1674,2008-04-18 12:00:00-04:00,2008-04-23 12:15:00-04:00,train
SPY,inverse_head_shoulders,0,partial,1685,,2008-04-23 15:00:00-04:00,long,137.71438212411428,0.33571428571428286,137.65,137.9857142857143,1606,1685,2008-04-18 14:45:00-04:00,2008-04-23 15:00:00-04:00,train
SPY,inverse_head_shoulders,0,partial,1691,,2008-04-24 10:00:00-04:00,long,137.80888722619756,0.34071428571428647,137.84,138.1807142857143,1612,1691,2008-04-21 09:45:00-04:00,2008-04-24 10:00:00-04:00,train
SPY,inverse_head_shoulders,1,confirmed_breakout,1695,1700.0,2008-04-24 11:00:00-04:00,long,137.76109018501197,0.9466120888703813,137.2940180590906,139.95661208887037,1616,1695,2008-04-21 10:45:00-04:00,2008-04-24 11:00:00-04:00,train
SPY,inverse_head_shoulders,0,partial,1696,,2008-04-24 11:15:00-04:00,long,137.61410802444556,0.39285714285714085,137.6,137.99285714285713,1617,1696,2008-04-21 11:00:00-04:00,2008-04-24 11:15:00-04:00,train
SPY,inverse_head_shoulders,0,partial,1713,,2008-04-24 15:30:00-04:00,long,139.28741238869844,0.3971428571428634,139.37,139.76714285714286,1634,1713,2008-04-21 15:15:00-04:00,2008-04-24 15:30:00-04:00,train
SPY,inverse_head_shoulders,0,partial,1732,,2008-04-25 13:45:00-04:00,long,138.58904166639482,0.3528571428571488,138.58,138.93285714285716,1653,1732,2008-04-22 13:30:00-04:00,2008-04-25 13:45:00-04:00,train
SPY,inverse_head_shoulders,0,failed_breakout,1742,,2008-04-28 09:45:00-04:00,long,140.56432048358556,0.5308076477749353,137.61410802444556,140.09080764777494,1663,1742,2008-04-22 16:00:00-04:00,2008-04-28 09:45:00-04:00,train
SPY,inverse_head_shoulders,0,partial,1764,,2008-04-28 15:15:00-04:00,long,140.05725202625226,0.20000000000000284,140.17,140.37,1685,1764,2008-04-23 15:00:00-04:00,2008-04-28 15:15:00-04:00,train
SPY,inverse_head_shoulders,0,partial,1781,,2008-04-29 13:00:00-04:00,long,139.0139396153898,0.30928571428571316,139.0,139.30928571428572,1702,1781,2008-04-24 12:45:00-04:00,2008-04-29 13:00:00-04:00,train
SPY,inverse_head_shoulders,0,partial,1804,,2008-04-30 12:15:00-04:00,long,139.61110696709045,0.3250000000000049,139.72,140.04500000000002,1725,1804,2008-04-25 12:00:00-04:00,2008-04-30 12:15:00-04:00,train
SPY,inverse_head_shoulders,0,partial,1807,,2008-04-30 13:00:00-04:00,long,139.60077266514952,0.3235714285714307,139.53,139.85357142857143,1728,1807,2008-04-25 12:45:00-04:00,2008-04-30 13:00:00-04:00,train
SPY,inverse_head_shoulders,0,partial,1814,,2008-04-30 14:45:00-04:00,long,139.76342525044134,0.3764285714285701,140.11,140.48642857142858,1735,1814,2008-04-25 14:30:00-04:00,2008-04-30 14:45:00-04:00,train
SPY,inverse_head_shoulders,0,partial,1825,,2008-05-01 11:00:00-04:00,long,138.961918477817,0.5642857142857106,139.1,139.6642857142857,1746,1825,2008-04-28 10:45:00-04:00,2008-05-01 11:00:00-04:00,train
SPY,inverse_head_shoulders,0,partial,1855,,2008-05-02 12:00:00-04:00,long,141.4706545796066,0.4314285714285729,141.49,141.92142857142858,1776,1855,2008-04-29 11:45:00-04:00,2008-05-02 12:00:00-04:00,train
SPY,inverse_head_shoulders,0,partial,1867,,2008-05-02 15:00:00-04:00,long,140.98964235958238,0.3450000000000029,140.8,141.145,1788,1867,2008-04-29 14:45:00-04:00,2008-05-02 15:00:00-04:00,train
SPY,inverse_head_shoulders,0,partial,1874,,2008-05-05 10:15:00-04:00,long,141.1106363777844,0.41642857142857437,141.41,141.82642857142858,1795,1874,2008-04-30 10:00:00-04:00,2008-05-05 10:15:00-04:00,train
SPY,inverse_head_shoulders,0,failed_breakout,1877,,2008-05-05 11:00:00-04:00,long,141.97033145643545,1.2595439097174506,138.961918477817,141.76954390971744,1798,1877,2008-04-30 10:45:00-04:00,2008-05-05 11:00:00-04:00,train
SPY,inverse_head_shoulders,0,partial,1893,,2008-05-05 15:00:00-04:00,long,140.68158249907657,0.230714285714287,140.69,140.9207142857143,1814,1893,2008-04-30 14:45:00-04:00,2008-05-05 15:00:00-04:00,train
SPY,inverse_head_shoulders,0,partial,1895,,2008-05-05 15:30:00-04:00,long,140.70263611466905,0.22714285714285762,140.81,141.03714285714287,1816,1895,2008-04-30 15:15:00-04:00,2008-05-05 15:30:00-04:00,train
SPY,inverse_head_shoulders,0,partial,1902,,2008-05-06 10:45:00-04:00,long,140.40692082985177,0.3235714285714266,140.34,140.66357142857143,1823,1902,2008-05-01 10:30:00-04:00,2008-05-06 10:45:00-04:00,train
SPY,inverse_head_shoulders,0,partial,1928,,2008-05-07 10:45:00-04:00,long,141.7362188636742,0.3250000000000008,141.91,142.23499999999999,1849,1928,2008-05-02 10:30:00-04:00,2008-05-07 10:45:00-04:00,train
SPY,inverse_head_shoulders,0,partial,1997,,2008-05-09 15:00:00-04:00,long,138.7718477738448,0.2342857142857103,138.79,139.0242857142857,1918,1997,2008-05-06 14:45:00-04:00,2008-05-09 15:00:00-04:00,train
SPY,inverse_head_shoulders,0,partial,2032,,2008-05-13 10:45:00-04:00,long,140.2378727791861,0.3042857142857116,140.22,140.52428571428572,1953,2032,2008-05-08 10:30:00-04:00,2008-05-13 10:45:00-04:00,train
SPY,inverse_head_shoulders,0,partial,2037,,2008-05-13 12:00:00-04:00,long,140.1278698620112,0.32499999999999674,140.13,140.45499999999998,1958,2037,2008-05-08 11:45:00-04:00,2008-05-13 12:00:00-04:00,train
SPY,inverse_head_shoulders,0,partial,2075,,2008-05-14 15:00:00-04:00,long,141.90531594585264,0.29571428571428476,141.83,142.1257142857143,1996,2075,2008-05-09 14:45:00-04:00,2008-05-14 15:00:00-04:00,train
SPY,inverse_head_shoulders,0,partial,2089,,2008-05-15 12:00:00-04:00,long,141.24528152685392,0.41499999999999815,141.29,141.70499999999998,2010,2089,2008-05-12 11:45:00-04:00,2008-05-15 12:00:00-04:00,train
SPY,inverse_head_shoulders,0,partial,2110,,2008-05-16 10:45:00-04:00,long,142.1720992324487,0.3521428571428536,142.22,142.57214285714286,2031,2110,2008-05-13 10:30:00-04:00,2008-05-16 10:45:00-04:00,train
SPY,inverse_head_shoulders,0,partial,2116,,2008-05-16 12:15:00-04:00,long,141.99434681669507,0.34357142857142264,141.98,142.32357142857143,2037,2116,2008-05-13 12:00:00-04:00,2008-05-16 12:15:00-04:00,train
SPY,inverse_head_shoulders,0,partial,2148,,2008-05-19 13:45:00-04:00,long,143.86175802761798,0.23214285714285307,143.97,144.20214285714286,2069,2148,2008-05-14 13:30:00-04:00,2008-05-19 13:45:00-04:00,train
SPY,inverse_head_shoulders,0,partial,2182,,2008-05-20 15:45:00-04:00,long,141.4184665209392,0.3242857142857056,141.3,141.62428571428572,2103,2182,2008-05-15 15:30:00-04:00,2008-05-20 15:45:00-04:00,train
SPY,inverse_head_shoulders,0,partial,2188,,2008-05-21 10:45:00-04:00,long,141.5863934907394,0.3907142857142856,141.6,141.9907142857143,2109,2188,2008-05-16 10:30:00-04:00,2008-05-21 10:45:00-04:00,train
SPY,inverse_head_shoulders,0,partial,2195,,2008-05-21 12:30:00-04:00,long,141.42568404547936,0.3735714285714319,141.41,141.78357142857143,2116,2195,2008-05-16 12:15:00-04:00,2008-05-21 12:30:00-04:00,train
SPY,inverse_head_shoulders,0,partial,2197,,2008-05-21 13:00:00-04:00,long,141.45953316459148,0.335714285714291,141.54,141.87571428571428,2118,2197,2008-05-16 12:45:00-04:00,2008-05-21 13:00:00-04:00,train
SPY,inverse_head_shoulders,0,partial,2215,,2008-05-22 11:00:00-04:00,long,139.76417356364894,0.5285714285714269,139.85,140.37857142857143,2136,2215,2008-05-19 10:45:00-04:00,2008-05-22 11:00:00-04:00,train
SPY,inverse_head_shoulders,0,partial,2217,,2008-05-22 11:30:00-04:00,long,139.76939832640068,0.46999999999999886,139.83,140.3,2138,2217,2008-05-19 11:15:00-04:00,2008-05-22 11:30:00-04:00,train
SPY,inverse_head_shoulders,0,partial,2222,,2008-05-22 12:45:00-04:00,long,139.65187882696924,0.35357142857142776,139.69,140.04357142857143,2143,2222,2008-05-19 12:30:00-04:00,2008-05-22 12:45:00-04:00,train
SPY,inverse_head_shoulders,0,partial,2228,,2008-05-22 14:15:00-04:00,long,139.7168655558293,0.3100000000000023,139.71,140.02,2149,2228,2008-05-19 14:00:00-04:00,2008-05-22 14:15:00-04:00,train
SPY,inverse_head_shoulders,0,partial,2254,,2008-05-23 14:15:00-04:00,long,137.90228032583377,0.3507142857142916,137.79,138.1407142857143,2175,2254,2008-05-20 14:00:00-04:00,2008-05-23 14:15:00-04:00,train
SPY,inverse_head_shoulders,0,partial,2267,,2008-05-27 11:00:00-04:00,long,138.14269371110205,0.3728571428571387,138.35,138.72285714285712,2188,2267,2008-05-21 10:45:00-04:00,2008-05-27 11:00:00-04:00,train
SPY,inverse_head_shoulders,0,partial,2277,,2008-05-27 13:30:00-04:00,long,137.9578383515675,0.30857142857143216,137.99,138.29857142857145,2198,2277,2008-05-21 13:15:00-04:00,2008-05-27 13:30:00-04:00,train
SPY,inverse_head_shoulders,1,confirmed_breakout,2281,2282.0,2008-05-27 14:30:00-04:00,long,137.53724300159158,0.7651373335106939,137.90228032583377,139.5151373335107,2202,2281,2008-05-21 14:15:00-04:00,2008-05-27 14:30:00-04:00,train
SPY,inverse_head_shoulders,0,partial,2293,,2008-05-28 11:00:00-04:00,long,138.6841077771468,0.3828571428571418,138.8,139.18285714285716,2214,2293,2008-05-22 10:45:00-04:00,2008-05-28 11:00:00-04:00,train
SPY,inverse_head_shoulders,0,partial,2301,,2008-05-28 13:00:00-04:00,long,138.5218571998874,0.4164285714285703,138.55,138.9664285714286,2222,2301,2008-05-22 12:45:00-04:00,2008-05-28 13:00:00-04:00,train
SPY,inverse_head_shoulders,0,partial,2335,,2008-05-29 15:00:00-04:00,long,140.50011760936707,0.2614285714285712,140.38,140.64142857142858,2256,2335,2008-05-23 14:45:00-04:00,2008-05-29 15:00:00-04:00,train
SPY,inverse_head_shoulders,0,partial,2342,,2008-05-30 10:15:00-04:00,long,140.3078570812498,0.28999999999999815,140.32,140.60999999999999,2263,2342,2008-05-27 10:00:00-04:00,2008-05-30 10:15:00-04:00,train
SPY,inverse_head_shoulders,0,partial,2344,,2008-05-30 10:45:00-04:00,long,140.35423603583317,0.3092857142857091,140.5,140.80928571428572,2265,2344,2008-05-27 10:30:00-04:00,2008-05-30 10:45:00-04:00,train
SPY,inverse_head_shoulders,0,partial,2347,,2008-05-30 11:30:00-04:00,long,140.3009218890181,0.31928571428570607,140.12,140.43928571428572,2268,2347,2008-05-27 11:15:00-04:00,2008-05-30 11:30:00-04:00,train
SPY,inverse_head_shoulders,0,partial,2363,,2008-05-30 15:30:00-04:00,long,140.49774184203687,0.18714285714285342,140.49,140.67714285714285,2284,2363,2008-05-27 15:15:00-04:00,2008-05-30 15:30:00-04:00,train
SPY,inverse_head_shoulders,0,partial,2388,,2008-06-02 15:15:00-04:00,long,138.44909293759466,0.27714285714285886,138.34,138.61714285714285,2309,2388,2008-05-28 15:00:00-04:00,2008-06-02 15:15:00-04:00,train
SPY,inverse_head_shoulders,0,partial,2403,,2008-06-03 12:30:00-04:00,long,139.25407555672444,0.31357142857142556,139.22,139.53357142857143,2324,2403,2008-05-29 12:15:00-04:00,2008-06-03 12:30:00-04:00,train
SPY,inverse_head_shoulders,0,partial,2420,,2008-06-04 10:15:00-04:00,long,138.14146618469792,0.5021428571428572,138.19,138.69214285714287,2341,2420,2008-05-30 10:00:00-04:00,2008-06-04 10:15:00-04:00,train
SPY,inverse_head_shoulders,0,partial,2430,,2008-06-04 12:45:00-04:00,long,138.69055442897834,0.37071428571429366,138.63,139.00071428571428,2351,2430,2008-05-30 12:30:00-04:00,2008-06-04 12:45:00-04:00,train
SPY,inverse_head_shoulders,0,partial,2432,,2008-06-04 13:15:00-04:00,long,138.68725996731249,0.35642857142857814,138.57,138.92642857142857,2353,2432,2008-05-30 13:00:00-04:00,2008-06-04 13:15:00-04:00,train
SPY,inverse_head_shoulders,0,partial,2435,,2008-06-04 14:00:00-04:00,long,138.7183456933599,0.32214285714286256,138.83,139.15214285714288,2356,2435,2008-05-30 13:45:00-04:00,2008-06-04 14:00:00-04:00,train
SPY,inverse_head_shoulders,1,confirmed_breakout,2442,2446.0,2008-06-04 15:45:00-04:00,long,138.3566159829066,0.757799773075277,138.14146618469792,140.21779977307528,2363,2442,2008-05-30 15:30:00-04:00,2008-06-04 15:45:00-04:00,train
SPY,inverse_head_shoulders,0,partial,2443,,2008-06-04 16:00:00-04:00,long,138.15076673588658,0.519285714285713,138.04,138.5592857142857,2364,2443,2008-05-30 15:45:00-04:00,2008-06-04 16:00:00-04:00,train
SPY,inverse_head_shoulders,0,partial,2462,,2008-06-05 14:15:00-04:00,long,139.8938580088691,0.3207142857142803,139.84,140.16071428571428,2383,2462,2008-06-02 14:00:00-04:00,2008-06-05 14:15:00-04:00,train
SPY,inverse_head_shoulders,0,partial,2464,,2008-06-05 14:45:00-04:00,long,139.86581067126792,0.3399999999999953,139.77,140.11,2385,2464,2008-06-02 14:30:00-04:00,2008-06-05 14:45:00-04:00,train
SPY,inverse_head_shoulders,0,partial,2469,,2008-06-05 16:00:00-04:00,long,140.15550253954416,0.3728571428571428,140.64,141.01285714285711,2390,2469,2008-06-02 15:45:00-04:00,2008-06-05 16:00:00-04:00,train
SPY,inverse_head_shoulders,0,failed_breakout,2474,,2008-06-06 10:45:00-04:00,long,139.98093299520312,0.9158789028093963,138.15076673588658,139.3958789028094,2395,2474,2008-06-03 10:30:00-04:00,2008-06-06 10:45:00-04:00,train
SPY,inverse_head_shoulders,0,partial,2507,,2008-06-09 12:30:00-04:00,long,137.0203160209767,0.4400000000000018,137.0,137.44,2428,2507,2008-06-04 12:15:00-04:00,2008-06-09 12:30:00-04:00,train
SPY,inverse_head_shoulders,0,partial,2509,,2008-06-09 13:00:00-04:00,long,137.0367354899131,0.34857142857142825,137.15,137.49857142857144,2430,2509,2008-06-04 12:45:00-04:00,2008-06-09 13:00:00-04:00,train
SPY,inverse_head_shoulders,0,partial,2519,,2008-06-09 15:30:00-04:00,long,136.17721069734714,0.41285714285713887,135.86,136.27285714285716,2440,2519,2008-06-04 15:15:00-04:00,2008-06-09 15:30:00-04:00,train
SPY,inverse_head_shoulders,0,partial,2521,,2008-06-09 16:00:00-04:00,long,136.21933273629782,0.4514285714285669,136.64,137.09142857142857,2442,2521,2008-06-04 15:45:00-04:00,2008-06-09 16:00:00-04:00,train
SPY,inverse_head_shoulders,0,partial,2523,,2008-06-10 10:00:00-04:00,long,136.10485913357476,0.5442857142857106,135.78,136.3242857142857,2444,2523,2008-06-05 09:45:00-04:00,2008-06-10 10:00:00-04:00,train
SPY,inverse_head_shoulders,0,partial,2526,,2008-06-10 10:45:00-04:00,long,136.13517036532454,0.5499999999999972,136.16,136.70999999999998,2447,2526,2008-06-05 10:30:00-04:00,2008-06-10 10:45:00-04:00,train
SPY,inverse_head_shoulders,0,partial,2529,,2008-06-10 11:30:00-04:00,long,136.0897450559452,0.5171428571428517,135.96,136.47714285714287,2450,2529,2008-06-05 11:15:00-04:00,2008-06-10 11:30:00-04:00,train
SPY,inverse_head_shoulders,0,partial,2539,,2008-06-10 14:00:00-04:00,long,136.55225936300798,0.44785714285713346,136.5,136.94785714285715,2460,2539,2008-06-05 13:45:00-04:00,2008-06-10 14:00:00-04:00,train
SPY,inverse_head_shoulders,0,partial,2573,,2008-06-11 16:00:00-04:00,long,134.58321732772544,0.3714285714285706,133.95,134.32142857142856,2494,2573,2008-06-06 15:45:00-04:00,2008-06-11 16:00:00-04:00,train
SPY,inverse_head_shoulders,0,partial,2586,,2008-06-12 12:45:00-04:00,long,135.31924843398681,0.38785714285714334,135.41,135.79785714285714,2507,2586,2008-06-09 12:30:00-04:00,2008-06-12 12:45:00-04:00,train
SPY,inverse_head_shoulders,0,partial,2599,,2008-06-12 16:00:00-04:00,long,134.5095355390325,0.48785714285714576,134.44,134.92785714285714,2520,2599,2008-06-09 15:45:00-04:00,2008-06-12 16:00:00-04:00,train
SPY,inverse_head_shoulders,0,partial,2612,,2008-06-13 12:45:00-04:00,long,135.6903845821624,0.5778571428571431,135.55,136.12785714285715,2533,2612,2008-06-10 12:30:00-04:00,2008-06-13 12:45:00-04:00,train
SPY,inverse_head_shoulders,0,partial,2619,,2008-06-13 14:30:00-04:00,long,135.41519760526091,0.3235714285714307,135.24,135.56357142857144,2540,2619,2008-06-10 14:15:00-04:00,2008-06-13 14:30:00-04:00,train
SPY,inverse_head_shoulders,0,failed_breakout,2629,,2008-06-16 10:30:00-04:00,long,135.79030585282507,0.9952809690421134,134.5095355390325,137.10528096904213,2550,2629,2008-06-11 10:15:00-04:00,2008-06-16 10:30:00-04:00,train
SPY,inverse_head_shoulders,0,partial,2649,,2008-06-16 15:30:00-04:00,long,136.57084545450385,0.3007142857142822,136.6,136.9007142857143,2570,2649,2008-06-11 15:15:00-04:00,2008-06-16 15:30:00-04:00,train
SPY,inverse_head_shoulders,0,partial,2651,,2008-06-16 16:00:00-04:00,long,136.55926532690472,0.32214285714285446,136.44,136.76214285714286,2572,2651,2008-06-11 15:45:00-04:00,2008-06-16 16:00:00-04:00,train
SPY,inverse_head_shoulders,0,partial,2654,,2008-06-17 10:15:00-04:00,long,136.58379683981335,0.38071428571428456,136.59,136.97071428571428,2575,2654,2008-06-12 10:00:00-04:00,2008-06-17 10:15:00-04:00,train
SPY,inverse_head_shoulders,0,partial,2698,,2008-06-18 14:45:00-04:00,long,134.22167927423527,0.37499999999999795,134.21,134.585,2619,2698,2008-06-13 14:30:00-04:00,2008-06-18 14:45:00-04:00,train
SPY,inverse_head_shoulders,0,partial,2703,,2008-06-18 16:00:00-04:00,long,134.2954965072437,0.42071428571428676,134.33,134.7507142857143,2624,2703,2008-06-13 15:45:00-04:00,2008-06-18 16:00:00-04:00,train
SPY,inverse_head_shoulders,0,partial,2713,,2008-06-19 12:00:00-04:00,long,134.0160461804726,0.48071428571428704,133.82,134.3007142857143,2634,2713,2008-06-16 11:45:00-04:00,2008-06-19 12:00:00-04:00,train
SPY,inverse_head_shoulders,0,partial,2729,,2008-06-19 16:00:00-04:00,long,134.65822085625092,0.3564285714285741,134.71,135.0664285714286,2650,2729,2008-06-16 15:45:00-04:00,2008-06-19 16:00:00-04:00,train
SPY,inverse_head_shoulders,0,partial,2788,,2008-06-24 11:15:00-04:00,long,131.12574649256086,0.36499999999999894,131.32,131.685,2709,2788,2008-06-19 11:00:00-04:00,2008-06-24 11:15:00-04:00,train
SPY,inverse_head_shoulders,0,partial,2802,,2008-06-24 14:45:00-04:00,long,131.92998449721452,0.34142857142856947,131.8,132.14142857142858,2723,2802,2008-06-19 14:30:00-04:00,2008-06-24 14:45:00-04:00,train
SPY,inverse_head_shoulders,0,partial,2807,,2008-06-24 16:00:00-04:00,long,131.66761934029708,0.33571428571428286,131.24,131.5757142857143,2728,2807,2008-06-19 15:45:00-04:00,2008-06-24 16:00:00-04:00,train
SPY,inverse_head_shoulders,0,partial,2831,,2008-06-25 15:30:00-04:00,long,132.56968110424185,0.5742857142857076,132.53,133.1042857142857,2752,2831,2008-06-20 15:15:00-04:00,2008-06-25 15:30:00-04:00,train
SPY,inverse_head_shoulders,0,partial,2888,,2008-06-30 10:15:00-04:00,long,127.82526620463051,0.5028571428571423,127.73,128.23285714285714,2809,2888,2008-06-25 10:00:00-04:00,2008-06-30 10:15:00-04:00,train
SPY,inverse_head_shoulders,0,partial,2901,,2008-06-30 13:30:00-04:00,long,128.52221617769214,0.40928571428571864,128.41,128.8192857142857,2822,2901,2008-06-25 13:15:00-04:00,2008-06-30 13:30:00-04:00,train
SPY,inverse_head_shoulders,0,partial,2907,,2008-06-30 15:00:00-04:00,long,128.36462521686153,0.3142857142857188,128.23,128.5442857142857,2828,2907,2008-06-25 14:45:00-04:00,2008-06-30 15:00:00-04:00,train
SPY,inverse_head_shoulders,0,partial,2910,,2008-06-30 15:45:00-04:00,long,128.39468673432177,0.3035714285714306,128.51,128.81357142857144,2831,2910,2008-06-25 15:30:00-04:00,2008-06-30 15:45:00-04:00,train
SPY,inverse_head_shoulders,0,partial,2929,,2008-07-01 14:00:00-04:00,long,126.72393798734444,0.519285714285716,126.91,127.42928571428571,2850,2929,2008-06-26 13:45:00-04:00,2008-07-01 14:00:00-04:00,train
SPY,inverse_head_shoulders,0,partial,2945,,2008-07-02 11:30:00-04:00,long,128.50461500933687,0.5107142857142861,128.23,128.74071428571426,2866,2945,2008-06-27 11:15:00-04:00,2008-07-02 11:30:00-04:00,train
SPY,inverse_head_shoulders,0,partial,2986,,2008-07-07 15:15:00-04:00,long,124.70176007767353,0.6071428571428571,125.06,125.66714285714286,2907,2986,2008-06-30 15:00:00-04:00,2008-07-07 15:15:00-04:00,train
SPY,inverse_head_shoulders,0,partial,2992,,2008-07-08 10:15:00-04:00,long,125.0529398592186,0.7657142857142846,125.01,125.77571428571429,2913,2992,2008-07-01 10:00:00-04:00,2008-07-08 10:15:00-04:00,train
SPY,inverse_head_shoulders,0,partial,2995,,2008-07-08 11:00:00-04:00,long,124.97360630086807,0.8142857142857137,124.76,125.57428571428572,2916,2995,2008-07-01 10:45:00-04:00,2008-07-08 11:00:00-04:00,train
SPY,inverse_head_shoulders,0,partial,3005,,2008-07-08 13:30:00-04:00,long,125.38970899766008,0.5278571428571439,125.4,125.92785714285715,2926,3005,2008-07-01 13:15:00-04:00,2008-07-08 13:30:00-04:00,train
SPY,inverse_head_shoulders,0,partial,3008,,2008-07-08 14:15:00-04:00,long,125.33660081094911,0.47142857142857103,125.17,125.64142857142858,2929,3008,2008-07-01 14:00:00-04:00,2008-07-08 14:15:00-04:00,train
SPY,inverse_head_shoulders,0,partial,3027,,2008-07-09 12:30:00-04:00,long,127.2381745817545,0.461428571428572,127.13,127.59142857142857,2948,3027,2008-07-02 12:15:00-04:00,2008-07-09 12:30:00-04:00,train
SPY,inverse_head_shoulders,0,partial,3051,,2008-07-10 12:00:00-04:00,long,124.63024184570749,0.6471428571428584,124.77,125.41714285714285,2972,3051,2008-07-07 11:45:00-04:00,2008-07-10 12:00:00-04:00,train
SPY,inverse_head_shoulders,0,partial,3060,,2008-07-10 14:15:00-04:00,long,124.99039112257877,0.5185714285714299,124.98,125.49857142857144,2981,3060,2008-07-07 14:00:00-04:00,2008-07-10 14:15:00-04:00,train
SPY,inverse_head_shoulders,0,partial,3084,,2008-07-11 13:45:00-04:00,long,123.21925048682216,0.6357142857142851,123.45,124.08571428571429,3005,3084,2008-07-08 13:30:00-04:00,2008-07-11 13:45:00-04:00,train
SPY,inverse_head_shoulders,0,partial,3099,,2008-07-14 11:00:00-04:00,long,124.12883351303428,1.0650000000000008,124.29,125.355,3020,3099,2008-07-09 10:45:00-04:00,2008-07-14 11:00:00-04:00,train
SPY,inverse_head_shoulders,0,partial,3116,,2008-07-14 15:15:00-04:00,long,123.01063944940434,0.5607142857142853,122.75,123.31071428571428,3037,3116,2008-07-09 15:00:00-04:00,2008-07-14 15:15:00-04:00,train
SPY,inverse_head_shoulders,0,partial,3118,,2008-07-14 15:45:00-04:00,long,123.07011851980756,0.5878571428571421,123.35,123.93785714285714,3039,3118,2008-07-09 15:30:00-04:00,2008-07-14 15:45:00-04:00,train
SPY,inverse_head_shoulders,0,partial,3128,,2008-07-15 11:45:00-04:00,long,121.57026219448741,0.8135714285714296,121.24,122.05357142857143,3049,3128,2008-07-10 11:30:00-04:00,2008-07-15 11:45:00-04:00,train
SPY,inverse_head_shoulders,0,partial,3143,,2008-07-15 15:30:00-04:00,long,122.56754030542596,0.7049999999999983,122.43,123.135,3064,3143,2008-07-10 15:15:00-04:00,2008-07-15 15:30:00-04:00,train
SPY,inverse_head_shoulders,0,partial,3149,,2008-07-16 10:30:00-04:00,long,122.14314175559306,0.7785714285714279,121.89,122.66857142857143,3070,3149,2008-07-11 10:15:00-04:00,2008-07-16 10:30:00-04:00,train
SPY,inverse_head_shoulders,1,confirmed_breakout,3158,3159.0,2008-07-16 12:45:00-04:00,long,122.24589024822174,1.298825039567518,121.57026219448741,124.18882503956752,3079,3158,2008-07-11 12:30:00-04:00,2008-07-16 12:45:00-04:00,train
SPY,inverse_head_shoulders,0,partial,3197,,2008-07-17 16:00:00-04:00,long,125.61392381255622,0.5028571428571443,125.91,126.41285714285713,3118,3197,2008-07-14 15:45:00-04:00,2008-07-17 16:00:00-04:00,train
SPY,inverse_head_shoulders,0,partial,3199,,2008-07-18 10:00:00-04:00,long,125.59286661882533,0.5521428571428585,125.41,125.96214285714285,3120,3199,2008-07-15 09:45:00-04:00,2008-07-18 10:00:00-04:00,train
SPY,inverse_head_shoulders,0,partial,3207,,2008-07-18 12:00:00-04:00,long,125.78026503622617,0.5514285714285734,125.71,126.26142857142857,3128,3207,2008-07-15 11:45:00-04:00,2008-07-18 12:00:00-04:00,train
SPY,inverse_head_shoulders,0,partial,3215,,2008-07-18 14:00:00-04:00,long,125.59930080296526,0.43857142857143167,125.62,126.05857142857144,3136,3215,2008-07-15 13:45:00-04:00,2008-07-18 14:00:00-04:00,train
SPY,inverse_head_shoulders,0,partial,3218,,2008-07-18 14:45:00-04:00,long,125.6603405132888,0.3635714285714308,125.73,126.09357142857144,3139,3218,2008-07-15 14:30:00-04:00,2008-07-18 14:45:00-04:00,train
SPY,inverse_head_shoulders,0,partial,3220,,2008-07-18 15:15:00-04:00,long,125.64474139978657,0.3464285714285741,125.63,125.97642857142857,3141,3220,2008-07-15 15:00:00-04:00,2008-07-18 15:15:00-04:00,train
SPY,inverse_head_shoulders,0,partial,3231,,2008-07-21 11:30:00-04:00,long,126.22289289970506,0.3899999999999985,126.34,126.73,3152,3231,2008-07-16 11:15:00-04:00,2008-07-21 11:30:00-04:00,train
SPY,inverse_head_shoulders,0,partial,3238,,2008-07-21 13:15:00-04:00,long,126.06774964174862,0.34214285714285453,126.03,126.37214285714286,3159,3238,2008-07-16 13:00:00-04:00,2008-07-21 13:15:00-04:00,train
SPY,inverse_head_shoulders,0,partial,3289,,2008-07-23 13:00:00-04:00,long,128.18934257209008,0.4414285714285699,128.2,128.64142857142855,3210,3289,2008-07-18 12:45:00-04:00,2008-07-23 13:00:00-04:00,train
SPY,inverse_head_shoulders,0,partial,3294,,2008-07-23 14:15:00-04:00,long,128.14518811259032,0.43357142857142705,128.16,128.59357142857144,3215,3294,2008-07-18 14:00:00-04:00,2008-07-23 14:15:00-04:00,train
SPY,inverse_head_shoulders,0,partial,3298,,2008-07-23 15:15:00-04:00,long,128.2021781860931,0.46499999999999936,128.27,128.735,3219,3298,2008-07-18 15:00:00-04:00,2008-07-23 15:15:00-04:00,train
SPY,inverse_head_shoulders,0,partial,3332,,2008-07-25 10:45:00-04:00,long,125.84519921682448,0.4800000000000019,125.84,126.32000000000001,3253,3332,2008-07-22 10:30:00-04:00,2008-07-25 10:45:00-04:00,train
SPY,inverse_head_shoulders,0,partial,3336,,2008-07-25 11:45:00-04:00,long,125.91723837905457,0.5057142857142856,126.1,126.60571428571428,3257,3336,2008-07-22 11:30:00-04:00,2008-07-25 11:45:00-04:00,train
SPY,inverse_head_shoulders,0,partial,3339,,2008-07-25 12:30:00-04:00,long,125.89999080107687,0.47142857142857103,125.79,126.26142857142858,3260,3339,2008-07-22 12:15:00-04:00,2008-07-25 12:30:00-04:00,train
SPY,inverse_head_shoulders,0,partial,3341,,2008-07-25 13:00:00-04:00,long,125.90907619979991,0.442142857142857,125.94,126.38214285714285,3262,3341,2008-07-22 12:45:00-04:00,2008-07-25 13:00:00-04:00,train
SPY,inverse_head_shoulders,1,confirmed_breakout,3348,3349.0,2008-07-25 14:45:00-04:00,long,125.1355484450677,0.31255914191835643,125.84519921682448,126.15255914191836,3269,3348,2008-07-22 14:30:00-04:00,2008-07-25 14:45:00-04:00,train
SPY,inverse_head_shoulders,0,partial,3352,,2008-07-25 15:45:00-04:00,long,125.58013241355327,0.3578571428571432,125.4,125.75785714285715,3273,3352,2008-07-22 15:30:00-04:00,2008-07-25 15:45:00-04:00,train
SPY,inverse_head_shoulders,0,partial,3357,,2008-07-28 10:30:00-04:00,long,125.65089992991246,0.37428571428571494,125.72,126.09428571428572,3278,3357,2008-07-23 10:15:00-04:00,2008-07-28 10:30:00-04:00,train
SPY,inverse_head_shoulders,0,partial,3380,,2008-07-29 09:45:00-04:00,long,124.06706780651353,0.3500000000000004,123.97,124.32,3301,3380,2008-07-23 16:00:00-04:00,2008-07-29 09:45:00-04:00,train
SPY,inverse_head_shoulders,0,partial,3417,,2008-07-30 12:30:00-04:00,long,127.36863104049044,0.7949999999999997,127.29,128.085,3338,3417,2008-07-25 12:15:00-04:00,2008-07-30 12:30:00-04:00,train
SPY,inverse_head_shoulders,0,partial,3425,,2008-07-30 14:30:00-04:00,long,127.05730221269673,0.5542857142857146,127.16,127.71428571428571,3346,3425,2008-07-25 14:15:00-04:00,2008-07-30 14:30:00-04:00,train
SPY,inverse_head_shoulders,1,confirmed_breakout,3429,3430.0,2008-07-30 15:30:00-04:00,long,127.740806114449,2.242295715787151,124.06706780651353,130.69229571578714,3350,3429,2008-07-25 15:15:00-04:00,2008-07-30 15:30:00-04:00,train
SPY,inverse_head_shoulders,0,partial,3439,,2008-07-31 11:30:00-04:00,long,128.0928781983794,0.5428571428571415,127.89,128.43285714285713,3360,3439,2008-07-28 11:15:00-04:00,2008-07-31 11:30:00-04:00,train
SPY,inverse_head_shoulders,0,partial,3451,,2008-07-31 14:30:00-04:00,long,127.76231155581924,0.4057142857142862,127.72,128.12571428571428,3372,3451,2008-07-28 14:15:00-04:00,2008-07-31 14:30:00-04:00,train
SPY,inverse_head_shoulders,0,partial,3454,,2008-07-31 15:15:00-04:00,long,127.87673194082096,0.41999999999999965,128.18,128.6,3375,3454,2008-07-28 15:00:00-04:00,2008-07-31 15:15:00-04:00,train
SPY,inverse_head_shoulders,0,partial,3473,,2008-08-01 13:30:00-04:00,long,126.07833782479544,0.49214285714285716,126.22,126.71214285714285,3394,3473,2008-07-29 13:15:00-04:00,2008-08-01 13:30:00-04:00,train
SPY,inverse_head_shoulders,0,partial,3475,,2008-08-01 14:00:00-04:00,long,126.09137440542243,0.47714285714285765,126.2,126.67714285714285,3396,3475,2008-07-29 13:45:00-04:00,2008-08-01 14:00:00-04:00,train
SPY,inverse_head_shoulders,0,partial,3477,,2008-08-01 14:30:00-04:00,long,126.0595074092799,0.4557142857142854,126.04,126.49571428571429,3398,3477,2008-07-29 14:15:00-04:00,2008-08-01 14:30:00-04:00,train
SPY,inverse_head_shoulders,0,partial,3483,,2008-08-01 16:00:00-04:00,long,126.14897399177934,0.48499999999999943,126.11,126.595,3404,3483,2008-07-29 15:45:00-04:00,2008-08-01 16:00:00-04:00,train
SPY,inverse_head_shoulders,0,partial,3493,,2008-08-04 12:00:00-04:00,long,125.40926778169876,0.4414285714285709,125.6,126.04142857142857,3414,3493,2008-07-30 11:45:00-04:00,2008-08-04 12:00:00-04:00,train
SPY,inverse_head_shoulders,0,partial,3496,,2008-08-04 12:45:00-04:00,long,125.43709888273241,0.4278571428571435,125.57,125.99785714285714,3417,3496,2008-07-30 12:30:00-04:00,2008-08-04 12:45:00-04:00,train
SPY,inverse_head_shoulders,0,partial,3499,,2008-08-04 13:30:00-04:00,long,125.40586550265783,0.3728571428571428,125.28,125.65285714285714,3420,3499,2008-07-30 13:15:00-04:00,2008-08-04 13:30:00-04:00,train
SPY,inverse_head_shoulders,0,partial,3506,,2008-08-04 15:15:00-04:00,long,125.61119140047099,0.29928571428571615,125.74,126.03928571428571,3427,3506,2008-07-30 15:00:00-04:00,2008-08-04 15:15:00-04:00,train
SPY,inverse_head_shoulders,0,partial,3509,,2008-08-04 16:00:00-04:00,long,125.44659435304027,0.32500000000000184,124.92,125.245,3430,3509,2008-07-30 15:45:00-04:00,2008-08-04 16:00:00-04:00,train
SPY,inverse_head_shoulders,1,confirmed_breakout,3510,3511.0,2008-08-05 09:45:00-04:00,long,125.69823765934026,0.08346113539614919,125.40586550265783,126.53346113539615,3431,3510,2008-07-30 16:00:00-04:00,2008-08-05 09:45:00-04:00,train
SPY,inverse_head_shoulders,0,partial,3561,,2008-08-06 16:00:00-04:00,long,128.8509063583731,0.2942857142857126,129.09,129.3842857142857,3482,3561,2008-08-01 15:45:00-04:00,2008-08-06 16:00:00-04:00,train
SPY,inverse_head_shoulders,0,partial,3574,,2008-08-07 12:45:00-04:00,long,128.07352717933077,0.6671428571428615,128.13,128.79714285714286,3495,3574,2008-08-04 12:30:00-04:00,2008-08-07 12:45:00-04:00,train
SPY,inverse_head_shoulders,0,partial,3578,,2008-08-07 13:45:00-04:00,long,128.1412802192382,0.4664285714285735,128.34,128.80642857142857,3499,3578,2008-08-04 13:30:00-04:00,2008-08-07 13:45:00-04:00,train
SPY,inverse_head_shoulders,0,partial,3589,,2008-08-08 10:00:00-04:00,long,127.4039922605798,0.4950000000000025,127.36,127.855,3510,3589,2008-08-05 09:45:00-04:00,2008-08-08 10:00:00-04:00,train
SPY,inverse_head_shoulders,0,partial,3633,,2008-08-11 14:30:00-04:00,long,130.90868525063482,0.3114285714285724,130.71,131.02142857142857,3554,3633,2008-08-06 14:15:00-04:00,2008-08-11 14:30:00-04:00,train
SPY,inverse_head_shoulders,0,partial,3680,,2008-08-13 13:15:00-04:00,long,128.10195895894307,0.3700000000000005,128.07,128.44,3601,3680,2008-08-08 13:00:00-04:00,2008-08-13 13:15:00-04:00,train
SPY,inverse_head_shoulders,0,partial,3691,,2008-08-13 16:00:00-04:00,long,128.85957198653296,0.47285714285714825,128.82,129.29285714285714,3612,3691,2008-08-08 15:45:00-04:00,2008-08-13 16:00:00-04:00,train
SPY,inverse_head_shoulders,0,partial,3694,,2008-08-14 10:15:00-04:00,long,128.73358268284613,0.5721428571428626,128.44,129.01214285714286,3615,3694,2008-08-11 10:00:00-04:00,2008-08-14 10:15:00-04:00,train
SPY,inverse_head_shoulders,0,partial,3711,,2008-08-14 14:30:00-04:00,long,129.72102679895147,0.45285714285714107,129.7,130.15285714285713,3632,3711,2008-08-11 14:15:00-04:00,2008-08-14 14:30:00-04:00,train
SPY,inverse_head_shoulders,0,partial,3717,,2008-08-14 16:00:00-04:00,long,129.53344678480596,0.3921428571428578,129.54,129.93214285714285,3638,3717,2008-08-11 15:45:00-04:00,2008-08-14 16:00:00-04:00,train
SPY,inverse_head_shoulders,0,partial,3727,,2008-08-15 12:00:00-04:00,long,129.9386179203613,0.45214285714286007,129.89,130.34214285714285,3648,3727,2008-08-12 11:45:00-04:00,2008-08-15 12:00:00-04:00,train
SPY,inverse_head_shoulders,0,partial,3729,,2008-08-15 12:30:00-04:00,long,129.91988177767658,0.4450000000000013,129.78,130.225,3650,3729,2008-08-12 12:15:00-04:00,2008-08-15 12:30:00-04:00,train
SPY,inverse_head_shoulders,0,partial,3732,,2008-08-15 13:15:00-04:00,long,129.94861264176834,0.3707142857142876,129.99,130.3607142857143,3653,3732,2008-08-12 13:00:00-04:00,2008-08-15 13:15:00-04:00,train
SPY,inverse_head_shoulders,0,partial,3740,,2008-08-15 15:15:00-04:00,long,129.8397876863359,0.21142857142857402,129.87,130.08142857142857,3661,3740,2008-08-12 15:00:00-04:00,2008-08-15 15:15:00-04:00,train
SPY,inverse_head_shoulders,0,partial,3744,,2008-08-18 09:45:00-04:00,long,129.90511753116124,0.2250000000000004,129.91,130.135,3665,3744,2008-08-12 16:00:00-04:00,2008-08-18 09:45:00-04:00,train
SPY,inverse_head_shoulders,0,partial,3783,,2008-08-19 13:00:00-04:00,long,126.98866589548446,0.46000000000000085,127.04,127.5,3704,3783,2008-08-14 12:45:00-04:00,2008-08-19 13:00:00-04:00,train
SPY,inverse_head_shoulders,0,partial,3786,,2008-08-19 13:45:00-04:00,long,127.02977112967424,0.374285714285719,127.21,127.58428571428571,3707,3786,2008-08-14 13:30:00-04:00,2008-08-19 13:45:00-04:00,train
SPY,inverse_head_shoulders,0,partial,3798,,2008-08-20 10:15:00-04:00,long,126.85807633021824,0.37428571428571594,126.8,127.17428571428572,3719,3798,2008-08-15 10:00:00-04:00,2008-08-20 10:15:00-04:00,train
SPY,inverse_head_shoulders,0,partial,3805,,2008-08-20 12:00:00-04:00,long,127.24573661014581,0.43928571428571267,127.36,127.79928571428572,3726,3805,2008-08-15 11:45:00-04:00,2008-08-20 12:00:00-04:00,train
SPY,inverse_head_shoulders,0,partial,3816,,2008-08-20 14:45:00-04:00,long,127.03645239567423,0.32214285714285545,126.91,127.23214285714285,3737,3816,2008-08-15 14:30:00-04:00,2008-08-20 14:45:00-04:00,train
SPY,inverse_head_shoulders,0,partial,3825,,2008-08-21 10:30:00-04:00,long,127.22147039461002,0.48999999999999894,127.4,127.89,3746,3825,2008-08-18 10:15:00-04:00,2008-08-21 10:30:00-04:00,train
SPY,inverse_head_shoulders,0,failed_breakout,3826,,2008-08-21 10:45:00-04:00,long,127.37076925673462,0.3080940502801468,126.85807633021824,127.33809405028015,3747,3826,2008-08-18 10:30:00-04:00,2008-08-21 10:45:00-04:00,train
SPY,inverse_head_shoulders,0,partial,3828,,2008-08-21 11:15:00-04:00,long,127.1829644886527,0.5114285714285691,126.99,127.50142857142856,3749,3828,2008-08-18 11:00:00-04:00,2008-08-21 11:15:00-04:00,train
SPY,inverse_head_shoulders,0,partial,3857,,2008-08-22 12:00:00-04:00,long,129.00957482835048,0.41714285714286653,129.05,129.46714285714287,3778,3857,2008-08-19 11:45:00-04:00,2008-08-22 12:00:00-04:00,train
SPY,inverse_head_shoulders,0,partial,3860,,2008-08-22 12:45:00-04:00,long,128.97913052375046,0.4171428571428645,128.88,129.29714285714286,3781,3860,2008-08-19 12:30:00-04:00,2008-08-22 12:45:00-04:00,train
SPY,inverse_head_shoulders,0,partial,3873,,2008-08-22 16:00:00-04:00,long,129.24918719338044,0.2685714285714279,129.52,129.78857142857143,3794,3873,2008-08-19 15:45:00-04:00,2008-08-22 16:00:00-04:00,train
SPY,inverse_head_shoulders,0,partial,3923,,2008-08-26 15:30:00-04:00,long,126.98252130442127,0.2799999999999991,127.04,127.32000000000001,3844,3923,2008-08-21 15:15:00-04:00,2008-08-26 15:30:00-04:00,train
SPY,inverse_head_shoulders,0,partial,3948,,2008-08-27 15:15:00-04:00,long,128.48539748710982,0.3028571428571435,128.44,128.74285714285713,3869,3948,2008-08-22 15:00:00-04:00,2008-08-27 15:15:00-04:00,train
SPY,inverse_head_shoulders,0,partial,3950,,2008-08-27 15:45:00-04:00,long,128.42469373519612,0.28999999999999915,128.19,128.48,3871,3950,2008-08-22 15:30:00-04:00,2008-08-27 15:45:00-04:00,train
SPY,inverse_head_shoulders,0,partial,3978,,2008-08-29 09:45:00-04:00,long,130.05133541794726,0.259999999999999,129.99,130.25,3899,3978,2008-08-25 16:00:00-04:00,2008-08-29 09:45:00-04:00,train
SPY,inverse_head_shoulders,0,partial,4003,,2008-08-29 16:00:00-04:00,long,129.12271652714287,0.3278571428571451,128.69,129.01785714285714,3924,4003,2008-08-26 15:45:00-04:00,2008-08-29 16:00:00-04:00,train
SPY,inverse_head_shoulders,0,partial,4014,,2008-09-02 12:15:00-04:00,long,129.7787403708579,0.5507142857142883,129.72,130.2707142857143,3935,4014,2008-08-27 12:00:00-04:00,2008-09-02 12:15:00-04:00,train
SPY,inverse_head_shoulders,0,partial,4052,,2008-09-03 15:15:00-04:00,long,127.35898713006833,0.3628571428571407,127.32,127.68285714285713,3973,4052,2008-08-28 15:00:00-04:00,2008-09-03 15:15:00-04:00,train
SPY,inverse_head_shoulders,0,partial,4055,,2008-09-03 16:00:00-04:00,long,127.46821042826376,0.41857142857142854,127.96,128.37857142857143,3976,4055,2008-08-28 15:45:00-04:00,2008-09-03 16:00:00-04:00,train
SPY,inverse_head_shoulders,0,partial,4092,,2008-09-05 12:15:00-04:00,long,123.09036142044545,0.6778571428571435,123.15,123.82785714285716,4013,4092,2008-09-02 12:00:00-04:00,2008-09-05 12:15:00-04:00,train
SPY,inverse_head_shoulders,0,partial,4117,,2008-09-08 12:00:00-04:00,long,126.22386533252954,1.2392857142857179,125.82,127.0592857142857,4038,4117,2008-09-03 11:45:00-04:00,2008-09-08 12:00:00-04:00,train
SPY,inverse_head_shoulders,0,partial,4126,,2008-09-08 14:15:00-04:00,long,125.9500611805754,0.8842857142857129,126.05,126.9342857142857,4047,4126,2008-09-03 14:00:00-04:00,2008-09-08 14:15:00-04:00,train
SPY,inverse_head_shoulders,1,confirmed_breakout,4130,4131.0,2008-09-08 15:15:00-04:00,long,125.94288418187988,3.6352559668156346,123.09036142044545,130.27525596681562,4051,4130,2008-09-03 15:00:00-04:00,2008-09-08 15:15:00-04:00,train
SPY,inverse_head_shoulders,0,partial,4137,,2008-09-09 10:30:00-04:00,long,126.57180554621188,0.6214285714285737,126.3,126.92142857142858,4058,4137,2008-09-04 10:15:00-04:00,2008-09-09 10:30:00-04:00,train
SPY,inverse_head_shoulders,0,partial,4170,,2008-09-10 12:15:00-04:00,long,123.41324928115482,0.6678571428571415,123.58,124.24785714285714,4091,4170,2008-09-05 12:00:00-04:00,2008-09-10 12:15:00-04:00,train
SPY,inverse_head_shoulders,0,partial,4184,,2008-09-10 15:45:00-04:00,long,124.10072118865057,0.6014285714285705,124.07,124.67142857142856,4105,4184,2008-09-05 15:30:00-04:00,2008-09-10 15:45:00-04:00,train
SPY,inverse_head_shoulders,0,partial,4193,,2008-09-11 11:30:00-04:00,long,122.97023529400725,0.7035714285714282,122.91,123.61357142857142,4114,4193,2008-09-08 11:15:00-04:00,2008-09-11 11:30:00-04:00,train
SPY,inverse_head_shoulders,0,partial,4199,,2008-09-11 13:00:00-04:00,long,123.2365285080686,0.6850000000000003,123.38,124.065,4120,4199,2008-09-08 12:45:00-04:00,2008-09-11 13:00:00-04:00,train
SPY,inverse_head_shoulders,0,partial,4201,,2008-09-11 13:30:00-04:00,long,123.21788105280683,0.5685714285714282,123.02,123.58857142857143,4122,4201,2008-09-08 13:15:00-04:00,2008-09-11 13:30:00-04:00,train
SPY,inverse_head_shoulders,1,confirmed_breakout,4202,4203.0,2008-09-11 13:45:00-04:00,long,123.00607712658008,0.6119702862941381,122.97023529400725,124.31197028629414,4123,4202,2008-09-08 13:30:00-04:00,2008-09-11 13:45:00-04:00,train
SPY,inverse_head_shoulders,0,partial,4224,,2008-09-12 12:45:00-04:00,long,125.13771371477327,0.6528571428571429,125.23,125.88285714285715,4145,4224,2008-09-09 12:30:00-04:00,2008-09-12 12:45:00-04:00,train
SPY,inverse_head_shoulders,0,partial,4231,,2008-09-12 14:30:00-04:00,long,125.0752105040475,0.48571428571428654,124.99,125.47571428571428,4152,4231,2008-09-09 14:15:00-04:00,2008-09-12 14:30:00-04:00,train
SPY,inverse_head_shoulders,0,partial,4237,,2008-09-12 16:00:00-04:00,long,125.3867660479935,0.547857142857144,125.75,126.29785714285714,4158,4237,2008-09-09 15:45:00-04:00,2008-09-12 16:00:00-04:00,train
SPY,inverse_head_shoulders,0,partial,4274,,2008-09-16 12:15:00-04:00,long,119.57850297775825,1.3028571428571425,119.63,120.93285714285713,4195,4274,2008-09-11 12:00:00-04:00,2008-09-16 12:15:00-04:00,train
SPY,inverse_head_shoulders,0,partial,4281,,2008-09-16 14:00:00-04:00,long,119.84514793236202,0.836428571428571,119.69,120.52642857142857,4202,4281,2008-09-11 13:45:00-04:00,2008-09-16 14:00:00-04:00,train
SPY,inverse_head_shoulders,0,partial,4283,,2008-09-16 14:30:00-04:00,long,119.59464946423397,0.933571428571428,118.75,119.68357142857143,4204,4283,2008-09-11 14:15:00-04:00,2008-09-16 14:30:00-04:00,train
SPY,inverse_head_shoulders,0,partial,4289,,2008-09-16 16:00:00-04:00,long,120.49454032985734,1.1985714285714277,121.96,123.15857142857142,4210,4289,2008-09-11 15:45:00-04:00,2008-09-16 16:00:00-04:00,train
SPY,inverse_head_shoulders,0,near_miss,4293,,2008-09-17 10:30:00-04:00,long,119.84514793236202,5.496707526289256,119.57850297775825,124.77670752628926,4214,4293,2008-09-12 10:15:00-04:00,2008-09-17 10:30:00-04:00,train
SPY,inverse_head_shoulders,0,partial,4308,,2008-09-17 14:15:00-04:00,long,117.59789644761727,1.0114285714285742,117.09,118.10142857142858,4229,4308,2008-09-12 14:00:00-04:00,2008-09-17 14:15:00-04:00,train
SPY,inverse_head_shoulders,0,partial,4313,,2008-09-17 15:30:00-04:00,long,118.11146518810477,1.145000000000002,118.72,119.865,4234,4313,2008-09-12 15:15:00-04:00,2008-09-17 15:30:00-04:00,train
SPY,inverse_head_shoulders,1,confirmed_breakout,4316,4317.0,2008-09-18 09:45:00-04:00,long,117.71428599781268,1.0100427283526159,117.59789644761727,119.55004272835262,4237,4316,2008-09-12 16:00:00-04:00,2008-09-18 09:45:00-04:00,train
SPY,inverse_head_shoulders,0,partial,4319,,2008-09-18 10:30:00-04:00,long,118.01228877398276,1.3235714285714326,118.31,119.63357142857143,4240,4319,2008-09-15 10:15:00-04:00,2008-09-18 10:30:00-04:00,train
SPY,inverse_head_shoulders,0,partial,4331,,2008-09-18 13:30:00-04:00,long,116.02575871770061,0.9721428571428571,116.13,117.10214285714285,4252,4331,2008-09-15 13:15:00-04:00,2008-09-18 13:30:00-04:00,train
SPY,inverse_head_shoulders,0,partial,4359,,2008-09-19 14:00:00-04:00,long,125.14862979668885,1.0921428571428586,124.82,125.91214285714285,4280,4359,2008-09-16 13:45:00-04:00,2008-09-19 14:00:00-04:00,train
SPY,inverse_head_shoulders,0,partial,4414,,2008-09-23 14:45:00-04:00,long,119.79255298433465,0.6928571428571441,119.85,120.54285714285714,4335,4414,2008-09-18 14:30:00-04:00,2008-09-23 14:45:00-04:00,train
SPY,inverse_head_shoulders,0,partial,4417,,2008-09-23 15:30:00-04:00,long,119.91994548130877,0.7878571428571449,120.34,121.12785714285715,4338,4417,2008-09-18 15:15:00-04:00,2008-09-23 15:30:00-04:00,train
SPY,inverse_head_shoulders,0,partial,4433,,2008-09-24 13:00:00-04:00,long,118.7057675560807,0.6107142857142855,118.57,119.18071428571427,4354,4433,2008-09-19 12:45:00-04:00,2008-09-24 13:00:00-04:00,train
SPY,inverse_head_shoulders,0,partial,4440,,2008-09-24 14:45:00-04:00,long,118.9540560101424,0.6478571428571434,119.44,120.08785714285715,4361,4440,2008-09-19 14:30:00-04:00,2008-09-24 14:45:00-04:00,train
SPY,inverse_head_shoulders,1,confirmed_breakout,4445,4446.0,2008-09-24 16:00:00-04:00,long,118.70208484375117,0.5422548148514608,118.7057675560807,120.18225481485146,4366,4445,2008-09-19 15:45:00-04:00,2008-09-24 16:00:00-04:00,train
SPY,inverse_head_shoulders,0,partial,4464,,2008-09-25 14:15:00-04:00,long,121.19713656398979,0.7007142857142858,120.98,121.68071428571429,4385,4464,2008-09-22 14:00:00-04:00,2008-09-25 14:15:00-04:00,train
SPY,inverse_head_shoulders,0,partial,4485,,2008-09-26 13:00:00-04:00,long,119.32718107955515,0.7214285714285721,119.57,120.29142857142857,4406,4485,2008-09-23 12:45:00-04:00,2008-09-26 13:00:00-04:00,train
SPY,inverse_head_shoulders,0,partial,4497,,2008-09-26 16:00:00-04:00,long,120.21102998286801,0.5814285714285715,121.37,121.95142857142858,4418,4497,2008-09-23 15:45:00-04:00,2008-09-26 16:00:00-04:00,train
SPY,inverse_head_shoulders,0,partial,4525,,2008-09-30 10:00:00-04:00,long,113.44215494302516,1.9314285714285748,113.11,115.04142857142857,4446,4525,2008-09-25 09:45:00-04:00,2008-09-30 10:00:00-04:00,train
SPY,inverse_head_shoulders,0,partial,4551,,2008-10-01 10:00:00-04:00,long,115.51121184385833,0.7414285714285701,115.27,116.01142857142857,4472,4551,2008-09-26 09:45:00-04:00,2008-10-01 10:00:00-04:00,train
SPY,inverse_head_shoulders,0,partial,4559,,2008-10-01 12:00:00-04:00,long,114.88137395585194,0.7614285714285691,114.93,115.69142857142857,4480,4559,2008-09-26 11:45:00-04:00,2008-10-01 12:00:00-04:00,train
SPY,inverse_head_shoulders,0,near_miss,4569,,2008-10-01 14:30:00-04:00,long,115.51121184385833,5.885026136529987,113.44215494302516,122.10502613652999,4490,4569,2008-09-26 14:15:00-04:00,2008-10-01 14:30:00-04:00,train
SPY,inverse_head_shoulders,0,partial,4575,,2008-10-01 16:00:00-04:00,long,115.91645830675465,0.7235714285714293,116.0,116.72357142857143,4496,4575,2008-09-26 15:45:00-04:00,2008-10-01 16:00:00-04:00,train
SPY,inverse_head_shoulders,0,partial,4601,,2008-10-02 16:00:00-04:00,long,112.04185398865077,0.6864285714285734,111.3,111.98642857142858,4522,4601,2008-09-29 15:45:00-04:00,2008-10-02 16:00:00-04:00,train
SPY,inverse_head_shoulders,0,partial,4616,,2008-10-03 13:15:00-04:00,long,114.18571093393133,0.8178571428571421,114.83,115.64785714285713,4537,4616,2008-09-30 13:00:00-04:00,2008-10-03 13:15:00-04:00,train
SPY,inverse_head_shoulders,0,partial,4650,,2008-10-06 15:15:00-04:00,long,102.90989054367965,1.383571428571427,103.55,104.93357142857143,4571,4650,2008-10-01 15:00:00-04:00,2008-10-06 15:15:00-04:00,train
SPY,inverse_head_shoulders,0,partial,4663,,2008-10-07 12:00:00-04:00,long,105.34267148360723,1.4514285714285708,105.16,106.61142857142856,4584,4663,2008-10-02 11:45:00-04:00,2008-10-07 12:00:00-04:00,train
SPY,inverse_head_shoulders,0,partial,4693,,2008-10-08 13:00:00-04:00,long,98.52709632613242,1.8014285714285683,97.97,99.77142857142857,4614,4693,2008-10-03 12:45:00-04:00,2008-10-08 13:00:00-04:00,train
SPY,inverse_head_shoulders,0,partial,4704,,2008-10-08 15:45:00-04:00,long,100.51975572966776,1.5157142857142847,100.75,102.26571428571428,4625,4704,2008-10-03 15:30:00-04:00,2008-10-08 15:45:00-04:00,train
SPY,inverse_head_shoulders,0,partial,4753,,2008-10-10 15:00:00-04:00,long,86.01057895280789,2.076428571428569,85.2,87.27642857142857,4674,4753,2008-10-07 14:45:00-04:00,2008-10-10 15:00:00-04:00,train
SPY,inverse_head_shoulders,0,partial,4799,,2008-10-14 13:30:00-04:00,long,100.8024001514485,1.1607142857142867,100.69,101.85071428571429,4720,4799,2008-10-09 13:15:00-04:00,2008-10-14 13:30:00-04:00,train
SPY,inverse_head_shoulders,0,partial,4807,,2008-10-14 15:30:00-04:00,long,99.52328872853639,1.095714285714287,99.65,100.74571428571429,4728,4807,2008-10-09 15:15:00-04:00,2008-10-14 15:30:00-04:00,train
SPY,inverse_head_shoulders,0,partial,4809,,2008-10-14 16:00:00-04:00,long,99.52731196575174,1.240714285714288,99.91,101.15071428571429,4730,4809,2008-10-09 15:45:00-04:00,2008-10-14 16:00:00-04:00,train
SPY,inverse_head_shoulders,0,partial,4845,,2008-10-16 12:00:00-04:00,long,89.42936582434085,1.8142857142857156,89.25,91.06428571428572,4766,4845,2008-10-13 11:45:00-04:00,2008-10-16 12:00:00-04:00,train
SPY,inverse_head_shoulders,0,partial,4883,,2008-10-17 15:00:00-04:00,long,96.38469287603382,1.4028571428571408,96.3,97.70285714285714,4804,4883,2008-10-14 14:45:00-04:00,2008-10-17 15:00:00-04:00,train
SPY,inverse_head_shoulders,0,partial,4896,,2008-10-20 11:45:00-04:00,long,95.55278591762738,1.4100000000000037,95.67,97.08000000000001,4817,4896,2008-10-15 11:30:00-04:00,2008-10-20 11:45:00-04:00,train
SPY,inverse_head_shoulders,0,partial,4921,,2008-10-21 11:30:00-04:00,long,97.57129530044004,1.0549999999999977,97.39,98.445,4842,4921,2008-10-16 11:15:00-04:00,2008-10-21 11:30:00-04:00,train
SPY,inverse_head_shoulders,0,partial,4932,,2008-10-21 14:15:00-04:00,long,96.44209227140954,0.7200000000000019,96.67,97.39,4853,4932,2008-10-16 14:00:00-04:00,2008-10-21 14:15:00-04:00,train
SPY,inverse_head_shoulders,0,partial,4937,,2008-10-21 15:30:00-04:00,long,96.9900920819281,0.8000000000000002,96.63,97.42999999999999,4858,4937,2008-10-16 15:15:00-04:00,2008-10-21 15:30:00-04:00,train
SPY,inverse_head_shoulders,0,partial,4969,,2008-10-23 10:30:00-04:00,long,90.14091033775647,1.702142857142855,89.75,91.45214285714286,4890,4969,2008-10-20 10:15:00-04:00,2008-10-23 10:30:00-04:00,train
SPY,inverse_head_shoulders,0,partial,4975,,2008-10-23 12:00:00-04:00,long,90.8468763116438,1.84642857142857,91.41,93.25642857142857,4896,4975,2008-10-20 11:45:00-04:00,2008-10-23 12:00:00-04:00,train
SPY,inverse_head_shoulders,0,partial,4998,,2008-10-24 11:15:00-04:00,long,87.4128420152681,2.2364285714285717,87.07,89.30642857142857,4919,4998,2008-10-21 11:00:00-04:00,2008-10-24 11:15:00-04:00,train
SPY,inverse_head_shoulders,0,partial,5002,,2008-10-24 12:15:00-04:00,long,87.68015558254288,2.0121428571428575,88.25,90.26214285714286,4923,5002,2008-10-21 12:00:00-04:00,2008-10-24 12:15:00-04:00,train
SPY,inverse_head_shoulders,0,partial,5011,,2008-10-24 14:30:00-04:00,long,87.17937860585027,1.0499999999999983,86.92,87.97,4932,5011,2008-10-21 14:15:00-04:00,2008-10-24 14:30:00-04:00,train
SPY,inverse_head_shoulders,0,partial,5036,,2008-10-27 14:15:00-04:00,long,88.2181052988823,1.0421428571428584,88.31,89.35214285714287,4957,5036,2008-10-22 14:00:00-04:00,2008-10-27 14:15:00-04:00,train
SPY,inverse_head_shoulders,0,partial,5055,,2008-10-28 12:30:00-04:00,long,86.16358157275278,1.288571428571425,86.01,87.29857142857144,4976,5055,2008-10-23 12:15:00-04:00,2008-10-28 12:30:00-04:00,train
SPY,inverse_head_shoulders,0,partial,5098,,2008-10-30 10:15:00-04:00,long,95.01834460894933,1.741428571428571,95.53,97.27142857142857,5019,5098,2008-10-27 10:00:00-04:00,2008-10-30 10:15:00-04:00,train
SPY,inverse_head_shoulders,0,partial,5112,,2008-10-30 13:45:00-04:00,long,94.20254776190875,0.9221428571428569,93.93,94.85214285714287,5033,5112,2008-10-27 13:30:00-04:00,2008-10-30 13:45:00-04:00,train
SPY,inverse_head_shoulders,0,partial,5144,,2008-10-31 15:15:00-04:00,long,97.3043244697115,0.8607142857142845,97.53,98.39071428571428,5065,5144,2008-10-28 15:00:00-04:00,2008-10-31 15:15:00-04:00,train
SPY,inverse_head_shoulders,0,partial,5146,,2008-10-31 15:45:00-04:00,long,97.1922146650502,1.0099999999999991,96.34,97.35000000000001,5067,5146,2008-10-28 15:30:00-04:00,2008-10-31 15:45:00-04:00,train
SPY,inverse_head_shoulders,0,partial,5148,,2008-11-03 09:45:00-05:00,long,97.21968705882483,1.2028571428571422,97.38,98.58285714285714,5069,5148,2008-10-28 16:00:00-04:00,2008-11-03 09:45:00-05:00,train
SPY,inverse_head_shoulders,0,partial,5155,,2008-11-03 11:30:00-05:00,long,96.95970403064055,1.1778571428571436,96.9,98.07785714285716,5076,5155,2008-10-29 11:15:00-04:00,2008-11-03 11:30:00-05:00,train
SPY,inverse_head_shoulders,0,partial,5159,,2008-11-03 12:30:00-05:00,long,97.05613008006213,0.8407142857142864,97.27,98.11071428571428,5080,5159,2008-10-29 12:15:00-04:00,2008-11-03 12:30:00-05:00,train
SPY,inverse_head_shoulders,0,partial,5171,,2008-11-03 15:30:00-05:00,long,96.55815624792547,0.4185714285714265,96.44,96.85857142857142,5092,5171,2008-10-29 15:15:00-04:00,2008-11-03 15:30:00-05:00,train
SPY,inverse_head_shoulders,0,partial,5191,,2008-11-04 14:00:00-05:00,long,100.06888403159795,0.7635714285714315,100.24,101.00357142857143,5112,5191,2008-10-30 13:45:00-04:00,2008-11-04 14:00:00-05:00,train
SPY,inverse_head_shoulders,0,partial,5197,,2008-11-04 15:30:00-05:00,long,99.79822012731415,0.5650000000000007,99.45,100.015,5118,5197,2008-10-30 15:15:00-04:00,2008-11-04 15:30:00-05:00,train
SPY,inverse_head_shoulders,0,partial,5199,,2008-11-04 16:00:00-05:00,long,99.89028634846196,0.6478571428571434,100.4,101.04785714285715,5120,5199,2008-10-30 15:45:00-04:00,2008-11-04 16:00:00-05:00,train
SPY,inverse_head_shoulders,0,partial,5202,,2008-11-05 10:15:00-05:00,long,99.63067489363499,0.8092857142857152,99.41,100.21928571428572,5123,5202,2008-10-31 10:00:00-04:00,2008-11-05 10:15:00-05:00,train
SPY,inverse_head_shoulders,0,partial,5204,,2008-11-05 10:45:00-05:00,long,99.66021634658452,0.8221428571428575,99.86,100.68214285714285,5125,5204,2008-10-31 10:30:00-04:00,2008-11-05 10:45:00-05:00,train
SPY,inverse_head_shoulders,0,failed_breakout,5207,,2008-11-05 11:30:00-05:00,long,100.63377539751092,1.627756563962592,96.55815624792547,100.8077565639626,5128,5207,2008-10-31 11:15:00-04:00,2008-11-05 11:30:00-05:00,train
SPY,inverse_head_shoulders,0,partial,5253,,2008-11-07 10:00:00-05:00,long,91.155418348251,0.9871428571428577,91.29,92.27714285714286,5174,5253,2008-11-04 09:45:00-05:00,2008-11-07 10:00:00-05:00,train
SPY,inverse_head_shoulders,0,partial,5272,,2008-11-07 14:45:00-05:00,long,92.5154894713265,0.6007142857142844,92.97,93.57071428571429,5193,5272,2008-11-04 14:30:00-05:00,2008-11-07 14:45:00-05:00,train
SPY,inverse_head_shoulders,0,partial,5275,,2008-11-07 15:30:00-05:00,long,92.29424527424169,0.7028571428571411,91.53,92.23285714285714,5196,5275,2008-11-04 15:15:00-05:00,2008-11-07 15:30:00-05:00,train
SPY,inverse_head_shoulders,0,partial,5286,,2008-11-10 11:45:00-05:00,long,93.73831997523456,0.970714285714286,93.5,94.47071428571428,5207,5286,2008-11-05 11:30:00-05:00,2008-11-10 11:45:00-05:00,train
SPY,inverse_head_shoulders,0,partial,5320,,2008-11-11 13:45:00-05:00,long,89.28095759889672,0.6042857142857139,89.12,89.72428571428571,5241,5320,2008-11-06 13:30:00-05:00,2008-11-11 13:45:00-05:00,train
SPY,inverse_head_shoulders,0,partial,5329,,2008-11-11 16:00:00-05:00,long,90.11579301238795,0.9942857142857144,90.11,91.10428571428571,5250,5329,2008-11-06 15:45:00-05:00,2008-11-11 16:00:00-05:00,train
SPY,inverse_head_shoulders,0,partial,5371,,2008-11-13 13:30:00-05:00,long,84.59843069433349,1.0642857142857136,84.1,85.16428571428571,5292,5371,2008-11-10 13:15:00-05:00,2008-11-13 13:30:00-05:00,train
SPY,inverse_head_shoulders,0,partial,5406,,2008-11-14 15:45:00-05:00,long,89.79219264470721,1.2371428571428567,89.17,90.40714285714286,5327,5406,2008-11-11 15:30:00-05:00,2008-11-14 15:45:00-05:00,train
SPY,inverse_head_shoulders,0,partial,5417,,2008-11-17 12:00:00-05:00,long,86.72582872832646,1.2450000000000014,87.4,88.64500000000001,5338,5417,2008-11-12 11:45:00-05:00,2008-11-17 12:00:00-05:00,train
SPY,inverse_head_shoulders,0,partial,5428,,2008-11-17 14:45:00-05:00,long,87.25923930770008,0.9092857142857166,87.66,88.56928571428571,5349,5428,2008-11-12 14:30:00-05:00,2008-11-17 14:45:00-05:00,train
SPY,inverse_head_shoulders,0,partial,5442,,2008-11-18 11:45:00-05:00,long,86.16120328336959,0.9857142857142865,86.37,87.35571428571428,5363,5442,2008-11-13 11:30:00-05:00,2008-11-18 11:45:00-05:00,train
SPY,inverse_head_shoulders,0,partial,5444,,2008-11-18 12:15:00-05:00,long,86.23916396503952,0.9592857142857147,86.38,87.33928571428571,5365,5444,2008-11-13 12:00:00-05:00,2008-11-18 12:15:00-05:00,train
SPY,inverse_head_shoulders,0,partial,5458,,2008-11-18 15:45:00-05:00,long,84.4514258286807,1.1078571428571422,84.74,85.84785714285714,5379,5458,2008-11-13 15:30:00-05:00,2008-11-18 15:45:00-05:00,train
SPY,inverse_head_shoulders,0,partial,5464,,2008-11-19 10:45:00-05:00,long,85.29804722006652,1.2807142857142852,85.39,86.67071428571428,5385,5464,2008-11-14 10:30:00-05:00,2008-11-19 10:45:00-05:00,train
SPY,inverse_head_shoulders,0,partial,5496,,2008-11-20 12:15:00-05:00,long,80.16510376078516,1.2371428571428555,79.71,80.94714285714285,5417,5496,2008-11-17 12:00:00-05:00,2008-11-20 12:15:00-05:00,train
SPY,inverse_head_shoulders,0,partial,5500,,2008-11-20 13:15:00-05:00,long,80.50176991409637,1.1571428571428573,80.76,81.91714285714286,5421,5500,2008-11-17 13:00:00-05:00,2008-11-20 13:15:00-05:00,train
SPY,inverse_head_shoulders,0,partial,5522,,2008-11-21 12:15:00-05:00,long,76.07211659534394,1.3435714285714286,75.96,77.30357142857142,5443,5522,2008-11-18 12:00:00-05:00,2008-11-21 12:15:00-05:00,train
SPY,inverse_head_shoulders,0,partial,5526,,2008-11-21 13:15:00-05:00,long,76.20236614625084,1.1100000000000005,76.39,77.5,5447,5526,2008-11-18 13:00:00-05:00,2008-11-21 13:15:00-05:00,train
SPY,inverse_head_shoulders,0,partial,5533,,2008-11-21 15:00:00-05:00,long,75.755250354593,1.048571428571428,75.2,76.24857142857144,5454,5533,2008-11-18 14:45:00-05:00,2008-11-21 15:00:00-05:00,train
SPY,inverse_head_shoulders,0,partial,5569,,2008-11-25 11:00:00-05:00,long,85.78691261965062,1.257857142857146,85.42,86.67785714285715,5490,5569,2008-11-20 10:45:00-05:00,2008-11-25 11:00:00-05:00,train
SPY,inverse_head_shoulders,0,partial,5584,,2008-11-25 14:45:00-05:00,long,84.87678378255565,0.8185714285714332,84.83,85.64857142857143,5505,5584,2008-11-20 14:30:00-05:00,2008-11-25 14:45:00-05:00,train
SPY,inverse_head_shoulders,0,partial,5615,,2008-11-26 16:00:00-05:00,long,88.04892499842673,0.6207142857142866,89.04,89.66071428571429,5536,5615,2008-11-21 15:45:00-05:00,2008-11-26 16:00:00-05:00,train
SPY,inverse_head_shoulders,0,partial,5645,,2008-12-02 10:30:00-05:00,long,83.66813362838457,0.8778571428571433,83.92,84.79785714285714,5566,5645,2008-11-25 10:15:00-05:00,2008-12-02 10:30:00-05:00,train
SPY,inverse_head_shoulders,0,partial,5657,,2008-12-02 13:30:00-05:00,long,84.53187615563897,0.6600000000000027,84.79,85.45,5578,5657,2008-11-25 13:15:00-05:00,2008-12-02 13:30:00-05:00,train
SPY,inverse_head_shoulders,0,partial,5664,,2008-12-02 15:15:00-05:00,long,83.79110517544103,0.6807142857142868,82.99,83.67071428571428,5585,5664,2008-11-25 15:00:00-05:00,2008-12-02 15:15:00-05:00,train
SPY,inverse_head_shoulders,0,partial,5682,,2008-12-03 13:15:00-05:00,long,85.88352496951384,0.9142857142857171,85.82,86.7342857142857,5603,5682,2008-11-26 13:00:00-05:00,2008-12-03 13:15:00-05:00,train
SPY,inverse_head_shoulders,0,partial,5687,,2008-12-03 14:30:00-05:00,long,85.36079926419141,0.8335714285714297,85.57,86.40357142857142,5608,5687,2008-11-26 14:15:00-05:00,2008-12-03 14:30:00-05:00,train
SPY,inverse_head_shoulders,0,partial,5703,,2008-12-04 12:00:00-05:00,long,87.14038040865456,1.0342857142857136,87.2,88.23428571428572,5624,5703,2008-12-01 11:45:00-05:00,2008-12-04 12:00:00-05:00,train
SPY,inverse_head_shoulders,0,partial,5733,,2008-12-05 13:00:00-05:00,long,83.39946820748288,0.8392857142857143,83.41,84.2492857142857,5654,5733,2008-12-02 12:45:00-05:00,2008-12-05 13:00:00-05:00,train
SPY,inverse_head_shoulders,0,partial,5760,,2008-12-08 13:15:00-05:00,long,90.61638828314005,0.634285714285714,90.68,91.31428571428572,5681,5760,2008-12-03 13:00:00-05:00,2008-12-08 13:15:00-05:00,train
SPY,inverse_head_shoulders,0,partial,5763,,2008-12-08 14:00:00-05:00,long,90.56027826793506,0.5821428571428565,90.26,90.84214285714286,5684,5763,2008-12-03 13:45:00-05:00,2008-12-08 14:00:00-05:00,train
SPY,inverse_head_shoulders,0,partial,5771,,2008-12-08 16:00:00-05:00,long,91.29341032242773,0.6764285714285704,91.24,91.91642857142857,5692,5771,2008-12-03 15:45:00-05:00,2008-12-08 16:00:00-05:00,train
SPY,inverse_head_shoulders,0,near_miss,5773,,2008-12-09 10:00:00-05:00,long,90.61638828314005,7.160810060452178,83.39946820748288,97.29081006045217,5694,5773,2008-12-04 09:45:00-05:00,2008-12-09 10:00:00-05:00,train
SPY,inverse_head_shoulders,0,partial,5778,,2008-12-09 11:15:00-05:00,long,91.32028521652268,0.827142857142853,91.35,92.17714285714285,5699,5778,2008-12-04 11:00:00-05:00,2008-12-09 11:15:00-05:00,train
SPY,inverse_head_shoulders,0,partial,5799,,2008-12-10 10:00:00-05:00,long,89.79176230933349,0.7871428571428589,89.82,90.60714285714285,5720,5799,2008-12-05 09:45:00-05:00,2008-12-10 10:00:00-05:00,train
SPY,inverse_head_shoulders,0,partial,5813,,2008-12-10 13:30:00-05:00,long,90.5008335164748,0.5892857142857143,90.46,91.0492857142857,5734,5813,2008-12-05 13:15:00-05:00,2008-12-10 13:30:00-05:00,train
SPY,inverse_head_shoulders,0,partial,5820,,2008-12-10 15:15:00-05:00,long,89.99906156006219,0.6707142857142868,90.16,90.83071428571428,5741,5820,2008-12-05 15:00:00-05:00,2008-12-10 15:15:00-05:00,train
SPY,inverse_head_shoulders,1,confirmed_breakout,5829,5830.0,2008-12-11 11:00:00-05:00,long,90.10281411930869,1.0368518871604522,89.79176230933349,91.71685188716046,5750,5829,2008-12-08 10:45:00-05:00,2008-12-11 11:00:00-05:00,train
SPY,inverse_head_shoulders,0,partial,5837,,2008-12-11 13:00:00-05:00,long,90.4662136135463,0.6321428571428568,90.81,91.44214285714285,5758,5837,2008-12-08 12:45:00-05:00,2008-12-11 13:00:00-05:00,train
SPY,inverse_head_shoulders,0,partial,5860,,2008-12-12 12:15:00-05:00,long,87.12010365891805,0.8521428571428535,87.07,87.92214285714284,5781,5860,2008-12-09 12:00:00-05:00,2008-12-12 12:15:00-05:00,train
SPY,inverse_head_shoulders,0,partial,5877,,2008-12-15 10:00:00-05:00,long,87.97657880901986,0.904285714285715,87.94,88.84428571428572,5798,5877,2008-12-10 09:45:00-05:00,2008-12-15 10:00:00-05:00,train
SPY,inverse_head_shoulders,0,partial,5899,,2008-12-15 15:30:00-05:00,long,87.03775478778009,0.4828571428571432,86.59,87.07285714285715,5820,5899,2008-12-10 15:15:00-05:00,2008-12-15 15:30:00-05:00,train
SPY,inverse_head_shoulders,0,partial,5950,,2008-12-17 15:15:00-05:00,long,91.60804580400402,0.5699999999999973,91.6,92.16999999999999,5871,5950,2008-12-12 15:00:00-05:00,2008-12-17 15:15:00-05:00,train
SPY,inverse_head_shoulders,0,partial,5957,,2008-12-18 10:30:00-05:00,long,91.29999374094734,0.6764285714285704,91.16,91.83642857142857,5878,5957,2008-12-15 10:15:00-05:00,2008-12-18 10:30:00-05:00,train
SPY,inverse_head_shoulders,0,partial,5959,,2008-12-18 11:00:00-05:00,long,91.30160282520866,0.6421428571428558,91.43,92.07214285714286,5880,5959,2008-12-15 10:45:00-05:00,2008-12-18 11:00:00-05:00,train
SPY,inverse_head_shoulders,0,partial,5982,,2008-12-19 10:15:00-05:00,long,89.45826097378438,1.000714285714285,89.75,90.75071428571428,5903,5982,2008-12-16 10:00:00-05:00,2008-12-19 10:15:00-05:00,train
SPY,inverse_head_shoulders,0,partial,5986,,2008-12-19 11:15:00-05:00,long,89.6235270436791,1.0064285714285706,89.76,90.76642857142858,5907,5986,2008-12-16 11:00:00-05:00,2008-12-19 11:15:00-05:00,train
SPY,inverse_head_shoulders,0,partial,6030,,2008-12-22 15:45:00-05:00,long,86.50860282107647,0.5064285714285717,86.12,86.62642857142858,5951,6030,2008-12-17 15:30:00-05:00,2008-12-22 15:45:00-05:00,train
SPY,inverse_head_shoulders,0,partial,6040,,2008-12-23 11:45:00-05:00,long,87.1392332839489,0.6235714285714309,87.1,87.72357142857143,5961,6040,2008-12-18 11:30:00-05:00,2008-12-23 11:45:00-05:00,train
SPY,inverse_head_shoulders,0,partial,6057,,2008-12-23 16:00:00-05:00,long,86.39836814149716,0.41357142857143003,86.17,86.58357142857143,5978,6057,2008-12-18 15:45:00-05:00,2008-12-23 16:00:00-05:00,train
SPY,inverse_head_shoulders,0,partial,6069,,2008-12-26 12:30:00-05:00,long,86.7903588549581,0.2749999999999986,86.74,87.01499999999999,5990,6069,2008-12-19 12:15:00-05:00,2008-12-26 12:30:00-05:00,train
SPY,inverse_head_shoulders,0,partial,6077,,2008-12-26 14:30:00-05:00,long,86.70821140989423,0.1414285714285717,86.72,86.86142857142858,5998,6077,2008-12-19 14:15:00-05:00,2008-12-26 14:30:00-05:00,train
SPY,inverse_head_shoulders,1,confirmed_breakout,6080,6081.0,2008-12-26 15:15:00-05:00,long,86.64599702227225,0.5363525461467873,86.39836814149716,87.72635254614679,6001,6080,2008-12-19 15:00:00-05:00,2008-12-26 15:15:00-05:00,train
SPY,inverse_head_shoulders,0,partial,6085,,2008-12-29 10:00:00-05:00,long,86.97564206547304,0.2085714285714297,86.96,87.16857142857143,6006,6085,2008-12-22 09:45:00-05:00,2008-12-29 10:00:00-05:00,train
SPY,inverse_head_shoulders,0,partial,6104,,2008-12-29 14:45:00-05:00,long,85.98428686548384,0.24285714285714327,86.01,86.25285714285715,6025,6104,2008-12-22 14:30:00-05:00,2008-12-29 14:45:00-05:00,train
SPY,inverse_head_shoulders,0,partial,6126,,2008-12-30 13:45:00-05:00,long,88.02250570809218,0.31428571428571267,87.93,88.24428571428572,6047,6126,2008-12-23 13:30:00-05:00,2008-12-30 13:45:00-05:00,train
SPY,inverse_head_shoulders,0,partial,6128,,2008-12-30 14:15:00-05:00,long,88.01289121317619,0.3249999999999988,87.92,88.245,6049,6128,2008-12-23 14:00:00-05:00,2008-12-30 14:15:00-05:00,train
SPY,inverse_head_shoulders,0,partial,6130,,2008-12-30 14:45:00-05:00,long,88.05002922521138,0.3335714285714277,88.15,88.48357142857144,6051,6130,2008-12-23 14:30:00-05:00,2008-12-30 14:45:00-05:00,train
SPY,inverse_head_shoulders,0,partial,6132,,2008-12-30 15:15:00-05:00,long,88.02938294956532,0.3114285714285704,87.85,88.16142857142856,6053,6132,2008-12-23 15:00:00-05:00,2008-12-30 15:15:00-05:00,train
SPY,inverse_head_shoulders,1,confirmed_breakout,6134,6135.0,2008-12-30 15:45:00-05:00,long,88.25230504427687,1.476487131934661,85.98428686548384,90.36648713193466,6055,6134,2008-12-23 15:30:00-05:00,2008-12-30 15:45:00-05:00,train
SPY,inverse_head_shoulders,0,partial,6187,,2009-01-02 16:00:00-05:00,long,92.67457554340942,0.3407142857142834,92.98,93.32071428571429,6108,6187,2008-12-29 15:45:00-05:00,2009-01-02 16:00:00-05:00,train
SPY,inverse_head_shoulders,0,partial,6190,,2009-01-05 10:15:00-05:00,long,92.60404861520496,0.3992857142857125,92.52,92.9192857142857,6111,6190,2008-12-30 10:00:00-05:00,2009-01-05 10:15:00-05:00,train
SPY,inverse_head_shoulders,0,partial,6206,,2009-01-05 14:15:00-05:00,long,93.05426156466137,0.4771428571428536,93.32,93.79714285714284,6127,6206,2008-12-30 14:00:00-05:00,2009-01-05 14:15:00-05:00,train
SPY,inverse_head_shoulders,0,partial,6213,,2009-01-05 16:00:00-05:00,long,92.77052072640792,0.4442857142857132,92.8,93.24428571428571,6134,6213,2008-12-30 15:45:00-05:00,2009-01-05 16:00:00-05:00,train
SPY,inverse_head_shoulders,0,partial,6219,,2009-01-06 11:00:00-05:00,long,93.14046562543936,0.5935714285714307,93.08,93.67357142857144,6140,6219,2008-12-31 10:45:00-05:00,2009-01-06 11:00:00-05:00,train
SPY,inverse_head_shoulders,0,partial,6221,,2009-01-06 11:30:00-05:00,long,93.11694102213767,0.5842857142857178,93.02,93.60428571428571,6142,6221,2008-12-31 11:15:00-05:00,2009-01-06 11:30:00-05:00,train
SPY,inverse_head_shoulders,0,partial,6228,,2009-01-06 13:15:00-05:00,long,93.28196651248527,0.49428571428571744,93.22,93.71428571428572,6149,6228,2008-12-31 13:00:00-05:00,2009-01-06 13:15:00-05:00,train
SPY,inverse_head_shoulders,0,partial,6231,,2009-01-06 14:00:00-05:00,long,93.26790390220894,0.40285714285714597,93.23,93.63285714285715,6152,6231,2008-12-31 13:45:00-05:00,2009-01-06 14:00:00-05:00,train
SPY,inverse_head_shoulders,0,partial,6236,,2009-01-06 15:15:00-05:00,long,93.54997031079634,0.5057142857142856,93.68,94.1857142857143,6157,6236,2008-12-31 15:00:00-05:00,2009-01-06 15:15:00-05:00,train
SPY,inverse_head_shoulders,0,partial,6283,,2009-01-08 14:00:00-05:00,long,90.11748700022221,0.36642857142857316,90.08,90.44642857142857,6204,6283,2009-01-05 13:45:00-05:00,2009-01-08 14:00:00-05:00,train
SPY,inverse_head_shoulders,0,partial,6291,,2009-01-08 16:00:00-05:00,long,90.45930729763256,0.4442857142857152,91.08,91.52428571428571,6212,6291,2009-01-05 15:45:00-05:00,2009-01-08 16:00:00-05:00,train
SPY,inverse_head_shoulders,0,partial,6309,,2009-01-09 14:00:00-05:00,long,89.51680208940036,0.3549999999999989,89.41,89.765,6230,6309,2009-01-06 13:45:00-05:00,2009-01-09 14:00:00-05:00,train
SPY,inverse_head_shoulders,0,partial,6315,,2009-01-09 15:30:00-05:00,long,89.65733779341092,0.42857142857142755,89.59,90.01857142857143,6236,6315,2009-01-06 15:15:00-05:00,2009-01-09 15:30:00-05:00,train
SPY,inverse_head_shoulders,0,partial,6344,,2009-01-13 09:45:00-05:00,long,87.06406708150112,0.4964285714285686,87.22,87.71642857142857,6265,6344,2009-01-07 16:00:00-05:00,2009-01-13 09:45:00-05:00,train
SPY,inverse_head_shoulders,0,partial,6355,,2009-01-13 12:30:00-05:00,long,87.33141843655912,0.6085714285714283,87.3,87.90857142857142,6276,6355,2009-01-08 12:15:00-05:00,2009-01-13 12:30:00-05:00,train
SPY,inverse_head_shoulders,0,partial,6367,,2009-01-13 15:30:00-05:00,long,86.84139772604048,0.4571428571428555,86.98,87.43714285714286,6288,6367,2009-01-08 15:15:00-05:00,2009-01-13 15:30:00-05:00,train
SPY,inverse_head_shoulders,0,partial,6369,,2009-01-13 16:00:00-05:00,long,86.9099269283667,0.5164285714285697,87.1,87.61642857142857,6290,6369,2009-01-08 15:45:00-05:00,2009-01-13 16:00:00-05:00,train
SPY,inverse_head_shoulders,0,partial,6387,,2009-01-14 14:00:00-05:00,long,84.30466444322697,0.4035714285714341,84.24,84.64357142857143,6308,6387,2009-01-09 13:45:00-05:00,2009-01-14 14:00:00-05:00,train
SPY,inverse_head_shoulders,0,partial,6391,,2009-01-14 15:00:00-05:00,long,84.42756449997783,0.384285714285718,84.58,84.96428571428572,6312,6391,2009-01-09 14:45:00-05:00,2009-01-14 15:00:00-05:00,train
SPY,inverse_head_shoulders,0,partial,6411,,2009-01-15 13:30:00-05:00,long,82.40528177628045,0.6821428571428559,82.57,83.25214285714284,6332,6411,2009-01-12 13:15:00-05:00,2009-01-15 13:30:00-05:00,train
SPY,inverse_head_shoulders,0,partial,6429,,2009-01-16 11:30:00-05:00,long,84.86522818744552,0.7571428571428578,84.94,85.69714285714285,6350,6429,2009-01-13 11:15:00-05:00,2009-01-16 11:30:00-05:00,train
SPY,inverse_head_shoulders,0,partial,6438,,2009-01-16 13:45:00-05:00,long,84.09548959246924,0.5735714285714286,84.3,84.87357142857142,6359,6438,2009-01-13 13:30:00-05:00,2009-01-16 13:45:00-05:00,train
SPY,inverse_head_shoulders,0,partial,6447,,2009-01-16 16:00:00-05:00,long,84.61011270346401,0.6078571428571422,84.97,85.57785714285714,6368,6447,2009-01-13 15:45:00-05:00,2009-01-16 16:00:00-05:00,train
SPY,inverse_head_shoulders,0,failed_breakout,6448,,2009-01-20 09:45:00-05:00,long,84.9688853765826,2.252632032890915,82.40528177628045,85.99263203289091,6369,6448,2009-01-13 16:00:00-05:00,2009-01-20 09:45:00-05:00,train
SPY,inverse_head_shoulders,0,partial,6474,,2009-01-21 09:45:00-05:00,long,81.52850897326618,1.212142857142857,81.52,82.73214285714285,6395,6474,2009-01-14 16:00:00-05:00,2009-01-21 09:45:00-05:00,train
SPY,inverse_head_shoulders,0,partial,6476,,2009-01-21 10:15:00-05:00,long,81.5787292111013,1.2400000000000009,81.91,83.14999999999999,6397,6476,2009-01-15 10:00:00-05:00,2009-01-21 10:15:00-05:00,train
SPY,inverse_head_shoulders,0,partial,6483,,2009-01-21 12:00:00-05:00,long,81.30019760287128,1.1357142857142861,81.31,82.44571428571429,6404,6483,2009-01-15 11:45:00-05:00,2009-01-21 12:00:00-05:00,train
SPY,inverse_head_shoulders,0,partial,6502,,2009-01-22 10:15:00-05:00,long,82.75259286219757,0.7485714285714268,82.64,83.38857142857142,6423,6502,2009-01-16 10:00:00-05:00,2009-01-22 10:15:00-05:00,train
SPY,inverse_head_shoulders,0,partial,6515,,2009-01-22 13:30:00-05:00,long,81.8768148546565,0.5135714285714273,82.03,82.54357142857143,6436,6515,2009-01-16 13:15:00-05:00,2009-01-22 13:30:00-05:00,train
SPY,inverse_head_shoulders,0,failed_breakout,6525,,2009-01-22 16:00:00-05:00,long,83.33952468774571,0.5945718219867189,81.30019760287128,83.37457182198672,6446,6525,2009-01-16 15:45:00-05:00,2009-01-22 16:00:00-05:00,train
SPY,inverse_head_shoulders,0,partial,6531,,2009-01-23 11:00:00-05:00,long,82.10454767126446,0.9500000000000018,81.54,82.49000000000001,6452,6531,2009-01-20 10:45:00-05:00,2009-01-23 11:00:00-05:00,train
SPY,inverse_head_shoulders,0,partial,6565,,2009-01-26 13:00:00-05:00,long,84.56439950454096,0.5714285714285704,84.51,85.08142857142857,6486,6565,2009-01-21 12:45:00-05:00,2009-01-26 13:00:00-05:00,train
SPY,inverse_head_shoulders,0,partial,6577,,2009-01-26 16:00:00-05:00,long,83.79164927774934,0.6142857142857149,83.72,84.33428571428571,6498,6577,2009-01-21 15:45:00-05:00,2009-01-26 16:00:00-05:00,train
SPY,inverse_head_shoulders,0,partial,6594,,2009-01-27 13:45:00-05:00,long,84.61915955183352,0.4350000000000002,84.83,85.265,6515,6594,2009-01-22 13:30:00-05:00,2009-01-27 13:45:00-05:00,train
SPY,inverse_head_shoulders,0,partial,6598,,2009-01-27 14:45:00-05:00,long,84.52940373314338,0.442142857142857,84.47,84.91214285714285,6519,6598,2009-01-22 14:30:00-05:00,2009-01-27 14:45:00-05:00,train
SPY,inverse_head_shoulders,0,partial,6625,,2009-01-28 15:00:00-05:00,long,87.17747117418956,0.34928571428571836,87.58,87.92928571428571,6546,6625,2009-01-23 14:45:00-05:00,2009-01-28 15:00:00-05:00,train
SPY,inverse_head_shoulders,0,partial,6627,,2009-01-28 15:30:00-05:00,long,87.1350749186157,0.41642857142857537,86.7,87.11642857142857,6548,6627,2009-01-23 15:15:00-05:00,2009-01-28 15:30:00-05:00,train
SPY,inverse_head_shoulders,0,partial,6629,,2009-01-28 16:00:00-05:00,long,87.1757481332285,0.49785714285714583,87.43,87.92785714285715,6550,6629,2009-01-23 15:45:00-05:00,2009-01-28 16:00:00-05:00,train
SPY,inverse_head_shoulders,0,partial,6691,,2009-02-02 12:00:00-05:00,long,82.2418503691401,0.5514285714285724,82.31,82.86142857142858,6612,6691,2009-01-28 11:45:00-05:00,2009-02-02 12:00:00-05:00,train
SPY,inverse_head_shoulders,0,partial,6698,,2009-02-02 13:45:00-05:00,long,82.46620006903792,0.3807142857142866,82.45,82.8307142857143,6619,6698,2009-01-28 13:30:00-05:00,2009-02-02 13:45:00-05:00,train
SPY,inverse_head_shoulders,0,partial,6704,,2009-02-02 15:15:00-05:00,long,82.22565331770441,0.38642857142857323,82.29,82.67642857142857,6625,6704,2009-01-28 15:00:00-05:00,2009-02-02 15:15:00-05:00,train
SPY,inverse_head_shoulders,0,partial,6720,,2009-02-03 12:45:00-05:00,long,82.87346046990459,0.44714285714285956,82.97,83.41714285714286,6641,6720,2009-01-29 12:30:00-05:00,2009-02-03 12:45:00-05:00,train
SPY,inverse_head_shoulders,0,partial,6723,,2009-02-03 13:30:00-05:00,long,82.8467490448284,0.3950000000000021,82.73,83.125,6644,6723,2009-01-29 13:15:00-05:00,2009-02-03 13:30:00-05:00,train
SPY,inverse_head_shoulders,1,confirmed_breakout,6725,6726.0,2009-02-03 14:00:00-05:00,long,82.98453148832277,0.351617769751698,82.22565331770441,83.9016177697517,6646,6725,2009-01-29 13:45:00-05:00,2009-02-03 14:00:00-05:00,train
SPY,inverse_head_shoulders,0,partial,6744,,2009-02-04 12:15:00-05:00,long,84.76376181541688,0.4021428571428568,84.74,85.14214285714286,6665,6744,2009-01-30 12:00:00-05:00,2009-02-04 12:15:00-05:00,train
SPY,inverse_head_shoulders,0,partial,6764,,2009-02-05 10:45:00-05:00,long,83.09721540063813,0.7271428571428545,83.21,83.93714285714285,6685,6764,2009-02-02 10:30:00-05:00,2009-02-05 10:45:00-05:00,train
SPY,inverse_head_shoulders,0,partial,6813,,2009-02-09 10:00:00-05:00,long,86.88482606579532,0.39714285714285935,86.92,87.31714285714285,6734,6813,2009-02-04 09:45:00-05:00,2009-02-09 10:00:00-05:00,train
SPY,inverse_head_shoulders,0,partial,6815,,2009-02-09 10:30:00-05:00,long,86.81948857693722,0.41214285714285886,86.65,87.06214285714286,6736,6815,2009-02-04 10:15:00-05:00,2009-02-09 10:30:00-05:00,train
SPY,inverse_head_shoulders,0,partial,6827,,2009-02-09 13:30:00-05:00,long,87.20963750166966,0.38714285714286234,87.25,87.63714285714286,6748,6827,2009-02-04 13:15:00-05:00,2009-02-09 13:30:00-05:00,train
SPY,inverse_head_shoulders,0,partial,6834,,2009-02-09 15:15:00-05:00,long,86.97691236983763,0.3350000000000029,86.94,87.275,6755,6834,2009-02-04 15:00:00-05:00,2009-02-09 15:15:00-05:00,train
SPY,inverse_head_shoulders,0,partial,6837,,2009-02-09 16:00:00-05:00,long,87.02681075614782,0.37642857142857217,87.16,87.53642857142857,6758,6837,2009-02-04 15:45:00-05:00,2009-02-09 16:00:00-05:00,train
SPY,inverse_head_shoulders,0,partial,6863,,2009-02-10 16:00:00-05:00,long,83.19679092894089,0.6457142857142831,82.96,83.60571428571427,6784,6863,2009-02-05 15:45:00-05:00,2009-02-10 16:00:00-05:00,train
SPY,inverse_head_shoulders,0,partial,6876,,2009-02-11 12:45:00-05:00,long,83.51674558415975,0.49142857142857316,83.69,84.18142857142857,6797,6876,2009-02-06 12:30:00-05:00,2009-02-11 12:45:00-05:00,train
SPY,inverse_head_shoulders,0,partial,6884,,2009-02-11 14:45:00-05:00,long,83.17464694225072,0.3857142857142851,83.12,83.50571428571429,6805,6884,2009-02-06 14:30:00-05:00,2009-02-11 14:45:00-05:00,train
SPY,inverse_head_shoulders,0,partial,6889,,2009-02-11 16:00:00-05:00,long,83.33544918135546,0.4771428571428556,83.67,84.14714285714285,6810,6889,2009-02-06 15:45:00-05:00,2009-02-11 16:00:00-05:00,train
SPY,inverse_head_shoulders,0,partial,6900,,2009-02-12 12:15:00-05:00,long,82.31745502299151,0.6064285714285721,82.43,83.03642857142857,6821,6900,2009-02-09 12:00:00-05:00,2009-02-12 12:15:00-05:00,train
SPY,inverse_head_shoulders,0,partial,6904,,2009-02-12 13:15:00-05:00,long,82.4220693330023,0.44285714285714306,82.37,82.81285714285715,6825,6904,2009-02-09 13:00:00-05:00,2009-02-12 13:15:00-05:00,train
SPY,inverse_head_shoulders,0,partial,6912,,2009-02-12 15:15:00-05:00,long,81.98580400896768,0.4528571428571441,81.68,82.13285714285715,6833,6912,2009-02-09 15:00:00-05:00,2009-02-12 15:15:00-05:00,train
SPY,inverse_head_shoulders,0,partial,6924,,2009-02-13 11:45:00-05:00,long,83.43197140706415,0.8028571428571405,83.34,84.14285714285714,6845,6924,2009-02-10 11:30:00-05:00,2009-02-13 11:45:00-05:00,train
SPY,inverse_head_shoulders,0,partial,6931,,2009-02-13 13:30:00-05:00,long,83.26989591130938,0.384999999999999,83.33,83.715,6852,6931,2009-02-10 13:15:00-05:00,2009-02-13 13:30:00-05:00,train
SPY,inverse_head_shoulders,0,failed_breakout,6941,,2009-02-13 16:00:00-05:00,long,83.7854371329858,0.8402261536593585,81.98580400896768,83.63022615365936,6862,6941,2009-02-10 15:45:00-05:00,2009-02-13 16:00:00-05:00,train
SPY,inverse_head_shoulders,1,confirmed_breakout,7083,7084.0,2009-02-24 12:30:00-05:00,long,75.31061364371513,0.48891013745259215,75.31226981262527,76.25891013745259,7004,7083,2009-02-19 12:15:00-05:00,2009-02-24 12:30:00-05:00,train
SPY,inverse_head_shoulders,1,confirmed_breakout,7227,7228.0,2009-03-03 16:00:00-05:00,long,70.5013600073757,0.43486073940853487,70.26868086607821,71.74486073940854,7148,7227,2009-02-26 15:45:00-05:00,2009-03-03 16:00:00-05:00,train
SPY,inverse_head_shoulders,1,confirmed_breakout,7331,7332.0,2009-03-09 16:00:00-04:00,long,68.97086277329322,1.4270022434907332,67.64448381714128,71.73700224349074,7252,7331,2009-03-04 15:45:00-05:00,2009-03-09 16:00:00-04:00,train
SPY,inverse_head_shoulders,1,confirmed_breakout,7667,7668.0,2009-03-26 15:30:00-04:00,long,82.64955625461411,1.8813893393507328,80.34355648078083,85.04138933935073,7588,7667,2009-03-23 15:15:00-04:00,2009-03-26 15:30:00-04:00,train
SPY,inverse_head_shoulders,1,confirmed_breakout,7757,7758.0,2009-04-01 12:00:00-04:00,long,80.11475440253331,2.669307165732093,78.44394394283002,83.52930716573209,7678,7757,2009-03-27 11:45:00-04:00,2009-04-01 12:00:00-04:00,train
SPY,inverse_head_shoulders,1,confirmed_breakout,7903,7904.0,2009-04-08 16:00:00-04:00,long,82.3862569058668,0.6596438003390688,81.95485028337703,85.32964380033907,7824,7903,2009-04-03 15:45:00-04:00,2009-04-08 16:00:00-04:00,train
SPY,inverse_head_shoulders,1,confirmed_breakout,8005,8006.0,2009-04-15 15:30:00-04:00,long,84.23812223336873,0.47231510214741945,84.25291411413751,85.23231510214742,7926,8005,2009-04-09 15:15:00-04:00,2009-04-15 15:30:00-04:00,train
SPY,inverse_head_shoulders,0,failed_breakout,8193,,2009-04-27 10:30:00-04:00,long,86.66215566087628,1.9258831628809077,84.15457901551433,88.3058831628809,8114,8193,2009-04-22 10:15:00-04:00,2009-04-27 10:30:00-04:00,train
SPY,inverse_head_shoulders,1,confirmed_breakout,8241,8242.0,2009-04-28 16:00:00-04:00,long,86.03591118586006,0.6364806104810725,85.77457725165492,87.30648061048107,8162,8241,2009-04-23 15:45:00-04:00,2009-04-28 16:00:00-04:00,train
SPY,inverse_head_shoulders,1,confirmed_breakout,8319,8320.0,2009-05-01 16:00:00-04:00,long,87.62338722815802,0.7675571235674568,87.28672694240569,89.64755712356745,8240,8319,2009-04-28 15:45:00-04:00,2009-05-01 16:00:00-04:00,train
SPY,inverse_head_shoulders,1,confirmed_breakout,8928,8929.0,2009-06-05 12:15:00-04:00,long,94.4857605027635,1.7152321623484283,93.04373243829406,96.69523216234843,8849,8928,2009-06-02 12:00:00-04:00,2009-06-05 12:15:00-04:00,train
SPY,inverse_head_shoulders,1,confirmed_breakout,9153,9154.0,2009-06-18 10:00:00-04:00,long,91.79240166583295,0.8758861687120287,91.43989420124973,93.23588616871203,9074,9153,2009-06-15 09:45:00-04:00,2009-06-18 10:00:00-04:00,train
SPY,inverse_head_shoulders,1,confirmed_breakout,9288,9289.0,2009-06-25 11:15:00-04:00,long,90.4512998672187,2.0240275372486707,89.26521128611505,93.12402753724866,9209,9288,2009-06-22 11:00:00-04:00,2009-06-25 11:15:00-04:00,train
SPY,inverse_head_shoulders,0,failed_breakout,9931,,2009-07-31 16:00:00-04:00,long,100.36840916615424,0.714991419403816,97.26164379190159,99.54499141940381,9852,9931,2009-07-28 15:45:00-04:00,2009-07-31 16:00:00-04:00,train
SPY,inverse_head_shoulders,0,failed_breakout,10144,,2009-08-13 10:45:00-04:00,long,101.01233973499573,1.1378318059611274,99.65780029969723,102.35783180596113,10065,10144,2009-08-10 10:30:00-04:00,2009-08-13 10:45:00-04:00,train
SPY,inverse_head_shoulders,0,failed_breakout,10171,,2009-08-14 11:00:00-04:00,long,101.23198126005364,0.20127909773296437,100.92347456265763,100.31127909773296,10092,10171,2009-08-11 10:45:00-04:00,2009-08-14 11:00:00-04:00,train
SPY,inverse_head_shoulders,0,failed_breakout,10453,,2009-08-31 10:00:00-04:00,long,103.56712509554606,0.7784289901408101,102.42848499148691,102.85842899014081,10374,10453,2009-08-26 09:45:00-04:00,2009-08-31 10:00:00-04:00,train
SPY,inverse_head_shoulders,1,confirmed_breakout,10529,10530.0,2009-09-02 16:00:00-04:00,long,99.87576046039895,0.590844832993966,100.14482515109555,100.97084483299396,10450,10529,2009-08-28 15:45:00-04:00,2009-09-02 16:00:00-04:00,train
SPY,inverse_head_shoulders,0,failed_breakout,10609,,2009-09-09 10:00:00-04:00,long,102.88483670639596,0.841200634427878,100.1375619806269,104.07120063442788,10530,10609,2009-09-03 09:45:00-04:00,2009-09-09 10:00:00-04:00,train
SPY,inverse_head_shoulders,1,confirmed_breakout,10945,10946.0,2009-09-25 16:00:00-04:00,long,104.55460775962469,0.23769675720241423,104.50976975255207,105.61769675720241,10866,10945,2009-09-22 15:45:00-04:00,2009-09-25 16:00:00-04:00,train
SPY,inverse_head_shoulders,1,confirmed_breakout,11638,11639.0,2009-11-03 13:45:00-05:00,long,103.79509717567409,0.4819867839430003,103.87114903942515,104.981986783943,11559,11638,2009-10-29 13:30:00-04:00,2009-11-03 13:45:00-05:00,train
SPY,inverse_head_shoulders,0,failed_breakout,11714,,2009-11-06 13:15:00-05:00,long,106.81017496605565,0.29596530344680616,105.57410648645583,107.30596530344681,11635,11714,2009-11-03 13:00:00-05:00,2009-11-06 13:15:00-05:00,train
SPY,inverse_head_shoulders,0,failed_breakout,12026,,2009-11-24 13:15:00-05:00,long,111.09571861787296,1.8490331478460007,109.2119027651855,112.579033147846,11947,12026,2009-11-19 13:00:00-05:00,2009-11-24 13:15:00-05:00,train
SPY,inverse_head_shoulders,1,confirmed_breakout,12167,12168.0,2009-12-03 16:00:00-05:00,long,111.32680685726878,0.27291890850426626,111.19774059668904,112.42291890850427,12088,12167,2009-11-30 15:45:00-05:00,2009-12-03 16:00:00-05:00,train
SPY,inverse_head_shoulders,0,failed_breakout,12297,,2009-12-10 16:00:00-05:00,long,110.8341560619508,0.5810546928536269,109.4155558326594,111.23105469285363,12218,12297,2009-12-07 15:45:00-05:00,2009-12-10 16:00:00-05:00,train
SPY,inverse_head_shoulders,0,failed_breakout,12489,,2009-12-22 12:00:00-05:00,long,111.56603597255109,1.0606342394366806,109.71353419667084,112.66063423943667,12410,12489,2009-12-17 11:45:00-05:00,2009-12-22 12:00:00-05:00,train
SPY,inverse_head_shoulders,0,failed_breakout,12597,,2009-12-29 16:00:00-05:00,long,112.77394409266368,0.202681888230984,112.50555097547672,112.78268188823098,12518,12597,2009-12-23 12:45:00-05:00,2009-12-29 16:00:00-05:00,train
SPY,inverse_head_shoulders,0,failed_breakout,12687,,2010-01-05 12:30:00-05:00,long,113.36071748881061,0.7347260830294999,112.13972295359576,114.1347260830295,12608,12687,2009-12-30 12:15:00-05:00,2010-01-05 12:30:00-05:00,train
SPY,inverse_head_shoulders,0,failed_breakout,12785,,2010-01-11 11:00:00-05:00,long,114.16916317852937,0.1892323473208961,113.62496836861375,114.78923234732089,12706,12785,2010-01-06 10:45:00-05:00,2010-01-11 11:00:00-05:00,train
SPY,inverse_head_shoulders,1,confirmed_breakout,13049,13050.0,2010-01-26 12:00:00-05:00,long,109.6659905652171,0.7970497405598991,109.81554061351575,111.0470497405599,12970,13049,2010-01-21 11:45:00-05:00,2010-01-26 12:00:00-05:00,train
SPY,inverse_head_shoulders,0,failed_breakout,13593,,2010-02-25 11:30:00-05:00,long,110.68783549099167,1.1889754438842886,109.82906583228592,110.40897544388429,13514,13593,2010-02-22 11:15:00-05:00,2010-02-25 11:30:00-05:00,train
SPY,inverse_head_shoulders,1,confirmed_breakout,13636,13638.0,2010-02-26 15:45:00-05:00,long,110.73541120192533,1.3496403538448192,109.35886483206615,112.85964035384482,13557,13636,2010-02-23 15:30:00-05:00,2010-02-26 15:45:00-05:00,train
SPY,inverse_head_shoulders,0,failed_breakout,13905,,2010-03-15 11:30:00-04:00,long,115.52289438595605,0.08865704203584812,114.8046387814809,114.84865704203585,13826,13905,2010-03-10 11:15:00-05:00,2010-03-15 11:30:00-04:00,train
SPY,inverse_head_shoulders,0,failed_breakout,14188,,2010-03-30 10:45:00-04:00,long,117.28741432502754,0.6239401371914823,116.59112237062982,118.18394013719148,14109,14188,2010-03-25 10:30:00-04:00,2010-03-30 10:45:00-04:00,train
SPY,inverse_head_shoulders,1,confirmed_breakout,14235,14236.0,2010-03-31 16:00:00-04:00,long,117.36251169648502,0.19538868439845203,117.1608125751755,118.19538868439845,14156,14235,2010-03-26 15:45:00-04:00,2010-03-31 16:00:00-04:00,train
SPY,inverse_head_shoulders,0,failed_breakout,14336,,2010-04-07 15:15:00-04:00,long,119.13812473068896,0.1174074167358583,118.65008644634523,118.02740741673585,14257,14336,2010-04-01 15:00:00-04:00,2010-04-07 15:15:00-04:00,train
SPY,inverse_head_shoulders,1,confirmed_breakout,14532,14538.0,2010-04-19 12:15:00-04:00,long,118.27067942431239,0.552959787526305,119.38634910990424,119.4729597875263,14453,14532,2010-04-14 12:00:00-04:00,2010-04-19 12:15:00-04:00,train
SPY,inverse_head_shoulders,0,failed_breakout,14645,,2010-04-23 14:30:00-04:00,long,120.99833017029641,0.8862663953306509,119.78241289305015,122.24626639533065,14566,14645,2010-04-20 14:15:00-04:00,2010-04-23 14:30:00-04:00,train
SPY,inverse_head_shoulders,0,failed_breakout,14945,,2010-05-11 11:30:00-04:00,long,117.37109787659736,1.8783452846457038,111.4731326727184,118.0783452846457,14866,14945,2010-05-06 11:15:00-04:00,2010-05-11 11:30:00-04:00,train
SPY,inverse_head_shoulders,0,failed_breakout,15381,,2010-06-04 10:00:00-04:00,long,110.60942240570097,1.3067326457873634,108.34316852478702,110.27673264578736,15302,15381,2010-06-01 09:45:00-04:00,2010-06-04 10:00:00-04:00,train
SPY,inverse_head_shoulders,1,confirmed_breakout,15638,15639.0,2010-06-17 15:45:00-04:00,long,111.52957708540023,0.19604265306456625,111.5495448860123,112.31604265306457,15559,15638,2010-06-14 15:30:00-04:00,2010-06-17 15:45:00-04:00,train
SPY,inverse_head_shoulders,1,confirmed_breakout,15810,15816.0,2010-06-28 13:15:00-04:00,long,107.48729466555135,1.0407703006991085,107.31734127051897,109.07077030069911,15731,15810,2010-06-23 13:00:00-04:00,2010-06-28 13:15:00-04:00,train
SPY,inverse_head_shoulders,0,failed_breakout,15960,,2010-07-07 11:45:00-04:00,long,104.08690913514441,1.168753582494091,102.06507306153281,105.48875358249408,15881,15960,2010-07-01 11:30:00-04:00,2010-07-07 11:45:00-04:00,train
SPY,inverse_head_shoulders,1,confirmed_breakout,16181,16182.0,2010-07-19 15:00:00-04:00,long,106.71901091421222,0.13843272160188747,106.72215652581068,107.66843272160189,16102,16181,2010-07-14 14:45:00-04:00,2010-07-19 15:00:00-04:00,train
SPY,inverse_head_shoulders,0,failed_breakout,16230,,2010-07-21 14:15:00-04:00,long,108.39020289387425,0.9134076707905052,106.66669399370524,108.42340767079051,16151,16230,2010-07-16 14:00:00-04:00,2010-07-21 14:15:00-04:00,train
SPY,inverse_head_shoulders,0,failed_breakout,16348,,2010-07-28 11:15:00-04:00,long,111.46760685797044,0.03613656978616575,111.48614147646575,111.17613656978617,16269,16348,2010-07-23 11:00:00-04:00,2010-07-28 11:15:00-04:00,train
SPY,inverse_head_shoulders,0,failed_breakout,16407,,2010-07-30 13:00:00-04:00,long,110.30541277094395,0.48713323554662225,110.16356138560474,110.73713323554662,16328,16407,2010-07-27 12:45:00-04:00,2010-07-30 13:00:00-04:00,train
SPY,inverse_head_shoulders,0,failed_breakout,16463,,2010-08-03 14:00:00-04:00,long,113.11340314523846,0.3107159205207495,110.20612213764379,112.64071592052075,16384,16463,2010-07-29 13:45:00-04:00,2010-08-03 14:00:00-04:00,train
SPY,inverse_head_shoulders,0,failed_breakout,16523,,2010-08-05 16:00:00-04:00,long,113.08295815274434,0.10113999678347341,112.32017757090331,112.94113999678348,16444,16523,2010-08-02 15:45:00-04:00,2010-08-05 16:00:00-04:00,train
SPY,inverse_head_shoulders,0,failed_breakout,16664,,2010-08-13 12:15:00-04:00,long,108.62527979123374,0.06087307125891073,108.62490002676417,108.5508730712589,16585,16664,2010-08-10 12:00:00-04:00,2010-08-13 12:15:00-04:00,train
SPY,inverse_head_shoulders,0,failed_breakout,16750,,2010-08-18 14:15:00-04:00,long,110.85095488666916,0.6554253423408767,108.2134505086588,110.85542534234088,16671,16750,2010-08-13 14:00:00-04:00,2010-08-18 14:15:00-04:00,train
SPY,inverse_head_shoulders,0,failed_breakout,16837,,2010-08-24 10:00:00-04:00,long,107.71484187765648,0.7254761904380871,107.09484214962775,106.41547619043808,16758,16837,2010-08-19 09:45:00-04:00,2010-08-24 10:00:00-04:00,train
SPY,inverse_head_shoulders,0,failed_breakout,16926,,2010-08-27 12:45:00-04:00,long,106.28202126371787,0.8838344887842737,105.13165977671078,107.12383448878427,16847,16926,2010-08-24 12:30:00-04:00,2010-08-27 12:45:00-04:00,train
SPY,inverse_head_shoulders,1,confirmed_breakout,17043,17044.0,2010-09-02 16:00:00-04:00,long,109.82432174161599,0.8169706709735891,105.30514976731928,111.69697067097358,16964,17043,2010-08-30 15:45:00-04:00,2010-09-02 16:00:00-04:00,train
SPY,inverse_head_shoulders,0,failed_breakout,17131,,2010-09-09 12:00:00-04:00,long,110.86625326273413,0.3061828738783703,109.8896080779421,111.62618287387836,17052,17131,2010-09-03 11:45:00-04:00,2010-09-09 12:00:00-04:00,train
SPY,inverse_head_shoulders,0,failed_breakout,17256,,2010-09-16 10:45:00-04:00,long,112.7998409693421,0.22065311961279122,112.6512363335698,112.9206531196128,17177,17256,2010-09-13 10:30:00-04:00,2010-09-16 10:45:00-04:00,train
SPY,inverse_head_shoulders,0,failed_breakout,17446,,2010-09-27 12:45:00-04:00,long,114.85320472646325,0.7940156749204732,112.888967141837,115.24401567492048,17367,17446,2010-09-22 12:30:00-04:00,2010-09-27 12:45:00-04:00,train
SPY,inverse_head_shoulders,0,failed_breakout,17493,,2010-09-29 11:30:00-04:00,long,114.39675959603315,0.5202554097012069,114.07971843696701,114.95025540970121,17414,17493,2010-09-24 11:15:00-04:00,2010-09-29 11:30:00-04:00,train
SPY,inverse_head_shoulders,1,confirmed_breakout,17511,17512.0,2010-09-29 16:00:00-04:00,long,114.74089769039726,0.15254471706117556,114.39749878688615,115.79254471706118,17432,17511,2010-09-24 15:45:00-04:00,2010-09-29 16:00:00-04:00,train
SPY,inverse_head_shoulders,0,failed_breakout,17555,,2010-10-01 14:00:00-04:00,long,114.41567213270845,0.4145250751115128,114.24348034091643,114.91452507511151,17476,17555,2010-09-28 13:45:00-04:00,2010-10-01 14:00:00-04:00,train
SPY,inverse_head_shoulders,0,failed_breakout,17633,,2010-10-06 14:00:00-04:00,long,116.1878643718621,1.7160446133734837,113.49849282521072,117.54604461337348,17554,17633,2010-10-01 13:45:00-04:00,2010-10-06 14:00:00-04:00,train
SPY,inverse_head_shoulders,1,confirmed_breakout,17953,17954.0,2010-10-22 16:00:00-04:00,long,118.14340390388716,0.5798229253829987,117.87275158663243,120.009822925383,17874,17953,2010-10-19 15:45:00-04:00,2010-10-22 16:00:00-04:00,train
SPY,inverse_head_shoulders,0,failed_breakout,18059,,2010-10-29 10:00:00-04:00,long,118.30909991237625,0.8942466242701101,117.57909369351478,119.08424662427011,17980,18059,2010-10-26 09:45:00-04:00,2010-10-29 10:00:00-04:00,train
SPY,inverse_head_shoulders,0,failed_breakout,18211,,2010-11-05 15:30:00-04:00,long,122.78219611562866,1.2524821887112267,119.12944010010213,123.67248218871123,18132,18211,2010-11-02 15:15:00-04:00,2010-11-05 15:30:00-04:00,train
SPY,inverse_head_shoulders,0,failed_breakout,18246,,2010-11-09 11:15:00-05:00,long,122.4069786022109,0.20454027683526022,122.25496936356913,122.68454027683526,18167,18246,2010-11-04 11:00:00-04:00,2010-11-09 11:15:00-05:00,train
SPY,inverse_head_shoulders,1,confirmed_breakout,18973,18974.0,2010-12-20 14:00:00-05:00,long,124.18692660136318,0.4058751892140293,124.11051551378432,125.26587518921403,18894,18973,2010-12-15 13:45:00-05:00,2010-12-20 14:00:00-05:00,train
SPY,inverse_head_shoulders,0,failed_breakout,19108,,2010-12-28 15:15:00-05:00,long,125.67413983625224,0.30377479554458375,125.3809586164483,126.16377479554458,19029,19108,2010-12-22 15:00:00-05:00,2010-12-28 15:15:00-05:00,train
SPY,inverse_head_shoulders,1,confirmed_breakout,19377,19378.0,2011-01-12 11:00:00-05:00,long,127.89766458346296,0.3673166060731461,126.65225667409888,129.00731660607312,19298,19377,2011-01-07 10:45:00-05:00,2011-01-12 11:00:00-05:00,train
SPY,inverse_head_shoulders,0,failed_breakout,19611,,2011-01-26 11:00:00-05:00,long,129.59182558859538,0.18915719876335402,128.4709394693834,129.93915719876335,19532,19611,2011-01-21 10:45:00-05:00,2011-01-26 11:00:00-05:00,train
SPY,inverse_head_shoulders,1,confirmed_breakout,19809,19814.0,2011-02-04 15:00:00-05:00,long,130.78274435015248,0.4641000513088329,130.16158891382094,132.16410005130882,19730,19809,2011-02-01 14:45:00-05:00,2011-02-04 15:00:00-05:00,train
SPY,inverse_head_shoulders,1,confirmed_breakout,19919,19923.0,2011-02-11 10:00:00-05:00,long,132.0138821188068,0.18631278810354956,131.91071077463158,132.94631278810354,19840,19919,2011-02-08 09:45:00-05:00,2011-02-11 10:00:00-05:00,train
SPY,inverse_head_shoulders,0,failed_breakout,20025,,2011-02-17 10:30:00-05:00,long,133.95769526116464,0.36587154462665694,132.94285305405057,134.09587154462665,19946,20025,2011-02-14 10:15:00-05:00,2011-02-17 10:30:00-05:00,train
SPY,inverse_head_shoulders,0,failed_breakout,20363,,2011-03-09 10:30:00-05:00,long,132.66807398820026,1.3368967849788191,131.14730932351176,133.88689678497883,20284,20363,2011-03-04 10:15:00-05:00,2011-03-09 10:30:00-05:00,val
SPY,inverse_head_shoulders,1,confirmed_breakout,20565,20568.0,2011-03-18 15:30:00-04:00,long,128.16329923471727,1.8418820524017718,126.59542243440818,131.41188205240178,20486,20565,2011-03-15 15:15:00-04:00,2011-03-18 15:30:00-04:00,val
SPY,inverse_head_shoulders,0,failed_breakout,20889,,2011-04-06 12:00:00-04:00,long,133.69757916961476,0.27799196607918475,133.12547386992907,133.46799196607918,20810,20889,2011-04-01 11:45:00-04:00,2011-04-06 12:00:00-04:00,val
SPY,inverse_head_shoulders,0,failed_breakout,21466,,2011-05-09 13:15:00-04:00,long,135.50919671971437,0.6674977908551796,134.07432601733126,135.51749779085517,21387,21466,2011-05-04 13:00:00-04:00,2011-05-09 13:15:00-04:00,val
SPY,inverse_head_shoulders,0,failed_breakout,21679,,2011-05-19 14:30:00-04:00,long,134.42382866370215,1.6120183634897955,132.66355931573153,135.9920183634898,21600,21679,2011-05-16 14:15:00-04:00,2011-05-19 14:30:00-04:00,val
SPY,inverse_head_shoulders,1,confirmed_breakout,21759,21760.0,2011-05-24 15:00:00-04:00,long,131.49882308277427,1.1495668990048955,131.92908669495912,133.4195668990049,21680,21759,2011-05-19 14:45:00-04:00,2011-05-24 15:00:00-04:00,val
SPY,inverse_head_shoulders,0,failed_breakout,21809,,2011-05-26 14:30:00-04:00,long,132.67572421571913,0.20486270264643736,131.9860040858733,133.27486270264643,21730,21809,2011-05-23 14:15:00-04:00,2011-05-26 14:30:00-04:00,val
SPY,inverse_head_shoulders,1,confirmed_breakout,22078,22079.0,2011-06-13 10:15:00-04:00,long,127.4842222117686,0.5844124868522442,127.74128590939995,128.72441248685223,21999,22078,2011-06-08 10:00:00-04:00,2011-06-13 10:15:00-04:00,val
SPY,inverse_head_shoulders,1,confirmed_breakout,22101,22102.0,2011-06-13 16:00:00-04:00,long,127.81693761728495,0.25359552869394975,127.630428042345,129.28359552869395,22022,22101,2011-06-08 15:45:00-04:00,2011-06-13 16:00:00-04:00,val
SPY,inverse_head_shoulders,1,confirmed_breakout,22232,22233.0,2011-06-21 09:45:00-04:00,long,127.70245463480992,0.5995117044233638,127.03221013848528,129.1495117044234,22153,22232,2011-06-15 16:00:00-04:00,2011-06-21 09:45:00-04:00,val
SPY,inverse_head_shoulders,1,confirmed_breakout,22335,22336.0,2011-06-24 16:00:00-04:00,long,126.21731900823671,1.5567487911314828,126.90215949209836,128.70674879113147,22256,22335,2011-06-21 15:45:00-04:00,2011-06-24 16:00:00-04:00,val
SPY,inverse_head_shoulders,1,confirmed_breakout,22517,22518.0,2011-07-06 16:00:00-04:00,long,133.8868809503299,0.2666775802643997,133.56933174256022,135.2966775802644,22438,22517,2011-06-30 15:45:00-04:00,2011-07-06 16:00:00-04:00,val
SPY,inverse_head_shoulders,1,confirmed_breakout,22776,22780.0,2011-07-20 15:45:00-04:00,long,133.26412456451467,1.6272067664444876,130.0611526715566,135.8972067664445,22697,22776,2011-07-15 15:30:00-04:00,2011-07-20 15:45:00-04:00,val
SPY,inverse_head_shoulders,1,confirmed_breakout,23158,23159.0,2011-08-10 13:45:00-04:00,long,113.661831004025,0.9116981959763564,113.58068846000889,116.13169819597636,23079,23158,2011-08-05 13:30:00-04:00,2011-08-10 13:45:00-04:00,val
SPY,inverse_head_shoulders,0,failed_breakout,23303,,2011-08-18 11:00:00-04:00,long,120.6640809896115,0.9060296211168151,119.30322329904278,115.82602962111682,23224,23303,2011-08-15 10:45:00-04:00,2011-08-18 11:00:00-04:00,val
SPY,inverse_head_shoulders,0,near_miss,23341,,2011-08-19 14:00:00-04:00,long,114.49828905115243,5.2288611171715615,114.18647674841648,119.07886111717156,23262,23341,2011-08-16 13:45:00-04:00,2011-08-19 14:00:00-04:00,val
SPY,inverse_head_shoulders,0,failed_breakout,23425,,2011-08-24 15:30:00-04:00,long,117.1370729392055,0.9315260798921088,113.1313033283404,118.65152607989211,23346,23425,2011-08-19 15:15:00-04:00,2011-08-24 15:30:00-04:00,val
SPY,inverse_head_shoulders,1,confirmed_breakout,23479,23480.0,2011-08-26 16:00:00-04:00,long,118.1644849119803,1.2189740824517372,115.97816936412343,121.26897408245173,23400,23479,2011-08-23 15:45:00-04:00,2011-08-26 16:00:00-04:00,val
SPY,inverse_head_shoulders,0,near_miss,24613,,2011-10-28 13:30:00-04:00,long,128.62067368055125,5.422448108952494,123.02736947266206,133.9824481089525,24534,24613,2011-10-25 13:15:00-04:00,2011-10-28 13:30:00-04:00,val
SPY,inverse_head_shoulders,1,confirmed_breakout,24675,24676.0,2011-11-01 16:00:00-04:00,long,122.13246746387989,1.3330553237659757,122.38687735238918,125.07305532376597,24596,24675,2011-10-27 15:45:00-04:00,2011-11-01 16:00:00-04:00,val
SPY,inverse_head_shoulders,1,confirmed_breakout,24857,24858.0,2011-11-10 16:00:00-05:00,long,124.48857189738236,0.2405116990742613,123.62401993059166,126.39051169907427,24778,24857,2011-11-07 15:45:00-05:00,2011-11-10 16:00:00-05:00,val
SPY,inverse_head_shoulders,0,failed_breakout,24959,,2011-11-16 15:30:00-05:00,long,126.92088315414114,0.3543224621621448,125.25652992708085,125.16432246216215,24880,24959,2011-11-11 15:15:00-05:00,2011-11-16 15:30:00-05:00,val
SPY,inverse_head_shoulders,1,confirmed_breakout,25002,25003.0,2011-11-18 13:15:00-05:00,long,121.50432152064138,1.2866142772203517,121.81211135750635,123.45661427722035,24923,25002,2011-11-15 13:00:00-05:00,2011-11-18 13:15:00-05:00,val
SPY,inverse_head_shoulders,1,confirmed_breakout,25311,25312.0,2011-12-07 15:30:00-05:00,long,125.98379298084171,0.5630124785313626,125.7558974362177,127.50301247853136,25232,25311,2011-12-02 15:15:00-05:00,2011-12-07 15:30:00-05:00,val
SPY,inverse_head_shoulders,0,failed_breakout,25480,,2011-12-16 12:15:00-05:00,long,122.57754880251818,0.3038607127439832,121.93094693439807,122.20386071274399,25401,25480,2011-12-13 12:00:00-05:00,2011-12-16 12:15:00-05:00,val
SPY,inverse_head_shoulders,0,failed_breakout,25571,,2011-12-21 15:30:00-05:00,long,124.43284976064288,1.9877016778036989,120.7355601569703,126.0177016778037,25492,25571,2011-12-16 15:15:00-05:00,2011-12-21 15:30:00-05:00,val
SPY,inverse_head_shoulders,0,failed_breakout,25823,,2012-01-06 13:30:00-05:00,long,128.00529812623154,0.5930720408896946,127.10943616254008,128.3230720408897,25744,25823,2012-01-03 13:15:00-05:00,2012-01-06 13:30:00-05:00,val
SPY,inverse_head_shoulders,0,failed_breakout,25888,,2012-01-11 10:15:00-05:00,long,129.43733315024016,0.38525858942375635,127.76105672761469,129.06525858942376,25809,25888,2012-01-06 10:00:00-05:00,2012-01-11 10:15:00-05:00,val
SPY,inverse_head_shoulders,0,failed_breakout,25931,,2012-01-12 14:30:00-05:00,long,129.16253585957296,0.3180905349730949,128.86260803006522,129.5580905349731,25852,25931,2012-01-09 14:15:00-05:00,2012-01-12 14:30:00-05:00,val
SPY,inverse_head_shoulders,0,failed_breakout,26000,,2012-01-18 12:15:00-05:00,long,130.04094919247225,1.2712310657566945,128.32597876502538,131.41123106575668,25921,26000,2012-01-12 12:00:00-05:00,2012-01-18 12:15:00-05:00,val
SPY,inverse_head_shoulders,1,confirmed_breakout,26067,26068.0,2012-01-20 16:00:00-05:00,long,131.14025861620803,0.13868486715864492,131.14635403176572,132.10868486715864,25988,26067,2012-01-17 15:45:00-05:00,2012-01-20 16:00:00-05:00,val
SPY,inverse_head_shoulders,0,failed_breakout,26349,,2012-02-06 15:00:00-05:00,long,134.89577691261687,0.5532203480458122,132.53517174457355,134.8332203480458,26270,26349,2012-02-01 14:45:00-05:00,2012-02-06 15:00:00-05:00,val
SPY,inverse_head_shoulders,0,failed_breakout,26826,,2012-03-05 10:45:00-05:00,long,138.1095642368317,0.2374736580327408,137.25621347858262,136.78747365803275,26747,26826,2012-02-29 10:30:00-05:00,2012-03-05 10:45:00-05:00,val
SPY,inverse_head_shoulders,0,failed_breakout,27153,,2012-03-21 14:30:00-04:00,long,140.2754009424067,0.5721700463292905,140.16786511519575,141.0021700463293,27074,27153,2012-03-16 14:15:00-04:00,2012-03-21 14:30:00-04:00,val
SPY,inverse_head_shoulders,1,confirmed_breakout,27350,27351.0,2012-04-02 11:45:00-04:00,long,141.0157460186835,0.9910981886803256,139.37816133869433,142.84109818868032,27271,27350,2012-03-28 11:30:00-04:00,2012-04-02 11:45:00-04:00,val
SPY,inverse_head_shoulders,1,confirmed_breakout,27524,27525.0,2012-04-12 09:45:00-04:00,long,136.96118968817464,1.6390887776975376,136.11567633581691,139.44908877769754,27445,27524,2012-04-05 16:00:00-04:00,2012-04-12 09:45:00-04:00,val
SPY,inverse_head_shoulders,1,confirmed_breakout,27757,27758.0,2012-04-24 16:00:00-04:00,long,137.0114595996546,1.3873487505631488,136.47017370120807,140.27734875056314,27678,27757,2012-04-19 15:45:00-04:00,2012-04-24 16:00:00-04:00,val
SPY,inverse_head_shoulders,1,confirmed_breakout,28032,28033.0,2012-05-09 13:15:00-04:00,long,135.19115318469795,1.0471018886975116,135.43423692773712,137.1771018886975,27953,28032,2012-05-04 13:00:00-04:00,2012-05-09 13:15:00-04:00,val
SPY,inverse_head_shoulders,0,failed_breakout,28678,,2012-06-14 12:15:00-04:00,long,133.0353264598354,1.1174846854385123,131.80893974684838,134.1474846854385,28599,28678,2012-06-11 12:00:00-04:00,2012-06-14 12:15:00-04:00,val
SPY,inverse_head_shoulders,1,confirmed_breakout,28872,28873.0,2012-06-25 15:15:00-04:00,long,130.77505476780422,0.333122542054042,131.17578673866169,131.83312254205404,28793,28872,2012-06-20 15:00:00-04:00,2012-06-25 15:15:00-04:00,val
SPY,inverse_head_shoulders,0,failed_breakout,29001,,2012-07-02 15:00:00-04:00,long,136.33060740498019,2.561591144710775,131.64427085339346,138.73159114471076,28922,29001,2012-06-27 14:45:00-04:00,2012-07-02 15:00:00-04:00,val
SPY,inverse_head_shoulders,1,confirmed_breakout,29097,29098.0,2012-07-09 16:00:00-04:00,long,134.97799269912917,0.14356139220470254,134.9562922776191,136.1835613922047,29018,29097,2012-07-03 12:45:00-04:00,2012-07-09 16:00:00-04:00,val
SPY,inverse_head_shoulders,0,failed_breakout,29287,,2012-07-19 11:30:00-04:00,long,137.54515282238094,0.5461091465586208,135.2763748612949,138.3061091465586,29208,29287,2012-07-16 11:15:00-04:00,2012-07-19 11:30:00-04:00,val
SPY,inverse_head_shoulders,1,confirmed_breakout,29397,29398.0,2012-07-25 13:00:00-04:00,long,133.36821236307333,0.6444895013551957,133.45922495288067,134.7444895013552,29318,29397,2012-07-20 12:45:00-04:00,2012-07-25 13:00:00-04:00,val
SPY,inverse_head_shoulders,0,failed_breakout,29784,,2012-08-15 12:15:00-04:00,long,141.31493708992576,0.4678285934751045,140.29789221696964,141.3778285934751,29705,29784,2012-08-10 12:00:00-04:00,2012-08-15 12:15:00-04:00,val
SPY,inverse_head_shoulders,0,failed_breakout,29802,,2012-08-16 10:15:00-04:00,long,140.9262246722497,0.029811485073281574,140.86802189791203,140.9898114850733,29723,29802,2012-08-13 10:00:00-04:00,2012-08-16 10:15:00-04:00,val
SPY,inverse_head_shoulders,0,failed_breakout,29994,,2012-08-27 12:45:00-04:00,long,141.4860862366317,0.960441211257546,140.59033281240116,142.84044121125754,29915,29994,2012-08-22 12:30:00-04:00,2012-08-27 12:45:00-04:00,val
SPY,inverse_head_shoulders,0,failed_breakout,30036,,2012-08-29 10:15:00-04:00,long,141.51244322101053,0.146234282656593,141.48318120682038,141.7262342826566,29957,30036,2012-08-24 10:00:00-04:00,2012-08-29 10:15:00-04:00,val
SPY,inverse_head_shoulders,0,failed_breakout,30114,,2012-09-04 10:15:00-04:00,long,141.15473768308692,0.9619882095546473,140.5163728011591,141.44198820955464,30035,30114,2012-08-29 10:00:00-04:00,2012-09-04 10:15:00-04:00,val
SPY,inverse_head_shoulders,1,confirmed_breakout,30163,30164.0,2012-09-05 16:00:00-04:00,long,141.16541076118034,0.6677021105157905,140.46826613804595,142.9377021105158,30084,30163,2012-08-30 15:45:00-04:00,2012-09-05 16:00:00-04:00,val
SPY,inverse_head_shoulders,0,failed_breakout,30277,,2012-09-12 12:00:00-04:00,long,144.10541188034685,0.31667159074098095,143.8834050012003,144.586671590741,30198,30277,2012-09-07 11:45:00-04:00,2012-09-12 12:00:00-04:00,val
SPY,inverse_head_shoulders,1,confirmed_breakout,30685,30686.0,2012-10-04 10:00:00-04:00,long,145.332544690328,0.7598486452566533,144.12013584178277,146.96984864525666,30606,30685,2012-10-01 09:45:00-04:00,2012-10-04 10:00:00-04:00,val
SPY,inverse_head_shoulders,1,confirmed_breakout,30873,30874.0,2012-10-15 11:30:00-04:00,long,142.7912235973094,0.33024973673170166,142.87393370464858,143.94024973673172,30794,30873,2012-10-10 11:15:00-04:00,2012-10-15 11:30:00-04:00,val
SPY,inverse_head_shoulders,1,confirmed_breakout,31057,31060.0,2012-10-24 12:00:00-04:00,long,140.88037207365792,0.7116541633291149,141.4463839631855,142.3716541633291,30978,31057,2012-10-19 11:45:00-04:00,2012-10-24 12:00:00-04:00,val
SPY,inverse_head_shoulders,1,confirmed_breakout,31153,31154.0,2012-11-01 10:00:00-04:00,long,141.67098683712558,0.5209685632807464,140.8801806760286,142.99096856328075,31074,31153,2012-10-25 09:45:00-04:00,2012-11-01 10:00:00-04:00,val
SPY,inverse_head_shoulders,1,confirmed_breakout,31364,31365.0,2012-11-13 10:45:00-05:00,long,138.3033414298308,0.3762396849509173,138.21242590384466,139.43623968495092,31285,31364,2012-11-08 10:30:00-05:00,2012-11-13 10:45:00-05:00,val
SPY,inverse_head_shoulders,1,confirmed_breakout,31463,31464.0,2012-11-16 16:00:00-05:00,long,136.1023905727202,0.511113621461817,135.35702289200316,138.7111136214618,31384,31463,2012-11-13 15:45:00-05:00,2012-11-16 16:00:00-05:00,val
SPY,inverse_head_shoulders,0,failed_breakout,31653,,2012-11-29 14:30:00-05:00,long,141.9591212922357,1.2761129616403935,140.08858987308923,143.47611296164038,31574,31653,2012-11-26 14:15:00-05:00,2012-11-29 14:30:00-05:00,val
SPY,inverse_head_shoulders,0,failed_breakout,31704,,2012-12-03 14:15:00-05:00,long,142.20922500602987,0.2762495041471027,141.9131183802271,142.0962495041471,31625,31704,2012-11-28 14:00:00-05:00,2012-12-03 14:15:00-05:00,val
SPY,inverse_head_shoulders,0,failed_breakout,31778,,2012-12-06 13:15:00-05:00,long,142.00750945840852,0.4204626325675349,141.06571929051793,142.00046263256755,31699,31778,2012-12-03 13:00:00-05:00,2012-12-06 13:15:00-05:00,val
SPY,inverse_head_shoulders,1,confirmed_breakout,31975,31976.0,2012-12-18 10:30:00-05:00,long,143.74793557068097,0.4045397148128984,142.20346528455462,144.9645397148129,31896,31975,2012-12-13 10:15:00-05:00,2012-12-18 10:30:00-05:00,val
SPY,inverse_head_shoulders,0,failed_breakout,32155,,2012-12-28 13:00:00-05:00,long,140.82533371078517,0.8130705737824542,140.3619020887264,141.71307057378246,32076,32155,2012-12-24 09:45:00-05:00,2012-12-28 13:00:00-05:00,val
SPY,inverse_head_shoulders,0,failed_breakout,32358,,2013-01-10 11:45:00-05:00,long,146.13008576021346,0.6554471932108754,145.25715385942428,146.91544719321087,32279,32358,2013-01-07 11:30:00-05:00,2013-01-10 11:45:00-05:00,val
SPY,inverse_head_shoulders,0,failed_breakout,32457,,2013-01-16 10:30:00-05:00,long,146.72689182470995,0.1834897469667851,146.61265365439965,147.15348974696678,32378,32457,2013-01-11 10:15:00-05:00,2013-01-16 10:30:00-05:00,val
SPY,inverse_head_shoulders,1,confirmed_breakout,32740,32741.0,2013-02-01 09:45:00-05:00,long,149.88615146797508,0.2970429644847741,149.8939464233063,151.19704296448478,32661,32740,2013-01-28 16:00:00-05:00,2013-02-01 09:45:00-05:00,val
SPY,inverse_head_shoulders,0,failed_breakout,32850,,2013-02-07 11:15:00-05:00,long,152.3130169622966,0.24624904541508386,149.8281844926271,150.5462490454151,32771,32850,2013-02-04 11:00:00-05:00,2013-02-07 11:15:00-05:00,val
SPY,inverse_head_shoulders,0,failed_breakout,32910,,2013-02-11 13:15:00-05:00,long,151.86909159366448,0.8518089190447427,150.3285824861386,152.51180891904474,32831,32910,2013-02-06 13:00:00-05:00,2013-02-11 13:15:00-05:00,val
SPY,inverse_head_shoulders,0,failed_breakout,32957,,2013-02-13 12:00:00-05:00,long,152.14050975461004,0.13620829143320634,151.6527612800579,152.1662082914332,32878,32957,2013-02-08 11:45:00-05:00,2013-02-13 12:00:00-05:00,val
SPY,inverse_head_shoulders,0,failed_breakout,33556,,2013-03-19 12:15:00-04:00,long,155.3218038909952,0.4372431604817848,155.13914810466028,154.4672431604818,33477,33556,2013-03-14 12:00:00-04:00,2013-03-19 12:15:00-04:00,val
SPY,inverse_head_shoulders,0,failed_breakout,33719,,2013-03-27 14:00:00-04:00,long,156.02226075078298,0.8693094070489735,154.9104400966729,156.79930940704898,33640,33719,2013-03-22 13:45:00-04:00,2013-03-27 14:00:00-04:00,val
SPY,inverse_head_shoulders,0,failed_breakout,34072,,2013-04-17 11:15:00-04:00,long,156.8582335586053,1.4010038945141332,156.09389764071398,156.25100389451413,33993,34072,2013-04-12 11:00:00-04:00,2013-04-17 11:15:00-04:00,val
SPY,inverse_head_shoulders,0,failed_breakout,34161,,2013-04-22 14:00:00-04:00,long,155.44220766142294,0.5812709373946063,154.2129193308641,156.4012709373946,34082,34161,2013-04-17 13:45:00-04:00,2013-04-22 14:00:00-04:00,val
SPY,inverse_head_shoulders,0,failed_breakout,34317,,2013-04-30 14:00:00-04:00,long,159.56614665434617,1.1813015165501213,158.00942106787488,160.84130151655012,34238,34317,2013-04-25 13:45:00-04:00,2013-04-30 14:00:00-04:00,val
SPY,inverse_head_shoulders,1,confirmed_breakout,34562,34563.0,2013-05-14 10:15:00-04:00,long,163.70622871099457,0.32652095625397237,162.89703992838827,165.00652095625398,34483,34562,2013-05-09 10:00:00-04:00,2013-05-14 10:15:00-04:00,val
SPY,inverse_head_shoulders,1,confirmed_breakout,34717,34718.0,2013-05-22 10:00:00-04:00,long,167.55373405649277,0.2592305714093186,166.89562133079824,168.9592305714093,34638,34717,2013-05-17 09:45:00-04:00,2013-05-22 10:00:00-04:00,val
SPY,inverse_head_shoulders,1,confirmed_breakout,34760,34761.0,2013-05-23 14:15:00-04:00,long,164.63419090535618,0.8190589052225903,165.03146655374852,166.3090589052226,34681,34760,2013-05-20 14:00:00-04:00,2013-05-23 14:15:00-04:00,val
SPY,inverse_head_shoulders,0,failed_breakout,35032,,2013-06-10 10:45:00-04:00,long,164.58848729482915,1.1005207856775314,161.12809444934987,166.21052078567755,34953,35032,2013-06-05 10:30:00-04:00,2013-06-10 10:45:00-04:00,val
SPY,inverse_head_shoulders,1,confirmed_breakout,35162,35163.0,2013-06-17 10:45:00-04:00,long,164.16611634951448,1.8453813545728792,161.95855657566423,166.87538135457288,35083,35162,2013-06-12 10:30:00-04:00,2013-06-17 10:45:00-04:00,val
SPY,inverse_head_shoulders,0,failed_breakout,35727,,2013-07-18 12:00:00-04:00,long,168.27543402870106,0.07134477821261953,167.41232110506496,169.0813447782126,35648,35727,2013-07-15 11:45:00-04:00,2013-07-18 12:00:00-04:00,val
SPY,inverse_head_shoulders,0,failed_breakout,35799,,2013-07-23 10:30:00-04:00,long,169.55203867510605,0.3334610742754762,168.7187610904577,169.6634610742755,35720,35799,2013-07-18 10:15:00-04:00,2013-07-23 10:30:00-04:00,val
SPY,inverse_head_shoulders,0,failed_breakout,35927,,2013-07-30 10:00:00-04:00,long,168.7904087753187,0.6108631101307935,168.13065658686335,169.6108631101308,35848,35927,2013-07-25 09:45:00-04:00,2013-07-30 10:00:00-04:00,val
SPY,inverse_head_shoulders,1,confirmed_breakout,36126,36127.0,2013-08-08 14:15:00-04:00,long,169.18602504738652,0.7035863311087382,168.9200778435991,170.81358633110875,36047,36126,2013-08-05 14:00:00-04:00,2013-08-08 14:15:00-04:00,val
SPY,inverse_head_shoulders,0,failed_breakout,36300,,2013-08-19 12:15:00-04:00,long,165.86643760884385,0.17369619378288803,165.89277821399952,165.93369619378288,36221,36300,2013-08-14 12:00:00-04:00,2013-08-19 12:15:00-04:00,val
SPY,inverse_head_shoulders,0,failed_breakout,36347,,2013-08-21 11:00:00-04:00,long,165.9421685608175,0.7899015752095124,165.16019629598438,165.9599015752095,36268,36347,2013-08-16 10:45:00-04:00,2013-08-21 11:00:00-04:00,val
SPY,inverse_head_shoulders,1,confirmed_breakout,36549,36550.0,2013-08-30 16:00:00-04:00,long,163.65740567617627,0.1865928860264887,163.67672761665372,165.5265928860265,36470,36549,2013-08-27 15:45:00-04:00,2013-08-30 16:00:00-04:00,val
SPY,inverse_head_shoulders,0,failed_breakout,36663,,2013-09-09 12:00:00-04:00,long,166.6999780062617,0.46453822547871937,165.74460776756897,167.4445382254787,36584,36663,2013-09-04 11:45:00-04:00,2013-09-09 12:00:00-04:00,val
SPY,inverse_head_shoulders,1,confirmed_breakout,36988,36993.0,2013-09-25 15:15:00-04:00,long,168.99648604524305,0.20892556021397013,169.55027703587518,170.10892556021398,36909,36988,2013-09-20 15:00:00-04:00,2013-09-25 15:15:00-04:00,val
SPY,inverse_head_shoulders,0,failed_breakout,37013,,2013-09-26 15:00:00-04:00,long,169.53133277610576,0.3008887385069272,169.27457248127467,169.49088873850692,36934,37013,2013-09-23 14:45:00-04:00,2013-09-26 15:00:00-04:00,val
SPY,inverse_head_shoulders,0,failed_breakout,37114,,2013-10-02 14:15:00-04:00,long,169.97126842663377,0.3155070403481375,168.0331345783031,169.17550704034815,37035,37114,2013-09-27 14:00:00-04:00,2013-10-02 14:15:00-04:00,val
SPY,inverse_head_shoulders,1,confirmed_breakout,37156,37157.0,2013-10-04 11:45:00-04:00,long,167.4367113728869,0.7933564297844953,167.5039269455933,169.1933564297845,37077,37156,2013-10-01 11:30:00-04:00,2013-10-04 11:45:00-04:00,val
SPY,inverse_head_shoulders,0,failed_breakout,37389,,2013-10-17 11:30:00-04:00,long,171.997419838865,1.0409870337515486,170.1840479092043,173.36098703375154,37310,37389,2013-10-14 11:15:00-04:00,2013-10-17 11:30:00-04:00,val
SPY,inverse_head_shoulders,0,failed_breakout,37737,,2013-11-05 14:00:00-05:00,long,176.61238028758822,0.9233567597230774,175.61659712745745,177.29335675972308,37658,37737,2013-10-31 13:45:00-04:00,2013-11-05 14:00:00-05:00,val
SPY,inverse_head_shoulders,0,failed_breakout,38273,,2013-12-05 14:30:00-05:00,long,179.24637988830338,0.37606784690973427,179.24630287830857,179.45606784690975,38194,38273,2013-12-02 14:15:00-05:00,2013-12-05 14:30:00-05:00,val
SPY,inverse_head_shoulders,0,failed_breakout,38314,,2013-12-09 11:45:00-05:00,long,180.99577888600658,0.7736327472451023,179.06815282395007,182.2536327472451,38235,38314,2013-12-04 11:30:00-05:00,2013-12-09 11:45:00-05:00,val
SPY,inverse_head_shoulders,1,confirmed_breakout,38435,38436.0,2013-12-13 16:00:00-05:00,long,178.16956801114353,0.19846223413912867,178.12283518004557,179.69846223413913,38356,38435,2013-12-10 15:45:00-05:00,2013-12-13 16:00:00-05:00,val
SPY,inverse_head_shoulders,0,failed_breakout,38497,,2013-12-18 12:00:00-05:00,long,178.75773503749298,0.38622969496867654,178.61725842402586,178.87622969496869,38418,38497,2013-12-13 11:45:00-05:00,2013-12-18 12:00:00-05:00,val
SPY,inverse_head_shoulders,0,failed_breakout,38555,,2013-12-20 13:30:00-05:00,long,181.82971554915008,1.1834184636561815,178.41599466712108,183.0134184636562,38476,38555,2013-12-17 13:15:00-05:00,2013-12-20 13:30:00-05:00,val
SPY,inverse_head_shoulders,0,failed_breakout,38691,,2014-01-02 11:30:00-05:00,long,184.45926051521306,0.23789788240662801,183.67932100915908,183.68789788240662,38612,38691,2013-12-27 11:15:00-05:00,2014-01-02 11:30:00-05:00,val
SPY,inverse_head_shoulders,0,failed_breakout,38791,,2014-01-08 10:30:00-05:00,long,183.54095402282238,0.8689278609768678,182.38100116190475,184.53892786097686,38712,38791,2014-01-03 10:15:00-05:00,2014-01-08 10:30:00-05:00,val
SPY,inverse_head_shoulders,0,failed_breakout,38805,,2014-01-08 14:00:00-05:00,long,183.50182905556505,0.04701984692843553,183.45647407170267,183.62701984692845,38726,38805,2014-01-03 13:45:00-05:00,2014-01-08 14:00:00-05:00,val
SPY,inverse_head_shoulders,0,failed_breakout,38843,,2014-01-10 10:30:00-05:00,long,183.31698329218221,0.15610465828098086,183.27950242710304,183.66610465828097,38764,38843,2014-01-07 10:15:00-05:00,2014-01-10 10:30:00-05:00,val
SPY,inverse_head_shoulders,0,failed_breakout,38946,,2014-01-16 10:15:00-05:00,long,184.62235829459735,1.979942850273659,182.16256075220977,186.26994285027365,38867,38946,2014-01-13 10:00:00-05:00,2014-01-16 10:15:00-05:00,val
SPY,inverse_head_shoulders,0,failed_breakout,39041,,2014-01-22 14:30:00-05:00,long,184.17740659922003,0.4322612780082409,183.6331693245941,184.80226127800825,38962,39041,2014-01-16 14:15:00-05:00,2014-01-22 14:30:00-05:00,val
SPY,inverse_head_shoulders,0,failed_breakout,39222,,2014-01-31 14:15:00-05:00,long,179.542367928076,1.6503545417978387,177.5869779968649,180.61035454179785,39143,39222,2014-01-28 14:00:00-05:00,2014-01-31 14:15:00-05:00,val
SPY,inverse_head_shoulders,0,failed_breakout,39284,,2014-02-05 10:15:00-05:00,long,175.26288799357647,2.0970549034275052,174.47671229796597,176.4670549034275,39205,39284,2014-01-31 10:00:00-05:00,2014-02-05 10:15:00-05:00,val
SPY,inverse_head_shoulders,0,failed_breakout,39591,,2014-02-21 15:30:00-05:00,long,184.60338863261018,1.1506672938757276,183.4252259224327,185.51066729387574,39512,39591,2014-02-18 15:15:00-05:00,2014-02-21 15:30:00-05:00,val
SPY,inverse_head_shoulders,0,failed_breakout,39636,,2014-02-25 13:45:00-05:00,long,186.33868413466118,0.7499021441317097,184.2638691998544,185.8899021441317,39557,39636,2014-02-20 13:30:00-05:00,2014-02-25 13:45:00-05:00,val
SPY,inverse_head_shoulders,0,failed_breakout,39859,,2014-03-10 11:00:00-04:00,long,189.35434540049408,0.3069223432674164,187.68686346324043,187.55692234326742,39780,39859,2014-03-05 10:45:00-05:00,2014-03-10 11:00:00-04:00,val
SPY,inverse_head_shoulders,1,confirmed_breakout,39931,39932.0,2014-03-12 16:00:00-04:00,long,186.4448765357711,0.39206634537228524,186.8204418391579,188.0020663453723,39852,39931,2014-03-07 15:45:00-05:00,2014-03-12 16:00:00-04:00,val
SPY,inverse_head_shoulders,1,confirmed_breakout,40012,40013.0,2014-03-18 10:15:00-04:00,long,186.60601801926845,0.7269370292771953,184.88411899261615,188.3469370292772,39933,40012,2014-03-13 10:00:00-04:00,2014-03-18 10:15:00-04:00,val
SPY,inverse_head_shoulders,0,failed_breakout,40095,,2014-03-21 11:30:00-04:00,long,187.6285816683062,0.8619898552758798,186.8417933620255,188.76198985527589,40016,40095,2014-03-18 11:15:00-04:00,2014-03-21 11:30:00-04:00,val
SPY,inverse_head_shoulders,0,failed_breakout,40432,,2014-04-09 11:15:00-04:00,long,185.09075664178718,0.3136004950393385,184.39432796349243,185.71360049503934,40353,40432,2014-04-04 11:00:00-04:00,2014-04-09 11:15:00-04:00,val
SPY,inverse_head_shoulders,1,confirmed_breakout,41116,41117.0,2014-05-16 13:15:00-04:00,long,186.2709733304573,0.9717900632818157,186.90119411700118,188.24179006328183,41037,41116,2014-05-13 13:00:00-04:00,2014-05-16 13:15:00-04:00,val
SPY,inverse_head_shoulders,1,confirmed_breakout,41447,41450.0,2014-06-05 11:30:00-04:00,long,193.29168445216573,0.3213531718126035,192.5661092163602,194.6913531718126,41368,41447,2014-06-02 11:15:00-04:00,2014-06-05 11:30:00-04:00,val
SPY,inverse_head_shoulders,0,failed_breakout,41630,,2014-06-16 11:45:00-04:00,long,193.99688247986077,0.8088093401614458,193.54982851019625,194.60880934016146,41551,41630,2014-06-11 11:30:00-04:00,2014-06-16 11:45:00-04:00,val
SPY,inverse_head_shoulders,0,failed_breakout,41727,,2014-06-20 10:00:00-04:00,long,196.4761839573615,0.14614330197636605,194.71926826093005,196.01614330197637,41648,41727,2014-06-17 09:45:00-04:00,2014-06-20 10:00:00-04:00,val
SPY,inverse_head_shoulders,0,failed_breakout,41789,,2014-06-24 12:30:00-04:00,long,195.7477969611108,0.06623624048933152,195.7445279381447,196.39623624048934,41710,41789,2014-06-19 12:15:00-04:00,2014-06-24 12:30:00-04:00,val
SPY,inverse_head_shoulders,0,failed_breakout,42000,,2014-07-08 09:45:00-04:00,long,198.43247035435382,0.5394298527709509,197.1444673943223,197.37942985277095,41921,42000,2014-07-01 13:00:00-04:00,2014-07-08 09:45:00-04:00,val
SPY,inverse_head_shoulders,1,confirmed_breakout,42029,42030.0,2014-07-09 10:30:00-04:00,long,195.9736551758165,0.41870210843566724,196.19056358910308,197.39870210843566,41950,42029,2014-07-02 13:45:00-04:00,2014-07-09 10:30:00-04:00,val
SPY,inverse_head_shoulders,1,confirmed_breakout,42100,42101.0,2014-07-11 15:15:00-04:00,long,195.5814752742987,0.5829041611130492,196.10731295106152,197.21290416111304,42021,42100,2014-07-08 15:00:00-04:00,2014-07-11 15:15:00-04:00,val
SPY,inverse_head_shoulders,1,confirmed_breakout,42379,42380.0,2014-07-28 13:30:00-04:00,long,197.0032087302928,0.1301031255426608,197.24890751112193,198.19010312554266,42300,42379,2014-07-23 13:15:00-04:00,2014-07-28 13:30:00-04:00,val
SPY,inverse_head_shoulders,1,confirmed_breakout,42508,42509.0,2014-08-04 13:15:00-04:00,long,191.8659147962279,1.611552546115206,192.27185104102279,194.5615525461152,42429,42508,2014-07-30 13:00:00-04:00,2014-08-04 13:15:00-04:00,val
SPY,inverse_head_shoulders,0,failed_breakout,42581,,2014-08-07 12:00:00-04:00,long,192.13230121092604,0.8542736044575747,191.92158887868058,192.48427360445757,42502,42581,2014-08-04 11:45:00-04:00,2014-08-07 12:00:00-04:00,val
SPY,inverse_head_shoulders,0,failed_breakout,42994,,2014-08-29 11:15:00-04:00,long,200.12323397990215,0.3123084488836696,199.92016806163937,200.75230844888367,42915,42994,2014-08-26 11:00:00-04:00,2014-08-29 11:15:00-04:00,val
SPY,inverse_head_shoulders,0,failed_breakout,43021,,2014-09-02 11:30:00-04:00,long,200.5193002406323,0.1081170291942044,200.10409281082258,200.6481170291942,42942,43021,2014-08-27 11:15:00-04:00,2014-09-02 11:30:00-04:00,val
SPY,inverse_head_shoulders,0,failed_breakout,43075,,2014-09-04 12:00:00-04:00,long,200.9793967796131,0.5657440519416355,200.2054310619454,201.67574405194165,42996,43075,2014-08-29 11:45:00-04:00,2014-09-04 12:00:00-04:00,val
SPY,inverse_head_shoulders,0,failed_breakout,43150,,2014-09-09 11:15:00-04:00,long,200.82721596252222,1.0752662720593094,199.96295317438708,201.2352662720593,43071,43150,2014-09-04 11:00:00-04:00,2014-09-09 11:15:00-04:00,val
SPY,inverse_head_shoulders,0,failed_breakout,43214,,2014-09-11 14:15:00-04:00,long,199.89721963506906,0.7278738267197298,199.2597168316712,200.54787382671972,43135,43214,2014-09-08 14:00:00-04:00,2014-09-11 14:15:00-04:00,val
SPY,inverse_head_shoulders,1,confirmed_breakout,43275,43276.0,2014-09-16 10:00:00-04:00,long,198.4498897215152,0.1580843689517053,198.7406657316762,199.6380843689517,43196,43275,2014-09-11 09:45:00-04:00,2014-09-16 10:00:00-04:00,val
SPY,inverse_head_shoulders,1,confirmed_breakout,43498,43499.0,2014-09-26 13:45:00-04:00,long,196.0328768447909,0.6846099483770445,196.61790015510005,197.95460994837705,43419,43498,2014-09-23 13:30:00-04:00,2014-09-26 13:45:00-04:00,val
SPY,inverse_head_shoulders,1,confirmed_breakout,43871,43872.0,2014-10-16 16:00:00-04:00,long,186.34623558587563,4.150689198743834,183.59149602040196,192.00068919874383,43792,43871,2014-10-13 15:45:00-04:00,2014-10-16 16:00:00-04:00,val
SPY,inverse_head_shoulders,1,confirmed_breakout,44053,44054.0,2014-10-27 16:00:00-04:00,long,195.9410683341619,0.08995151820525393,195.86974255507155,197.01995151820526,43974,44053,2014-10-22 15:45:00-04:00,2014-10-27 16:00:00-04:00,val
SPY,inverse_head_shoulders,0,failed_breakout,44238,,2014-11-06 10:15:00-05:00,long,202.09283274702156,1.3488752748907302,200.76627323626502,203.37887527489073,44159,44238,2014-11-03 10:00:00-05:00,2014-11-06 10:15:00-05:00,val
SPY,inverse_head_shoulders,0,failed_breakout,44372,,2014-11-13 11:15:00-05:00,long,204.0283068877228,0.2406825855975967,203.72340538629368,204.4806825855976,44293,44372,2014-11-10 11:00:00-05:00,2014-11-13 11:15:00-05:00,val
SPY,inverse_head_shoulders,1,confirmed_breakout,44521,44522.0,2014-11-20 16:00:00-05:00,long,205.61691880347445,0.12744275512022796,204.96394594370005,207.41744275512022,44442,44521,2014-11-17 15:45:00-05:00,2014-11-20 16:00:00-05:00,val
SPY,inverse_head_shoulders,1,confirmed_breakout,44666,44667.0,2014-12-02 09:45:00-05:00,long,205.26971849441267,0.4692025742058945,205.88660792146598,206.7792025742059,44587,44666,2014-11-25 13:00:00-05:00,2014-12-02 09:45:00-05:00,val
SPY,inverse_head_shoulders,1,confirmed_breakout,45462,45463.0,2015-01-16 10:15:00-05:00,long,198.3924790523855,2.0814386634560833,199.52359586224821,201.56143866345607,45383,45462,2015-01-13 10:00:00-05:00,2015-01-16 10:15:00-05:00,val
SPY,inverse_head_shoulders,0,failed_breakout,45510,,2015-01-20 15:45:00-05:00,long,201.5647175841538,0.6018182769201132,199.3910761177525,202.75181827692012,45431,45510,2015-01-14 15:30:00-05:00,2015-01-20 15:45:00-05:00,val
SPY,inverse_head_shoulders,1,confirmed_breakout,45651,45653.0,2015-01-28 12:00:00-05:00,long,202.2839639819521,1.3789215891351887,202.82404828789979,204.78892158913519,45572,45651,2015-01-23 11:45:00-05:00,2015-01-28 12:00:00-05:00,val
SPY,inverse_head_shoulders,1,confirmed_breakout,45712,45713.0,2015-01-30 14:15:00-05:00,long,200.50532187535748,2.27140055883811,199.77420181435778,204.35140055883812,45633,45712,2015-01-27 14:00:00-05:00,2015-01-30 14:15:00-05:00,val
SPY,inverse_head_shoulders,1,confirmed_breakout,45741,45742.0,2015-02-02 15:00:00-05:00,long,199.07364662570401,0.7568219613409894,199.46802417053274,201.056821961341,45662,45741,2015-01-28 14:45:00-05:00,2015-02-02 15:00:00-05:00,val
SPY,inverse_head_shoulders,1,confirmed_breakout,45801,45802.0,2015-02-05 10:30:00-05:00,long,204.61661199263605,0.0925630582522956,204.46410443478212,205.8525630582523,45722,45801,2015-02-02 10:15:00-05:00,2015-02-05 10:30:00-05:00,val
SPY,inverse_head_shoulders,1,confirmed_breakout,45929,45930.0,2015-02-12 10:00:00-05:00,long,207.30919615221592,0.8055016728526994,204.79480112889087,209.1755016728527,45850,45929,2015-02-09 09:45:00-05:00,2015-02-12 10:00:00-05:00,val
SPY,inverse_head_shoulders,0,failed_breakout,46117,,2015-02-24 11:30:00-05:00,long,211.24331693407987,0.6910951855213341,209.56125448038287,212.49109518552135,46038,46117,2015-02-19 11:15:00-05:00,2015-02-24 11:30:00-05:00,val
SPY,inverse_head_shoulders,0,failed_breakout,46184,,2015-02-26 15:15:00-05:00,long,211.35821847481125,0.15502209308573356,211.41342426270575,211.21502209308574,46105,46184,2015-02-23 15:00:00-05:00,2015-02-26 15:15:00-05:00,val
SPY,inverse_head_shoulders,0,failed_breakout,46236,,2015-03-02 15:15:00-05:00,long,211.42355362637704,0.40734033318545926,210.99615336790552,212.15734033318546,46157,46236,2015-02-25 15:00:00-05:00,2015-03-02 15:15:00-05:00,val
SPY,inverse_head_shoulders,1,confirmed_breakout,46296,46297.0,2015-03-05 10:45:00-05:00,long,209.61467053823145,0.4305297418711689,209.9616701636832,211.11052974187118,46217,46296,2015-03-02 10:30:00-05:00,2015-03-05 10:45:00-05:00,val
SPY,inverse_head_shoulders,0,failed_breakout,46480,,2015-03-16 11:15:00-04:00,long,207.7804178274017,0.718096642237299,204.87755160640114,208.6280966422373,46401,46480,2015-03-11 11:00:00-04:00,2015-03-16 11:15:00-04:00,val
SPY,inverse_head_shoulders,0,failed_breakout,46579,,2015-03-20 10:00:00-04:00,long,210.64474035118386,1.8710877399074946,207.14588529253874,211.6910877399075,46500,46579,2015-03-17 09:45:00-04:00,2015-03-20 10:00:00-04:00,val
SPY,inverse_head_shoulders,0,failed_breakout,47129,,2015-04-21 11:00:00-04:00,long,209.91198126112417,2.5748901013150203,207.6712883421207,212.45489010131502,47050,47129,2015-04-16 10:45:00-04:00,2015-04-21 11:00:00-04:00,val
SPY,inverse_head_shoulders,0,failed_breakout,47386,,2015-05-05 10:15:00-04:00,long,211.66146191383825,2.3144852298082412,208.64778849959185,212.83448522980825,47307,47386,2015-04-30 10:00:00-04:00,2015-05-05 10:15:00-04:00,val
SPY,inverse_head_shoulders,1,confirmed_breakout,47563,47567.0,2015-05-13 15:30:00-04:00,long,209.96711464896492,1.0305687168295492,209.8155501185757,212.11056871682956,47484,47563,2015-05-08 15:15:00-04:00,2015-05-13 15:30:00-04:00,val
SPY,inverse_head_shoulders,0,failed_breakout,47613,,2015-05-15 15:00:00-04:00,long,212.42180896999344,0.5933769788996699,210.08626194156383,212.91337697889966,47534,47613,2015-05-12 14:45:00-04:00,2015-05-15 15:00:00-04:00,val
SPY,inverse_head_shoulders,0,failed_breakout,47656,,2015-05-19 12:45:00-04:00,long,213.20471372948504,0.15078590609806497,212.11384542272108,213.32078590609805,47577,47656,2015-05-14 12:30:00-04:00,2015-05-19 12:45:00-04:00,val
SPY,inverse_head_shoulders,0,failed_breakout,47707,,2015-05-21 12:30:00-04:00,long,213.24030486417743,0.11984430571507687,212.89507621916013,213.65984430571507,47628,47707,2015-05-18 12:15:00-04:00,2015-05-21 12:30:00-04:00,val
SPY,inverse_head_shoulders,0,failed_breakout,47825,,2015-05-28 16:00:00-04:00,long,212.3915279411473,2.4228513958274505,210.54000191751203,214.91285139582746,47746,47825,2015-05-22 15:45:00-04:00,2015-05-28 16:00:00-04:00,val
SPY,inverse_head_shoulders,0,failed_breakout,47897,,2015-06-02 14:30:00-04:00,long,212.1253586471029,0.6862153498787507,211.19625603374462,212.52621534987875,47818,47897,2015-05-28 14:15:00-04:00,2015-06-02 14:30:00-04:00,val
SPY,inverse_head_shoulders,1,confirmed_breakout,48034,48035.0,2015-06-10 09:45:00-04:00,long,208.76215904880533,0.4129316075735119,208.43236957603654,210.31293160757352,47955,48034,2015-06-04 16:00:00-04:00,2015-06-10 09:45:00-04:00,val
SPY,inverse_head_shoulders,0,failed_breakout,48306,,2015-06-24 12:45:00-04:00,long,211.94330659674543,0.21351844149290855,211.78161420257578,211.3735184414929,48227,48306,2015-06-19 12:30:00-04:00,2015-06-24 12:45:00-04:00,val
SPY,inverse_head_shoulders,1,confirmed_breakout,48423,48424.0,2015-06-30 16:00:00-04:00,long,205.89685254046614,0.9026159381003254,205.86515207392497,208.64261593810033,48344,48423,2015-06-25 15:45:00-04:00,2015-06-30 16:00:00-04:00,val
SPY,inverse_head_shoulders,1,confirmed_breakout,48579,48580.0,2015-07-09 16:00:00-04:00,long,205.66193344862404,1.3766505350475597,205.0320218082446,208.56665053504756,48500,48579,2015-07-06 15:45:00-04:00,2015-07-09 16:00:00-04:00,val
SPY,inverse_head_shoulders,0,failed_breakout,48825,,2015-07-23 12:30:00-04:00,long,211.14846522714618,0.10720286673901569,211.217621860703,210.40720286673903,48746,48825,2015-07-20 12:15:00-04:00,2015-07-23 12:30:00-04:00,val
SPY,inverse_head_shoulders,0,failed_breakout,49498,,2015-08-28 11:45:00-04:00,long,199.20579955308733,6.537664508458619,189.60610703333595,205.55766450845863,49419,49498,2015-08-25 11:30:00-04:00,2015-08-28 11:45:00-04:00,val
SPY,inverse_head_shoulders,1,confirmed_breakout,49579,49580.0,2015-09-02 12:30:00-04:00,long,192.54498178910472,1.6899428510348002,192.3936250686354,195.3299428510348,49500,49579,2015-08-28 12:15:00-04:00,2015-09-02 12:30:00-04:00,val
SPY,inverse_head_shoulders,1,confirmed_breakout,49775,49780.0,2015-09-14 16:00:00-04:00,long,196.0907695702369,1.0071725110913405,195.23356769343926,198.52717251109135,49696,49775,2015-09-09 15:45:00-04:00,2015-09-14 16:00:00-04:00,val
SPY,inverse_head_shoulders,1,confirmed_breakout,49949,49950.0,2015-09-23 14:00:00-04:00,long,193.0596816249583,1.697333275767818,193.14549867802378,195.72733327576782,49870,49949,2015-09-18 13:45:00-04:00,2015-09-23 14:00:00-04:00,val
SPY,inverse_head_shoulders,0,failed_breakout,50087,,2015-09-30 16:00:00-04:00,long,190.7631708759996,1.233696716913471,187.9622775809959,192.90369671691346,50008,50087,2015-09-25 15:45:00-04:00,2015-09-30 16:00:00-04:00,val
SPY,inverse_head_shoulders,0,failed_breakout,50402,,2015-10-19 10:15:00-04:00,long,202.91063476600243,0.879264524439634,199.5104798685853,203.85926452443962,50323,50402,2015-10-14 10:00:00-04:00,2015-10-19 10:15:00-04:00,val
SPY,inverse_head_shoulders,1,confirmed_breakout,50503,50504.0,2015-10-22 16:00:00-04:00,long,205.40293521126776,1.4492648785461881,202.46724904857626,208.8092648785462,50424,50503,2015-10-19 15:45:00-04:00,2015-10-22 16:00:00-04:00,val
SPY,inverse_head_shoulders,0,failed_breakout,50613,,2015-10-29 11:00:00-04:00,long,208.0224935805277,1.461333450881682,206.134580055004,209.8313334508817,50534,50613,2015-10-26 10:45:00-04:00,2015-10-29 11:00:00-04:00,val
SPY,inverse_head_shoulders,0,failed_breakout,50833,,2015-11-10 14:00:00-05:00,long,207.87535070763516,0.07261780266381379,207.61446916272226,208.2026178026638,50754,50833,2015-11-05 13:45:00-05:00,2015-11-10 14:00:00-05:00,val
SPY,inverse_head_shoulders,0,failed_breakout,51195,,2015-12-02 10:00:00-05:00,long,209.8688978258032,0.3497295488147074,208.95302502157614,211.20972954881472,51116,51195,2015-11-25 13:15:00-05:00,2015-12-02 10:00:00-05:00,val
SPY,inverse_head_shoulders,1,confirmed_breakout,51325,51326.0,2015-12-09 10:00:00-05:00,long,206.87322675872474,0.2849521682229579,206.98020621155402,208.22495216822296,51246,51325,2015-12-04 09:45:00-05:00,2015-12-09 10:00:00-05:00,val
SPY,inverse_head_shoulders,0,failed_breakout,51779,,2016-01-05 16:00:00-05:00,long,201.13564198695292,0.377803658219392,199.6305483390161,201.7878036582194,51700,51779,2015-12-30 15:45:00-05:00,2016-01-05 16:00:00-05:00,val
SPY,inverse_head_shoulders,1,confirmed_breakout,51906,51907.0,2016-01-12 15:15:00-05:00,long,192.18214022354772,2.164798513162509,190.91944164747173,195.5147985131625,51827,51906,2016-01-07 15:00:00-05:00,2016-01-12 15:15:00-05:00,val
SPY,inverse_head_shoulders,1,confirmed_breakout,52151,52154.0,2016-01-27 11:30:00-05:00,long,190.32070952923712,1.1105375961980712,188.58226088321922,192.52053759619807,52072,52151,2016-01-22 11:15:00-05:00,2016-01-27 11:30:00-05:00,val
SPY,inverse_head_shoulders,0,near_miss,52405,,2016-02-10 10:00:00-05:00,long,184.93719779637837,7.4929926648858896,183.62388271441588,194.59299266488588,52326,52405,2016-02-05 09:45:00-05:00,2016-02-10 10:00:00-05:00,val
SPY,inverse_head_shoulders,1,confirmed_breakout,52585,52586.0,2016-02-19 16:00:00-05:00,long,191.55799294331908,0.5680239406406429,191.5086692491386,195.06802394064064,52506,52585,2016-02-16 15:45:00-05:00,2016-02-19 16:00:00-05:00,val
SPY,inverse_head_shoulders,0,failed_breakout,52789,,2016-03-02 15:00:00-05:00,long,198.14052918536808,1.6930374716363588,194.5975067381663,200.15303747163637,52710,52789,2016-02-26 14:45:00-05:00,2016-03-02 15:00:00-05:00,val
SPY,inverse_head_shoulders,1,confirmed_breakout,52924,52925.0,2016-03-10 09:45:00-05:00,long,199.1744893339746,0.34048534074807435,199.01566408656285,201.13048534074807,52845,52924,2016-03-04 16:00:00-05:00,2016-03-10 09:45:00-05:00,val
SPY,inverse_head_shoulders,0,failed_breakout,52995,,2016-03-14 14:30:00-04:00,long,202.8725921469192,2.3568452678785548,198.22940572809324,205.00684526787856,52916,52995,2016-03-09 14:15:00-05:00,2016-03-14 14:30:00-04:00,unused
SPY,inverse_head_shoulders,1,confirmed_breakout,53047,53048.0,2016-03-16 14:30:00-04:00,long,202.17768314324164,0.9507014050479086,201.5757850104741,204.5107014050479,52968,53047,2016-03-11 14:15:00-05:00,2016-03-16 14:30:00-04:00,unused
SPY,inverse_head_shoulders,0,failed_breakout,53422,,2016-04-07 10:45:00-04:00,long,205.65709220592007,0.5064470912840022,204.4115391134039,205.056447091284,53343,53422,2016-04-04 10:30:00-04:00,2016-04-07 10:45:00-04:00,test
SPY,inverse_head_shoulders,1,confirmed_breakout,53470,53471.0,2016-04-11 09:45:00-04:00,long,204.529748320019,1.3800472152138354,203.8037170302553,207.01004721521383,53391,53470,2016-04-05 16:00:00-04:00,2016-04-11 09:45:00-04:00,test
SPY,inverse_head_shoulders,0,failed_breakout,53789,,2016-04-27 11:30:00-04:00,long,208.85767319545644,0.8916584846548403,207.90983167874973,209.44165848465485,53710,53789,2016-04-22 11:15:00-04:00,2016-04-27 11:30:00-04:00,test
SPY,inverse_head_shoulders,0,failed_breakout,54007,,2016-05-09 14:00:00-04:00,long,205.768595055094,1.1464599427613962,204.4739487109439,207.0264599427614,53928,54007,2016-05-04 13:45:00-04:00,2016-05-09 14:00:00-04:00,test
SPY,inverse_head_shoulders,0,failed_breakout,54261,,2016-05-23 12:30:00-04:00,long,205.72870742774074,2.376188787186692,203.31364522087023,207.79618878718668,54182,54261,2016-05-18 12:15:00-04:00,2016-05-23 12:30:00-04:00,test
SPY,inverse_head_shoulders,1,confirmed_breakout,54275,54276.0,2016-05-23 16:00:00-04:00,long,205.56612086743638,0.08399319878043343,205.42493053580748,206.74399319878043,54196,54275,2016-05-18 15:45:00-04:00,2016-05-23 16:00:00-04:00,test
SPY,inverse_head_shoulders,0,failed_breakout,54385,,2016-05-31 11:00:00-04:00,long,209.9733046163082,0.4007725879303905,209.2288444374449,210.6707725879304,54306,54385,2016-05-25 10:45:00-04:00,2016-05-31 11:00:00-04:00,test
SPY,inverse_head_shoulders,0,failed_breakout,54449,,2016-06-02 14:00:00-04:00,long,210.3515376670236,0.28061036484407964,209.46709199335,210.67061036484407,54370,54449,2016-05-27 13:45:00-04:00,2016-06-02 14:00:00-04:00,test
SPY,inverse_head_shoulders,0,failed_breakout,54790,,2016-06-21 14:45:00-04:00,long,209.50273268327865,1.860246181491675,206.40555148282954,210.55024618149167,54711,54790,2016-06-16 14:30:00-04:00,2016-06-21 14:45:00-04:00,test
SPY,inverse_head_shoulders,0,failed_breakout,55089,,2016-07-08 11:30:00-04:00,long,210.93122101362007,0.5676429998347032,207.88003682195276,212.7476429998347,55010,55089,2016-07-05 11:15:00-04:00,2016-07-08 11:30:00-04:00,test
SPY,inverse_head_shoulders,0,failed_breakout,55485,,2016-07-29 13:00:00-04:00,long,216.71727976479625,0.47706960024774503,216.12230639424246,217.58706960024776,55406,55485,2016-07-26 12:45:00-04:00,2016-07-29 13:00:00-04:00,test
SPY,inverse_head_shoulders,1,confirmed_breakout,55582,55585.0,2016-08-04 11:15:00-04:00,long,215.5091056400313,1.4176402102737597,215.04032652189622,218.05764021027375,55503,55582,2016-08-01 11:00:00-04:00,2016-08-04 11:15:00-04:00,test
SPY,inverse_head_shoulders,0,failed_breakout,55861,,2016-08-18 16:00:00-04:00,long,218.52478498172204,1.4947449155657466,217.37179423963917,220.36474491556575,55782,55861,2016-08-15 15:45:00-04:00,2016-08-18 16:00:00-04:00,test
SPY,inverse_head_shoulders,0,failed_breakout,55900,,2016-08-22 12:45:00-04:00,long,218.47756526492373,0.21256530998709877,218.3402047746359,218.7025653099871,55821,55900,2016-08-17 12:30:00-04:00,2016-08-22 12:45:00-04:00,test
SPY,inverse_head_shoulders,1,confirmed_breakout,55913,55914.0,2016-08-22 16:00:00-04:00,long,218.2766337198136,0.09940768476553785,218.32440027550896,219.55940768476555,55834,55913,2016-08-17 15:45:00-04:00,2016-08-22 16:00:00-04:00,test
SPY,inverse_head_shoulders,0,failed_breakout,55987,,2016-08-25 15:00:00-04:00,long,217.82324037961956,0.16997470583618224,217.8567472560145,217.50997470583619,55908,55987,2016-08-22 14:45:00-04:00,2016-08-25 15:00:00-04:00,test
SPY,inverse_head_shoulders,0,failed_breakout,56151,,2016-09-06 10:30:00-04:00,long,218.4751669572701,0.7941215429582655,216.67907714517514,218.83412154295826,56072,56151,2016-08-31 10:15:00-04:00,2016-09-06 10:30:00-04:00,test
SPY,inverse_head_shoulders,1,confirmed_breakout,56334,56335.0,2016-09-15 10:45:00-04:00,long,212.94469128797573,1.4318579193757728,213.18207564231392,215.87185791937577,56255,56334,2016-09-12 10:30:00-04:00,2016-09-15 10:45:00-04:00,test
SPY,inverse_head_shoulders,0,failed_breakout,56669,,2016-10-04 10:00:00-04:00,long,216.99665425843577,1.4020885769871825,215.11472403738816,217.4220885769872,56590,56669,2016-09-29 09:45:00-04:00,2016-10-04 10:00:00-04:00,test
SPY,inverse_head_shoulders,0,failed_breakout,56795,,2016-10-10 15:30:00-04:00,long,216.36914905298173,1.2723281660364307,214.75620173055248,217.46232816603643,56716,56795,2016-10-05 15:15:00-04:00,2016-10-10 15:30:00-04:00,test
SPY,inverse_head_shoulders,0,failed_breakout,57058,,2016-10-25 09:45:00-04:00,long,214.88014488925486,0.8032831945460259,213.4643311665142,215.51328319454603,56979,57058,2016-10-19 16:00:00-04:00,2016-10-25 09:45:00-04:00,test
SPY,inverse_head_shoulders,0,failed_breakout,57134,,2016-10-27 15:45:00-04:00,long,213.64566319751623,0.1277037655702884,213.5906632662422,213.3177037655703,57055,57134,2016-10-24 15:30:00-04:00,2016-10-27 15:45:00-04:00,test
SPY,inverse_head_shoulders,1,confirmed_breakout,57291,57292.0,2016-11-04 16:00:00-04:00,long,209.5983696741564,0.88763749171315,208.93326523360292,212.66763749171315,57212,57291,2016-11-01 15:45:00-04:00,2016-11-04 16:00:00-04:00,test
SPY,inverse_head_shoulders,0,failed_breakout,57705,,2016-11-30 12:00:00-05:00,long,221.2497152390397,0.46168601734541426,220.67133626488342,221.5316860173454,57626,57705,2016-11-23 15:15:00-05:00,2016-11-30 12:00:00-05:00,test
SPY,inverse_head_shoulders,1,confirmed_breakout,57773,57774.0,2016-12-02 16:00:00-05:00,long,219.42610736396222,0.6854568266048204,219.50130143762607,221.36545682660483,57694,57773,2016-11-29 15:45:00-05:00,2016-12-02 16:00:00-05:00,test
SPY,inverse_head_shoulders,1,confirmed_breakout,58065,58066.0,2016-12-20 11:00:00-05:00,long,225.30068149569738,1.2943481072112206,224.97455408332203,227.73434810721122,57986,58065,2016-12-15 10:45:00-05:00,2016-12-20 11:00:00-05:00,test
SPY,inverse_head_shoulders,0,failed_breakout,58146,,2016-12-23 11:45:00-05:00,long,225.22621091243002,0.3052388257229097,225.20536293019904,225.6552388257229,58067,58146,2016-12-20 11:30:00-05:00,2016-12-23 11:45:00-05:00,test
SPY,inverse_head_shoulders,1,confirmed_breakout,58293,58294.0,2017-01-03 16:00:00-05:00,long,224.63743538140463,1.1194568370647744,223.31432647208237,227.04945683706478,58214,58293,2016-12-28 15:45:00-05:00,2017-01-03 16:00:00-05:00,test
SPY,inverse_head_shoulders,0,failed_breakout,58509,,2017-01-17 11:30:00-05:00,long,227.28726792300017,1.1151140387161433,225.63413992582764,227.57511403871615,58430,58509,2017-01-11 11:15:00-05:00,2017-01-17 11:30:00-05:00,test
SPY,inverse_head_shoulders,0,failed_breakout,58819,,2017-02-02 11:00:00-05:00,long,228.16990567929255,0.2721338004615461,226.687157362542,228.26213380046156,58740,58819,2017-01-30 10:45:00-05:00,2017-02-02 11:00:00-05:00,test
SPY,inverse_head_shoulders,0,failed_breakout,59153,,2017-02-22 10:00:00-05:00,long,236.21965206172402,0.43453057711181486,234.29615567011356,236.42453057711182,59074,59153,2017-02-16 09:45:00-05:00,2017-02-22 10:00:00-05:00,test
SPY,inverse_head_shoulders,0,failed_breakout,59187,,2017-02-23 12:00:00-05:00,long,236.3441862397489,0.08037651248844213,236.22985377442376,236.12037651248843,59108,59187,2017-02-17 11:45:00-05:00,2017-02-23 12:00:00-05:00,test
SPY,inverse_head_shoulders,1,confirmed_breakout,59229,59231.0,2017-02-24 16:00:00-05:00,long,235.61018323138268,0.14979913607038498,235.9989978149586,236.99979913607038,59150,59229,2017-02-21 15:45:00-05:00,2017-02-24 16:00:00-05:00,test
SPY,inverse_head_shoulders,0,failed_breakout,59492,,2017-03-13 10:15:00-04:00,long,237.42402269558514,0.6299880554707897,236.48765615860822,238.2199880554708,59413,59492,2017-03-08 10:00:00-05:00,2017-03-13 10:15:00-04:00,test
SPY,inverse_head_shoulders,0,failed_breakout,59815,,2017-03-29 13:00:00-04:00,long,235.44046382414894,1.966253673323905,232.9312255632433,237.1962536733239,59736,59815,2017-03-24 12:45:00-04:00,2017-03-29 13:00:00-04:00,test
SPY,inverse_head_shoulders,0,failed_breakout,60019,,2017-04-10 12:00:00-04:00,long,235.5848615933016,0.35367166978679165,235.22595213507566,235.6336716697868,59940,60019,2017-04-05 11:45:00-04:00,2017-04-10 12:00:00-04:00,test
SPY,inverse_head_shoulders,0,failed_breakout,60087,,2017-04-12 16:00:00-04:00,long,234.22857646271243,1.0509230620388905,234.14749127612214,235.15092306203888,60008,60087,2017-04-07 15:45:00-04:00,2017-04-12 16:00:00-04:00,test
SPY,inverse_head_shoulders,0,failed_breakout,60165,,2017-04-18 16:00:00-04:00,long,234.13243044701085,1.053191185612775,233.15400666556013,234.9131911856128,60086,60165,2017-04-12 15:45:00-04:00,2017-04-18 16:00:00-04:00,test
SPY,inverse_head_shoulders,0,failed_breakout,60419,,2017-05-02 14:30:00-04:00,long,238.98314044393197,0.6834630976720462,238.10831407086556,239.34346309767204,60340,60419,2017-04-27 14:15:00-04:00,2017-05-02 14:30:00-04:00,test
SPY,inverse_head_shoulders,1,confirmed_breakout,60634,60635.0,2017-05-15 09:45:00-04:00,long,238.81203845445583,0.7402822263002236,238.80640820412796,240.77028222630022,60555,60634,2017-05-09 16:00:00-04:00,2017-05-15 09:45:00-04:00,test
SPY,inverse_head_shoulders,0,failed_breakout,60773,,2017-05-22 12:00:00-04:00,long,239.0008783445772,0.5784002210614574,236.33407169983542,239.84840022106147,60694,60773,2017-05-17 11:45:00-04:00,2017-05-22 12:00:00-04:00,test
SPY,inverse_head_shoulders,0,failed_breakout,61091,,2017-06-08 13:30:00-04:00,long,243.63796233828865,0.29928893476457574,243.32552350803152,244.00928893476458,61012,61091,2017-06-05 13:15:00-04:00,2017-06-08 13:30:00-04:00,test
SPY,inverse_head_shoulders,0,failed_breakout,61201,,2017-06-14 15:00:00-04:00,long,244.40546345364396,1.7635022861803122,242.74677297719217,245.47350228618032,61122,61201,2017-06-09 14:45:00-04:00,2017-06-14 15:00:00-04:00,test
SPY,inverse_head_shoulders,0,failed_breakout,61290,,2017-06-20 11:15:00-04:00,long,244.41729737816007,1.6154042393078214,242.2379120548727,245.5054042393078,61211,61290,2017-06-15 11:00:00-04:00,2017-06-20 11:15:00-04:00,test
SPY,inverse_head_shoulders,0,failed_breakout,61375,,2017-06-23 13:00:00-04:00,long,243.26305758725917,0.9817163992711926,242.78875255327546,244.30171639927119,61296,61375,2017-06-20 12:45:00-04:00,2017-06-23 13:00:00-04:00,test
SPY,inverse_head_shoulders,0,failed_breakout,61622,,2017-07-10 12:45:00-04:00,long,242.09253525864955,1.4198392382648137,241.00126141577894,244.0198392382648,61543,61622,2017-07-05 12:30:00-04:00,2017-07-10 12:45:00-04:00,test
SPY,inverse_head_shoulders,0,failed_breakout,61703,,2017-07-13 13:30:00-04:00,long,244.17156163173104,1.2410522837128326,241.82313248836778,245.64105228371284,61624,61703,2017-07-10 13:15:00-04:00,2017-07-13 13:30:00-04:00,test
SPY,inverse_head_shoulders,0,failed_breakout,61932,,2017-07-26 12:15:00-04:00,long,247.7731805649084,0.4626091324567483,246.51708515205664,248.09260913245674,61853,61932,2017-07-21 12:00:00-04:00,2017-07-26 12:15:00-04:00,test
SPY,inverse_head_shoulders,0,failed_breakout,62016,,2017-07-31 13:45:00-04:00,long,246.90820226871378,0.2152433293207423,246.5310763101634,247.15524332932074,61937,62016,2017-07-26 13:30:00-04:00,2017-07-31 13:45:00-04:00,test
SPY,inverse_head_shoulders,0,failed_breakout,62090,,2017-08-03 12:45:00-04:00,long,247.20525006128568,0.4600009462496928,246.7940121162477,247.50000094624968,62011,62090,2017-07-31 12:30:00-04:00,2017-08-03 12:45:00-04:00,test
SPY,inverse_head_shoulders,0,failed_breakout,62113,,2017-08-04 12:00:00-04:00,long,247.06168931773388,0.09697359491374868,247.02816904866103,247.52697359491376,62034,62113,2017-08-01 11:45:00-04:00,2017-08-04 12:00:00-04:00,test
SPY,inverse_head_shoulders,0,failed_breakout,62168,,2017-08-08 12:45:00-04:00,long,247.7826632015961,0.15551030800762078,247.27508703370242,248.70551030800763,62089,62168,2017-08-03 12:30:00-04:00,2017-08-08 12:45:00-04:00,test
SPY,inverse_head_shoulders,0,failed_breakout,62295,,2017-08-15 12:00:00-04:00,long,246.96911851883027,0.6763318131241931,244.21473726341978,247.0563318131242,62216,62295,2017-08-10 11:45:00-04:00,2017-08-15 12:00:00-04:00,test
SPY,inverse_head_shoulders,1,confirmed_breakout,62415,62416.0,2017-08-21 16:00:00-04:00,long,242.6185763442218,0.3997778697804506,242.63442089126616,244.65977786978044,62336,62415,2017-08-16 15:45:00-04:00,2017-08-21 16:00:00-04:00,test
SPY,inverse_head_shoulders,0,failed_breakout,62552,,2017-08-29 11:15:00-04:00,long,245.42885289487614,0.2772727645947839,244.2303616824401,244.65727276459478,62473,62552,2017-08-24 11:00:00-04:00,2017-08-29 11:15:00-04:00,test
SPY,inverse_head_shoulders,0,failed_breakout,62742,,2017-09-08 13:15:00-04:00,long,246.76667464908357,0.12006100377800522,246.73411853473775,246.910061003778,62663,62742,2017-09-05 13:00:00-04:00,2017-09-08 13:15:00-04:00,test
SPY,inverse_head_shoulders,0,failed_breakout,62813,,2017-09-13 11:30:00-04:00,long,250.12981344359588,0.4003876488158653,246.68609287242757,250.38038764881586,62734,62813,2017-09-08 11:15:00-04:00,2017-09-13 11:30:00-04:00,test
SPY,inverse_head_shoulders,0,failed_breakout,62920,,2017-09-19 12:15:00-04:00,long,249.81475031194006,0.9755881293488926,248.99157632394324,250.95558812934888,62841,62920,2017-09-14 12:00:00-04:00,2017-09-19 12:15:00-04:00,test
SPY,inverse_head_shoulders,0,failed_breakout,63321,,2017-10-10 15:00:00-04:00,long,254.31208212422453,0.24878097391214737,254.04412532503648,254.56878097391214,63242,63321,2017-10-05 14:45:00-04:00,2017-10-10 15:00:00-04:00,test
SPY,inverse_head_shoulders,0,failed_breakout,63445,,2017-10-17 13:30:00-04:00,long,255.21520320729744,0.10568345668886536,255.04596447813336,255.19568345668887,63366,63445,2017-10-12 13:15:00-04:00,2017-10-17 13:30:00-04:00,test
SPY,inverse_head_shoulders,0,failed_breakout,63635,,2017-10-26 15:30:00-04:00,long,255.89134795580884,1.5196520682470407,254.75625509687328,257.28965206824705,63556,63635,2017-10-23 15:15:00-04:00,2017-10-26 15:30:00-04:00,test
SPY,inverse_head_shoulders,0,failed_breakout,63916,,2017-11-10 14:15:00-05:00,long,257.5893459920016,0.9965693197306678,257.3269185996001,259.0965693197307,63837,63916,2017-11-07 14:00:00-05:00,2017-11-10 14:15:00-05:00,test
SPY,inverse_head_shoulders,0,failed_breakout,64262,,2017-12-01 12:45:00-05:00,long,265.8846744116451,0.5148757846230865,262.5954675648246,263.9448757846231,64183,64262,2017-11-28 12:30:00-05:00,2017-12-01 12:45:00-05:00,test
SPY,inverse_head_shoulders,0,failed_breakout,64317,,2017-12-05 13:30:00-05:00,long,266.1843572826962,1.5313125377747383,263.6034734756099,265.9313125377747,64238,64317,2017-11-30 13:15:00-05:00,2017-12-05 13:30:00-05:00,test
SPY,inverse_head_shoulders,1,confirmed_breakout,64364,64367.0,2017-12-07 12:15:00-05:00,long,262.89774746377725,0.45216926944095803,263.21076073945676,264.76216926944096,64285,64364,2017-12-04 12:00:00-05:00,2017-12-07 12:15:00-05:00,test
SPY,inverse_head_shoulders,0,failed_breakout,64566,,2017-12-19 10:45:00-05:00,long,268.4325091422274,1.8669223736239928,265.8578793665911,269.486922373624,64487,64566,2017-12-14 10:30:00-05:00,2017-12-19 10:45:00-05:00,test
SPY,inverse_head_shoulders,0,failed_breakout,64726,,2017-12-28 11:45:00-05:00,long,267.4781759521813,0.33151340429520815,267.0824230946645,267.9815134042952,64647,64726,2017-12-22 11:30:00-05:00,2017-12-28 11:45:00-05:00,test
SPY,inverse_head_shoulders,1,confirmed_breakout,65313,65314.0,2018-01-31 15:30:00-05:00,long,280.7165491181706,1.1894050507156635,281.9407744761056,283.44940505071565,65234,65313,2018-01-26 15:15:00-05:00,2018-01-31 15:30:00-05:00,test
SPY,inverse_head_shoulders,0,near_miss,65452,,2018-02-08 11:15:00-05:00,long,270.88948201377247,5.93694464953569,263.89542626821736,270.4169446495357,65373,65452,2018-02-05 11:00:00-05:00,2018-02-08 11:15:00-05:00,test
SPY,inverse_head_shoulders,1,confirmed_breakout,65541,65542.0,2018-02-13 14:00:00-05:00,long,264.93062591679245,11.825974744024023,255.76405987427998,278.135974744024,65462,65541,2018-02-08 13:45:00-05:00,2018-02-13 14:00:00-05:00,test
SPY,inverse_head_shoulders,1,confirmed_breakout,65965,65966.0,2018-03-08 16:00:00-05:00,long,273.32901601072473,1.7026708800669326,271.1982589158633,277.2226708800669,65886,65965,2018-03-05 15:45:00-05:00,2018-03-08 16:00:00-05:00,test
SPY,inverse_head_shoulders,1,confirmed_breakout,66169,66170.0,2018-03-20 15:00:00-04:00,long,270.0522453280111,2.566042958848982,269.68106950650747,274.106042958849,66090,66169,2018-03-15 14:45:00-04:00,2018-03-20 15:00:00-04:00,test
SPY,inverse_head_shoulders,1,confirmed_breakout,66515,66516.0,2018-04-10 10:30:00-04:00,long,263.6341396737185,4.656165686781492,260.119624565251,269.8961656867815,66436,66515,2018-04-05 10:15:00-04:00,2018-04-10 10:30:00-04:00,test
SPY,inverse_head_shoulders,0,failed_breakout,66591,,2018-04-13 10:00:00-04:00,long,266.3122566748227,1.1902807461154907,264.2320627014484,267.7602807461155,66512,66591,2018-04-10 09:45:00-04:00,2018-04-13 10:00:00-04:00,test
SPY,inverse_head_shoulders,1,confirmed_breakout,66812,66813.0,2018-04-25 13:15:00-04:00,long,261.3464835964052,0.9486279901789203,262.13326520934226,263.60862799017895,66733,66812,2018-04-20 13:00:00-04:00,2018-04-25 13:15:00-04:00,test
SPY,inverse_head_shoulders,1,confirmed_breakout,66945,66946.0,2018-05-02 14:00:00-04:00,long,263.83824236009565,2.460436331591552,262.8766873881538,267.83043633159156,66866,66945,2018-04-27 13:45:00-04:00,2018-05-02 14:00:00-04:00,test
SPY,inverse_head_shoulders,0,failed_breakout,67300,,2018-05-22 11:45:00-04:00,long,273.75865474370727,1.0180530697521135,271.49455903521886,274.6980530697521,67221,67300,2018-05-17 11:30:00-04:00,2018-05-22 11:45:00-04:00,test
SPY,inverse_head_shoulders,0,failed_breakout,67362,,2018-05-24 14:15:00-04:00,long,272.299158413002,1.2362698166064092,271.6454210056831,274.02626981660643,67283,67362,2018-05-21 14:00:00-04:00,2018-05-24 14:15:00-04:00,test
SPY,inverse_head_shoulders,1,confirmed_breakout,67942,67943.0,2018-06-27 09:45:00-04:00,long,271.8570639652294,3.534383629627598,270.19807718022554,276.8243836296276,67863,67942,2018-06-21 16:00:00-04:00,2018-06-27 09:45:00-04:00,test
SPY,inverse_head_shoulders,1,confirmed_breakout,67984,67985.0,2018-06-28 13:45:00-04:00,long,268.8299629385192,0.4723963603900643,269.6869143155665,270.8823963603901,67905,67984,2018-06-25 13:30:00-04:00,2018-06-28 13:45:00-04:00,test
SPY,inverse_head_shoulders,0,failed_breakout,68309,,2018-07-18 13:30:00-04:00,long,280.792573817915,0.6398940143781715,279.13753046017894,281.6098940143782,68230,68309,2018-07-13 13:15:00-04:00,2018-07-18 13:30:00-04:00,test
SPY,inverse_head_shoulders,0,failed_breakout,68432,,2018-07-25 11:45:00-04:00,long,282.2505675885111,1.2944233213121947,279.59170915862995,283.3044233213122,68353,68432,2018-07-20 11:30:00-04:00,2018-07-25 11:45:00-04:00,test
SPY,inverse_head_shoulders,0,failed_breakout,68563,,2018-08-01 12:00:00-04:00,long,281.7785025673299,0.4584593813902984,280.02665634197,281.4184593813903,68484,68563,2018-07-27 11:45:00-04:00,2018-08-01 12:00:00-04:00,test
SPY,inverse_head_shoulders,0,failed_breakout,68882,,2018-08-17 13:45:00-04:00,long,284.69087116644044,3.1847955384728266,281.0271371482834,287.41479553847284,68803,68882,2018-08-14 13:30:00-04:00,2018-08-17 13:45:00-04:00,test
SPY,inverse_head_shoulders,1,confirmed_breakout,68999,69000.0,2018-08-24 10:30:00-04:00,long,285.7600855544014,0.19504259629684384,285.9012462679025,287.4750425962968,68920,68999,2018-08-21 10:15:00-04:00,2018-08-24 10:30:00-04:00,test
SPY,inverse_head_shoulders,0,failed_breakout,69265,,2018-09-10 12:00:00-04:00,long,287.5548299817518,0.3130318353265693,287.51032535178877,288.7430318353266,69186,69265,2018-09-05 11:45:00-04:00,2018-09-10 12:00:00-04:00,test
SPY,inverse_head_shoulders,0,failed_breakout,69323,,2018-09-12 13:30:00-04:00,long,289.4095285453232,0.44672782439533876,288.0995270823273,289.60672782439536,69244,69323,2018-09-07 13:15:00-04:00,2018-09-12 13:30:00-04:00,test
SPY,inverse_head_shoulders,0,failed_breakout,69368,,2018-09-14 11:45:00-04:00,long,290.7851947136308,0.4126920678399415,288.8955031573807,291.5626920678399,69289,69368,2018-09-11 11:30:00-04:00,2018-09-14 11:45:00-04:00,test
SPY,inverse_head_shoulders,1,confirmed_breakout,69467,69468.0,2018-09-20 10:30:00-04:00,long,291.45346615570736,1.2331954492257182,289.70636800718853,294.34319544922573,69388,69467,2018-09-17 10:15:00-04:00,2018-09-20 10:30:00-04:00,test
SPY,inverse_head_shoulders,1,confirmed_breakout,69644,69646.0,2018-09-28 15:45:00-04:00,long,290.40537630931755,0.40906509890152165,290.69011221148617,292.82906509890154,69565,69644,2018-09-25 15:30:00-04:00,2018-09-28 15:45:00-04:00,test
SPY,inverse_head_shoulders,0,failed_breakout,69687,,2018-10-02 13:30:00-04:00,long,293.8804837467223,0.7802837646009948,290.6742744247002,292.880283764601,69608,69687,2018-09-27 13:15:00-04:00,2018-10-02 13:30:00-04:00,test
SPY,inverse_head_shoulders,0,failed_breakout,69832,,2018-10-10 10:45:00-04:00,long,288.22855580059365,1.5544575729205121,286.3688973259753,285.9844575729205,69753,69832,2018-10-05 10:30:00-04:00,2018-10-10 10:45:00-04:00,test
SPY,inverse_head_shoulders,1,confirmed_breakout,69935,69936.0,2018-10-16 10:30:00-04:00,long,276.1845360375884,1.727717739471359,273.8405906999999,279.34771773947136,69856,69935,2018-10-11 10:15:00-04:00,2018-10-16 10:30:00-04:00,test
SPY,inverse_head_shoulders,1,confirmed_breakout,70165,70166.0,2018-10-26 16:00:00-04:00,long,265.2409759504791,2.9943968681126876,265.38698919512143,271.7843968681127,70086,70165,2018-10-23 15:45:00-04:00,2018-10-26 16:00:00-04:00,test
SPY,inverse_head_shoulders,1,confirmed_breakout,70198,70199.0,2018-10-30 11:15:00-04:00,long,264.1309133743275,0.8228248749924774,264.43341439770336,266.6728248749925,70119,70198,2018-10-25 11:00:00-04:00,2018-10-30 11:15:00-04:00,test
SPY,inverse_head_shoulders,0,failed_breakout,70557,,2018-11-19 10:00:00-05:00,long,273.09945209401934,1.6981577183724426,269.2779017818848,274.24815771837245,70478,70557,2018-11-14 09:45:00-05:00,2018-11-19 10:00:00-05:00,test
SPY,inverse_head_shoulders,1,confirmed_breakout,70674,70676.0,2018-11-27 09:45:00-05:00,long,266.17096508086547,2.3602289000880887,264.0710643127332,269.88022890008807,70595,70674,2018-11-20 13:00:00-05:00,2018-11-27 09:45:00-05:00,test
SPY,inverse_head_shoulders,1,confirmed_breakout,71047,71048.0,2018-12-18 12:00:00-05:00,long,255.93279358949673,1.4802780513829816,256.04809857877495,258.860278051383,70968,71047,2018-12-13 11:45:00-05:00,2018-12-18 12:00:00-05:00,test
SPY,inverse_head_shoulders,1,confirmed_breakout,71203,71204.0,2018-12-27 15:00:00-05:00,long,241.2269677250472,8.939487981429778,235.47702606055682,251.9294879814298,71124,71203,2018-12-21 11:45:00-05:00,2018-12-27 15:00:00-05:00,test
SPY,inverse_head_shoulders,0,failed_breakout,71267,,2019-01-02 11:30:00-05:00,long,249.1578687257159,0.42845103982816113,248.62981191132664,249.94845103982817,71188,71267,2018-12-27 11:15:00-05:00,2019-01-02 11:30:00-05:00,test
SPY,inverse_head_shoulders,1,confirmed_breakout,71493,71494.0,2019-01-14 16:00:00-05:00,long,257.6308818502398,0.37856039293529875,257.7686178080369,259.4985603929353,71414,71493,2019-01-09 15:45:00-05:00,2019-01-14 16:00:00-05:00,test
SPY,inverse_head_shoulders,0,failed_breakout,71525,,2019-01-16 11:00:00-05:00,long,260.3162048533246,0.2651389230347263,257.85836199104807,261.4751389230347,71446,71525,2019-01-11 10:45:00-05:00,2019-01-16 11:00:00-05:00,test
SPY,inverse_head_shoulders,0,failed_breakout,71747,,2019-01-29 14:30:00-05:00,long,263.31739868612567,1.897641217299963,262.73994005568215,265.28764121729995,71668,71747,2019-01-24 14:15:00-05:00,2019-01-29 14:30:00-05:00,test
SPY,inverse_head_shoulders,0,failed_breakout,72093,,2019-02-19 10:00:00-05:00,long,276.657844385453,1.3842284256793391,274.1887287026241,278.70422842567933,72014,72093,2019-02-13 09:45:00-05:00,2019-02-19 10:00:00-05:00,test
SPY,inverse_head_shoulders,1,confirmed_breakout,72195,72196.0,2019-02-22 16:00:00-05:00,long,279.01195134303237,1.438666412477403,277.18371629475763,282.2886664124774,72116,72195,2019-02-19 15:45:00-05:00,2019-02-22 16:00:00-05:00,test
SPY,inverse_head_shoulders,0,failed_breakout,72291,,2019-02-28 14:00:00-05:00,long,279.047240981173,0.8878144746684029,278.60036709324794,280.0478144746684,72212,72291,2019-02-25 13:45:00-05:00,2019-02-28 14:00:00-05:00,test
SPY,inverse_head_shoulders,0,failed_breakout,72379,,2019-03-06 10:00:00-05:00,long,279.0916252168661,2.0430937221291288,278.23678534487163,280.6130937221291,72300,72379,2019-03-01 09:45:00-05:00,2019-03-06 10:00:00-05:00,test
SPY,inverse_head_shoulders,0,failed_breakout,72595,,2019-03-18 12:00:00-04:00,long,281.6740404946959,0.6462198167712359,280.90058062911567,282.2362198167712,72516,72595,2019-03-13 11:45:00-04:00,2019-03-18 12:00:00-04:00,test
SPY,inverse_head_shoulders,0,failed_breakout,72776,,2019-03-27 11:45:00-04:00,long,281.4823860999657,2.3181427396814343,278.64446179131704,280.3281427396814,72697,72776,2019-03-22 11:30:00-04:00,2019-03-27 11:45:00-04:00,test
SPY,inverse_head_shoulders,1,confirmed_breakout,72817,72820.0,2019-03-28 15:30:00-04:00,long,280.1345731326534,1.2553937215510018,279.26965645777307,283.265393721551,72738,72817,2019-03-25 15:15:00-04:00,2019-03-28 15:30:00-04:00,test
SPY,inverse_head_shoulders,0,failed_breakout,72933,,2019-04-04 12:00:00-04:00,long,287.90419428095106,0.18856728994558125,285.664342180468,286.7285672899456,72854,72933,2019-04-01 11:45:00-04:00,2019-04-04 12:00:00-04:00,test
SPY,inverse_head_shoulders,1,confirmed_breakout,73079,73080.0,2019-04-11 16:00:00-04:00,long,288.7273133048177,0.6898222871357689,287.2371335048504,291.06982228713576,73000,73079,2019-04-08 15:45:00-04:00,2019-04-11 16:00:00-04:00,test
SPY,inverse_head_shoulders,0,failed_breakout,73329,,2019-04-26 13:30:00-04:00,long,292.51923895240174,0.7481634298039808,291.847387762602,293.19816342980397,73250,73329,2019-04-23 13:15:00-04:00,2019-04-26 13:30:00-04:00,test
SPY,inverse_head_shoulders,0,failed_breakout,73494,,2019-05-06 15:45:00-04:00,long,293.92831309871633,3.415531046607498,290.7841796910522,296.3555310466075,73415,73494,2019-05-01 15:30:00-04:00,2019-05-06 15:45:00-04:00,test
SPY,inverse_head_shoulders,0,near_miss,73634,,2019-05-14 11:45:00-04:00,long,281.01668590652736,3.1533811530728713,280.82785899905315,287.5133811530729,73555,73634,2019-05-09 11:30:00-04:00,2019-05-14 11:45:00-04:00,test
SPY,inverse_head_shoulders,0,failed_breakout,73725,,2019-05-17 15:00:00-04:00,long,287.2835819530106,0.5994926581519735,287.1768946267589,288.069492658152,73646,73725,2019-05-14 14:45:00-04:00,2019-05-17 15:00:00-04:00,test
SPY,inverse_head_shoulders,0,failed_breakout,73808,,2019-05-23 09:45:00-04:00,long,286.3469333959981,2.926584155620901,284.0413340309487,285.0265841556209,73729,73808,2019-05-17 16:00:00-04:00,2019-05-23 09:45:00-04:00,test
SPY,inverse_head_shoulders,0,failed_breakout,73869,,2019-05-28 12:00:00-04:00,long,282.9144818325711,3.4362922615190428,281.10871734762645,286.44629226151903,73790,73869,2019-05-22 11:45:00-04:00,2019-05-28 12:00:00-04:00,test
SPY,inverse_head_shoulders,0,failed_breakout,73933,,2019-05-30 15:00:00-04:00,long,279.33564769940205,0.47602474737794864,277.8205867603154,279.14602474737796,73854,73933,2019-05-24 14:45:00-04:00,2019-05-30 15:00:00-04:00,test
SPY,inverse_head_shoulders,1,confirmed_breakout,74171,74172.0,2019-06-12 16:00:00-04:00,long,288.19696288446534,0.12684184538710497,288.25040520286956,289.9268418453871,74092,74171,2019-06-07 15:45:00-04:00,2019-06-12 16:00:00-04:00,test
SPY,inverse_head_shoulders,1,confirmed_breakout,74249,74250.0,2019-06-17 16:00:00-04:00,long,290.00714764590384,0.1385099376223593,288.85566873066324,292.83850993762235,74170,74249,2019-06-12 15:45:00-04:00,2019-06-17 16:00:00-04:00,test
SPY,inverse_head_shoulders,0,failed_breakout,74325,,2019-06-20 15:30:00-04:00,long,295.19331514249944,0.9207718917328975,292.1763207778017,296.5907718917329,74246,74325,2019-06-17 15:15:00-04:00,2019-06-20 15:30:00-04:00,test
SPY,inverse_head_shoulders,1,confirmed_breakout,74627,74628.0,2019-07-09 16:00:00-04:00,long,296.637308477749,0.9384319722920509,296.5804059266193,299.76843197229203,74548,74627,2019-07-03 12:45:00-04:00,2019-07-09 16:00:00-04:00,test
SPY,inverse_head_shoulders,0,failed_breakout,74988,,2019-07-29 15:15:00-04:00,long,302.75285960261016,0.34070998246392037,299.820852158452,301.7807099824639,74909,74988,2019-07-24 15:00:00-04:00,2019-07-29 15:15:00-04:00,test
SPY,inverse_head_shoulders,0,failed_breakout,75026,,2019-07-31 11:45:00-04:00,long,300.6861839542853,0.37777427929739815,300.55980406095784,301.3677742792974,74947,75026,2019-07-26 11:30:00-04:00,2019-07-31 11:45:00-04:00,test
SPY,inverse_head_shoulders,1,confirmed_breakout,75163,75164.0,2019-08-07 13:30:00-04:00,long,285.2549789809159,5.737492526618155,283.91230314267864,292.9674925266182,75084,75163,2019-08-02 13:15:00-04:00,2019-08-07 13:30:00-04:00,test
SPY,inverse_head_shoulders,0,failed_breakout,75442,,2019-08-22 11:45:00-04:00,long,292.69951798899694,1.1599099093941732,290.89005887141104,292.86990990939415,75363,75442,2019-08-19 11:30:00-04:00,2019-08-22 11:45:00-04:00,test
SPY,inverse_head_shoulders,1,confirmed_breakout,75510,75511.0,2019-08-26 15:45:00-04:00,long,286.20305139254447,3.48921282751769,285.80737002722384,291.4592128275177,75431,75510,2019-08-21 15:30:00-04:00,2019-08-26 15:45:00-04:00,test
SPY,inverse_head_shoulders,0,failed_breakout,75698,,2019-09-06 10:45:00-04:00,long,297.9439246425108,4.385020965863703,290.1540679567667,302.8950209658637,75619,75698,2019-09-03 10:30:00-04:00,2019-09-06 10:45:00-04:00,test
SPY,inverse_head_shoulders,1,confirmed_breakout,75771,75772.0,2019-09-10 16:00:00-04:00,long,296.7176699119893,0.7405155825554743,296.6869932977773,299.13051558255546,75692,75771,2019-09-05 15:45:00-04:00,2019-09-10 16:00:00-04:00,test
SPY,inverse_head_shoulders,0,failed_breakout,76083,,2019-09-26 16:00:00-04:00,long,296.72763915095965,2.4520455787127275,295.6086735876469,299.42204557871275,76004,76083,2019-09-23 15:45:00-04:00,2019-09-26 16:00:00-04:00,test
SPY,inverse_head_shoulders,0,failed_breakout,76145,,2019-10-01 12:00:00-04:00,long,297.25803068368293,2.4544188498972517,294.78129878609144,297.18441884989727,76066,76145,2019-09-26 11:45:00-04:00,2019-10-01 12:00:00-04:00,test
SPY,inverse_head_shoulders,0,failed_breakout,76251,,2019-10-07 12:30:00-04:00,long,293.7744558314242,0.9582516566961772,287.5744987358997,295.2682516566962,76172,76251,2019-10-02 12:15:00-04:00,2019-10-07 12:30:00-04:00,test
SPY,inverse_head_shoulders,1,confirmed_breakout,76294,76295.0,2019-10-09 10:15:00-04:00,long,289.37469480201565,1.4264089266595192,290.0070273452471,292.3664089266595,76215,76294,2019-10-04 10:00:00-04:00,2019-10-09 10:15:00-04:00,test
SPY,inverse_head_shoulders,0,failed_breakout,76451,,2019-10-17 10:30:00-04:00,long,301.9548944434495,0.7338711375858225,296.20156550508415,300.65387113758584,76372,76451,2019-10-14 10:15:00-04:00,2019-10-17 10:30:00-04:00,test
SPY,inverse_head_shoulders,0,failed_breakout,76473,,2019-10-17 16:00:00-04:00,long,299.8325702094159,0.2535857948084299,298.33973787973486,299.49358579480844,76394,76473,2019-10-14 15:45:00-04:00,2019-10-17 16:00:00-04:00,test
SPY,inverse_head_shoulders,1,confirmed_breakout,76607,76611.0,2019-10-25 10:30:00-04:00,long,300.561001789179,0.5675792152156305,299.16482316263796,302.6475792152156,76528,76607,2019-10-22 10:15:00-04:00,2019-10-25 10:30:00-04:00,test
SPY,inverse_head_shoulders,0,failed_breakout,76881,,2019-11-08 14:00:00-05:00,long,309.68440132799645,1.291770259404018,306.6238904547832,309.39177025940404,76802,76881,2019-11-05 13:45:00-05:00,2019-11-08 14:00:00-05:00,test
SPY,inverse_head_shoulders,0,failed_breakout,76955,,2019-11-13 13:00:00-05:00,long,309.9699704901697,0.6312103323507472,308.07218900278036,309.98121033235077,76876,76955,2019-11-08 12:45:00-05:00,2019-11-13 13:00:00-05:00,test
SPY,inverse_head_shoulders,0,failed_breakout,77479,,2019-12-13 10:30:00-05:00,long,317.1806565273198,1.1276940248154688,313.8084704541149,318.7976940248155,77400,77479,2019-12-10 10:15:00-05:00,2019-12-13 10:30:00-05:00,test
SPY,inverse_head_shoulders,0,failed_breakout,77705,,2019-12-27 11:30:00-05:00,long,322.3309373391195,0.6477466456403818,321.1706187561052,323.98774664564036,77626,77705,2019-12-20 14:45:00-05:00,2019-12-27 11:30:00-05:00,test
SPY,inverse_head_shoulders,0,failed_breakout,77865,,2020-01-07 12:30:00-05:00,long,323.01309442412685,0.7951926586365516,322.260298434474,323.78519265863656,77786,77865,2020-01-02 12:15:00-05:00,2020-01-07 12:30:00-05:00,test
SPY,inverse_head_shoulders,0,failed_breakout,78257,,2020-01-29 13:00:00-05:00,long,327.64671290202915,0.7502425276992426,324.33853285830406,328.5802425276992,78178,78257,2020-01-24 12:45:00-05:00,2020-01-29 13:00:00-05:00,test
SPY,inverse_head_shoulders,1,confirmed_breakout,78347,78348.0,2020-02-03 16:00:00-05:00,long,324.1379810592631,2.8990958061968968,322.17770051879154,331.0790958061969,78268,78347,2020-01-29 15:45:00-05:00,2020-02-03 16:00:00-05:00,test
SPY,inverse_head_shoulders,0,near_miss,78847,,2020-03-03 11:00:00-05:00,long,302.25052978176564,11.006695720370317,290.7977945693359,321.42669572037033,78768,78847,2020-02-27 10:45:00-05:00,2020-03-03 11:00:00-05:00,test
SPY,inverse_head_shoulders,1,confirmed_breakout,79061,79062.0,2020-03-13 12:30:00-04:00,long,255.1545935176831,2.5624484855717355,253.00795563061084,259.17244848557175,78982,79061,2020-03-10 12:15:00-04:00,2020-03-13 12:30:00-04:00,test
SPY,inverse_head_shoulders,0,near_miss,79127,,2020-03-17 16:00:00-04:00,long,248.4731922763815,10.223470627257626,243.76251104623833,264.41347062725765,79048,79127,2020-03-12 15:45:00-04:00,2020-03-17 16:00:00-04:00,test
SPY,inverse_head_shoulders,1,confirmed_breakout,79339,79340.0,2020-03-30 10:30:00-04:00,long,256.050162427241,3.331071139505923,253.88355723225186,261.2310711395059,79260,79339,2020-03-25 10:15:00-04:00,2020-03-30 10:30:00-04:00,test
SPY,inverse_head_shoulders,0,near_miss,79645,,2020-04-15 15:30:00-04:00,long,283.4628151341662,3.487314641403657,273.5279982720131,281.53731464140367,79566,79645,2020-04-09 15:15:00-04:00,2020-04-15 15:30:00-04:00,test
SPY,inverse_head_shoulders,0,failed_breakout,80036,,2020-05-06 15:45:00-04:00,long,291.0888864079169,3.5101438822355817,281.1765077241398,288.7501438822356,79957,80036,2020-05-01 15:30:00-04:00,2020-05-06 15:45:00-04:00,test
SPY,inverse_head_shoulders,0,failed_breakout,80073,,2020-05-08 12:00:00-04:00,long,289.6187699454817,1.2794292013347786,286.0395464482941,293.0094292013348,79994,80073,2020-05-05 11:45:00-04:00,2020-05-08 12:00:00-04:00,test
SPY,inverse_head_shoulders,0,failed_breakout,80325,,2020-05-22 10:00:00-04:00,long,299.3419988127481,1.1539544264722963,294.74409251985526,295.43395442647227,80246,80325,2020-05-19 09:45:00-04:00,2020-05-22 10:00:00-04:00,test
SPY,inverse_head_shoulders,0,failed_breakout,80395,,2020-05-27 14:30:00-04:00,long,302.48047568898465,3.257832300234952,293.98600996644143,304.46783230023493,80316,80395,2020-05-21 14:15:00-04:00,2020-05-27 14:30:00-04:00,test
SPY,inverse_head_shoulders,0,near_miss,80593,,2020-06-08 12:00:00-04:00,long,320.08381666569,9.114799936255167,310.7068884062369,329.9647999362552,80514,80593,2020-06-03 11:45:00-04:00,2020-06-08 12:00:00-04:00,test
SPY,inverse_head_shoulders,0,near_miss,80706,,2020-06-12 14:15:00-04:00,long,304.5838038644672,16.99019789326445,302.84215839554946,317.66019789326447,80627,80706,2020-06-09 14:00:00-04:00,2020-06-12 14:15:00-04:00,test
SPY,inverse_head_shoulders,1,confirmed_breakout,80944,80945.0,2020-06-25 15:15:00-04:00,long,304.54420365564727,0.341069943052446,303.8635801455207,307.03106994305244,80865,80944,2020-06-22 15:00:00-04:00,2020-06-25 15:15:00-04:00,test
SPY,inverse_head_shoulders,1,confirmed_breakout,80999,81000.0,2020-06-29 16:00:00-04:00,long,303.07937114403416,3.5279247836373884,300.6636728614187,308.29792478363737,80920,80999,2020-06-24 15:45:00-04:00,2020-06-29 16:00:00-04:00,test
SPY,inverse_head_shoulders,1,confirmed_breakout,81317,81318.0,2020-07-17 11:00:00-04:00,long,319.4285898987359,0.6733093049695071,319.89715313204357,321.9033093049695,81238,81317,2020-07-14 10:45:00-04:00,2020-07-17 11:00:00-04:00,test
SPY,inverse_head_shoulders,1,confirmed_breakout,81468,81469.0,2020-07-27 09:45:00-04:00,long,319.99028556642367,0.8987649023119388,320.57620305723503,323.51876490231194,81389,81468,2020-07-21 16:00:00-04:00,2020-07-27 09:45:00-04:00,test
SPY,inverse_head_shoulders,1,confirmed_breakout,81596,81597.0,2020-07-31 15:45:00-04:00,long,323.4404436187452,2.267656314491319,322.16783963129353,328.7976563144913,81517,81596,2020-07-28 15:30:00-04:00,2020-07-31 15:45:00-04:00,test
SPY,inverse_head_shoulders,0,failed_breakout,81695,,2020-08-06 14:30:00-04:00,long,332.4529078559708,0.5543555363880159,329.022029787577,334.184355536388,81616,81695,2020-08-03 14:15:00-04:00,2020-08-06 14:30:00-04:00,test
SPY,inverse_head_shoulders,0,failed_breakout,81744,,2020-08-10 13:45:00-04:00,long,334.4540867454544,0.9557463036312015,333.3110931729875,336.0357463036312,81665,81744,2020-08-05 13:30:00-04:00,2020-08-10 13:45:00-04:00,test
SPY,inverse_head_shoulders,0,failed_breakout,81867,,2020-08-17 12:00:00-04:00,long,336.9215951266811,0.7281537279010877,336.6817555046748,338.7381537279011,81788,81867,2020-08-12 11:45:00-04:00,2020-08-17 12:00:00-04:00,test
SPY,inverse_head_shoulders,0,failed_breakout,82309,,2020-09-10 12:00:00-04:00,long,341.7569605114541,2.7122494854893944,335.122245137153,342.1422494854894,82230,82309,2020-09-04 11:45:00-04:00,2020-09-10 12:00:00-04:00,test
SPY,inverse_head_shoulders,1,confirmed_breakout,82664,82665.0,2020-09-30 09:45:00-04:00,long,332.79184999807455,0.9428866165886234,332.5478966685772,336.0128866165886,82585,82664,2020-09-24 16:00:00-04:00,2020-09-30 09:45:00-04:00,test
SPY,inverse_head_shoulders,1,confirmed_breakout,82741,82742.0,2020-10-02 16:00:00-04:00,long,333.8830148432506,0.7553037548759107,334.50917039750556,337.6453037548759,82662,82741,2020-09-29 15:45:00-04:00,2020-10-02 16:00:00-04:00,test
SPY,inverse_head_shoulders,0,failed_breakout,83000,,2020-10-16 15:45:00-04:00,long,349.3097332020032,3.237560239414563,345.4413065891085,351.55756023941456,82921,83000,2020-10-13 15:30:00-04:00,2020-10-16 15:45:00-04:00,test
SPY,inverse_head_shoulders,1,confirmed_breakout,83039,83040.0,2020-10-20 12:30:00-04:00,long,342.48358761105334,0.8909007387739507,343.51728041424934,346.2909007387739,82960,83039,2020-10-15 12:15:00-04:00,2020-10-20 12:30:00-04:00,test
SPY,inverse_head_shoulders,0,failed_breakout,83132,,2020-10-26 09:45:00-04:00,long,345.07313326357496,1.7759256817577125,342.6083513240318,343.87592568175774,83053,83132,2020-10-20 16:00:00-04:00,2020-10-26 09:45:00-04:00,test
SPY,inverse_head_shoulders,1,confirmed_breakout,83287,83288.0,2020-11-02 16:00:00-05:00,long,329.5698227333035,6.333434026968121,324.2034071735176,340.3334340269681,83208,83287,2020-10-28 15:45:00-04:00,2020-11-02 16:00:00-05:00,test
SPY,inverse_head_shoulders,0,failed_breakout,84025,,2020-12-15 12:00:00-05:00,long,368.6300718929441,2.8064435736460496,364.4176044686954,369.9664435736461,83946,84025,2020-12-10 11:45:00-05:00,2020-12-15 12:00:00-05:00,test
SPY,inverse_head_shoulders,0,failed_breakout,84296,,2020-12-31 14:45:00-05:00,long,372.382240051903,0.9952699392374029,371.4901253956966,373.9852699392374,84217,84296,2020-12-28 14:30:00-05:00,2020-12-31 14:45:00-05:00,test
SPY,inverse_head_shoulders,0,failed_breakout,84715,,2021-01-26 15:30:00-05:00,long,384.30160178521044,1.7210206364603096,382.23507015178666,386.6210206364603,84636,84715,2021-01-21 15:15:00-05:00,2021-01-26 15:30:00-05:00,test
SPY,inverse_head_shoulders,0,failed_breakout,85455,,2021-03-09 12:00:00-05:00,long,388.7265632554094,3.0189384342415906,375.53682539303077,391.9389384342416,85376,85455,2021-03-04 11:45:00-05:00,2021-03-09 12:00:00-05:00,test
SPY,inverse_head_shoulders,1,confirmed_breakout,85683,85684.0,2021-03-22 10:30:00-04:00,long,390.0402513539205,3.186945872115359,389.8809481114356,395.26694587211534,85604,85683,2021-03-17 10:15:00-04:00,2021-03-22 10:30:00-04:00,test
SPY,inverse_head_shoulders,1,confirmed_breakout,85808,85809.0,2021-03-26 15:45:00-04:00,long,392.18114929142166,5.6322791149621025,386.25119507934056,401.5822791149621,85729,85808,2021-03-23 15:30:00-04:00,2021-03-26 15:45:00-04:00,test
SPY,inverse_head_shoulders,0,failed_breakout,86155,,2021-04-16 11:30:00-04:00,long,415.4576902484766,1.948414159972117,412.07795264458275,418.2584141599721,86076,86155,2021-04-13 11:15:00-04:00,2021-04-16 11:30:00-04:00,test
SPY,inverse_head_shoulders,0,failed_breakout,86385,,2021-04-29 10:30:00-04:00,long,418.0223615851898,0.5741302462414524,417.26481361558325,419.49413024624147,86306,86385,2021-04-26 10:15:00-04:00,2021-04-29 10:30:00-04:00,test
SPY,inverse_head_shoulders,0,failed_breakout,86461,,2021-05-04 10:00:00-04:00,long,418.4773161262786,1.6667116733398757,417.1869678473992,415.54671167333987,86382,86461,2021-04-29 09:45:00-04:00,2021-05-04 10:00:00-04:00,test
SPY,inverse_head_shoulders,0,failed_breakout,86528,,2021-05-06 13:45:00-04:00,long,416.3804561420772,4.657707522906151,413.3093109120371,421.3777075229062,86449,86528,2021-05-03 13:30:00-04:00,2021-05-06 13:45:00-04:00,test
